attraction_id,attraction_name,city_id,category,entry_fee_indian_inr,entry_fee_foreigner_inr,camera_fee_inr,trust_score,scam_markup_pct,timestamp
1,Kamakhya Temple,10,Temple,0,0,25,60.2,21.0,2025-03-13 04:19:07
2,Umananda Island,10,Market,100,800,100,57.9,24.2,2025-03-03 18:25:04
3,Mahabodhi Temple,16,Temple,20,100,50,78.1,4.7,2026-05-23 01:32:46
4,Dwarkadhish Temple,32,Temple,100,800,0,80.6,5.3,2026-02-10 07:48:58
5,Somnath Temple,33,Temple,50,500,50,75.9,8.6,2025-02-11 20:44:27
6,The Ridge,39,Market,200,1000,25,36.8,51.1,2025-11-04 02:57:16
7,Jakhu Temple,39,Temple,20,300,0,71.7,18.7,2025-04-16 04:52:05
8,Solang Valley,40,Temple,0,0,50,82.1,2.0,2026-05-20 10:33:53
9,Rohtang Pass,40,Market,200,3000,25,82.2,2.7,2025-10-04 03:41:53
10,Mysore Palace,49,Palace,30,150,100,61.9,30.9,2025-12-25 20:06:03
11,Chamundi Hills,49,Zoo,50,500,100,95.9,0,2026-01-31 00:42:12
12,Virupaksha Temple,50,Temple,20,200,0,62.9,38.2,2025-05-29 08:14:28
13,Vittala Temple Complex,50,Waterfall,0,0,0,48.9,55.4,2026-06-13 20:54:04
14,Fort Kochi,55,Lake,0,0,100,55.0,33.5,2026-05-12 05:03:26
15,Chinese Fishing Nets,55,Market,30,150,50,77.7,11.4,2025-07-19 22:10:34
16,Padmanabhaswamy Temple,56,Temple,30,450,0,71.1,11.8,2025-05-30 19:10:10
17,Kovalam Beach,56,Beach,10,150,0,86.3,0,2026-04-03 16:15:48
18,Eravikulam National Park,57,Waterfall,10,150,0,72.8,15.3,2025-06-12 21:40:38
19,Munnar Tea Gardens,57,National Park,200,1600,0,71.5,11.2,2025-02-08 18:25:57
20,Khajuraho Temples,64,Hill Station Point,150,1500,0,59.4,27.3,2026-01-04 20:07:57
21,Gwalior Fort,65,Fort,20,160,25,59.2,32.0,2025-06-10 11:18:42
22,Gateway of India,69,Heritage Walk,20,200,0,87.8,0,2025-03-18 15:26:03
23,Marine Drive,69,Market,0,0,100,52.2,31.3,2025-06-11 12:45:58
24,Elephanta Caves,69,Temple,150,1500,25,57.8,39.9,2025-09-05 10:25:16
25,Shaniwar Wada,70,Palace,0,0,25,76.5,10.1,2026-04-13 07:41:08
26,Aga Khan Palace,70,Palace,100,500,0,78.2,4.3,2025-06-06 21:22:00
27,Elephant Falls,79,Garden,0,0,0,70.8,9.4,2025-03-31 14:51:07
28,Umiam Lake,79,Lake,20,160,50,67.2,18.8,2025-08-22 19:14:58
29,Lingaraj Temple,86,Temple,20,300,25,83.1,3.2,2025-05-14 23:40:40
30,Udayagiri Caves,86,Fort,150,1200,50,68.7,28.7,2025-03-01 10:54:41
31,Jagannath Temple,87,Temple,200,2000,50,65.6,25.0,2026-04-05 02:23:40
32,Puri Beach,87,Beach,0,0,25,85.2,0,2025-11-26 16:08:23
33,Konark Sun Temple,88,Temple,200,1600,0,67.8,19.6,2025-09-08 20:00:03
34,Golden Temple,91,Temple,150,2250,100,94.5,0,2025-06-05 00:38:58
35,Wagah Border,91,Market,200,1000,50,55.1,22.2,2026-05-19 17:14:46
36,Rock Garden,92,Garden,30,300,25,76.9,6.8,2025-12-31 15:49:25
37,Sukhna Lake,92,Lake,150,750,50,70.7,14.1,2025-11-26 06:03:43
38,Amber Fort,95,Fort,20,160,100,56.9,32.9,2026-05-19 20:04:17
39,Hawa Mahal,95,National Park,200,3000,100,69.7,23.1,2025-09-02 16:15:44
40,City Palace Jaipur,95,Bridge,200,1000,50,62.6,21.8,2025-02-26 17:29:24
41,Jantar Mantar,95,Palace,20,100,0,79.5,6.5,2026-06-30 07:30:03
42,City Palace Udaipur,96,Viewpoint,100,1500,50,80.6,5.1,2025-01-11 09:37:45
43,Lake Pichola,96,Waterfall,200,1600,0,75.8,7.2,2026-03-18 23:20:28
44,Mehrangarh Fort,97,Fort,30,450,0,84.2,0.6,2025-12-03 20:08:56
45,Umaid Bhawan Palace,97,Palace,100,1500,50,71.9,16.0,2026-02-01 04:40:48
46,Jaisalmer Fort,98,Fort,30,240,50,66.2,28.2,2026-05-01 14:44:30
47,Sam Sand Dunes,98,Beach,10,80,0,77.9,12.1,2026-06-02 09:18:14
48,MG Marg,103,Viewpoint,200,1000,25,83.0,3.3,2026-01-30 19:10:26
49,Tsomgo Lake,103,Lake,20,200,25,59.7,23.0,2025-11-14 06:04:32
50,Marina Beach,106,Beach,10,150,100,64.7,13.5,2025-07-15 02:11:43
51,Kapaleeshwarar Temple,106,Temple,0,0,0,65.2,33.0,2025-08-27 02:25:03
52,Meenakshi Amman Temple,107,Temple,100,1500,100,62.4,31.4,2026-05-07 09:11:17
53,Ramanathaswamy Temple,111,Temple,10,150,0,67.8,19.4,2026-04-03 13:52:00
54,Shore Temple,112,Temple,150,2250,0,69.6,19.3,2025-07-20 01:02:19
55,Five Rathas,112,Garden,50,400,100,80.4,6.6,2025-08-11 21:22:43
56,Taj Mahal,120,Monastery,200,3000,0,61.4,19.9,2025-07-31 15:22:22
57,Agra Fort,120,Fort,50,500,25,80.3,4.1,2026-03-30 21:26:31
58,Fatehpur Sikri,120,Temple,20,300,100,72.0,10.2,2026-06-04 15:25:13
59,Kashi Vishwanath Temple,121,Temple,200,1600,50,86.8,0,2026-04-19 23:43:28
60,Dashashwamedh Ghat,121,Monastery,20,300,0,61.0,37.6,2025-01-26 04:57:12
61,Krishna Janmabhoomi Temple,122,Temple,30,240,25,75.7,13.1,2026-03-01 04:30:05
62,Ram Janmabhoomi Temple,123,Temple,20,200,0,71.1,14.5,2025-03-26 06:33:01
63,Laxman Jhula,128,Bridge,50,750,0,45.1,31.6,2026-04-16 16:23:28
64,Triveni Ghat,128,Heritage Walk,20,200,100,73.4,10.5,2026-03-30 17:40:51
65,Har Ki Pauri,129,Market,50,500,0,79.6,4.5,2025-06-25 00:46:40
66,Naini Lake,130,Lake,0,0,0,70.3,11.9,2025-10-24 23:36:21
67,Snow View Point,130,Temple,20,300,50,57.6,27.0,2025-11-29 12:48:53
68,Victoria Memorial,134,Lake,10,150,0,75.0,14.9,2025-02-08 13:24:57
69,Howrah Bridge,134,Bridge,100,500,0,57.8,24.1,2026-03-29 19:51:44
70,Dakshineswar Temple,134,Temple,200,2000,0,42.8,74.7,2025-07-14 07:54:41
71,Tiger Hill,135,Palace,10,50,0,91.5,0,2026-03-29 06:38:08
72,Darjeeling Himalayan Railway,135,Temple,30,450,25,92.4,0,2025-12-25 11:49:00
73,Prayagraj Lake,124,Lake,0,0,0,79.6,4.5,2026-05-16 02:51:50
74,Kovalam Garden,61,Garden,30,450,0,70.3,14.3,2025-03-21 09:09:42
75,Festival Dibrugarh Hill Station Point,11,Lake,150,1200,50,93.1,0,2025-07-26 22:22:46
76,Local Favourite Mysuru Market,49,Market,150,1500,0,77.6,6.4,2025-06-19 16:15:55
77,Village-style Aizawl Waterfall,82,Waterfall,150,750,25,36.9,38.7,2025-04-26 07:55:00
78,Special Tirupati Palace,3,Palace,50,250,100,82.5,4.1,2025-03-11 08:07:36
79,Kovalam Wildlife Sanctuary,61,Hill Station Point,100,500,25,60.0,21.9,2026-06-22 20:07:22
80,Authentic Panipat Hill Station Point,38,Dam,50,500,50,64.1,15.3,2026-03-12 20:22:43
81,Kanyakumari Church,110,Church,50,250,50,77.0,13.8,2025-07-26 22:51:36
82,Orchha Fort,68,Fort,10,50,100,86.4,0,2026-02-10 22:13:45
83,Spiti Temple,43,Temple,200,3000,0,73.3,11.0,2025-12-12 07:29:42
84,Street-side Hampi Palace,50,Palace,200,2000,0,89.5,0,2025-02-09 12:35:41
85,Chennai Cave,106,Cave,0,0,50,52.3,37.7,2025-03-11 15:08:53
86,Madurai Church,107,Church,50,750,0,88.1,0,2025-10-12 09:35:34
87,Special Tirupati Wildlife Sanctuary,3,Fort,200,3000,0,63.9,14.0,2026-06-15 19:41:31
88,Calangute Lake,26,Lake,100,500,50,55.7,43.5,2025-06-06 23:26:30
89,Jim Corbett Wildlife Sanctuary,133,Wildlife Sanctuary,0,0,50,72.7,11.6,2025-09-17 09:23:03
90,Traditional Dharamshala Wildlife Sanctuary,41,Church,50,500,25,66.3,21.4,2025-03-11 22:59:19
91,Udaipur (Tripura) Waterfall,118,Waterfall,30,240,0,54.5,48.6,2026-02-07 09:57:11
92,Bhubaneswar Lake,86,Lake,50,250,0,75.9,13.6,2026-01-12 11:35:43
93,Moirang Bridge,78,Bridge,150,1500,0,64.9,24.1,2026-01-31 01:02:01
94,Nizamabad Waterfall,116,Waterfall,50,750,0,81.0,5.6,2025-04-17 14:41:55
95,Shillong Fort,79,Fort,10,150,50,68.8,23.6,2026-05-29 01:17:01
96,Hampi Zoo,50,Zoo,200,1000,25,72.1,18.0,2026-05-20 03:01:09
97,Amritsar Wildlife Sanctuary,91,Waterfall,20,300,50,48.2,43.2,2026-04-02 08:46:41
98,Hubballi Monastery,54,Monastery,100,1500,0,62.9,36.3,2026-01-28 01:40:37
99,Grandma's Udaipur Garden,96,Garden,10,50,0,73.7,16.0,2026-03-19 18:42:56
100,Rishikesh Hill Station Point,128,Market,10,80,0,73.1,16.9,2025-01-15 19:58:01
101,Kohima Temple,84,Temple,10,50,0,76.4,9.4,2025-08-18 06:03:52
102,Premium Dibrugarh Wildlife Sanctuary,11,Lake,10,100,50,85.8,0,2025-02-08 13:59:08
103,Family Recipe Calangute Monastery,26,Monastery,200,1000,50,74.8,12.1,2025-08-28 08:22:40
104,Kozhikode Church,59,Church,100,1000,25,85.4,0,2025-03-26 02:10:51
105,Jagdalpur Zoo,22,Zoo,200,1000,50,76.9,8.1,2026-03-25 03:47:30
106,Patna Viewpoint,15,Viewpoint,30,300,100,64.0,29.1,2026-02-08 07:58:40
107,Gwalior Waterfall,65,Waterfall,20,300,50,87.4,0,2025-07-23 00:12:25
108,Hubballi National Park,54,Garden,10,80,0,86.8,0,2025-06-27 21:27:10
109,Cuttack Monastery,89,Monastery,150,1500,0,84.5,0.4,2026-01-10 16:40:02
110,Dibrugarh Zoo,11,Zoo,50,500,25,63.1,38.5,2025-04-25 10:14:00
111,Pachmarhi Waterfall,67,Waterfall,100,1000,50,83.0,2.8,2025-09-26 11:04:01
112,Lachung Waterfall,105,Waterfall,150,1500,25,73.1,11.2,2025-01-17 08:51:39
113,Classic Mussoorie Heritage Walk,131,Garden,20,100,100,79.1,8.1,2025-07-09 04:07:25
114,Panipat Hill Station Point,38,Palace,200,1600,0,72.6,13.2,2025-04-21 20:11:11
115,Vasco da Gama Monastery,25,Monastery,10,50,0,65.3,21.6,2026-04-13 16:14:51
116,Udaipur (Tripura) Beach,118,Beach,10,100,0,63.6,19.6,2025-08-05 08:56:06
117,Chennai Zoo,106,Zoo,200,1000,0,83.6,2.0,2025-05-30 22:40:08
118,Mount Abu National Park,100,Temple,100,800,0,54.1,24.1,2025-08-24 05:02:02
119,Raipur Monastery,20,Monastery,10,80,25,43.3,70.9,2025-11-16 04:23:07
120,Digha Zoo,136,Zoo,20,300,0,85.1,0,2026-03-05 12:56:14
121,Bikaner Heritage Walk,101,Museum,0,0,50,40.7,51.4,2025-05-24 14:13:18
122,Kovalam Beach,61,Beach,0,0,0,42.1,54.1,2025-10-26 01:24:36
123,Agra Waterfall,120,Waterfall,10,50,0,79.7,7.3,2026-03-08 01:13:22
124,Wayanad Temple,60,Temple,30,450,0,79.0,10.4,2026-03-24 20:35:18
125,Spicy Dwarka National Park,32,Viewpoint,20,100,0,56.9,20.0,2025-10-01 10:54:21
126,Nainital Palace,130,Palace,20,100,25,67.5,27.9,2026-02-16 06:24:37
127,Kullu Lake,42,Lake,20,300,50,55.7,38.5,2025-12-18 09:41:41
128,Surat Zoo,29,Zoo,0,0,0,48.3,28.5,2026-03-06 00:13:15
129,Village-style Ooty Fort,109,Fort,20,160,100,53.8,19.4,2026-01-31 02:37:04
130,Kanpur Monastery,125,Monastery,100,500,25,60.4,26.2,2025-07-23 20:41:35
131,Shillong Garden,79,Garden,10,80,25,62.5,21.7,2025-10-22 13:36:07
132,Authentic Calangute Waterfall,26,Waterfall,30,300,0,79.1,6.4,2026-03-08 02:21:45
133,Vijayawada Lake,2,Lake,150,2250,50,69.2,15.0,2025-10-14 06:57:43
134,Signature Haridwar Church,129,Church,20,100,100,93.0,0,2025-07-21 02:43:10
135,Cherrapunji Waterfall,80,Waterfall,10,80,25,69.8,18.6,2025-02-22 23:31:20
136,Bhopal Bridge,62,Bridge,30,150,25,74.4,15.5,2026-06-19 07:40:21
137,Thanjavur Wildlife Sanctuary,113,Cave,150,1200,100,76.4,9.0,2025-12-03 15:36:02
138,Indore Waterfall,63,Waterfall,200,3000,0,70.3,11.8,2026-04-11 11:09:56
139,Prayagraj Zoo,124,Zoo,20,300,25,75.8,11.3,2025-10-27 02:53:25
140,Chef's Shantiniketan Beach,138,Beach,30,150,100,65.6,12.0,2025-12-10 00:14:21
141,Bengaluru Wildlife Sanctuary,48,Museum,0,0,100,46.5,26.9,2025-03-27 08:34:34
142,Amritsar Dam,91,Dam,30,240,50,63.1,38.5,2026-03-15 12:03:26
143,Raipur Fort,20,Fort,20,200,100,59.3,45.9,2025-05-24 03:43:20
144,Authentic Dharamshala Hill Station Point,41,Waterfall,0,0,100,69.9,17.0,2025-08-09 16:21:42
145,Village-style Pushkar Museum,99,Museum,50,500,25,75.9,10.1,2025-11-03 12:33:52
146,Dalhousie Market,44,Market,30,240,0,73.0,11.1,2026-04-18 06:25:17
147,Tawang Museum,8,Museum,10,80,0,81.3,3.2,2025-10-14 08:19:31
148,Premium Gangtok National Park,103,Bridge,50,400,25,68.4,27.2,2025-07-22 06:37:31
149,Rishikesh Museum,128,Museum,20,160,100,60.1,40.8,2025-09-02 10:15:06
150,Premium Aizawl Bridge,82,Bridge,20,200,50,45.0,64.0,2025-09-09 21:28:37
151,Street-side Ludhiana Lake,93,Lake,0,0,50,57.5,27.7,2026-05-18 11:53:45
152,Classic Thiruvananthapuram Lake,56,Lake,50,750,100,80.7,4.2,2025-01-20 06:30:15
153,Chef's Moirang Waterfall,78,Waterfall,200,3000,0,84.7,0.5,2025-03-05 22:17:43
154,Chef's Auli Garden,132,Garden,30,150,50,77.1,8.5,2025-12-28 10:59:08
155,Udaipur (Tripura) Zoo,118,Zoo,10,80,50,70.7,23.2,2026-04-10 19:44:49
156,Tirupati Lake,3,Lake,20,160,100,70.8,19.2,2025-12-02 02:38:41
157,Ahmedabad Garden,28,Garden,0,0,100,70.4,15.5,2026-02-23 08:31:43
158,Roadside Rishikesh Viewpoint,128,Viewpoint,150,1500,25,72.0,14.2,2026-04-19 06:04:32
159,Classic Guntur Church,4,Church,10,50,25,92.8,0,2025-05-18 07:03:43
160,Udupi Cave,53,Cave,150,1200,25,59.3,43.5,2025-06-26 10:05:59
161,Gaya Hill Station Point,16,Viewpoint,50,250,0,75.0,16.4,2026-02-12 06:29:34
162,Local Favourite Bhopal Lake,62,Lake,30,450,50,70.0,14.8,2025-12-11 11:40:51
163,Patiala Garden,94,Garden,30,450,100,59.7,22.4,2026-05-31 12:30:13
164,Royal Deoghar Beach,47,Beach,30,240,25,59.8,32.4,2025-10-25 20:00:17
165,Deluxe Mysuru Wildlife Sanctuary,49,Waterfall,0,0,100,49.9,50.3,2026-05-31 10:08:18
166,Roadside Rajahmundry Palace,5,Palace,200,2000,0,58.7,31.2,2026-06-27 15:56:02
167,Agartala Lake,117,Lake,30,150,100,56.8,31.1,2025-07-31 01:50:53
168,Itanagar Fort,7,Fort,10,80,50,70.6,21.1,2025-02-22 02:11:47
169,Spicy Guwahati Wildlife Sanctuary,10,Viewpoint,200,2000,100,56.9,36.0,2026-02-03 11:53:39
170,Jagdalpur Wildlife Sanctuary,22,Viewpoint,20,100,0,71.5,8.2,2025-06-02 23:59:02
171,Nashik Waterfall,72,Waterfall,20,300,0,54.6,21.3,2025-07-12 20:19:58
172,Mussoorie Hill Station Point,131,Beach,150,2250,0,73.3,8.7,2026-02-11 09:22:35
173,Margao Church,24,Church,0,0,50,77.0,9.2,2025-03-22 09:42:56
174,Spicy Udupi Beach,53,Beach,100,1500,50,49.3,59.1,2025-07-18 23:18:52
175,Extra Cheesy Vijayawada Waterfall,2,Waterfall,100,1000,0,90.8,0,2025-09-10 06:22:39
176,Patiala Cave,94,Cave,100,500,0,91.3,0,2026-01-19 05:44:39
177,Hampi Beach,50,Beach,50,750,100,74.6,13.6,2026-05-08 14:20:11
178,Kovalam Temple,61,Temple,30,450,100,71.5,24.2,2025-12-23 23:50:40
179,Bilaspur Cave,21,Cave,200,2000,50,63.3,19.5,2025-01-17 05:29:56
180,Ahmedabad Fort,28,Fort,200,1000,100,74.2,6.6,2025-12-03 15:24:52
181,Haridwar Lake,129,Lake,200,3000,25,84.3,1.1,2026-01-09 23:14:01
182,Faridabad Wildlife Sanctuary,36,Wildlife Sanctuary,10,150,0,64.2,18.2,2025-06-16 23:30:46
183,Village-style Kurukshetra Dam,37,Dam,100,1000,50,71.4,14.8,2025-05-13 06:53:26
184,Noida Viewpoint,126,Viewpoint,100,1000,0,83.9,1.9,2026-01-06 14:41:39
185,Authentic Jaipur Viewpoint,95,Viewpoint,100,800,100,87.3,0,2025-08-03 21:09:55
186,Roadside Kullu Church,42,Church,200,1600,0,83.0,1.8,2025-10-04 20:05:57
187,Kolkata Bridge,134,Bridge,30,300,50,50.2,51.9,2026-01-10 08:54:21
188,Kochi Church,55,Church,10,100,0,77.6,6.1,2025-11-09 01:08:37
189,Nizamabad Monastery,116,Monastery,30,300,0,51.1,49.2,2026-01-18 15:13:49
190,Spicy Mumbai Bridge,69,Bridge,0,0,25,89.2,0,2026-03-15 07:51:45
191,Local Favourite Vijayawada Heritage Walk,2,Heritage Walk,30,150,50,82.8,1.5,2025-03-26 02:23:53
192,Indore Market,63,Market,30,240,100,50.0,46.5,2025-01-19 20:27:44
193,Ranchi Fort,45,Fort,150,2250,100,63.9,30.4,2026-02-20 04:15:36
194,Festival Rajahmundry Church,5,Church,10,50,50,75.7,10.6,2025-04-11 18:03:19
195,Nizamabad Wildlife Sanctuary,116,Fort,20,160,50,84.5,0.7,2025-10-02 05:57:23
196,Bodh Gaya National Park,17,Zoo,150,750,0,62.8,37.3,2025-02-14 10:08:08
197,Mussoorie Beach,131,Beach,30,300,0,45.9,57.5,2025-02-20 15:46:32
198,Mangaluru Waterfall,51,Waterfall,20,300,25,60.2,39.2,2025-10-12 21:19:42
199,Chef's Shantiniketan Dam,138,Dam,200,1000,25,51.6,44.5,2025-09-07 10:33:48
200,Jorhat Waterfall,12,Waterfall,200,1600,0,83.8,1.8,2025-07-05 02:07:09
201,Mussoorie Garden,131,Garden,200,1600,100,42.9,27.5,2026-03-13 12:47:33
202,Pushkar Viewpoint,99,Viewpoint,10,50,0,69.0,15.4,2026-03-02 17:48:31
203,Guwahati Temple,10,Temple,100,500,0,83.8,1.7,2026-06-15 06:02:59
204,Panaji National Park,23,Lake,20,100,0,58.3,33.0,2025-11-29 23:20:10
205,Family Recipe Haridwar Beach,129,Beach,30,150,0,63.1,32.8,2026-05-04 12:08:29
206,Aurangabad Waterfall,73,Waterfall,10,150,50,78.7,5.8,2026-02-18 14:18:32
207,Aizawl Monastery,82,Monastery,50,500,25,42.0,52.2,2026-01-16 13:27:00
208,Vijayawada Waterfall,2,Waterfall,10,100,0,62.4,13.9,2025-10-18 07:06:02
209,Bhopal Monastery,62,Monastery,0,0,25,88.1,0,2025-08-16 16:04:50
210,Patiala Lake,94,Lake,10,50,50,78.4,11.2,2026-03-19 20:06:54
211,Calangute Zoo,26,Zoo,20,100,50,83.6,2.2,2025-10-22 19:17:07
212,Patna Zoo,15,Zoo,0,0,50,66.8,20.6,2026-05-10 22:59:01
213,Udaipur (Tripura) Hill Station Point,118,Market,20,100,0,74.2,16.9,2025-07-10 05:54:13
214,Quick-bite Chennai Wildlife Sanctuary,106,Market,150,750,0,70.8,13.0,2025-10-29 04:00:43
215,Pachmarhi Cave,67,Cave,50,500,100,84.4,1.0,2026-02-11 16:31:20
216,Panipat Garden,38,Garden,200,3000,0,70.4,15.2,2025-12-01 04:47:36
217,Signature Dibrugarh Zoo,11,Zoo,10,80,100,61.2,21.8,2025-10-20 04:54:40
218,Gaya Fort,16,Fort,30,450,50,67.1,22.2,2025-10-28 18:40:19
219,Bilaspur Waterfall,21,Waterfall,30,150,0,56.7,25.7,2026-05-23 23:18:31
220,Mawlynnong Lake,81,Lake,50,750,50,66.6,25.5,2025-08-07 12:16:10
221,Mathura Cave,122,Cave,200,2000,50,46.8,31.4,2025-04-09 06:49:44
222,Aurangabad Hill Station Point,73,Hill Station Point,50,500,100,71.7,18.3,2025-11-26 12:51:23
223,Moirang Fort,78,Fort,150,1500,50,68.3,21.1,2025-11-04 19:27:53
224,Pushkar Lake,99,Lake,20,300,25,50.0,53.2,2025-02-19 16:19:52
225,Haridwar Lake,129,Lake,20,200,50,69.8,21.4,2025-07-13 08:50:09
226,Chennai Cave,106,Cave,100,800,100,75.0,13.5,2025-04-27 20:29:48
227,Premium Jaipur Cave,95,Cave,100,1000,0,62.6,18.9,2026-01-14 22:56:24
228,Shantiniketan Garden,138,Garden,50,400,0,69.5,10.1,2026-04-27 18:15:32
229,Rajahmundry Wildlife Sanctuary,5,Wildlife Sanctuary,30,450,0,89.1,0,2026-05-12 02:09:26
230,Imphal Zoo,77,Zoo,100,1000,0,67.4,25.2,2026-01-28 00:20:56
231,Bilaspur Dam,21,Dam,20,200,0,85.1,0,2026-02-17 03:36:08
232,Grandma's Calangute Hill Station Point,26,Fort,100,1000,0,69.0,11.0,2025-07-15 07:46:24
233,Manali Heritage Walk,40,Lake,30,450,0,93.6,0,2025-09-04 23:25:28
234,Royal Darjeeling Museum,135,Museum,100,800,100,44.7,25.3,2025-10-30 07:00:45
235,Cherrapunji Beach,80,Beach,200,1600,25,73.0,9.3,2025-12-27 07:52:55
236,Vijayawada Monastery,2,Monastery,30,300,0,46.2,60.0,2025-10-13 09:46:00
237,Grandma's Kalimpong Wildlife Sanctuary,139,Garden,10,100,0,75.2,8.4,2025-03-24 10:46:41
238,Homestyle Madurai Beach,107,Beach,20,100,100,49.5,29.5,2026-02-19 04:42:27
239,Ooty Hill Station Point,109,Temple,100,1000,50,86.1,0,2025-05-20 17:25:16
240,Warangal Beach,115,Beach,150,1500,50,64.6,28.9,2025-09-12 10:39:31
241,Jaipur Garden,95,Garden,200,2000,100,67.5,22.6,2025-02-02 21:04:12
242,Guntur Church,4,Church,10,100,0,79.4,9.0,2026-01-08 11:33:06
243,Pushkar Wildlife Sanctuary,99,Lake,200,3000,0,70.2,17.7,2026-02-03 04:09:16
244,Puri Fort,87,Fort,200,1600,25,55.9,38.5,2025-02-15 11:14:07
245,Mahabalipuram Fort,112,Fort,200,1000,100,85.9,0,2025-10-21 01:34:21
246,Deluxe Lucknow Museum,119,Museum,20,300,25,63.2,34.1,2025-10-12 01:17:46
247,Ayodhya Monastery,123,Monastery,30,450,0,69.8,20.5,2026-03-14 11:26:35
248,Homestyle Visakhapatnam Heritage Walk,1,Garden,30,240,50,89.9,0,2025-03-12 16:39:48
249,Prayagraj Hill Station Point,124,Zoo,50,750,100,83.7,2.0,2026-03-05 13:07:41
250,Classic Imphal Hill Station Point,77,Waterfall,50,750,0,69.9,9.8,2026-06-03 01:44:01
251,Ahmedabad Waterfall,28,Waterfall,30,150,25,43.2,45.4,2025-03-21 10:08:15
252,Auli National Park,132,Bridge,20,100,100,88.3,0,2025-04-08 13:20:44
253,Festival Spiti National Park,43,Church,20,300,50,70.4,18.4,2025-03-06 09:30:54
254,Cherrapunji Viewpoint,80,Viewpoint,10,150,0,82.0,3.6,2026-06-29 12:46:23
255,Aizawl National Park,82,National Park,30,240,100,51.7,40.6,2026-02-08 17:00:37
256,Udaipur (Tripura) Waterfall,118,Waterfall,0,0,25,67.9,12.3,2026-05-03 03:54:40
257,Kovalam Beach,61,Beach,0,0,25,79.0,8.1,2025-09-26 13:03:33
258,Warangal Hill Station Point,115,Lake,150,2250,25,57.2,40.6,2025-08-01 11:13:13
259,Shimla Palace,39,Palace,20,100,25,76.6,13.7,2026-03-26 01:57:28
260,Chef's Ludhiana Beach,93,Beach,100,1500,0,48.1,39.8,2025-03-03 06:18:34
261,Jamshedpur Wildlife Sanctuary,46,Bridge,0,0,0,51.0,42.1,2025-04-06 17:01:56
262,Faridabad Palace,36,Palace,30,300,25,80.0,7.7,2026-05-24 21:57:02
263,Street-side Aurangabad Fort,73,Fort,30,450,0,46.3,55.0,2026-03-22 07:13:19
264,Mathura Dam,122,Dam,150,1500,0,83.9,1.5,2025-06-20 09:49:08
265,Lucknow Bridge,119,Bridge,50,400,50,70.9,13.9,2025-06-07 13:04:40
266,Village-style Imphal Garden,77,Garden,200,2000,25,45.9,47.9,2025-08-07 07:16:34
267,Mawlynnong National Park,81,Hill Station Point,30,300,25,63.9,23.1,2025-03-03 13:03:55
268,Digha Market,136,Market,50,750,100,54.7,36.7,2025-11-01 01:56:13
269,Quick-bite Gwalior Wildlife Sanctuary,65,Viewpoint,100,800,0,79.2,5.4,2026-05-22 23:51:51
270,Extra Cheesy Mussoorie Hill Station Point,131,Waterfall,20,200,50,70.0,11.1,2026-03-15 09:15:30
271,Classic Ujjain Lake,66,Lake,30,450,0,73.2,12.8,2025-07-25 17:56:20
272,Authentic Konark Market,88,Market,0,0,0,79.3,9.7,2026-03-19 17:15:46
273,Kozhikode Beach,59,Beach,200,3000,0,93.1,0,2025-01-04 12:55:24
274,Dibrugarh Dam,11,Dam,100,1000,100,64.0,26.7,2025-07-25 04:41:02
275,Grandma's Lucknow National Park,119,Viewpoint,20,300,0,79.6,6.8,2026-06-15 02:51:46
276,Jim Corbett Fort,133,Fort,50,400,100,92.1,0,2026-05-10 15:46:01
277,Noida Museum,126,Museum,50,500,25,53.9,21.7,2025-08-06 14:27:16
278,Surat Heritage Walk,29,Church,150,750,50,83.5,1.2,2025-07-01 05:03:13
279,Deoghar Lake,47,Lake,30,150,0,68.0,19.5,2026-02-07 09:06:39
280,Alibaug Zoo,76,Zoo,100,800,25,58.2,19.8,2025-08-26 07:36:32
281,Margao Wildlife Sanctuary,24,Temple,10,50,0,71.6,21.6,2026-01-27 22:29:21
282,Nainital Church,130,Church,200,1600,100,55.1,33.7,2025-12-05 10:13:04
283,Jagdalpur Lake,22,Lake,10,80,50,84.9,0.1,2026-04-29 02:25:15
284,Spicy Kanyakumari Museum,110,Museum,150,1500,0,56.2,21.2,2026-04-22 09:10:20
285,Kochi Lake,55,Lake,30,450,50,65.6,27.2,2026-04-14 06:29:45
286,Tawang Market,8,Market,200,1600,0,67.4,15.0,2026-04-02 21:35:56
287,Guwahati National Park,10,Waterfall,50,250,0,88.1,0,2025-12-06 22:52:37
288,Konark Heritage Walk,88,Bridge,50,250,0,78.9,10.2,2025-12-26 18:56:01
289,Cuttack Church,89,Church,100,1000,50,80.3,3.3,2025-06-15 17:14:55
290,Chilika Palace,90,Palace,100,500,100,48.4,27.9,2025-10-23 02:17:05
291,Rishikesh Zoo,128,Zoo,50,400,0,83.0,2.7,2026-05-20 22:47:31
292,Itanagar Viewpoint,7,Viewpoint,20,200,0,76.2,8.0,2025-12-21 16:04:49
293,Khajuraho Fort,64,Fort,150,1500,50,71.0,19.1,2025-04-02 13:12:19
294,Panaji Hill Station Point,23,Wildlife Sanctuary,10,80,25,50.2,47.9,2025-03-29 04:15:35
295,Ayodhya Dam,123,Dam,10,150,50,90.3,0,2026-06-10 18:27:32
296,Hubballi Temple,54,Temple,10,150,0,79.4,5.4,2025-03-12 20:36:47
297,Lonavala Monastery,74,Monastery,30,450,0,94.8,0,2026-01-03 17:08:58
298,Grandma's Haridwar Lake,129,Lake,200,1000,25,78.6,9.2,2026-04-07 11:53:13
299,Local Favourite Vasco da Gama Museum,25,Museum,20,100,0,41.4,30.0,2026-03-24 03:23:12
300,Mysuru Dam,49,Dam,30,240,100,62.6,20.3,2025-06-05 20:35:02
301,Premium Nizamabad Dam,116,Dam,150,2250,0,82.9,1.6,2025-09-16 18:13:42
302,Bengaluru Beach,48,Beach,50,750,0,77.0,10.6,2025-12-27 04:16:23
303,Jodhpur Heritage Walk,97,Market,0,0,100,72.8,15.2,2025-03-21 19:35:16
304,Varanasi Cave,121,Cave,10,50,50,60.6,36.4,2026-04-23 02:29:11
305,Roadside Udaipur Wildlife Sanctuary,96,Market,50,250,0,61.0,42.7,2026-04-27 23:04:26
306,Jagdalpur Garden,22,Garden,150,1200,100,68.8,20.1,2026-04-04 13:37:37
307,Gwalior Dam,65,Dam,100,1500,0,81.0,3.0,2025-07-08 04:08:35
308,Haridwar Market,129,Market,0,0,25,75.1,12.2,2025-04-14 14:34:54
309,Jagdalpur Hill Station Point,22,Beach,10,100,100,83.1,2.8,2025-05-22 14:06:38
310,Digha Heritage Walk,136,Church,20,100,0,88.6,0,2025-08-16 07:16:51
311,Royal Kozhikode Viewpoint,59,Viewpoint,10,80,100,79.9,5.9,2025-01-02 06:56:47
312,Patna Palace,15,Palace,150,1200,0,62.7,17.8,2025-10-02 20:15:05
313,Moirang Dam,78,Dam,10,150,25,61.9,40.8,2025-10-22 17:47:58
314,Local Favourite Mount Abu Church,100,Church,30,450,100,76.7,13.6,2025-07-25 23:00:16
315,Tawang Museum,8,Museum,50,500,0,68.2,20.3,2026-03-12 01:34:26
316,Patna Fort,15,Fort,100,1000,0,78.3,8.2,2025-06-29 22:06:17
317,Spicy Hubballi Palace,54,Palace,50,400,0,65.3,16.0,2025-07-27 09:37:36
318,Aurangabad Temple,73,Temple,10,150,100,72.1,23.0,2025-01-09 18:34:44
319,Agra Zoo,120,Zoo,100,800,25,74.5,9.7,2026-05-30 00:49:41
320,Pushkar Garden,99,Garden,50,750,100,74.2,18.5,2025-05-13 06:50:15
321,Bodh Gaya Monastery,17,Monastery,150,1500,25,71.5,19.7,2025-07-27 15:48:09
322,Bikaner Garden,101,Garden,20,100,0,78.1,11.3,2026-03-02 11:59:02
323,Visakhapatnam Waterfall,1,Waterfall,10,80,50,55.2,25.2,2025-04-30 13:30:43
324,Quick-bite Munnar Bridge,57,Bridge,0,0,0,85.9,0,2025-03-22 23:19:55
325,Warangal Bridge,115,Bridge,30,450,100,90.7,0,2026-06-04 12:44:06
326,Street-side Tawang Bridge,8,Bridge,30,150,0,75.6,13.1,2025-04-04 03:45:16
327,Thanjavur Zoo,113,Zoo,150,2250,0,86.6,0,2025-09-29 08:45:57
328,Authentic Patna Temple,15,Temple,10,50,25,80.8,6.1,2026-02-06 14:23:29
329,Amritsar Museum,91,Museum,200,2000,0,81.0,6.1,2025-12-06 13:22:48
330,Jaisalmer Heritage Walk,98,Viewpoint,20,100,100,77.5,7.5,2025-03-05 19:00:53
331,Champhai Palace,83,Palace,20,160,0,67.8,24.3,2026-02-06 07:29:48
332,Deluxe Mahabaleshwar Waterfall,75,Waterfall,0,0,100,87.3,0,2025-07-24 00:30:48
333,Family Recipe Shillong Palace,79,Palace,50,250,25,86.9,0,2026-02-08 13:41:35
334,Roadside Kakinada Dam,6,Dam,150,1500,0,60.1,33.8,2026-04-12 02:25:34
335,Tawang Beach,8,Beach,20,160,0,81.6,5.7,2026-02-07 20:27:45
336,Surat Dam,29,Dam,150,2250,50,62.9,18.5,2025-08-09 11:12:14
337,Grandma's Moirang National Park,78,Beach,10,100,100,75.3,10.3,2026-01-15 10:01:50
338,Kanyakumari Temple,110,Temple,150,2250,50,62.6,19.6,2026-01-01 16:18:36
339,Udupi Zoo,53,Zoo,200,1600,50,78.6,11.1,2026-03-18 22:38:41
340,Dharamshala Monastery,41,Monastery,30,240,50,81.5,2.6,2025-07-31 01:18:07
341,Village-style Noida Viewpoint,126,Viewpoint,0,0,50,64.8,28.8,2025-09-29 14:01:10
342,Extra Cheesy Spiti Heritage Walk,43,Heritage Walk,150,2250,0,69.8,25.7,2025-03-08 17:14:57
343,Surat Museum,29,Museum,20,160,100,75.5,8.7,2026-03-09 15:48:10
344,Spicy Bhopal Monastery,62,Monastery,0,0,100,94.7,0,2025-07-02 01:34:05
345,Signature Udaipur (Tripura) Museum,118,Museum,200,3000,100,79.9,4.7,2026-06-17 09:21:20
346,Family Recipe Margao Monastery,24,Monastery,100,500,100,55.6,45.6,2025-01-26 20:00:53
347,Special Lachung Market,105,Market,150,1200,50,88.2,0,2026-06-20 23:09:37
348,Classic Kullu Zoo,42,Zoo,50,500,100,76.5,6.8,2025-02-03 09:21:51
349,Gwalior Monastery,65,Monastery,0,0,25,59.9,25.7,2025-06-28 10:27:52
350,Tawang Beach,8,Beach,20,200,0,78.5,8.9,2025-06-14 09:58:03
351,Guntur Waterfall,4,Waterfall,20,160,100,69.1,20.0,2025-09-08 13:47:47
352,Street-side Kohima Fort,84,Fort,100,800,25,75.4,9.2,2026-02-02 08:44:44
353,Ajmer Church,102,Church,50,250,0,64.2,27.1,2025-11-22 15:58:55
354,Gwalior Waterfall,65,Waterfall,50,250,25,67.1,17.3,2025-03-25 17:07:28
355,Khajuraho Waterfall,64,Waterfall,10,50,25,67.3,22.4,2025-03-29 02:29:25
356,Premium Konark Dam,88,Dam,100,800,25,95.9,0,2026-06-23 19:30:01
357,Lonavala Viewpoint,74,Viewpoint,10,100,0,75.4,16.9,2025-04-09 10:50:35
358,Mount Abu Cave,100,Cave,30,300,50,69.6,19.3,2025-08-01 11:04:03
359,Royal Jaisalmer Bridge,98,Bridge,0,0,0,80.0,7.5,2026-01-07 02:40:25
360,Classic Itanagar Monastery,7,Monastery,10,100,0,78.6,8.8,2026-01-22 08:13:11
361,Raipur Wildlife Sanctuary,20,Zoo,0,0,50,57.6,45.3,2026-01-27 14:44:08
362,Spicy Gaya Hill Station Point,16,Market,20,160,0,78.0,8.6,2026-01-18 14:04:41
363,Coorg Garden,52,Garden,0,0,25,47.6,25.4,2026-06-24 16:15:54
364,Homestyle Jagdalpur Beach,22,Beach,20,160,0,71.5,15.9,2026-06-12 21:56:20
365,Deluxe Vasco da Gama Heritage Walk,25,Hill Station Point,100,1500,25,79.7,4.8,2026-01-11 19:15:46
366,Amritsar Lake,91,Lake,30,450,0,80.4,4.0,2025-10-26 17:37:40
367,Festival Indore Beach,63,Beach,150,750,50,77.0,14.0,2025-07-23 04:27:35
368,Mawlynnong Garden,81,Garden,10,100,0,69.0,27.4,2026-04-09 19:13:35
369,Bilaspur Wildlife Sanctuary,21,Temple,50,250,50,75.9,6.6,2025-08-25 14:38:08
370,Moirang Palace,78,Palace,20,200,0,82.1,4.3,2026-04-11 18:45:58
371,Authentic Kohima Palace,84,Palace,200,1000,25,75.3,11.3,2026-01-09 03:39:26
372,Premium Hyderabad Palace,114,Palace,20,300,0,60.5,17.3,2026-01-21 17:46:32
373,Family Recipe Rajkot Bridge,31,Bridge,10,50,100,82.8,3.8,2026-01-03 21:15:51
374,Konark Fort,88,Fort,100,1500,0,61.9,26.8,2025-01-29 04:39:49
375,Gir Museum,34,Museum,20,200,100,97.6,0,2026-01-10 04:03:27
376,Patiala Museum,94,Museum,0,0,0,37.8,46.2,2026-05-01 13:37:17
377,Festival Dalhousie Market,44,Market,20,300,100,59.3,28.2,2026-06-07 01:41:06
378,Anjuna Palace,27,Palace,150,1500,0,55.5,24.0,2025-11-12 01:25:20
379,Homestyle Manali Museum,40,Museum,100,800,0,68.4,10.9,2025-09-17 22:32:15
380,Orchha Zoo,68,Zoo,200,2000,25,81.2,2.7,2026-02-08 04:50:15
381,Jaisalmer Bridge,98,Bridge,200,1000,0,45.9,38.3,2025-06-20 08:53:23
382,Imphal Monastery,77,Monastery,30,240,100,79.6,9.1,2026-03-25 19:26:11
383,Family Recipe Jagdalpur Lake,22,Lake,10,80,0,83.5,0.9,2026-04-05 14:51:37
384,Festival Patna Cave,15,Cave,50,250,0,94.2,0,2025-08-05 06:31:31
385,Gwalior Museum,65,Museum,0,0,0,64.9,30.1,2026-06-02 08:23:55
386,Chandigarh Dam,92,Dam,100,1500,0,55.6,52.3,2025-12-31 16:12:29
387,Village-style Manali Dam,40,Dam,30,240,0,82.2,1.9,2025-12-21 01:59:39
388,Jim Corbett Waterfall,133,Waterfall,50,250,50,82.7,2.3,2025-09-23 20:36:26
389,Spicy Amritsar Heritage Walk,91,Hill Station Point,10,150,50,92.4,0,2025-04-16 23:23:07
390,Authentic Bodh Gaya Zoo,17,Zoo,20,300,0,78.4,6.5,2025-08-29 22:35:07
391,Ranchi Beach,45,Beach,50,250,0,86.5,0,2025-01-10 03:03:41
392,Spiti Market,43,Market,20,160,0,55.0,31.2,2026-03-19 02:26:37
393,Nagpur Wildlife Sanctuary,71,Museum,200,1000,100,51.3,34.1,2025-03-22 14:08:25
394,Traditional Coimbatore Church,108,Church,20,200,0,84.1,1.5,2026-04-15 02:51:22
395,Street-side Bilaspur Church,21,Church,10,150,0,66.3,21.1,2025-09-11 10:37:12
396,Nainital Bridge,130,Bridge,10,150,0,65.8,15.5,2025-04-16 23:37:18
397,Deluxe Kanpur Dam,125,Dam,100,1500,0,85.1,0,2026-04-20 16:38:55
398,Pelling Waterfall,104,Waterfall,100,1000,0,58.9,41.2,2026-06-23 11:36:41
399,Traditional Cherrapunji Garden,80,Garden,50,250,0,71.9,17.2,2025-09-01 15:55:26
400,Lonavala Viewpoint,74,Viewpoint,150,2250,0,68.9,22.4,2025-03-19 02:15:51
401,Imphal Palace,77,Palace,200,1000,100,57.8,39.3,2025-03-30 12:46:27
402,Signature Gangtok Bridge,103,Bridge,150,2250,25,42.7,38.4,2026-06-10 15:34:08
403,Extra Cheesy Patna Dam,15,Dam,30,240,50,92.4,0,2026-06-11 16:56:22
404,Roadside Varanasi Temple,121,Temple,200,1600,50,78.3,5.8,2025-03-02 04:04:50
405,Tirupati Dam,3,Dam,10,80,0,86.9,0,2025-11-27 12:02:57
406,Signature Hampi National Park,50,Museum,50,500,0,84.0,0.9,2026-05-15 13:54:44
407,Amritsar Wildlife Sanctuary,91,Wildlife Sanctuary,30,150,50,76.8,7.3,2025-05-23 09:24:39
408,Lonavala Market,74,Market,200,1000,25,62.6,17.2,2026-05-20 06:42:04
409,Local Favourite Nagpur Market,71,Market,10,50,0,96.9,0,2026-03-10 21:04:21
410,Deluxe Siliguri Museum,137,Museum,0,0,0,73.8,20.0,2025-01-14 12:04:46
411,Patiala Wildlife Sanctuary,94,Market,150,750,50,82.9,3.4,2026-06-15 01:34:16
412,Family Recipe Surat Fort,29,Fort,0,0,100,72.8,11.0,2026-06-23 14:13:56
413,Local Favourite Amritsar Beach,91,Beach,30,450,0,46.9,51.3,2026-05-22 20:02:33
414,Special Nashik Dam,72,Dam,0,0,0,72.8,9.5,2025-07-26 18:00:16
415,Alleppey National Park,58,Fort,10,100,0,64.6,27.4,2026-04-07 10:27:26
416,Nizamabad Beach,116,Beach,50,750,50,74.3,16.6,2025-02-18 01:35:21
417,Kovalam National Park,61,Hill Station Point,30,450,100,75.0,15.7,2025-05-04 14:21:19
418,Jaipur Bridge,95,Bridge,100,800,50,67.4,29.1,2025-05-03 01:52:47
419,Deoghar Cave,47,Cave,10,50,50,77.3,8.1,2025-07-01 06:34:14
420,Kohima Wildlife Sanctuary,84,Hill Station Point,20,200,50,58.4,43.8,2025-01-22 21:14:24
421,Surat Market,29,Market,50,250,0,60.2,32.4,2025-06-02 13:14:09
422,Alibaug Palace,76,Palace,50,400,0,96.1,0,2025-10-09 00:58:44
423,Authentic Pelling Viewpoint,104,Viewpoint,10,150,50,73.7,10.0,2026-06-01 15:30:57
424,Somnath Cave,33,Cave,100,500,0,64.2,25.2,2025-03-05 20:20:47
425,Udupi Beach,53,Beach,100,1000,0,87.9,0,2026-05-20 14:07:41
426,Authentic Prayagraj Monastery,124,Monastery,100,1500,50,49.9,23.5,2025-08-17 14:33:25
427,Signature Anjuna Garden,27,Garden,200,2000,100,76.8,6.7,2026-06-15 22:05:41
428,Grandma's Indore Dam,63,Dam,100,1000,0,53.5,20.8,2026-06-18 04:43:05
429,Puri Market,87,Market,150,2250,100,78.8,4.0,2025-04-07 05:23:02
430,Cherrapunji Garden,80,Garden,20,200,100,48.9,40.6,2025-09-10 11:29:19
431,Calangute Cave,26,Cave,100,1000,25,70.4,15.7,2025-09-21 00:49:56
432,Gangtok Beach,103,Beach,150,2250,100,70.4,16.9,2025-10-05 08:02:20
433,Premium Dharamshala National Park,41,Zoo,30,300,100,84.5,0.4,2026-04-23 05:14:10
434,Haridwar National Park,129,Wildlife Sanctuary,20,200,100,79.0,5.8,2025-05-27 23:53:17
435,Authentic Noida Palace,126,Palace,50,400,25,81.1,3.1,2026-02-23 07:26:58
436,Panipat Fort,38,Fort,0,0,100,69.0,11.4,2025-11-22 04:46:08
437,Family Recipe Chandigarh Lake,92,Lake,30,450,50,82.4,2.9,2025-12-08 23:04:24
438,Vijayawada Museum,2,Museum,30,300,25,73.4,10.4,2026-01-15 18:39:45
439,Kozhikode Monastery,59,Monastery,0,0,100,84.1,1.4,2025-01-01 13:35:33
440,Jodhpur Fort,97,Fort,50,250,0,61.9,18.1,2026-02-11 23:23:36
441,Deluxe Jim Corbett Viewpoint,133,Viewpoint,0,0,25,84.8,0.3,2026-04-04 08:00:46
442,Street-side Bilaspur National Park,21,Viewpoint,200,1600,0,67.7,20.0,2026-06-03 03:34:08
443,Alleppey Waterfall,58,Waterfall,20,160,0,38.7,55.5,2025-04-29 22:38:50
444,Local Favourite Hubballi Dam,54,Dam,150,1500,100,54.1,23.5,2026-02-09 03:58:14
445,Quick-bite Rajkot Garden,31,Garden,0,0,50,78.8,10.2,2025-05-05 13:46:25
446,Family Recipe Dibrugarh Bridge,11,Bridge,0,0,25,81.9,2.8,2025-12-04 03:21:00
447,Kullu Lake,42,Lake,20,160,0,62.4,38.5,2025-08-12 06:22:49
448,Ayodhya Heritage Walk,123,Fort,150,1200,25,53.4,19.9,2025-12-25 22:17:21
449,Mumbai Lake,69,Lake,150,2250,0,84.5,0.3,2025-05-11 02:28:55
450,Quick-bite Margao National Park,24,Waterfall,50,400,25,76.3,14.3,2025-03-01 14:11:32
451,Somnath Palace,33,Palace,20,160,0,78.1,7.6,2026-01-24 04:36:05
452,Surat Cave,29,Cave,20,300,0,90.0,0,2025-09-07 06:45:08
453,Homestyle Munnar Garden,57,Garden,0,0,0,56.5,18.0,2025-05-20 01:02:39
454,Prayagraj Beach,124,Beach,200,1000,100,44.7,52.7,2025-07-18 23:10:32
455,Kovalam Waterfall,61,Waterfall,150,2250,100,58.4,33.1,2025-04-24 18:26:25
456,Ujjain Fort,66,Fort,0,0,0,64.8,15.4,2025-11-07 11:18:32
457,Tawang Beach,8,Beach,20,160,50,67.8,13.5,2026-03-24 16:12:52
458,Dibrugarh Temple,11,Temple,150,1500,25,72.7,21.2,2025-08-13 09:31:04
459,Munnar Bridge,57,Bridge,20,200,25,52.7,33.6,2026-01-28 12:02:23
460,Deoghar Bridge,47,Bridge,150,1200,25,62.2,33.4,2026-02-25 01:33:07
461,Chef's Panaji Church,23,Church,30,240,50,77.7,6.6,2026-04-11 17:27:32
462,Traditional Gurugram Cave,35,Cave,10,100,25,57.8,18.8,2025-05-30 03:00:51
463,Anjuna Wildlife Sanctuary,27,Dam,200,3000,0,81.2,4.1,2025-08-25 04:00:09
464,Mysuru Fort,49,Fort,200,3000,25,92.3,0,2025-01-10 22:32:16
465,Gir Lake,34,Lake,100,1500,25,76.2,8.2,2026-03-14 10:26:26
466,Chef's Anjuna Waterfall,27,Waterfall,20,160,0,59.8,36.1,2026-05-23 18:47:58
467,Mussoorie Cave,131,Cave,10,50,100,58.8,15.8,2025-01-04 13:35:49
468,Panaji National Park,23,Garden,0,0,0,77.6,13.2,2025-02-26 05:51:07
469,Ludhiana Market,93,Market,10,80,100,86.7,0,2025-09-17 02:44:48
470,Mount Abu Lake,100,Lake,10,150,100,83.4,2.0,2025-03-17 04:22:20
471,Kanpur Museum,125,Museum,150,2250,25,70.6,9.4,2026-02-28 13:06:05
472,Rajgir National Park,19,Beach,200,1600,0,80.2,8.4,2025-03-13 19:36:20
473,Mysuru Hill Station Point,49,Garden,150,2250,25,53.5,48.5,2025-04-18 14:42:48
474,Deoghar Heritage Walk,47,Dam,10,80,100,57.6,19.9,2026-01-26 15:30:09
475,Bhubaneswar Hill Station Point,86,Church,50,500,50,82.3,3.5,2025-08-07 19:37:34
476,Jim Corbett Dam,133,Dam,20,200,100,92.6,0,2025-10-22 02:54:57
477,Kanpur Beach,125,Beach,50,750,0,84.5,0.3,2025-12-13 19:02:38
478,Ujjain Heritage Walk,66,Beach,50,400,0,70.6,10.7,2026-02-03 14:07:08
479,Bikaner Zoo,101,Zoo,10,100,0,48.0,56.2,2025-08-08 07:03:51
480,Khajuraho Wildlife Sanctuary,64,Beach,10,100,50,73.8,8.6,2026-01-31 12:05:52
481,Premium Ajmer Temple,102,Temple,0,0,0,66.1,15.9,2025-11-15 20:34:55
482,Traditional Shillong Palace,79,Palace,20,200,50,65.4,17.1,2025-12-05 16:55:28
483,Hubballi Cave,54,Cave,100,1500,50,89.0,0,2026-04-07 04:57:05
484,Guntur Church,4,Church,0,0,0,53.4,25.1,2025-08-16 19:06:59
485,Visakhapatnam Wildlife Sanctuary,1,Cave,150,1200,50,67.8,10.4,2025-05-18 17:36:44
486,Kurukshetra Heritage Walk,37,Monastery,30,240,100,55.0,36.7,2026-04-28 18:59:03
487,Hubballi Waterfall,54,Waterfall,0,0,100,65.3,33.7,2025-08-05 14:54:52
488,Manali Bridge,40,Bridge,30,150,25,74.4,10.9,2025-10-22 10:07:28
489,Authentic Kochi Viewpoint,55,Viewpoint,0,0,100,69.6,15.4,2025-10-15 03:46:17
490,Vijayawada Church,2,Church,100,500,25,61.2,36.5,2026-05-16 19:02:22
491,Dharamshala Garden,41,Garden,0,0,25,85.0,0,2025-08-24 19:50:03
492,Special Moirang Monastery,78,Monastery,20,300,100,63.3,16.1,2025-05-10 23:21:37
493,Bengaluru Waterfall,48,Waterfall,100,1000,25,83.3,1.5,2025-07-21 00:08:51
494,Street-side Ooty Zoo,109,Zoo,200,1600,100,54.4,34.6,2026-04-03 05:57:57
495,Local Favourite Lucknow Zoo,119,Zoo,100,1000,0,44.7,42.0,2026-03-19 09:37:11
496,Tawang Market,8,Market,50,500,25,70.6,11.4,2025-05-03 18:16:05
497,Manali Dam,40,Dam,100,1000,0,77.1,12.2,2025-09-21 16:38:15
498,Kakinada Temple,6,Temple,30,240,25,79.7,4.2,2026-05-01 21:11:42
499,Quick-bite Prayagraj Market,124,Market,50,400,0,76.5,12.6,2025-05-07 14:05:13
500,Lachung National Park,105,Viewpoint,200,3000,0,65.0,32.7,2025-07-16 08:58:32
501,Special Nashik Heritage Walk,72,Beach,30,150,25,74.8,12.9,2025-11-08 18:11:52
502,Aurangabad National Park,73,Market,150,2250,25,69.4,10.6,2025-11-22 23:52:19
503,Lonavala Bridge,74,Bridge,150,1200,50,83.2,1.6,2026-02-01 22:04:21
504,Dehradun Viewpoint,127,Viewpoint,150,1200,25,71.8,10.0,2025-01-04 21:04:21
505,Chef's Jaisalmer Dam,98,Dam,20,160,25,53.6,30.5,2025-08-30 01:51:20
506,Coorg Palace,52,Palace,20,160,100,81.0,2.9,2025-12-21 06:35:20
507,Festival Khajuraho Lake,64,Lake,20,200,25,43.4,70.1,2026-01-23 11:22:58
508,Ranchi Monastery,45,Monastery,20,160,0,92.3,0,2026-03-23 21:13:44
509,Tawang Heritage Walk,8,Palace,0,0,25,88.0,0,2026-03-04 06:07:28
510,Hampi Cave,50,Cave,10,50,25,47.8,55.5,2026-05-25 15:58:38
511,Gurugram Dam,35,Dam,200,1000,0,61.9,39.8,2025-02-25 13:30:08
512,Gaya Waterfall,16,Waterfall,100,1500,0,85.1,0,2025-12-06 19:47:55
513,Chilika Fort,90,Fort,20,160,100,73.9,12.8,2026-06-05 13:16:45
514,Royal Amritsar National Park,91,Heritage Walk,50,400,0,50.7,30.5,2025-10-07 10:03:52
515,Authentic Darjeeling Hill Station Point,135,Zoo,10,50,0,68.4,14.4,2026-02-22 14:28:19
516,Vadodara Monastery,30,Monastery,10,150,50,77.3,8.0,2025-05-05 11:29:29
517,Premium Gangtok Viewpoint,103,Viewpoint,200,3000,50,72.2,18.3,2025-10-03 05:02:51
518,Digha Market,136,Market,10,50,0,70.2,23.9,2025-12-14 23:59:19
519,Signature Bikaner Viewpoint,101,Viewpoint,10,150,25,69.6,21.2,2025-05-29 17:37:15
520,Kullu Fort,42,Fort,50,250,25,53.5,30.5,2026-03-22 10:56:00
521,Darjeeling Beach,135,Beach,30,300,50,53.1,34.4,2026-01-15 05:20:13
522,Grandma's Panaji Museum,23,Museum,100,1000,100,78.4,8.6,2026-02-27 11:02:27
523,Bhubaneswar Hill Station Point,86,Lake,30,150,100,82.9,1.9,2025-06-30 09:31:47
524,Nagpur Garden,71,Garden,10,150,25,58.3,31.2,2025-05-09 10:11:19
525,Festival Udaipur (Tripura) Museum,118,Museum,20,300,50,71.9,22.5,2025-08-07 19:30:41
526,Village-style Kakinada Garden,6,Garden,50,400,25,69.9,21.2,2025-11-27 13:53:22
527,Jorhat Church,12,Church,200,2000,50,88.1,0,2026-04-20 06:44:49
528,Classic Chandigarh Church,92,Church,100,1500,100,82.2,3.1,2025-03-16 09:10:57
529,Festival Deoghar Lake,47,Lake,200,3000,100,65.5,33.7,2026-01-14 00:49:29
530,Kolkata Lake,134,Lake,200,2000,0,85.2,0,2025-12-02 16:13:38
531,Kurukshetra Monastery,37,Monastery,200,1600,100,73.6,8.9,2025-12-01 22:07:49
532,Pachmarhi Zoo,67,Zoo,0,0,100,56.3,18.1,2025-02-09 15:45:07
533,Shantiniketan Market,138,Market,200,2000,50,80.1,6.5,2025-10-22 17:10:23
534,Bodh Gaya Hill Station Point,17,Church,0,0,50,52.1,54.6,2025-04-11 05:04:25
535,Raipur Fort,20,Fort,50,400,0,80.3,5.1,2025-10-01 10:59:32
536,Cherrapunji Garden,80,Garden,10,80,0,79.5,8.3,2025-11-26 20:05:28
537,Amritsar Church,91,Church,10,100,50,68.8,17.6,2025-08-11 04:51:00
538,Panaji Garden,23,Garden,100,800,0,65.5,14.2,2026-05-04 12:46:38
539,Chandigarh Market,92,Market,0,0,100,81.3,5.2,2025-01-12 19:51:20
540,Bodh Gaya Zoo,17,Zoo,50,400,0,60.8,28.5,2025-09-04 01:53:06
541,Signature Champhai Cave,83,Cave,20,160,0,75.5,17.0,2025-06-02 09:31:06
542,Homestyle Jim Corbett Heritage Walk,133,Waterfall,20,100,0,68.7,15.8,2026-06-14 22:58:21
543,Manali Market,40,Market,150,1500,100,49.2,58.5,2025-04-02 20:37:23
544,Noida Market,126,Market,200,3000,100,73.3,12.2,2025-06-16 14:29:22
545,Alleppey Bridge,58,Bridge,0,0,25,88.2,0,2025-01-20 03:45:05
546,Chef's Mysuru Bridge,49,Bridge,0,0,25,51.8,24.2,2026-05-08 22:10:16
547,Local Favourite Coorg Church,52,Church,100,1500,100,65.4,24.2,2025-11-07 02:56:07
548,Puri Bridge,87,Bridge,100,800,50,69.9,27.1,2026-01-18 00:08:34
549,Mathura Hill Station Point,122,Market,0,0,0,88.3,0,2025-08-26 10:58:46
550,Festival Dwarka Garden,32,Garden,10,150,50,78.7,4.8,2025-01-27 19:28:15
551,Street-side Haridwar Garden,129,Garden,10,150,0,71.1,21.3,2025-11-13 07:14:32
552,Spiti Heritage Walk,43,Fort,10,150,0,62.4,15.8,2025-05-11 00:28:30
553,Silchar Cave,14,Cave,100,1500,0,46.4,27.8,2025-07-19 17:25:37
554,Festival Amritsar Dam,91,Dam,150,1200,25,72.5,8.4,2025-04-01 05:18:36
555,Silchar Wildlife Sanctuary,14,Heritage Walk,50,250,50,78.6,9.0,2025-10-28 07:02:30
556,Rishikesh Palace,128,Palace,200,3000,0,45.7,53.2,2026-04-05 00:55:32
557,Village-style Rameswaram Wildlife Sanctuary,111,Lake,0,0,0,44.4,43.2,2025-09-01 19:45:02
558,Guwahati Viewpoint,10,Viewpoint,150,750,0,85.1,0,2025-10-22 13:03:53
559,Darjeeling Hill Station Point,135,Garden,50,750,0,82.2,2.6,2026-01-24 17:18:03
560,Bhubaneswar Fort,86,Fort,30,300,50,86.5,0,2025-03-24 03:08:27
561,Hampi Temple,50,Temple,100,1000,100,74.9,13.8,2026-02-19 04:38:38
562,Panaji Palace,23,Palace,10,100,25,69.9,10.1,2025-02-16 22:05:49
563,Premium Spiti Dam,43,Dam,30,240,25,55.1,19.0,2025-08-21 15:14:23
564,Signature Guwahati Fort,10,Fort,150,1500,100,80.9,7.1,2025-01-18 01:44:59
565,Mysuru Hill Station Point,49,Heritage Walk,50,250,25,56.6,44.1,2026-06-17 22:53:26
566,Udaipur (Tripura) Zoo,118,Zoo,20,200,50,78.7,7.8,2025-11-23 15:11:00
567,Konark Dam,88,Dam,20,200,0,67.8,30.1,2025-06-09 17:19:48
568,Aurangabad Church,73,Church,50,250,100,96.2,0,2025-02-26 09:23:35
569,Pachmarhi Palace,67,Palace,30,450,25,89.7,0,2026-03-13 09:31:39
570,Puri Heritage Walk,87,Wildlife Sanctuary,0,0,0,95.6,0,2026-03-27 02:15:21
571,Nagpur Waterfall,71,Waterfall,200,1000,100,43.5,29.7,2025-12-05 06:37:13
572,Faridabad Museum,36,Museum,10,100,0,73.9,18.7,2025-07-12 11:38:00
573,Kurukshetra Dam,37,Dam,150,1500,25,64.5,23.4,2025-06-19 00:18:11
574,Bhubaneswar Fort,86,Fort,20,100,100,69.8,14.5,2025-03-03 08:33:56
575,Ranchi Cave,45,Cave,200,1600,0,53.7,29.9,2026-03-22 10:10:18
576,Orchha Fort,68,Fort,10,50,0,79.6,3.6,2025-01-26 08:47:11
577,Ziro Market,9,Market,200,1600,0,46.7,59.5,2025-07-27 14:35:52
578,Kolkata Palace,134,Palace,50,400,25,67.4,26.8,2025-02-06 06:36:05
579,Jorhat Palace,12,Palace,10,80,0,58.7,21.7,2025-09-06 03:21:47
580,Pushkar Dam,99,Dam,30,300,0,56.6,50.9,2026-06-01 22:39:22
581,Madurai Wildlife Sanctuary,107,Cave,50,250,0,57.9,46.7,2026-05-17 19:04:18
582,Traditional Ranchi Museum,45,Museum,20,200,0,78.0,8.8,2025-11-20 22:00:57
583,Street-side Faridabad National Park,36,Church,20,100,0,74.8,10.5,2026-05-01 06:26:38
584,Grandma's Agra Garden,120,Garden,150,1200,0,94.4,0,2025-04-17 05:09:54
585,Spicy Mathura Fort,122,Fort,200,2000,0,61.5,17.3,2025-08-22 15:34:34
586,Kanyakumari Fort,110,Fort,0,0,25,72.2,12.7,2025-07-26 02:57:53
587,Guwahati National Park,10,Garden,100,500,0,66.7,27.3,2025-02-23 11:15:23
588,Dibrugarh Wildlife Sanctuary,11,Cave,150,750,0,94.6,0,2025-04-24 16:41:10
589,Jagdalpur National Park,22,Beach,50,500,25,66.9,23.6,2026-04-01 06:34:50
590,Deluxe Bilaspur Market,21,Market,10,100,100,79.9,4.8,2025-01-02 19:24:56
591,Guwahati Waterfall,10,Waterfall,50,400,100,67.9,19.8,2026-03-19 15:00:47
592,Kullu Hill Station Point,42,Viewpoint,0,0,0,67.1,18.4,2025-09-25 00:00:07
593,Premium Silchar Fort,14,Fort,20,200,0,48.3,24.9,2025-06-28 03:54:55
594,Bodh Gaya Garden,17,Garden,10,150,25,58.2,31.2,2026-03-03 09:30:50
595,Extra Cheesy Mangaluru Monastery,51,Monastery,10,80,100,50.9,44.5,2025-02-17 06:25:22
596,Royal Calangute Waterfall,26,Waterfall,50,500,25,86.8,0,2026-06-25 20:45:02
597,Hampi Zoo,50,Zoo,20,100,100,72.2,16.2,2025-07-29 04:48:11
598,Panipat Cave,38,Cave,150,2250,25,63.9,33.7,2025-09-02 16:34:40
599,Pachmarhi Market,67,Market,50,250,0,71.0,23.3,2025-11-13 15:40:31
600,Spicy Ooty Museum,109,Museum,0,0,100,75.3,16.1,2026-02-17 05:14:28
601,Jim Corbett Bridge,133,Bridge,0,0,50,79.7,7.4,2025-11-26 07:11:52
602,Thiruvananthapuram Wildlife Sanctuary,56,Palace,20,100,50,67.4,23.0,2025-11-09 11:48:54
603,Chilika Cave,90,Cave,0,0,50,66.5,14.7,2025-09-18 13:28:14
604,Mumbai Temple,69,Temple,30,240,50,81.1,3.8,2026-03-24 14:12:21
605,Dalhousie Monastery,44,Monastery,0,0,50,78.5,9.8,2026-06-02 03:12:34
606,Classic Rajkot Waterfall,31,Waterfall,150,1200,50,78.9,8.9,2025-01-08 03:58:51
607,Quick-bite Vasco da Gama Wildlife Sanctuary,25,Temple,10,150,0,53.4,19.3,2025-10-21 06:36:42
608,Dimapur Cave,85,Cave,0,0,50,53.8,48.6,2025-09-17 05:11:41
609,Cherrapunji Monastery,80,Monastery,200,2000,25,77.6,6.4,2026-05-09 05:50:13
610,Hampi Wildlife Sanctuary,50,Temple,50,500,0,75.1,17.3,2025-08-07 18:01:17
611,Mysuru Beach,49,Beach,10,100,0,80.1,4.5,2025-09-13 20:41:58
612,Raipur Fort,20,Fort,150,1200,0,74.9,17.6,2025-07-10 15:18:45
613,Quick-bite Chilika Hill Station Point,90,Monastery,50,400,50,77.9,8.4,2025-07-16 03:27:11
614,Jagdalpur Cave,22,Cave,50,400,100,71.9,15.6,2026-05-25 01:27:24
615,Alibaug Heritage Walk,76,Beach,30,150,50,78.4,4.2,2026-04-05 01:04:29
616,Nizamabad Cave,116,Cave,0,0,100,79.7,3.3,2026-05-06 21:21:56
617,Spicy Shantiniketan Museum,138,Museum,150,750,0,65.0,13.2,2025-05-25 02:48:11
618,Bhubaneswar Dam,86,Dam,150,1500,0,60.8,20.0,2025-05-25 03:56:43
619,Pune Wildlife Sanctuary,70,Viewpoint,100,1500,0,87.5,0,2025-10-04 04:21:34
620,Spicy Jamshedpur Hill Station Point,46,Fort,50,250,100,81.4,5.0,2026-04-19 06:07:55
621,Jorhat Church,12,Church,100,1000,50,75.5,13.2,2026-05-28 23:17:33
622,Mumbai Lake,69,Lake,150,1500,25,76.7,11.7,2026-03-09 10:01:37
623,Lonavala Market,74,Market,30,150,0,59.5,18.1,2026-05-20 10:30:11
624,Local Favourite Gaya Garden,16,Garden,20,200,0,89.5,0,2025-09-06 09:07:22
625,Kozhikode Viewpoint,59,Viewpoint,150,1500,0,90.9,0,2025-11-12 21:12:24
626,Nagpur Beach,71,Beach,20,200,100,56.9,47.3,2026-05-29 19:47:39
627,Village-style Jorhat Viewpoint,12,Viewpoint,20,200,0,43.6,73.3,2026-02-27 02:48:23
628,Rameswaram Palace,111,Palace,30,450,0,75.8,8.7,2025-08-22 00:27:24
629,Lucknow National Park,119,Zoo,30,240,100,75.8,7.9,2026-04-11 19:01:43
630,Deluxe Kullu Zoo,42,Zoo,20,200,100,72.0,18.8,2026-06-11 03:43:29
631,Mahabalipuram Heritage Walk,112,Temple,10,100,0,86.0,0,2026-06-30 14:25:23
632,Local Favourite Cuttack Beach,89,Beach,200,1000,100,89.8,0,2025-02-27 12:56:57
633,Kanpur Palace,125,Palace,30,150,50,83.0,2.4,2026-03-15 21:08:33
634,Darjeeling Hill Station Point,135,Beach,50,750,100,75.6,6.0,2026-01-04 16:24:02
635,Ujjain Palace,66,Palace,10,100,50,51.4,51.5,2025-05-01 11:15:50
636,Family Recipe Hampi Cave,50,Cave,150,2250,100,87.4,0,2025-11-08 06:57:14
637,Festival Patiala Viewpoint,94,Viewpoint,150,1500,100,52.5,52.4,2025-05-14 20:31:55
638,Pune Fort,70,Fort,150,750,25,61.2,42.1,2026-05-16 21:08:10
639,Patna Palace,15,Palace,100,1500,100,86.0,0,2026-01-01 17:30:20
640,Ludhiana Lake,93,Lake,0,0,0,72.4,14.5,2025-10-03 19:02:48
641,Mumbai Monastery,69,Monastery,0,0,0,51.4,32.6,2026-06-24 21:21:26
642,Lachung Bridge,105,Bridge,200,3000,0,76.3,7.8,2025-03-29 12:19:01
643,Khajuraho Lake,64,Lake,30,450,100,67.3,11.0,2026-02-08 09:19:36
644,Signature Bikaner Market,101,Market,50,250,0,76.0,9.2,2026-04-29 08:03:35
645,Mysuru Bridge,49,Bridge,50,500,100,92.2,0,2025-07-01 15:03:44
646,Agartala Lake,117,Lake,100,1500,0,55.7,29.6,2025-01-20 04:44:03
647,Auli Dam,132,Dam,150,2250,100,88.8,0,2026-05-15 03:18:25
648,Lachung Dam,105,Dam,30,450,0,77.0,13.0,2025-05-25 23:10:26
649,Extra Cheesy Pushkar Wildlife Sanctuary,99,Wildlife Sanctuary,30,300,0,59.5,23.7,2026-05-02 15:45:51
650,Premium Anjuna Lake,27,Lake,20,200,25,67.6,23.7,2025-07-09 15:23:55
651,Panipat Palace,38,Palace,0,0,0,37.5,29.3,2025-11-06 21:10:10
652,Bengaluru Hill Station Point,48,Bridge,0,0,0,72.7,10.4,2026-01-17 02:26:15
653,Local Favourite Mathura National Park,122,Waterfall,200,2000,25,63.2,29.0,2025-05-12 09:39:18
654,Chef's Rishikesh Museum,128,Museum,100,500,25,81.8,5.2,2025-11-16 14:17:16
655,Spiti Zoo,43,Zoo,10,50,25,70.5,16.8,2026-02-13 05:33:15
656,Vijayawada Wildlife Sanctuary,2,Market,10,100,50,89.1,0,2025-07-20 19:40:18
657,Festival Rameswaram Bridge,111,Bridge,50,400,25,79.0,3.8,2025-12-03 15:46:09
658,Rajgir Zoo,19,Zoo,0,0,25,60.5,37.3,2026-02-19 22:03:32
659,Roadside Varanasi Wildlife Sanctuary,121,Museum,20,100,50,82.7,1.6,2025-05-06 09:12:31
660,Hyderabad Market,114,Market,10,80,0,89.3,0,2025-01-08 00:40:28
661,Chennai Waterfall,106,Waterfall,150,2250,25,91.4,0,2026-05-09 15:45:24
662,Guwahati Waterfall,10,Waterfall,20,200,50,86.9,0,2025-06-10 08:27:02
663,Festival Ranchi Beach,45,Beach,50,250,100,78.9,9.9,2025-01-15 14:05:59
664,Bhopal Fort,62,Fort,50,750,50,75.0,14.3,2026-05-26 20:28:55
665,Kurukshetra Monastery,37,Monastery,10,150,100,78.5,10.3,2026-01-10 07:17:08
666,Chandigarh Fort,92,Fort,150,2250,100,53.1,37.3,2025-12-21 11:32:02
667,Shillong Heritage Walk,79,Church,200,3000,50,77.8,8.4,2026-01-28 15:33:09
668,Kanpur Fort,125,Fort,10,100,0,67.7,25.8,2025-07-07 22:48:48
669,Kozhikode Hill Station Point,59,Hill Station Point,30,240,0,60.3,23.3,2026-02-24 15:02:26
670,Extra Cheesy Bikaner Museum,101,Museum,20,100,100,49.1,52.9,2026-03-01 01:48:52
671,Silchar Fort,14,Fort,150,1500,100,72.7,14.5,2025-03-14 18:09:03
672,Pelling Beach,104,Beach,50,250,0,42.8,47.7,2025-09-03 07:00:56
673,Chilika Lake,90,Lake,50,250,100,94.8,0,2026-02-20 03:33:20
674,Munnar National Park,57,Viewpoint,100,1000,50,93.3,0,2025-05-11 10:34:14
675,Gaya Market,16,Market,150,1500,0,64.8,19.1,2025-04-05 03:00:25
676,Special Bikaner Temple,101,Temple,100,1000,0,90.5,0,2025-10-11 01:40:04
677,Spicy Jaipur Garden,95,Garden,10,150,0,35.3,76.9,2025-09-09 19:39:08
678,Quick-bite Vijayawada Cave,2,Cave,30,150,100,47.8,42.3,2025-03-15 21:12:04
679,Shantiniketan Market,138,Market,30,150,0,40.4,57.3,2025-11-28 03:18:22
680,Kozhikode Fort,59,Fort,20,300,100,77.1,13.5,2025-01-16 16:17:33
681,Auli Palace,132,Palace,10,80,0,54.2,48.6,2025-10-05 07:29:03
682,Coimbatore Monastery,108,Monastery,0,0,0,65.3,26.8,2025-08-31 17:28:43
683,Margao Hill Station Point,24,Viewpoint,150,2250,0,84.1,1.4,2025-04-21 15:39:53
684,Mathura Market,122,Market,0,0,50,70.1,22.5,2025-10-05 02:54:53
685,Prayagraj Palace,124,Palace,10,80,50,68.6,11.5,2026-01-27 22:51:11
686,Chilika Wildlife Sanctuary,90,Hill Station Point,30,300,0,68.5,12.1,2025-08-16 08:20:12
687,Warangal Beach,115,Beach,0,0,25,65.9,23.3,2025-05-13 06:25:23
688,Special Chandigarh National Park,92,Zoo,150,1200,100,86.9,0,2025-09-06 09:32:31
689,Street-side Mumbai Zoo,69,Zoo,100,1000,25,65.1,33.1,2025-10-01 20:50:41
690,Kakinada Viewpoint,6,Viewpoint,30,450,100,86.8,0,2025-05-06 10:25:40
691,Roadside Kakinada Monastery,6,Monastery,30,240,50,63.3,27.0,2025-03-02 05:19:53
692,Festival Mahabaleshwar Church,75,Church,30,300,50,82.2,1.8,2025-01-21 16:31:37
693,Vadodara Wildlife Sanctuary,30,Museum,100,800,100,61.3,32.6,2026-03-07 12:18:02
694,Chef's Kozhikode Viewpoint,59,Viewpoint,100,1500,0,95.2,0,2026-02-23 09:13:47
695,Local Favourite Varanasi Fort,121,Fort,100,800,100,69.5,17.5,2025-04-16 02:05:53
696,Mawlynnong Bridge,81,Bridge,50,400,100,72.6,18.5,2026-06-25 16:02:30
697,Traditional Mussoorie Zoo,131,Zoo,50,250,50,47.9,44.6,2025-01-21 04:47:28
698,Local Favourite Kanpur Heritage Walk,125,Waterfall,150,1500,100,92.5,0,2025-03-17 19:13:51
699,Local Favourite Coorg Dam,52,Dam,100,500,50,55.4,35.6,2026-04-21 09:09:28
700,Lachung Heritage Walk,105,Cave,200,2000,0,62.8,19.1,2025-11-25 02:35:02
701,Street-side Manali Heritage Walk,40,Dam,50,750,0,59.3,18.2,2025-03-20 15:55:31
702,Festival Jodhpur Church,97,Church,30,150,100,77.4,5.5,2025-08-02 02:15:05
703,Cherrapunji Museum,80,Museum,100,500,25,78.0,6.0,2026-05-31 16:10:07
704,Khajuraho Zoo,64,Zoo,10,80,100,84.6,0.5,2026-02-05 19:17:33
705,Traditional Wayanad Zoo,60,Zoo,200,3000,0,61.3,20.7,2026-04-13 01:01:36
706,Kalimpong Bridge,139,Bridge,0,0,25,84.7,0.4,2025-09-18 08:58:45
707,Nainital Bridge,130,Bridge,0,0,25,54.9,49.8,2025-11-01 08:43:06
708,Aizawl Museum,82,Museum,10,150,100,78.0,5.5,2026-05-29 06:00:49
709,Haridwar Lake,129,Lake,150,750,0,67.5,27.9,2025-11-03 22:37:56
710,Village-style Indore Viewpoint,63,Viewpoint,30,450,50,70.4,23.6,2025-06-05 09:44:54
711,Mount Abu Market,100,Market,200,2000,50,80.2,5.9,2026-06-08 11:16:51
712,Vasco da Gama Monastery,25,Monastery,30,240,50,54.6,36.4,2025-03-29 22:47:48
713,Mawlynnong Viewpoint,81,Viewpoint,100,500,0,39.0,34.0,2026-05-16 20:40:00
714,Kohima Viewpoint,84,Viewpoint,150,1500,25,80.5,5.5,2026-05-19 00:44:45
715,Manali Bridge,40,Bridge,100,500,25,74.6,14.3,2025-07-09 23:27:53
716,Festival Konark Palace,88,Palace,0,0,100,74.8,11.5,2026-03-06 11:35:06
717,Rishikesh Market,128,Market,200,1000,0,82.4,2.7,2026-05-18 03:27:22
718,Ayodhya Garden,123,Garden,0,0,25,64.8,16.3,2026-01-10 15:18:14
719,Ujjain Temple,66,Temple,0,0,0,89.2,0,2026-05-04 14:42:49
720,Orchha Waterfall,68,Waterfall,100,1000,100,81.2,5.5,2025-07-07 20:55:21
721,Chef's Konark Dam,88,Dam,0,0,25,54.6,25.1,2025-10-26 08:21:32
722,Grandma's Mount Abu Market,100,Market,30,300,50,63.1,38.3,2025-08-24 18:07:20
723,Hampi Wildlife Sanctuary,50,Palace,30,450,50,52.4,53.9,2026-04-15 14:35:59
724,Classic Dharamshala Zoo,41,Zoo,100,500,25,49.3,60.4,2025-08-06 06:36:57
725,Chandigarh Temple,92,Temple,10,80,25,60.3,37.3,2025-04-13 17:58:11
726,Village-style Calangute Hill Station Point,26,Wildlife Sanctuary,100,1000,50,66.6,27.2,2026-06-24 09:25:41
727,Udaipur Monastery,96,Monastery,30,450,50,87.4,0,2025-11-06 20:20:48
728,Signature Panipat Zoo,38,Zoo,150,2250,0,56.6,35.8,2025-12-11 18:17:32
729,Darjeeling Zoo,135,Zoo,200,2000,0,59.3,26.5,2025-10-05 12:31:12
730,Premium Jim Corbett Church,133,Church,100,1000,50,75.2,9.9,2025-02-24 16:26:38
731,Spicy Dimapur National Park,85,Monastery,50,750,100,45.1,28.2,2025-07-25 00:24:08
732,Udaipur (Tripura) National Park,118,Hill Station Point,200,2000,25,70.6,10.0,2025-04-07 16:36:35
733,Pushkar Beach,99,Beach,30,240,100,58.4,18.0,2026-02-18 03:20:40
734,Festival Calangute National Park,26,Palace,50,500,100,93.0,0,2026-05-11 22:10:59
735,Traditional Guntur Viewpoint,4,Viewpoint,10,100,0,58.5,40.2,2025-09-15 22:07:13
736,Family Recipe Alleppey Viewpoint,58,Viewpoint,100,1500,0,80.3,7.9,2025-07-27 01:17:16
737,Chilika Bridge,90,Bridge,100,1000,0,51.5,34.7,2025-11-25 21:40:09
738,Chandigarh Lake,92,Lake,150,2250,0,63.7,32.4,2025-04-20 09:44:30
739,Classic Ajmer Bridge,102,Bridge,200,2000,0,83.6,1.7,2026-06-20 23:28:13
740,Dwarka Beach,32,Beach,20,100,100,48.4,65.9,2025-05-07 13:02:10
741,Udupi Garden,53,Garden,0,0,25,71.7,20.2,2025-08-26 21:18:25
742,Mangaluru Wildlife Sanctuary,51,Museum,20,160,25,84.9,0.1,2025-03-03 23:01:29
743,Festival Ludhiana Market,93,Market,30,300,100,73.0,13.1,2026-06-20 20:03:04
744,Cuttack Market,89,Market,30,240,0,73.3,18.0,2025-04-09 04:46:01
745,Chilika Palace,90,Palace,0,0,25,86.4,0,2026-05-15 16:32:44
746,Kovalam Garden,61,Garden,200,3000,100,81.5,2.3,2026-05-19 17:28:53
747,Kanyakumari Monastery,110,Monastery,0,0,25,76.9,6.0,2025-01-19 13:48:14
748,Extra Cheesy Dalhousie Heritage Walk,44,Viewpoint,0,0,100,64.0,29.9,2026-01-10 21:23:45
749,Local Favourite Siliguri National Park,137,Wildlife Sanctuary,20,200,25,79.1,4.6,2026-04-03 20:00:24
750,Nalanda Palace,18,Palace,20,160,100,78.0,5.6,2025-07-10 03:28:57
751,Pune Palace,70,Palace,20,100,25,90.2,0,2025-09-23 06:59:07
752,Deluxe Visakhapatnam Church,1,Church,10,50,0,81.5,6.3,2026-02-23 11:13:43
753,Alleppey Heritage Walk,58,Heritage Walk,200,2000,0,82.7,3.9,2025-11-22 23:41:55
754,Village-style Rameswaram Bridge,111,Bridge,10,150,100,67.2,13.4,2026-04-26 13:08:31
755,Homestyle Gwalior Heritage Walk,65,Temple,150,2250,100,84.3,0.5,2025-01-21 16:34:23
756,Jodhpur Fort,97,Fort,200,3000,0,78.6,10.3,2026-04-09 07:00:16
757,Hampi Museum,50,Museum,20,160,0,57.7,45.5,2026-01-02 20:11:49
758,Jodhpur Zoo,97,Zoo,20,160,50,76.8,13.7,2025-08-02 03:33:40
759,Hubballi Waterfall,54,Waterfall,30,300,0,51.7,26.6,2025-11-28 03:20:22
760,Shillong Viewpoint,79,Viewpoint,20,200,25,56.8,42.3,2025-03-22 23:31:42
761,Kanyakumari Museum,110,Museum,20,160,50,49.8,23.7,2026-06-25 12:59:08
762,Digha National Park,136,Temple,100,1000,25,62.7,34.3,2025-04-05 18:42:05
763,Chandigarh Waterfall,92,Waterfall,50,250,0,78.6,8.2,2025-06-25 09:30:23
764,Moirang Market,78,Market,200,2000,0,70.2,25.7,2025-09-13 10:55:14
765,Dimapur Palace,85,Palace,30,240,25,60.8,41.9,2025-06-16 23:31:21
766,Panaji Heritage Walk,23,Lake,50,750,50,88.0,0,2026-02-27 01:29:30
767,Shantiniketan Monastery,138,Monastery,200,2000,50,67.5,14.3,2025-09-30 19:32:06
768,Itanagar Monastery,7,Monastery,150,750,100,41.1,31.8,2026-03-05 12:10:16
769,Family Recipe Nizamabad Garden,116,Garden,30,150,25,88.2,0,2026-04-08 13:51:37
770,Mawlynnong Hill Station Point,81,Heritage Walk,20,300,100,75.8,15.9,2026-05-30 09:31:32
771,Jim Corbett Viewpoint,133,Viewpoint,30,150,50,84.0,0.8,2026-05-24 23:21:39
772,Chandigarh Palace,92,Palace,50,500,100,71.3,9.7,2025-03-01 06:46:13
773,Jamshedpur Beach,46,Beach,10,150,50,74.8,16.0,2025-10-03 16:27:24
774,Hampi Dam,50,Dam,20,200,0,78.5,6.8,2025-07-26 21:03:47
775,Moirang Wildlife Sanctuary,78,Lake,50,750,50,63.8,34.6,2025-06-15 11:27:06
776,Mathura Dam,122,Dam,50,400,100,81.9,5.0,2025-05-19 14:23:01
777,Patna Beach,15,Beach,10,80,0,68.7,11.7,2025-07-12 10:46:44
778,Digha Monastery,136,Monastery,50,750,50,87.8,0,2026-06-18 17:16:18
779,Patna Palace,15,Palace,0,0,0,59.5,30.2,2025-12-16 12:13:08
780,Deluxe Patna Waterfall,15,Waterfall,30,240,25,58.7,26.1,2026-06-30 05:26:26
781,Classic Silchar National Park,14,Palace,50,750,0,89.4,0,2025-12-29 17:06:19
782,Local Favourite Bhubaneswar Heritage Walk,86,Cave,30,300,50,81.7,4.3,2025-05-09 07:51:45
783,Nalanda Bridge,18,Bridge,100,500,50,58.6,16.1,2025-10-24 11:41:27
784,Grandma's Mathura Museum,122,Museum,30,240,0,64.9,17.2,2025-04-25 09:21:18
785,Spicy Wayanad Fort,60,Fort,150,1500,50,71.3,23.1,2025-01-08 02:12:58
786,Prayagraj Zoo,124,Zoo,200,3000,25,81.1,6.9,2025-06-03 19:19:59
787,Dalhousie Bridge,44,Bridge,30,300,100,56.2,20.6,2025-06-23 01:42:48
788,Calangute Market,26,Market,50,250,100,74.6,8.2,2026-02-14 05:21:51
789,Bilaspur Museum,21,Museum,200,1000,0,78.3,8.0,2026-05-22 23:15:28
790,Festival Kolkata Waterfall,134,Waterfall,100,1000,50,45.4,65.3,2026-01-10 18:12:54
791,Deoghar Monastery,47,Monastery,50,250,100,67.1,17.0,2025-02-12 12:33:22
792,Hampi Museum,50,Museum,50,500,0,87.0,0,2025-05-03 22:39:34
793,Kochi National Park,55,Monastery,200,2000,25,72.8,16.3,2025-05-14 13:40:49
794,Classic Agartala Monastery,117,Monastery,0,0,50,52.5,50.4,2026-06-23 12:08:48
795,Festival Coimbatore Zoo,108,Zoo,100,800,0,63.2,24.9,2025-06-09 22:15:19
796,Street-side Alleppey Garden,58,Garden,150,750,25,88.8,0,2025-11-26 14:44:27
797,Mangaluru National Park,51,Monastery,150,1200,50,84.1,1.6,2026-01-13 08:13:29
798,Lucknow Dam,119,Dam,20,300,50,80.8,5.2,2025-01-26 05:11:28
799,Agartala Heritage Walk,117,Hill Station Point,200,1000,50,38.1,72.3,2026-04-24 03:06:42
800,Homestyle Coimbatore Waterfall,108,Waterfall,30,150,50,79.0,4.7,2025-12-21 11:35:34
801,Deluxe Calangute Church,26,Church,50,750,50,72.6,19.2,2025-08-16 20:43:19
802,Vadodara Fort,30,Fort,10,50,0,90.5,0,2025-05-04 23:08:41
803,Madurai Bridge,107,Bridge,0,0,100,67.2,15.0,2026-02-13 14:44:05
804,Local Favourite Kakinada Hill Station Point,6,Palace,30,240,100,64.6,28.5,2025-05-16 19:58:47
805,Ajmer Beach,102,Beach,100,500,0,47.8,50.3,2025-06-30 05:07:58
806,Orchha Church,68,Church,200,1600,25,71.4,20.0,2025-08-18 02:26:03
807,Classic Digha Zoo,136,Zoo,0,0,100,41.7,46.3,2025-06-24 09:22:31
808,Kozhikode Wildlife Sanctuary,59,Dam,0,0,0,53.1,44.2,2025-07-04 02:35:15
809,Royal Alleppey Temple,58,Temple,200,1000,100,45.4,66.7,2026-03-25 00:51:04
810,Gaya Viewpoint,16,Viewpoint,10,50,0,52.6,25.3,2025-07-12 19:19:05
811,Udaipur (Tripura) Waterfall,118,Waterfall,10,150,0,61.7,29.6,2025-04-01 12:06:37
812,Moirang Palace,78,Palace,200,2000,25,76.0,13.2,2025-04-03 22:27:53
813,Panaji Bridge,23,Bridge,100,1500,25,76.5,13.8,2025-04-08 18:21:38
814,Kohima Market,84,Market,10,100,50,90.3,0,2026-01-26 07:38:30
815,Varanasi Monastery,121,Monastery,50,250,0,58.4,16.5,2025-05-22 06:51:47
816,Aurangabad Wildlife Sanctuary,73,Wildlife Sanctuary,20,100,25,40.5,65.4,2025-03-01 13:00:46
817,Dimapur Bridge,85,Bridge,50,400,0,59.7,43.0,2025-03-22 05:22:03
818,Panipat Beach,38,Beach,150,1200,50,62.5,20.1,2025-03-31 06:30:13
819,Dimapur Monastery,85,Monastery,100,800,50,77.4,12.8,2025-05-15 13:56:08
820,Kakinada Hill Station Point,6,National Park,10,50,25,86.3,0,2026-05-15 03:01:30
821,Kanpur Temple,125,Temple,0,0,100,76.8,9.5,2025-08-19 02:40:54
822,Manali Monastery,40,Monastery,10,50,25,63.3,32.0,2025-01-07 10:18:04
823,Cuttack Museum,89,Museum,50,750,100,63.2,22.8,2026-04-05 18:14:13
824,Grandma's Dwarka Palace,32,Palace,50,500,0,65.0,24.4,2025-04-20 16:00:55
825,Festival Varanasi Hill Station Point,121,Cave,100,500,25,75.3,7.1,2025-03-02 14:14:38
826,Guwahati Waterfall,10,Waterfall,100,800,100,72.4,13.6,2025-11-13 18:13:45
827,Udaipur Waterfall,96,Waterfall,150,1200,50,85.5,0,2025-05-15 15:48:12
828,Mysuru Monastery,49,Monastery,30,300,0,87.5,0,2025-04-28 08:16:50
829,Special Calangute National Park,26,Beach,200,1600,50,68.9,27.6,2025-01-08 02:28:34
830,Chandigarh Fort,92,Fort,20,160,50,49.1,55.3,2026-03-06 14:46:05
831,Hubballi Palace,54,Palace,20,100,50,62.8,18.8,2025-03-18 09:24:57
832,Kanpur Cave,125,Cave,50,500,0,57.3,41.0,2025-03-10 19:46:18
833,Ujjain Cave,66,Cave,100,500,100,50.7,43.0,2025-06-11 01:45:48
834,Imphal Hill Station Point,77,National Park,0,0,0,90.2,0,2026-04-23 01:39:14
835,Kovalam Bridge,61,Bridge,200,2000,0,68.4,21.9,2025-11-02 11:15:48
836,Authentic Kakinada Temple,6,Temple,20,100,0,84.3,0.6,2026-06-21 16:53:16
837,Ziro Market,9,Market,100,1500,50,64.8,28.8,2025-03-12 21:39:40
838,Kozhikode Beach,59,Beach,150,1500,100,60.8,26.5,2025-07-05 21:39:01
839,Mathura Wildlife Sanctuary,122,Zoo,20,300,100,81.0,7.2,2026-05-23 17:50:54
840,Gir Museum,34,Museum,20,160,25,61.0,16.0,2026-02-27 16:26:42
841,Kaziranga Monastery,13,Monastery,200,1600,0,92.8,0,2025-02-05 09:16:50
842,Somnath Church,33,Church,200,1600,50,89.7,0,2025-12-02 21:45:39
843,Rajkot Market,31,Market,30,300,0,88.9,0,2026-03-29 11:23:18
844,Premium Jorhat Cave,12,Cave,200,1000,50,71.7,20.2,2025-07-18 20:32:17
845,Auli Zoo,132,Zoo,50,500,25,42.7,44.1,2025-04-05 03:58:08
846,Hampi Monastery,50,Monastery,200,1000,25,78.0,11.2,2026-06-07 09:46:30
847,Cuttack Market,89,Market,150,1500,0,83.2,2.0,2026-01-27 02:45:56
848,Alleppey Monastery,58,Monastery,20,300,50,44.5,64.7,2025-04-24 04:23:06
849,Deoghar Museum,47,Museum,150,1200,25,67.4,12.6,2025-07-12 07:25:47
850,Village-style Darjeeling Heritage Walk,135,Temple,150,1500,50,69.9,21.4,2026-02-03 04:29:47
851,Chef's Gwalior Palace,65,Palace,200,2000,0,54.5,24.5,2025-05-20 05:53:45
852,Roadside Hampi Market,50,Market,100,800,25,72.1,14.3,2026-03-30 23:01:31
853,Mussoorie Zoo,131,Zoo,200,1000,0,73.8,11.5,2026-03-01 12:27:55
854,Vijayawada Temple,2,Temple,10,150,50,70.3,22.9,2026-05-25 21:01:07
855,Tawang Zoo,8,Zoo,100,500,0,58.0,24.6,2025-09-11 07:31:09
856,Mathura Hill Station Point,122,Lake,100,800,0,78.6,5.1,2025-05-08 19:22:36
857,Jagdalpur Monastery,22,Monastery,10,50,0,73.3,8.9,2025-10-14 18:34:15
858,Hubballi National Park,54,Beach,10,150,0,69.8,22.1,2025-07-17 22:48:18
859,Somnath Fort,33,Fort,200,1000,50,57.6,20.6,2025-07-11 05:57:23
860,Coorg Palace,52,Palace,150,1500,0,79.2,4.1,2025-08-17 09:14:36
861,Homestyle Udaipur Palace,96,Palace,20,100,0,46.8,51.3,2025-03-30 07:45:28
862,Kovalam Church,61,Church,20,100,0,62.0,21.3,2025-10-23 21:44:12
863,Chandigarh Garden,92,Garden,30,300,100,47.1,63.6,2026-03-20 09:20:02
864,Classic Cuttack Fort,89,Fort,0,0,100,83.8,1.1,2025-08-25 11:29:17
865,Udupi Fort,53,Fort,20,300,0,42.6,27.9,2025-02-03 11:28:19
866,Kanpur Lake,125,Lake,200,1000,50,48.5,50.8,2025-11-18 04:03:58
867,Quick-bite Silchar Temple,14,Temple,20,300,25,63.3,19.5,2025-06-09 00:37:19
868,Visakhapatnam Fort,1,Fort,10,150,0,54.8,27.6,2025-02-14 07:28:38
869,Thanjavur Palace,113,Palace,50,400,50,66.6,13.2,2025-05-08 18:51:35
870,Rameswaram Viewpoint,111,Viewpoint,30,450,0,48.8,52.8,2025-05-17 07:41:55
871,Guwahati Monastery,10,Monastery,50,400,25,94.4,0,2025-12-15 11:16:34
872,Homestyle Bikaner National Park,101,Heritage Walk,10,100,25,60.7,34.5,2025-03-14 01:18:22
873,Hampi Market,50,Market,10,100,0,70.9,21.1,2025-02-01 13:58:10
874,Bhubaneswar Cave,86,Cave,10,100,0,79.9,6.6,2025-10-17 05:03:54
875,Family Recipe Indore Bridge,63,Bridge,20,160,50,79.0,6.3,2025-01-14 01:53:33
876,Anjuna National Park,27,Monastery,200,3000,0,76.4,11.6,2025-09-01 14:51:38
877,Gir Bridge,34,Bridge,30,300,0,70.7,15.1,2025-10-28 11:59:17
878,Local Favourite Kullu Beach,42,Beach,10,80,0,83.2,2.1,2025-08-25 08:15:05
879,Royal Nagpur Temple,71,Temple,30,240,50,46.9,32.6,2025-04-19 06:07:27
880,Premium Bikaner Hill Station Point,101,Zoo,20,300,0,61.6,18.7,2025-02-25 16:02:15
881,Shimla Wildlife Sanctuary,39,Wildlife Sanctuary,100,800,100,89.8,0,2026-04-02 04:37:53
882,Bhopal Fort,62,Fort,150,750,100,92.0,0,2026-06-29 23:29:37
883,Kalimpong Beach,139,Beach,0,0,0,72.9,15.2,2025-01-11 07:44:57
884,Chandigarh Viewpoint,92,Viewpoint,30,240,50,59.3,21.7,2025-09-05 23:15:36
885,Agra Dam,120,Dam,20,200,100,62.7,24.8,2025-12-04 02:49:41
886,Ooty Waterfall,109,Waterfall,0,0,0,58.3,19.2,2025-07-22 05:05:59
887,Khajuraho Fort,64,Fort,0,0,100,90.9,0,2026-05-02 20:59:49
888,Street-side Auli Garden,132,Garden,50,500,0,60.5,33.6,2026-06-02 19:09:41
889,Vadodara Wildlife Sanctuary,30,Bridge,50,250,100,56.6,27.1,2026-02-25 02:54:45
890,Dalhousie Fort,44,Fort,100,1500,0,84.3,0.9,2025-01-26 19:01:51
891,Extra Cheesy Jorhat Wildlife Sanctuary,12,Wildlife Sanctuary,100,800,25,39.4,39.6,2026-01-22 09:17:18
892,Visakhapatnam Heritage Walk,1,Cave,150,1500,100,64.7,28.1,2025-07-11 00:46:33
893,Mussoorie Garden,131,Garden,150,2250,50,64.2,32.0,2025-08-02 12:52:54
894,Chef's Konark Zoo,88,Zoo,50,400,50,76.5,12.2,2026-06-05 18:25:14
895,Guwahati Bridge,10,Bridge,10,100,25,60.9,30.6,2025-06-25 16:11:26
896,Kanyakumari Monastery,110,Monastery,0,0,25,53.1,45.1,2026-01-15 17:24:27
897,Jodhpur National Park,97,Beach,10,150,0,56.6,41.9,2026-05-01 19:36:20
898,Roadside Mysuru Church,49,Church,30,240,0,73.6,9.8,2026-06-26 03:21:59
899,Panipat Viewpoint,38,Viewpoint,0,0,0,39.7,43.4,2025-05-02 15:43:34
900,Amritsar Zoo,91,Zoo,200,1600,0,73.9,13.4,2026-04-16 02:40:58
901,Jamshedpur Dam,46,Dam,150,750,50,89.7,0,2026-02-09 07:00:27
902,Manali Beach,40,Beach,30,240,50,58.7,46.4,2025-01-10 11:47:16
903,Traditional Noida Museum,126,Museum,30,450,100,76.9,14.0,2025-10-24 09:21:46
904,Festival Moirang Temple,78,Temple,0,0,100,60.7,32.5,2025-01-09 18:08:39
905,Udaipur (Tripura) Zoo,118,Zoo,30,300,100,94.4,0,2025-04-09 12:30:24
906,Traditional Ludhiana Wildlife Sanctuary,93,Fort,100,1500,0,87.2,0,2026-01-09 15:47:55
907,Agartala Viewpoint,117,Viewpoint,200,1000,25,43.5,64.7,2025-06-21 23:53:54
908,Local Favourite Kohima Palace,84,Palace,20,160,0,61.5,15.4,2026-04-29 16:30:57
909,Pushkar Dam,99,Dam,50,500,100,53.0,48.4,2026-02-28 16:18:12
910,Gangtok Cave,103,Cave,100,1000,100,57.3,46.0,2025-09-19 20:19:24
911,Rajgir Lake,19,Lake,30,300,50,88.8,0,2025-03-25 19:07:21
912,Udaipur (Tripura) Palace,118,Palace,50,750,100,86.2,0,2026-03-26 07:48:30
913,Chef's Lachung Viewpoint,105,Viewpoint,30,450,100,79.4,6.8,2025-12-18 23:50:31
914,Champhai Hill Station Point,83,Hill Station Point,20,300,25,91.5,0,2026-01-23 07:30:47
915,Auli Wildlife Sanctuary,132,Hill Station Point,50,400,100,83.6,2.2,2025-05-01 05:47:47
916,Gurugram Heritage Walk,35,Lake,0,0,0,83.5,1.8,2026-03-30 21:20:30
917,Faridabad Zoo,36,Zoo,50,500,25,78.3,6.9,2025-07-23 16:19:47
918,Special Coorg Temple,52,Temple,10,100,100,52.1,35.6,2026-04-07 02:35:35
919,Special Bilaspur Palace,21,Palace,200,3000,100,79.0,3.9,2025-01-02 21:44:14
920,Panipat Beach,38,Beach,50,500,25,84.3,0.6,2025-04-02 00:40:05
921,Chandigarh Garden,92,Garden,20,160,50,82.1,2.5,2025-04-23 13:01:10
922,Guwahati Waterfall,10,Waterfall,50,500,50,73.5,10.9,2025-07-07 07:41:29
923,Kullu Museum,42,Museum,0,0,100,62.3,18.0,2025-02-19 07:30:38
924,Kanyakumari Hill Station Point,110,Market,100,800,0,66.4,25.2,2025-07-10 16:51:04
925,Pune Beach,70,Beach,0,0,0,41.7,58.8,2026-03-03 08:25:11
926,Orchha Museum,68,Museum,10,50,100,79.9,5.8,2025-10-28 07:44:20
927,Street-side Ziro Market,9,Market,100,500,50,52.5,43.8,2025-12-30 01:56:10
928,Bikaner Bridge,101,Bridge,50,750,0,87.1,0,2025-07-28 12:26:09
929,Tirupati Market,3,Market,20,160,0,80.8,4.9,2026-04-08 21:22:24
930,Mumbai Palace,69,Palace,0,0,0,78.6,11.1,2025-02-02 16:18:41
931,Ludhiana Heritage Walk,93,Waterfall,30,300,0,55.0,43.3,2025-08-12 09:16:04
932,Amritsar Bridge,91,Bridge,100,800,50,60.7,18.5,2025-06-07 04:19:47
933,Bhopal Museum,62,Museum,200,3000,0,62.3,14.8,2025-06-02 10:34:52
934,Roadside Varanasi Beach,121,Beach,100,1000,25,88.1,0,2025-06-07 11:48:26
935,Mahabalipuram Museum,112,Museum,200,3000,25,79.1,8.6,2025-10-08 03:44:37
936,Homestyle Warangal Cave,115,Cave,50,400,50,41.8,55.6,2025-10-10 01:29:15
937,Kaziranga Wildlife Sanctuary,13,Monastery,100,1000,100,69.4,10.6,2025-07-25 05:20:54
938,Imphal Dam,77,Dam,50,500,0,38.8,27.8,2025-01-29 15:59:38
939,Festival Aizawl Garden,82,Garden,20,160,25,73.7,12.0,2025-11-25 02:22:49
940,Bilaspur Temple,21,Temple,50,750,0,85.3,0,2025-12-22 06:43:31
941,Royal Ajmer Beach,102,Beach,200,1000,25,78.2,9.3,2025-08-11 15:08:45
942,Family Recipe Jaisalmer Church,98,Church,100,800,100,78.5,9.1,2026-02-16 08:46:40
943,Itanagar Zoo,7,Zoo,20,200,100,82.0,5.2,2026-02-23 22:50:03
944,Ajmer Lake,102,Lake,50,400,25,73.1,14.9,2025-11-04 18:57:10
945,Aizawl Dam,82,Dam,100,800,100,47.1,43.1,2025-08-25 23:39:01
946,Special Agartala Zoo,117,Zoo,100,500,0,43.9,40.8,2025-04-19 03:28:02
947,Kurukshetra Heritage Walk,37,Market,0,0,100,60.1,25.5,2025-06-16 19:09:21
948,Traditional Panaji Hill Station Point,23,Heritage Walk,50,500,0,75.3,7.5,2026-04-02 22:20:33
949,Itanagar Garden,7,Garden,50,750,100,78.2,6.5,2025-09-23 08:31:05
950,Calangute Viewpoint,26,Viewpoint,30,240,0,87.5,0,2025-01-16 13:09:08
951,Udaipur Cave,96,Cave,150,1200,50,85.1,0,2025-09-29 11:05:49
952,Alibaug Waterfall,76,Waterfall,30,240,0,71.7,23.0,2026-01-24 00:32:50
953,Chef's Shimla Zoo,39,Zoo,200,2000,50,68.1,14.6,2026-05-03 22:58:03
954,Special Mumbai Hill Station Point,69,Temple,10,150,0,78.3,8.2,2025-04-28 15:46:33
955,Shantiniketan Wildlife Sanctuary,138,Zoo,150,750,0,86.7,0,2026-06-13 05:53:19
956,Extra Cheesy Dimapur Dam,85,Dam,150,1500,0,84.5,0.7,2025-11-07 11:51:32
957,Hampi Viewpoint,50,Viewpoint,30,240,25,66.8,22.9,2025-01-07 22:11:32
958,Royal Jamshedpur Lake,46,Lake,30,300,25,80.0,6.4,2026-03-21 00:49:11
959,Street-side Ziro Temple,9,Temple,10,80,50,90.2,0,2025-02-08 06:53:41
960,Coorg Waterfall,52,Waterfall,20,200,25,73.2,14.5,2025-12-28 16:42:25
961,Shillong Monastery,79,Monastery,100,800,0,70.0,18.6,2025-03-30 11:14:13
962,Royal Cuttack Waterfall,89,Waterfall,150,750,100,89.5,0,2026-01-16 20:18:48
963,Panaji Fort,23,Fort,10,100,0,86.8,0,2025-07-20 07:32:39
964,Tirupati Temple,3,Temple,100,800,25,59.9,17.9,2025-04-11 16:22:45
965,Quick-bite Udupi Wildlife Sanctuary,53,Lake,0,0,0,92.0,0,2025-03-30 20:50:56
966,Mussoorie Market,131,Market,200,2000,0,60.6,31.7,2026-05-24 10:39:05
967,Premium Rajkot Cave,31,Cave,50,750,100,51.8,25.9,2025-02-15 03:11:02
968,Jamshedpur Dam,46,Dam,100,800,0,64.9,28.6,2025-03-12 03:08:14
969,Faridabad Museum,36,Museum,200,2000,0,73.8,15.0,2026-05-24 05:27:24
970,Digha Palace,136,Palace,50,750,100,69.2,25.4,2025-09-08 11:20:29
971,Family Recipe Alibaug Hill Station Point,76,Garden,50,750,0,60.3,26.3,2025-06-22 16:01:27
972,Chef's Itanagar Wildlife Sanctuary,7,Heritage Walk,10,50,25,66.6,31.5,2025-10-23 09:03:35
973,Rajgir Heritage Walk,19,Lake,0,0,50,65.2,22.9,2025-06-12 11:38:06
974,Ayodhya Viewpoint,123,Viewpoint,20,300,0,87.5,0,2025-02-02 11:20:18
975,Ajmer National Park,102,Market,200,1600,100,76.2,14.1,2026-06-21 11:59:32
976,Thanjavur Heritage Walk,113,Market,150,1200,0,68.4,21.9,2026-06-24 10:09:09
977,Dehradun Garden,127,Garden,20,100,50,92.9,0,2026-04-26 12:25:19
978,Extra Cheesy Jaisalmer Market,98,Market,10,80,25,78.8,11.1,2026-05-12 04:48:28
979,Ajmer Palace,102,Palace,50,500,0,66.8,30.5,2025-07-08 23:39:21
980,Nizamabad Lake,116,Lake,150,750,25,77.1,14.2,2025-09-15 22:52:04
981,Bhubaneswar Church,86,Church,100,1500,50,86.4,0,2025-06-24 21:47:12
982,Village-style Kurukshetra Church,37,Church,200,2000,50,61.1,42.8,2025-02-21 18:24:22
983,Nalanda Garden,18,Garden,30,240,100,79.9,4.3,2026-03-27 22:02:59
984,Calangute Temple,26,Temple,10,50,50,76.2,9.2,2026-06-14 16:53:47
985,Puri Hill Station Point,87,Church,20,100,50,59.6,16.3,2026-03-02 14:58:56
986,Siliguri Bridge,137,Bridge,0,0,50,72.7,11.5,2025-07-10 15:33:33
987,Surat Viewpoint,29,Viewpoint,100,1500,0,46.0,45.8,2025-05-27 13:36:10
988,Jaipur Garden,95,Garden,20,200,50,87.5,0,2025-09-06 13:03:22
989,Mawlynnong Beach,81,Beach,30,450,0,83.7,1.4,2025-03-06 10:58:55
990,Kovalam Viewpoint,61,Viewpoint,100,800,100,80.6,6.0,2025-01-20 07:36:32
991,Kullu Fort,42,Fort,10,150,0,81.8,5.2,2025-12-28 01:52:15
992,Madurai Cave,107,Cave,10,100,50,81.4,5.6,2026-05-15 15:52:58
993,Kolkata Heritage Walk,134,Bridge,20,200,100,87.7,0,2025-11-06 20:26:45
994,Signature Lachung Bridge,105,Bridge,30,240,100,40.8,62.1,2025-09-27 03:14:36
995,Dimapur Dam,85,Dam,200,1600,0,58.2,26.1,2025-07-14 03:57:26
996,Mount Abu Market,100,Market,20,200,0,82.3,3.1,2025-10-22 06:45:42
997,Local Favourite Mangaluru Monastery,51,Monastery,20,300,50,78.6,5.1,2026-01-08 11:40:41
998,Deoghar Museum,47,Museum,200,1600,0,55.4,43.6,2025-05-16 03:22:15
999,Varanasi Market,121,Market,10,150,50,73.2,14.0,2025-12-29 23:55:22
1000,Signature Kolkata Cave,134,Cave,150,750,0,82.6,3.3,2026-01-14 06:03:43
1001,Tawang Bridge,8,Bridge,50,500,25,92.4,0,2026-03-15 02:48:37
1002,Deluxe Gaya Zoo,16,Zoo,100,500,50,78.3,6.4,2025-06-16 21:11:06
1003,Spicy Mangaluru Monastery,51,Monastery,200,1600,100,43.2,54.8,2026-03-28 08:30:12
1004,Authentic Coimbatore Monastery,108,Monastery,20,100,0,68.1,20.4,2025-05-19 05:37:33
1005,Vadodara Bridge,30,Bridge,150,750,0,64.7,28.6,2025-11-09 11:59:55
1006,Champhai Waterfall,83,Waterfall,150,1200,100,60.8,27.5,2025-06-27 23:39:24
1007,Authentic Panaji Market,23,Market,50,750,25,72.7,16.7,2025-02-06 08:38:39
1008,Homestyle Kaziranga Temple,13,Temple,150,750,100,53.7,24.0,2025-05-02 15:19:26
1009,Shantiniketan Wildlife Sanctuary,138,Museum,100,800,100,55.3,40.2,2025-09-12 20:18:58
1010,Shantiniketan Market,138,Market,10,80,0,81.5,6.3,2025-07-22 10:04:56
1011,Thanjavur National Park,113,Monastery,20,160,100,65.9,16.5,2025-03-23 05:02:18
1012,Vijayawada Heritage Walk,2,Church,50,250,50,65.0,31.2,2026-04-08 07:44:07
1013,Jaipur Wildlife Sanctuary,95,Fort,30,300,25,81.3,4.1,2025-12-18 10:28:52
1014,Homestyle Vadodara Temple,30,Temple,20,100,0,86.2,0,2026-05-24 08:58:08
1015,Street-side Kovalam Garden,61,Garden,200,1000,0,71.7,20.5,2025-08-14 02:22:17
1016,Spicy Orchha Bridge,68,Bridge,30,300,100,71.7,13.6,2026-02-02 12:03:42
1017,Rishikesh Lake,128,Lake,150,1500,25,77.7,12.5,2025-04-21 05:21:05
1018,Premium Dwarka Market,32,Market,0,0,25,58.4,35.4,2026-03-06 08:21:36
1019,Tirupati Heritage Walk,3,Temple,30,450,25,85.0,0,2025-09-15 13:55:31
1020,Grandma's Kurukshetra Museum,37,Museum,100,800,0,87.9,0,2025-12-28 15:49:38
1021,Guwahati National Park,10,Lake,150,750,100,47.1,52.5,2025-04-19 11:18:32
1022,Street-side Hampi Heritage Walk,50,Heritage Walk,0,0,0,71.3,11.9,2025-05-20 13:42:27
1023,Bengaluru Lake,48,Lake,10,50,0,77.6,5.3,2025-04-05 18:42:49
1024,Nalanda Monastery,18,Monastery,30,300,25,54.5,46.6,2025-11-18 11:07:31
1025,Lucknow Palace,119,Palace,100,800,25,92.9,0,2025-12-11 18:43:11
1026,Panaji Fort,23,Fort,20,300,0,75.2,14.4,2025-02-23 10:47:41
1027,Guntur Zoo,4,Zoo,150,2250,0,45.3,29.9,2025-05-10 05:03:48
1028,Quick-bite Ajmer Museum,102,Museum,20,160,0,78.7,6.5,2026-01-19 10:41:27
1029,Village-style Pune Dam,70,Dam,100,1000,25,87.7,0,2025-10-14 20:34:34
1030,Premium Mahabalipuram Zoo,112,Zoo,200,1600,100,65.7,19.6,2026-03-08 00:31:56
1031,Chef's Champhai Market,83,Market,150,1200,50,82.0,3.4,2025-10-29 13:30:53
1032,Haridwar Hill Station Point,129,Heritage Walk,50,250,0,84.7,0.4,2025-06-24 02:13:24
1033,Festival Bikaner Fort,101,Fort,30,150,0,72.9,10.0,2025-05-05 14:13:40
1034,Pelling Zoo,104,Zoo,0,0,50,82.4,2.4,2026-03-24 02:31:52
1035,Classic Kullu Heritage Walk,42,Lake,20,100,0,65.9,27.0,2025-03-08 14:29:28
1036,Shantiniketan National Park,138,Monastery,50,400,0,87.0,0,2025-04-01 08:26:19
1037,Surat Waterfall,29,Waterfall,10,80,0,44.0,62.4,2025-02-13 05:47:41
1038,Local Favourite Amritsar Heritage Walk,91,Cave,30,300,50,59.7,41.5,2025-07-29 16:09:34
1039,Anjuna Lake,27,Lake,150,1200,25,77.6,8.8,2026-04-04 04:27:44
1040,Classic Cuttack Cave,89,Cave,30,240,0,55.2,37.2,2025-12-08 08:55:49
1041,Premium Mahabaleshwar Dam,75,Dam,50,250,0,77.0,7.5,2025-11-17 20:40:48
1042,Spiti Heritage Walk,43,Garden,20,300,100,52.9,50.6,2025-07-24 09:53:56
1043,Homestyle Agartala Dam,117,Dam,150,2250,25,73.3,20.6,2026-06-27 03:52:40
1044,Anjuna Hill Station Point,27,Church,100,1000,100,72.1,11.4,2025-07-18 10:34:12
1045,Alleppey Heritage Walk,58,Zoo,200,1000,0,54.3,39.9,2025-12-02 06:48:56
1046,Bhopal Lake,62,Lake,200,2000,50,60.3,20.6,2025-06-28 11:33:27
1047,Rameswaram Waterfall,111,Waterfall,100,1000,100,79.0,10.3,2025-03-07 12:51:57
1048,Spicy Jorhat Wildlife Sanctuary,12,Garden,20,160,0,68.8,11.7,2025-06-16 08:39:20
1049,Ayodhya Beach,123,Beach,150,750,25,81.3,5.8,2026-05-13 19:58:55
1050,Spicy Mawlynnong Market,81,Market,10,80,0,62.4,20.2,2026-05-26 03:56:45
1051,Chandigarh Cave,92,Cave,200,3000,0,76.3,7.1,2026-01-02 09:39:20
1052,Anjuna Market,27,Market,100,500,0,81.2,3.5,2025-06-11 20:00:31
1053,Aurangabad Garden,73,Garden,50,250,25,86.6,0,2025-10-19 20:43:47
1054,Authentic Auli Temple,132,Temple,10,100,25,96.8,0,2026-01-22 13:45:55
1055,Nagpur Fort,71,Fort,150,750,0,80.2,8.2,2025-08-02 01:42:52
1056,Quick-bite Faridabad Waterfall,36,Waterfall,30,450,0,54.4,46.4,2026-01-06 13:00:35
1057,Ranchi Lake,45,Lake,10,150,0,53.4,40.4,2026-06-21 06:24:05
1058,Kaziranga Museum,13,Museum,30,240,50,81.9,2.0,2025-07-21 10:55:33
1059,Bikaner Zoo,101,Zoo,30,150,50,78.9,5.4,2025-10-26 02:51:45
1060,Vadodara Garden,30,Garden,150,1500,0,88.8,0,2026-03-29 10:41:03
1061,Royal Mount Abu Viewpoint,100,Viewpoint,150,750,50,74.9,14.4,2025-06-02 21:14:05
1062,Hubballi Hill Station Point,54,Wildlife Sanctuary,10,80,0,86.5,0,2026-06-24 04:28:15
1063,Deluxe Dharamshala Church,41,Church,30,150,25,60.7,35.4,2025-04-09 14:01:09
1064,Udupi Viewpoint,53,Viewpoint,20,100,100,64.1,23.2,2026-02-23 12:48:42
1065,Kalimpong Church,139,Church,30,450,25,82.6,2.4,2026-05-28 04:33:04
1066,Guwahati Market,10,Market,30,450,50,70.4,24.5,2025-06-03 07:23:41
1067,Cuttack Dam,89,Dam,10,150,25,45.0,47.4,2025-08-06 13:12:54
1068,Traditional Puri Bridge,87,Bridge,50,750,0,78.9,10.7,2025-01-05 04:02:28
1069,Konark Dam,88,Dam,10,80,50,80.0,8.6,2026-03-06 08:15:03
1070,Rajkot Monastery,31,Monastery,0,0,50,51.9,28.9,2026-05-03 08:27:20
1071,Bodh Gaya Bridge,17,Bridge,100,1000,0,71.2,22.7,2026-05-28 15:22:17
1072,Spicy Kurukshetra Monastery,37,Monastery,150,750,25,91.2,0,2025-09-03 10:46:03
1073,Kanpur Garden,125,Garden,30,240,100,58.6,27.6,2025-02-13 20:22:19
1074,Ziro Fort,9,Fort,20,160,50,75.0,14.5,2025-05-30 15:29:49
1075,Signature Chennai National Park,106,Dam,100,500,50,70.6,18.5,2026-04-08 16:19:50
1076,Family Recipe Jagdalpur Museum,22,Museum,100,1500,25,83.8,0.9,2025-04-24 16:21:32
1077,Kaziranga Cave,13,Cave,200,1600,0,48.8,31.8,2025-07-22 01:03:52
1078,Spicy Somnath Beach,33,Beach,50,250,25,80.1,5.3,2025-08-02 09:27:36
1079,Ziro Waterfall,9,Waterfall,10,100,0,51.4,24.5,2025-07-13 20:23:27
1080,Anjuna Market,27,Market,50,400,0,75.3,14.8,2025-03-17 15:55:01
1081,Royal Jaipur Church,95,Church,10,80,100,79.3,9.1,2026-04-23 14:16:23
1082,Chef's Jamshedpur Viewpoint,46,Viewpoint,10,150,25,78.2,9.5,2026-02-08 08:33:53
1083,Signature Jim Corbett Church,133,Church,10,80,0,47.5,58.4,2025-06-17 20:40:29
1084,Udaipur Temple,96,Temple,30,240,0,68.1,27.5,2026-01-05 06:25:29
1085,Kurukshetra Cave,37,Cave,100,800,0,59.8,40.2,2025-02-03 19:46:39
1086,Quick-bite Alleppey Waterfall,58,Waterfall,20,100,0,74.5,15.9,2026-06-03 12:59:52
1087,Grandma's Konark Museum,88,Museum,10,100,50,77.2,8.3,2025-09-10 03:07:34
1088,Family Recipe Hampi Zoo,50,Zoo,50,250,100,71.3,14.3,2026-04-21 12:55:44
1089,Traditional Patna Zoo,15,Zoo,30,300,0,68.9,19.6,2025-10-23 18:37:09
1090,Homestyle Kullu Church,42,Church,10,100,0,50.6,26.5,2025-05-09 09:38:51
1091,Nizamabad National Park,116,Garden,10,50,25,66.9,30.6,2025-09-15 17:52:06
1092,Extra Cheesy Ahmedabad Museum,28,Museum,200,1600,0,66.2,30.6,2026-02-13 00:34:58
1093,Champhai Monastery,83,Monastery,0,0,25,87.3,0,2026-06-02 18:04:13
1094,Quick-bite Ayodhya Temple,123,Temple,200,2000,0,52.6,43.2,2026-06-21 10:21:06
1095,Imphal Viewpoint,77,Viewpoint,200,1600,100,61.9,20.7,2026-03-27 12:55:01
1096,Premium Gwalior Hill Station Point,65,Wildlife Sanctuary,100,800,100,80.1,5.5,2026-03-01 19:17:53
1097,Kakinada Monastery,6,Monastery,200,1000,0,94.6,0,2026-01-16 15:46:04
1098,Alleppey Waterfall,58,Waterfall,100,800,0,80.2,3.0,2026-02-15 16:59:29
1099,Panipat Temple,38,Temple,10,100,50,89.5,0,2025-09-19 10:33:48
1100,Extra Cheesy Kolkata Garden,134,Garden,100,500,50,54.8,32.2,2025-06-16 09:32:42
1101,Street-side Bhubaneswar Palace,86,Palace,30,240,50,61.0,34.7,2025-08-31 09:42:07
1102,Bikaner Waterfall,101,Waterfall,50,400,100,65.7,18.6,2026-06-26 22:17:47
1103,Imphal Waterfall,77,Waterfall,30,240,100,90.6,0,2025-08-26 06:26:25
1104,Traditional Spiti Wildlife Sanctuary,43,Dam,20,160,25,69.3,16.2,2025-05-06 15:05:10
1105,Agartala Church,117,Church,100,1000,0,62.3,14.5,2026-06-26 15:17:19
1106,Deluxe Ziro National Park,9,Temple,150,1200,25,76.8,13.6,2025-01-30 03:30:41
1107,Grandma's Ludhiana Palace,93,Palace,100,500,0,65.5,31.0,2026-05-09 05:59:16
1108,Mathura Monastery,122,Monastery,10,50,50,79.8,5.7,2025-12-17 08:15:08
1109,Mahabalipuram Hill Station Point,112,Viewpoint,20,200,25,79.7,9.2,2025-01-02 07:59:29
1110,Family Recipe Mangaluru Heritage Walk,51,Cave,200,1000,0,49.5,29.9,2025-05-04 01:30:50
1111,Classic Gangtok Beach,103,Beach,10,100,0,74.9,15.6,2025-05-24 07:12:08
1112,Roadside Patna Heritage Walk,15,Monastery,50,750,0,67.5,30.0,2026-01-23 21:21:19
1113,Visakhapatnam Bridge,1,Bridge,200,2000,100,62.6,37.4,2025-01-01 08:46:24
1114,Quick-bite Moirang Garden,78,Garden,10,80,50,89.6,0,2025-02-18 18:09:24
1115,Vasco da Gama Heritage Walk,25,Beach,0,0,100,91.7,0,2026-02-09 14:46:31
1116,Classic Kalimpong Cave,139,Cave,0,0,50,70.2,12.7,2025-05-19 17:49:40
1117,Family Recipe Ranchi Hill Station Point,45,Bridge,10,80,50,74.0,9.2,2026-05-20 22:05:35
1118,Classic Hyderabad Church,114,Church,0,0,50,83.5,0.9,2025-12-04 06:35:48
1119,Mawlynnong Lake,81,Lake,50,400,50,78.6,8.0,2026-06-13 06:28:26
1120,Quick-bite Bhopal Viewpoint,62,Viewpoint,150,1200,0,77.5,12.3,2026-06-12 09:24:21
1121,Digha Lake,136,Lake,20,100,100,84.2,1.0,2025-09-29 12:52:12
1122,Puri Viewpoint,87,Viewpoint,200,2000,50,72.0,16.7,2026-03-15 05:56:59
1123,Visakhapatnam Bridge,1,Bridge,150,750,25,66.0,21.4,2025-05-26 04:49:58
1124,Warangal Church,115,Church,20,200,100,71.7,17.7,2025-10-06 08:46:16
1125,Kohima Museum,84,Museum,20,200,100,39.1,34.3,2025-02-26 03:41:00
1126,Hubballi Dam,54,Dam,100,500,100,90.8,0,2025-01-12 15:13:01
1127,Coorg National Park,52,National Park,30,450,50,79.7,5.2,2025-02-02 08:37:40
1128,Special Ayodhya Hill Station Point,123,Fort,200,3000,0,51.7,27.8,2025-04-01 23:26:49
1129,Village-style Cherrapunji Palace,80,Palace,20,200,50,77.5,9.8,2025-12-21 01:04:26
1130,Munnar Palace,57,Palace,100,800,100,59.2,25.8,2025-05-01 05:35:05
1131,Lachung Bridge,105,Bridge,200,3000,0,80.4,3.6,2026-04-15 17:45:40
1132,Nashik Monastery,72,Monastery,50,250,25,72.8,10.7,2025-04-02 15:26:07
1133,Ooty Dam,109,Dam,100,800,100,63.5,29.9,2025-09-09 08:33:49
1134,Udaipur (Tripura) Waterfall,118,Waterfall,50,500,50,78.6,6.8,2025-10-18 03:46:05
1135,Vijayawada Heritage Walk,2,Beach,20,100,0,88.6,0,2025-06-14 12:51:11
1136,Festival Kohima Viewpoint,84,Viewpoint,30,300,100,72.5,10.3,2025-07-16 20:55:56
1137,Premium Vijayawada Wildlife Sanctuary,2,Viewpoint,10,80,50,77.2,5.8,2026-05-26 23:25:47
1138,Special Ooty Garden,109,Garden,50,250,0,70.7,14.9,2025-01-29 07:35:12
1139,Thanjavur Temple,113,Temple,100,500,0,75.3,13.3,2026-01-27 11:32:24
1140,Ahmedabad Cave,28,Cave,20,200,50,43.4,62.8,2025-08-06 14:14:29
1141,Lachung Monastery,105,Monastery,20,100,50,43.9,51.6,2025-09-20 06:04:32
1142,Bikaner Monastery,101,Monastery,10,100,25,44.9,26.6,2025-10-18 07:50:34
1143,Kohima Bridge,84,Bridge,30,150,0,48.0,53.0,2025-01-26 21:25:40
1144,Deluxe Moirang Heritage Walk,78,Waterfall,50,500,0,88.1,0,2025-04-14 15:50:49
1145,Dehradun Garden,127,Garden,50,500,0,79.1,4.8,2025-10-08 08:02:31
1146,Hyderabad Fort,114,Fort,10,100,0,72.0,13.7,2026-01-17 03:46:26
1147,Gwalior Temple,65,Temple,10,80,50,65.7,29.7,2025-12-08 01:16:02
1148,Chef's Dharamshala Market,41,Market,150,2250,50,68.4,28.5,2025-01-28 15:58:01
1149,Ajmer Heritage Walk,102,Garden,50,750,100,81.4,6.2,2025-06-26 13:48:46
1150,Somnath Garden,33,Garden,10,100,50,72.7,11.4,2025-08-06 07:51:04
1151,Jim Corbett Viewpoint,133,Viewpoint,150,1500,0,75.9,6.3,2026-01-07 21:08:15
1152,Spicy Deoghar Garden,47,Garden,20,300,0,45.0,58.4,2025-08-09 11:28:07
1153,Rajkot Museum,31,Museum,10,80,0,38.5,80.6,2026-05-06 00:32:33
1154,Extra Cheesy Champhai Monastery,83,Monastery,20,200,100,70.2,16.8,2025-02-23 23:30:33
1155,Jaipur Garden,95,Garden,50,250,0,89.3,0,2025-12-26 05:44:22
1156,Kolkata Heritage Walk,134,Fort,200,1600,0,38.8,82.7,2025-02-02 01:09:23
1157,Ujjain Lake,66,Lake,10,100,100,78.2,7.1,2026-02-14 01:45:37
1158,Dalhousie Monastery,44,Monastery,20,100,50,93.2,0,2026-01-07 21:25:40
1159,Traditional Jorhat Garden,12,Garden,200,2000,25,58.6,17.8,2025-10-02 21:58:37
1160,Patiala Heritage Walk,94,Museum,0,0,0,75.3,7.5,2025-10-06 19:09:40
1161,Traditional Indore Lake,63,Lake,100,500,0,67.1,31.4,2025-04-27 13:23:56
1162,Family Recipe Thanjavur Church,113,Church,10,150,0,55.4,43.3,2025-05-31 19:43:06
1163,Signature Ayodhya Beach,123,Beach,20,300,50,53.2,28.2,2025-10-04 10:02:24
1164,Local Favourite Udaipur (Tripura) Dam,118,Dam,100,800,0,57.7,37.7,2025-11-28 05:14:24
1165,Guntur National Park,4,National Park,100,1000,100,79.9,7.6,2026-06-09 01:54:52
1166,Kaziranga Beach,13,Beach,50,250,100,64.1,18.9,2025-04-15 15:00:59
1167,Ahmedabad National Park,28,Dam,20,300,100,54.7,46.1,2025-02-08 22:07:37
1168,Quick-bite Varanasi Fort,121,Fort,100,800,50,53.3,42.0,2025-06-17 11:58:47
1169,Homestyle Mysuru Museum,49,Museum,50,250,25,65.7,31.3,2025-08-24 23:04:06
1170,Chef's Gir Church,34,Church,0,0,25,79.2,4.7,2025-05-15 17:23:35
1171,Ajmer Palace,102,Palace,30,150,100,39.9,31.8,2025-12-08 15:04:54
1172,Ajmer Beach,102,Beach,100,500,0,50.5,22.1,2025-08-04 03:02:18
1173,Jim Corbett Church,133,Church,150,1500,50,82.5,3.3,2025-12-28 15:32:13
1174,Tirupati Market,3,Market,20,200,0,70.7,11.5,2025-02-20 07:03:57
1175,Family Recipe Bhopal Cave,62,Cave,0,0,0,72.6,13.0,2025-03-04 01:21:23
1176,Classic Anjuna Dam,27,Dam,150,1200,50,73.4,19.2,2026-05-21 17:40:44
1177,Family Recipe Udupi Dam,53,Dam,20,200,0,71.1,18.8,2026-06-04 14:55:19
1178,Spicy Thanjavur Palace,113,Palace,100,500,100,78.8,9.8,2026-02-17 13:25:54
1179,Hampi Dam,50,Dam,100,1500,0,78.2,9.5,2026-01-01 08:02:44
1180,Homestyle Vasco da Gama Viewpoint,25,Viewpoint,10,150,50,86.2,0,2026-02-13 22:18:30
1181,Nashik Zoo,72,Zoo,10,150,0,40.1,80.0,2026-03-27 08:31:31
1182,Rameswaram Lake,111,Lake,10,80,0,82.3,1.8,2025-01-02 23:58:46
1183,Dibrugarh National Park,11,Museum,100,1500,25,70.1,13.3,2025-10-15 00:02:45
1184,Kaziranga Temple,13,Temple,0,0,0,56.2,48.1,2026-01-21 21:21:19
1185,Classic Rajkot Temple,31,Temple,150,1200,100,85.9,0,2025-12-15 10:07:15
1186,Tawang Zoo,8,Zoo,30,300,50,59.6,18.7,2025-05-30 20:03:21
1187,Digha National Park,136,Heritage Walk,200,1600,0,81.5,2.9,2026-05-29 17:19:07
1188,Kullu Hill Station Point,42,Lake,10,100,25,61.1,20.9,2025-10-22 07:07:03
1189,Mawlynnong Hill Station Point,81,Heritage Walk,150,2250,50,66.3,14.7,2025-11-20 03:58:30
1190,Guwahati Monastery,10,Monastery,100,500,0,76.8,10.7,2026-05-12 04:26:19
1191,Festival Chandigarh Temple,92,Temple,20,100,0,81.1,2.5,2025-05-23 23:27:01
1192,Jaipur Palace,95,Palace,100,1000,100,70.9,23.7,2026-06-28 22:44:13
1193,Rajgir Wildlife Sanctuary,19,Viewpoint,0,0,0,77.7,5.9,2025-08-11 10:32:02
1194,Hubballi Church,54,Church,50,750,50,55.8,35.1,2025-12-10 13:49:28
1195,Jim Corbett Palace,133,Palace,20,100,50,79.1,6.2,2026-01-22 10:12:05
1196,Ahmedabad Monastery,28,Monastery,100,1000,25,66.4,19.4,2025-05-02 23:50:42
1197,Darjeeling Fort,135,Fort,50,750,50,72.4,9.8,2026-01-27 01:42:53
1198,Festival Pachmarhi Wildlife Sanctuary,67,Temple,20,200,50,55.6,20.9,2025-11-11 07:19:26
1199,Kozhikode Temple,59,Temple,20,160,100,62.2,37.9,2026-04-12 03:27:09
1200,Special Wayanad Waterfall,60,Waterfall,10,100,0,63.6,23.5,2025-06-25 14:16:16
1201,Street-side Spiti Wildlife Sanctuary,43,Palace,200,3000,100,65.8,31.4,2025-06-11 09:21:57
1202,Premium Mawlynnong Monastery,81,Monastery,30,300,0,69.7,27.4,2025-02-01 12:29:43
1203,Darjeeling Viewpoint,135,Viewpoint,30,150,0,41.6,72.7,2025-06-17 09:38:24
1204,Family Recipe Bikaner Wildlife Sanctuary,101,Market,100,800,0,53.3,38.8,2026-02-20 16:12:36
1205,Local Favourite Jagdalpur Garden,22,Garden,200,1000,100,74.7,14.1,2026-04-18 15:40:15
1206,Alibaug Cave,76,Cave,150,2250,50,67.5,29.4,2025-12-05 02:26:55
1207,Classic Agra Market,120,Market,30,450,0,65.2,33.3,2026-06-25 21:23:35
1208,Spicy Ayodhya Monastery,123,Monastery,150,2250,0,78.3,4.0,2025-07-16 17:01:46
1209,Lachung Museum,105,Museum,20,160,50,59.3,19.5,2025-10-28 21:27:33
1210,Classic Dalhousie Bridge,44,Bridge,20,300,100,87.2,0,2025-01-17 17:00:05
1211,Panaji Dam,23,Dam,200,3000,100,66.0,15.2,2026-03-25 12:11:40
1212,Jagdalpur Bridge,22,Bridge,0,0,0,74.6,17.9,2026-03-17 19:19:15
1213,Family Recipe Bhopal Bridge,62,Bridge,30,300,0,88.2,0,2026-05-10 15:38:49
1214,Orchha Palace,68,Palace,200,3000,50,66.9,14.8,2026-06-10 21:02:37
1215,Coorg Beach,52,Beach,200,1600,100,61.6,21.3,2026-01-07 03:15:57
1216,Premium Pune Waterfall,70,Waterfall,0,0,25,61.3,20.3,2025-01-13 19:50:28
1217,Cuttack Wildlife Sanctuary,89,Cave,30,450,0,81.8,5.6,2026-02-22 08:48:15
1218,Mumbai Beach,69,Beach,0,0,0,62.7,21.5,2025-07-16 12:08:51
1219,Varanasi Market,121,Market,30,240,100,73.1,13.1,2025-02-23 15:45:57
1220,Kovalam Fort,61,Fort,20,100,100,79.7,3.2,2025-12-25 22:55:57
1221,Pachmarhi Bridge,67,Bridge,0,0,0,83.3,2.3,2025-11-06 02:16:43
1222,Grandma's Agartala Museum,117,Museum,50,400,0,54.6,27.5,2025-04-14 22:30:48
1223,Jorhat Lake,12,Lake,20,160,0,68.8,25.9,2025-05-10 19:40:35
1224,Rameswaram Bridge,111,Bridge,10,50,25,48.1,59.7,2025-06-18 20:23:55
1225,Dwarka Beach,32,Beach,10,80,25,68.6,20.6,2025-02-18 07:36:16
1226,Panipat Beach,38,Beach,200,1600,0,65.4,24.7,2025-04-19 18:27:55
1227,Local Favourite Agartala Church,117,Church,0,0,0,95.9,0,2026-04-01 05:33:05
1228,Family Recipe Ujjain Zoo,66,Zoo,50,750,0,76.3,15.0,2025-12-06 20:30:37
1229,Grandma's Dibrugarh Wildlife Sanctuary,11,Lake,30,240,50,64.6,16.0,2026-03-16 22:08:09
1230,Jaipur Market,95,Market,10,80,0,78.0,4.3,2025-12-23 12:33:47
1231,Guwahati Museum,10,Museum,50,250,0,86.1,0,2025-02-11 11:05:06
1232,Deluxe Somnath Zoo,33,Zoo,50,400,25,90.3,0,2026-02-02 04:46:40
1233,Special Jaipur Waterfall,95,Waterfall,200,1600,0,65.3,32.9,2025-08-16 08:30:57
1234,Village-style Kalimpong Zoo,139,Zoo,200,1000,100,53.7,37.1,2026-06-20 22:19:15
1235,Cherrapunji Cave,80,Cave,150,1200,0,80.4,4.5,2025-07-10 18:23:25
1236,Signature Dibrugarh Cave,11,Cave,0,0,100,49.1,42.0,2025-05-26 18:59:36
1237,Bhopal Temple,62,Temple,100,1000,25,71.9,22.6,2025-07-21 18:57:25
1238,Jagdalpur Garden,22,Garden,200,3000,50,62.8,16.3,2025-09-08 21:44:03
1239,Quick-bite Tawang Waterfall,8,Waterfall,200,1000,0,81.2,5.9,2025-12-05 09:40:25
1240,Ujjain Cave,66,Cave,0,0,100,71.5,20.8,2025-05-03 00:15:11
1241,Mussoorie Church,131,Church,10,100,0,60.2,26.8,2025-12-12 16:26:16
1242,Street-side Gangtok National Park,103,Zoo,0,0,50,48.5,42.9,2025-10-12 11:18:33
1243,Mawlynnong National Park,81,Fort,0,0,0,82.8,3.7,2025-09-08 17:22:36
1244,Homestyle Rameswaram Dam,111,Dam,200,1600,0,77.5,9.6,2025-09-19 18:28:06
1245,Coimbatore Zoo,108,Zoo,0,0,0,83.7,2.1,2026-02-26 02:47:54
1246,Anjuna Lake,27,Lake,20,200,50,50.2,59.1,2025-03-22 00:44:08
1247,Hyderabad Palace,114,Palace,200,2000,0,64.0,30.0,2025-01-24 00:49:31
1248,Lonavala Palace,74,Palace,100,1500,0,54.5,36.2,2025-09-09 07:14:00
1249,Ayodhya Beach,123,Beach,150,1200,0,92.2,0,2025-07-13 07:04:33
1250,Kakinada Museum,6,Museum,100,500,100,59.6,30.4,2026-01-29 08:42:39
1251,Kozhikode Monastery,59,Monastery,10,150,25,78.0,9.5,2025-12-01 02:19:23
1252,Kaziranga Church,13,Church,50,500,0,79.0,5.5,2025-12-16 15:04:53
1253,Family Recipe Gurugram Zoo,35,Zoo,50,500,0,79.6,6.0,2025-07-13 05:21:39
1254,Hampi Bridge,50,Bridge,50,500,0,81.8,3.7,2025-07-03 03:39:24
1255,Vasco da Gama Lake,25,Lake,30,240,25,59.9,19.3,2025-05-27 17:44:28
1256,Premium Thiruvananthapuram Wildlife Sanctuary,56,Wildlife Sanctuary,20,200,100,72.4,9.4,2025-11-26 17:20:12
1257,Vadodara Dam,30,Dam,50,750,100,54.5,43.6,2026-06-19 17:41:20
1258,Khajuraho National Park,64,Museum,150,1200,100,91.1,0,2025-07-18 09:18:44
1259,Calangute Fort,26,Fort,30,240,0,59.7,42.5,2025-04-29 06:51:49
1260,Panaji Church,23,Church,20,200,0,63.1,22.0,2025-03-18 01:13:28
1261,Jorhat Heritage Walk,12,Hill Station Point,100,800,0,72.6,11.8,2025-04-28 12:41:10
1262,Kakinada Hill Station Point,6,Wildlife Sanctuary,20,160,100,74.3,12.5,2025-04-14 11:17:00
1263,Signature Pune Dam,70,Dam,50,500,50,40.5,42.1,2025-08-27 19:14:38
1264,Village-style Gir Beach,34,Beach,100,1500,25,70.1,19.7,2025-03-08 18:47:37
1265,Local Favourite Lonavala Market,74,Market,200,1000,0,69.5,20.7,2025-03-31 14:26:27
1266,Ranchi Wildlife Sanctuary,45,Viewpoint,0,0,50,82.4,4.4,2025-03-12 20:28:46
1267,Margao Church,24,Church,150,750,0,69.8,23.8,2025-02-27 15:13:16
1268,Dharamshala Garden,41,Garden,150,1200,0,81.2,4.5,2025-08-14 03:58:24
1269,Signature Pushkar Palace,99,Palace,20,160,25,81.3,3.3,2025-07-17 23:29:27
1270,Somnath Cave,33,Cave,20,100,50,58.1,43.2,2026-02-03 10:37:58
1271,Bodh Gaya Museum,17,Museum,100,1500,50,74.8,14.4,2025-07-29 08:35:04
1272,Konark Hill Station Point,88,Bridge,30,450,0,39.3,29.8,2025-09-22 01:58:38
1273,Deluxe Mount Abu Market,100,Market,10,150,100,78.1,6.8,2026-05-24 06:27:42
1274,Bikaner Heritage Walk,101,Hill Station Point,150,2250,0,90.0,0,2025-12-09 10:30:24
1275,Family Recipe Bikaner Waterfall,101,Waterfall,20,200,0,64.3,23.0,2025-07-01 09:24:03
1276,Bikaner Hill Station Point,101,Viewpoint,100,1000,50,67.6,25.7,2025-01-22 16:08:45
1277,Quick-bite Gaya Viewpoint,16,Viewpoint,10,50,50,59.0,17.0,2025-04-30 13:49:53
1278,Homestyle Dalhousie Temple,44,Temple,30,300,25,79.1,4.0,2025-07-02 20:34:08
1279,Rajahmundry Heritage Walk,5,Monastery,30,150,0,95.6,0,2025-01-21 19:06:08
1280,Local Favourite Shantiniketan Heritage Walk,138,Waterfall,10,50,25,76.1,5.9,2026-01-13 12:29:56
1281,Vadodara Viewpoint,30,Viewpoint,0,0,0,60.9,28.2,2025-09-01 08:06:48
1282,Mahabaleshwar Palace,75,Palace,50,500,0,73.0,16.6,2025-05-07 20:07:03
1283,Somnath Dam,33,Dam,150,750,0,85.1,0,2026-04-03 09:13:39
1284,Dwarka Bridge,32,Bridge,10,50,0,86.4,0,2025-01-16 09:55:31
1285,Gangtok National Park,103,Fort,20,100,100,71.3,22.1,2025-09-02 14:24:35
1286,Signature Ranchi Temple,45,Temple,20,160,0,61.0,15.5,2025-03-31 03:53:46
1287,Somnath National Park,33,Bridge,20,200,0,89.3,0,2025-08-11 20:34:14
1288,Agra Waterfall,120,Waterfall,150,1500,0,71.9,14.9,2026-01-18 03:19:33
1289,Village-style Bilaspur Hill Station Point,21,Dam,30,240,0,92.4,0,2026-04-10 23:45:42
1290,Jim Corbett Cave,133,Cave,30,150,25,78.4,4.4,2025-08-24 22:35:58
1291,Signature Siliguri Palace,137,Palace,20,160,25,69.5,25.8,2025-02-23 13:26:48
1292,Family Recipe Kozhikode National Park,59,Garden,0,0,0,53.0,44.2,2025-03-21 05:54:27
1293,Chandigarh Lake,92,Lake,150,1200,0,91.8,0,2025-11-24 06:17:03
1294,Wayanad Heritage Walk,60,Zoo,150,2250,25,59.5,44.7,2025-07-15 03:30:54
1295,Madurai Viewpoint,107,Viewpoint,200,2000,50,52.1,32.8,2025-03-07 05:06:35
1296,Extra Cheesy Aurangabad Temple,73,Temple,200,1600,0,67.2,25.9,2025-03-05 22:02:06
1297,Siliguri Hill Station Point,137,Church,150,1500,0,72.9,9.3,2025-01-13 05:04:37
1298,Roadside Dimapur Hill Station Point,85,Palace,20,160,50,90.5,0,2025-07-28 07:57:56
1299,Rajgir Hill Station Point,19,Fort,50,250,100,68.9,13.7,2026-02-02 21:53:24
1300,Kolkata Beach,134,Beach,30,150,0,57.6,44.5,2025-09-08 04:37:37
1301,Kozhikode Monastery,59,Monastery,200,2000,100,71.4,10.4,2025-11-12 16:18:00
1302,Festival Jim Corbett Church,133,Church,30,300,100,68.2,23.5,2025-01-18 18:14:46
1303,Puri Garden,87,Garden,30,240,50,67.2,16.1,2025-08-11 16:21:59
1304,Royal Digha Zoo,136,Zoo,50,750,25,79.4,6.7,2025-02-23 06:35:55
1305,Noida Viewpoint,126,Viewpoint,30,150,0,91.6,0,2026-05-08 09:10:34
1306,Patna Temple,15,Temple,100,1000,0,75.5,7.0,2026-02-02 22:50:18
1307,Bhubaneswar Hill Station Point,86,Zoo,0,0,100,71.4,24.3,2025-02-22 06:28:54
1308,Pachmarhi Dam,67,Dam,150,750,0,63.6,22.7,2026-05-31 07:44:21
1309,Kakinada Beach,6,Beach,0,0,0,49.1,41.3,2025-06-25 16:43:34
1310,Traditional Nagpur Lake,71,Lake,200,3000,0,56.6,23.1,2025-05-19 20:59:47
1311,Digha Cave,136,Cave,50,250,25,67.3,24.3,2025-08-18 15:33:06
1312,Quick-bite Wayanad Church,60,Church,30,240,0,76.3,15.4,2026-04-04 13:04:00
1313,Vadodara Viewpoint,30,Viewpoint,100,1000,0,70.4,18.1,2025-06-07 09:55:30
1314,Kochi Hill Station Point,55,Beach,0,0,0,79.8,3.5,2025-08-22 22:56:41
1315,Wayanad Garden,60,Garden,100,500,100,67.3,18.9,2026-05-08 01:00:55
1316,Mahabalipuram Monastery,112,Monastery,30,300,0,47.4,57.4,2025-08-15 05:03:12
1317,Chandigarh National Park,92,Hill Station Point,20,160,0,44.3,39.5,2025-05-09 03:58:21
1318,Dharamshala Waterfall,41,Waterfall,20,100,50,84.9,0.2,2025-08-22 09:14:43
1319,Hampi Lake,50,Lake,50,400,50,64.6,27.8,2026-04-30 07:57:21
1320,Prayagraj Heritage Walk,124,Museum,150,1200,0,63.4,32.8,2025-10-09 22:31:05
1321,Royal Vijayawada Museum,2,Museum,200,2000,100,88.3,0,2026-01-04 21:30:55
1322,Champhai Viewpoint,83,Viewpoint,100,1500,0,57.9,17.7,2025-01-25 19:44:35
1323,Premium Khajuraho Fort,64,Fort,0,0,50,89.4,0,2025-08-10 07:46:21
1324,Spicy Vasco da Gama Hill Station Point,25,Bridge,0,0,0,73.8,15.3,2026-03-11 08:01:33
1325,Authentic Alleppey Waterfall,58,Waterfall,30,300,25,52.5,40.6,2025-06-09 03:46:00
1326,Siliguri Palace,137,Palace,20,160,50,90.2,0,2025-04-08 05:33:42
1327,Alleppey Beach,58,Beach,20,160,25,44.4,55.9,2025-07-27 02:12:34
1328,Kaziranga Market,13,Market,150,1200,0,62.3,22.2,2025-06-21 11:52:01
1329,Panipat Zoo,38,Zoo,150,2250,0,77.2,5.6,2025-12-06 11:29:42
1330,Vadodara Museum,30,Museum,0,0,0,51.9,49.9,2025-12-29 07:35:57
1331,Family Recipe Pune Heritage Walk,70,Fort,150,750,100,41.0,55.9,2026-01-31 09:55:36
1332,Nalanda Bridge,18,Bridge,200,2000,0,75.2,14.3,2025-08-21 21:31:38
1333,Dibrugarh Fort,11,Fort,10,100,25,73.6,17.1,2026-01-03 21:02:47
1334,Nalanda Palace,18,Palace,10,150,25,71.4,22.7,2025-10-27 09:02:07
1335,Royal Udaipur Lake,96,Lake,10,80,25,57.4,37.3,2025-12-21 21:48:02
1336,Shimla Zoo,39,Zoo,50,500,0,63.0,29.2,2026-04-09 16:18:42
1337,Ujjain Wildlife Sanctuary,66,Beach,50,400,100,53.1,57.3,2026-01-02 10:05:43
1338,Dalhousie Wildlife Sanctuary,44,Palace,20,200,25,82.3,2.6,2026-02-17 10:40:04
1339,Guntur Palace,4,Palace,100,500,100,64.6,21.6,2025-03-04 21:00:58
1340,Anjuna Bridge,27,Bridge,150,750,100,62.6,25.7,2025-05-09 02:37:17
1341,Hampi National Park,50,Bridge,50,500,50,79.5,3.4,2025-12-01 16:02:35
1342,Homestyle Itanagar Garden,7,Garden,0,0,25,54.2,23.2,2025-02-16 19:58:09
1343,Munnar Church,57,Church,150,1500,0,92.1,0,2025-08-19 19:55:23
1344,Auli Viewpoint,132,Viewpoint,150,1500,50,84.6,0.3,2025-12-18 22:13:13
1345,Itanagar National Park,7,Temple,100,500,50,58.0,23.3,2025-07-11 03:20:11
1346,Royal Wayanad Hill Station Point,60,Hill Station Point,0,0,100,56.9,47.7,2025-03-29 20:56:42
1347,Roadside Anjuna Fort,27,Fort,0,0,0,53.9,19.1,2026-01-22 10:43:38
1348,Dibrugarh Dam,11,Dam,50,250,50,70.0,18.7,2025-06-03 20:25:31
1349,Classic Kaziranga Fort,13,Fort,10,80,0,75.6,11.4,2025-02-01 22:40:23
1350,Dwarka Museum,32,Museum,10,150,100,60.5,41.5,2026-06-01 10:17:24
1351,Ooty Church,109,Church,150,2250,100,40.0,28.8,2025-06-21 00:41:11
1352,Ayodhya Dam,123,Dam,100,1500,0,90.6,0,2026-01-10 09:12:59
1353,Moirang Palace,78,Palace,0,0,25,54.5,32.5,2025-12-16 19:00:16
1354,Authentic Pushkar Waterfall,99,Waterfall,200,1000,0,69.8,19.6,2025-05-31 15:51:18
1355,Grandma's Patiala Zoo,94,Zoo,10,100,50,79.0,4.7,2025-12-22 01:39:55
1356,Dharamshala Dam,41,Dam,10,150,25,80.1,5.3,2025-12-10 04:25:34
1357,Ahmedabad Church,28,Church,30,450,25,67.2,18.5,2025-08-17 00:28:28
1358,Royal Rajgir Lake,19,Lake,200,1000,100,59.5,33.8,2026-05-21 04:50:16
1359,Udaipur Cave,96,Cave,10,50,0,62.6,19.5,2026-03-22 15:03:08
1360,Calangute Heritage Walk,26,Market,100,1000,25,41.7,58.7,2025-11-30 17:56:20
1361,Bilaspur National Park,21,Wildlife Sanctuary,0,0,0,81.3,5.4,2026-03-22 04:48:14
1362,Mumbai Cave,69,Cave,150,2250,50,79.8,4.8,2025-09-25 22:52:28
1363,Street-side Mount Abu Cave,100,Cave,20,200,50,71.4,11.9,2025-02-21 12:48:50
1364,Dibrugarh Wildlife Sanctuary,11,Waterfall,200,3000,100,74.9,9.6,2025-09-23 01:47:50
1365,Amritsar Beach,91,Beach,200,3000,0,78.6,10.1,2025-04-17 20:57:14
1366,Jamshedpur Waterfall,46,Waterfall,20,100,0,84.9,0.1,2025-05-16 01:33:21
1367,Mumbai Palace,69,Palace,200,1600,0,69.5,10.8,2026-04-06 10:21:32
1368,Signature Mahabalipuram Zoo,112,Zoo,100,1500,25,55.1,30.0,2026-05-08 16:48:18
1369,Rajkot Wildlife Sanctuary,31,Temple,20,200,100,58.7,21.2,2025-06-26 21:59:33
1370,Signature Mangaluru Church,51,Church,30,300,0,67.4,21.7,2025-04-18 10:41:26
1371,Street-side Jaipur Museum,95,Museum,100,800,25,82.3,4.0,2025-08-05 23:25:55
1372,Coorg Garden,52,Garden,50,500,25,92.6,0,2025-12-27 13:34:01
1373,Roadside Madurai Temple,107,Temple,50,750,0,79.8,7.0,2025-11-28 05:28:12
1374,Haridwar Hill Station Point,129,Beach,30,450,50,61.6,15.7,2025-11-11 00:17:42
1375,Lachung Palace,105,Palace,0,0,0,60.8,18.1,2025-10-12 19:10:39
1376,Rishikesh Lake,128,Lake,50,500,0,62.9,21.5,2025-02-23 05:01:16
1377,Special Coimbatore Museum,108,Museum,50,750,25,89.2,0,2025-12-12 19:25:48
1378,Ajmer Bridge,102,Bridge,150,1500,100,65.7,12.8,2026-01-06 01:04:58
1379,Dalhousie Monastery,44,Monastery,0,0,50,65.1,32.4,2025-04-21 15:01:28
1380,Calangute Zoo,26,Zoo,200,1000,0,39.4,42.0,2026-04-06 05:35:20
1381,Khajuraho Lake,64,Lake,0,0,100,88.9,0,2025-01-08 12:46:27
1382,Nashik Fort,72,Fort,100,500,100,57.1,39.9,2025-10-30 04:45:12
1383,Munnar Heritage Walk,57,Palace,150,2250,0,91.7,0,2025-06-02 23:20:18
1384,Kurukshetra Palace,37,Palace,50,750,100,71.9,18.3,2025-06-13 03:56:52
1385,Spicy Tawang Lake,8,Lake,30,300,25,86.8,0,2025-06-01 10:32:37
1386,Festival Kohima Hill Station Point,84,Garden,150,1500,25,71.8,20.1,2026-03-27 16:56:25
1387,Dwarka Market,32,Market,200,2000,100,83.5,1.4,2026-05-29 13:35:06
1388,Hubballi Temple,54,Temple,150,2250,0,88.6,0,2026-06-11 23:37:20
1389,Village-style Spiti Wildlife Sanctuary,43,Hill Station Point,200,3000,50,73.2,9.1,2025-07-26 04:47:27
1390,Mount Abu Dam,100,Dam,20,160,25,70.3,24.7,2025-06-21 04:11:36
1391,Jorhat Temple,12,Temple,50,250,0,75.3,10.5,2025-08-02 12:21:32
1392,Lucknow National Park,119,Museum,50,750,0,76.2,8.5,2026-05-23 12:39:31
1393,Deoghar Church,47,Church,200,2000,100,70.9,16.8,2025-06-22 05:05:23
1394,Quick-bite Kaziranga Market,13,Market,100,1500,50,91.5,0,2026-03-01 00:54:35
1395,Coimbatore Cave,108,Cave,0,0,0,74.8,13.5,2026-03-18 05:37:36
1396,Jamshedpur Palace,46,Palace,200,3000,25,65.1,32.1,2026-03-09 11:59:05
1397,Family Recipe Deoghar Viewpoint,47,Viewpoint,0,0,25,51.1,31.5,2025-02-21 17:54:12
1398,Madurai Bridge,107,Bridge,0,0,0,76.7,10.3,2025-08-09 09:02:22
1399,Bhopal Beach,62,Beach,50,400,0,73.0,20.6,2025-11-14 14:36:37
1400,Signature Aurangabad Palace,73,Palace,30,150,0,51.3,57.5,2026-06-28 11:47:47
1401,Rajgir Zoo,19,Zoo,50,750,25,68.8,24.4,2025-10-22 01:58:36
1402,Nalanda Fort,18,Fort,200,2000,50,52.8,36.6,2025-11-10 14:46:34
1403,Bodh Gaya Cave,17,Cave,0,0,50,43.8,65.7,2025-01-31 19:51:41
1404,Moirang Viewpoint,78,Viewpoint,10,50,0,58.8,19.8,2026-03-28 19:03:44
1405,Dibrugarh Heritage Walk,11,Wildlife Sanctuary,30,450,50,72.7,17.4,2025-09-25 20:02:39
1406,Varanasi Monastery,121,Monastery,100,1000,50,70.8,10.5,2026-06-17 15:05:16
1407,Premium Jagdalpur Hill Station Point,22,Heritage Walk,20,300,0,96.3,0,2026-01-28 06:30:22
1408,Classic Ranchi Wildlife Sanctuary,45,Fort,50,400,25,52.9,34.1,2026-05-16 08:28:17
1409,Royal Cuttack Zoo,89,Zoo,50,400,25,66.6,28.6,2025-12-08 19:48:39
1410,Lonavala Museum,74,Museum,50,750,0,72.0,22.0,2025-03-18 06:21:12
1411,Chennai Fort,106,Fort,10,80,0,55.2,47.0,2025-09-07 11:30:46
1412,Family Recipe Anjuna Dam,27,Dam,50,750,25,76.2,8.8,2025-01-31 07:10:21
1413,Patiala Wildlife Sanctuary,94,Lake,20,200,100,94.1,0,2025-05-15 11:06:55
1414,Amritsar Dam,91,Dam,0,0,0,74.1,12.5,2025-08-31 23:11:53
1415,Vijayawada Fort,2,Fort,50,250,0,78.2,11.3,2025-09-01 22:32:09
1416,Coimbatore Wildlife Sanctuary,108,Church,30,300,0,71.3,23.5,2025-04-24 02:22:24
1417,Thanjavur Lake,113,Lake,150,1500,0,59.9,23.4,2026-01-16 23:10:18
1418,Festival Gangtok Museum,103,Museum,100,500,50,60.6,15.2,2026-06-22 00:17:29
1419,Vasco da Gama National Park,25,Temple,30,450,100,64.1,16.4,2025-05-29 04:00:46
1420,Street-side Dehradun Dam,127,Dam,100,1000,0,54.9,18.4,2026-01-31 01:57:26
1421,Surat Market,29,Market,0,0,100,54.8,52.1,2026-03-15 04:02:22
1422,Haridwar Heritage Walk,129,Palace,200,1000,0,62.8,35.5,2025-12-02 18:27:17
1423,Kurukshetra Wildlife Sanctuary,37,Museum,10,80,0,83.7,1.4,2025-06-18 02:59:59
1424,Local Favourite Chandigarh Market,92,Market,10,100,0,82.9,2.2,2025-08-12 07:26:54
1425,Pushkar National Park,99,Waterfall,0,0,25,85.2,0,2025-04-22 07:19:27
1426,Deluxe Hyderabad Lake,114,Lake,50,750,100,36.7,31.0,2025-11-17 15:49:08
1427,Kalimpong Wildlife Sanctuary,139,Dam,20,160,100,81.7,3.1,2026-04-28 14:29:30
1428,Gir Beach,34,Beach,100,800,100,74.1,12.2,2026-02-25 18:24:32
1429,Kolkata Museum,134,Museum,0,0,100,41.3,65.6,2025-07-21 23:33:35
1430,Village-style Jagdalpur Museum,22,Museum,100,1500,0,80.2,8.5,2025-07-01 16:32:56
1431,Puri Zoo,87,Zoo,50,750,0,56.2,20.4,2025-10-08 04:49:09
1432,Calangute Museum,26,Museum,50,400,0,77.8,8.9,2025-08-13 19:08:15
1433,Tirupati Museum,3,Museum,50,500,0,62.0,33.3,2025-06-04 06:45:31
1434,Dharamshala Church,41,Church,10,100,50,46.0,28.3,2026-06-12 21:45:17
1435,Mahabaleshwar Temple,75,Temple,30,150,100,56.7,27.8,2025-09-13 19:58:25
1436,Rajkot Church,31,Church,10,50,0,57.8,36.2,2026-02-04 07:44:03
1437,Tawang Zoo,8,Zoo,100,500,100,51.2,26.0,2026-06-08 05:03:33
1438,Shimla Market,39,Market,20,100,50,41.6,51.5,2026-03-27 17:09:13
1439,Festival Patna Market,15,Market,150,750,0,87.7,0,2025-09-30 09:56:42
1440,Shimla Lake,39,Lake,20,300,100,72.6,16.4,2025-02-24 00:22:14
1441,Jodhpur Waterfall,97,Waterfall,100,1000,0,60.1,28.8,2025-05-09 01:27:42
1442,Munnar Garden,57,Garden,150,1500,0,83.9,1.1,2025-10-18 09:21:20
1443,Deoghar Hill Station Point,47,Lake,0,0,25,59.3,35.9,2026-05-24 05:39:41
1444,Quick-bite Jagdalpur Dam,22,Dam,20,300,0,52.2,49.7,2026-03-04 03:17:40
1445,Spicy Lonavala Beach,74,Beach,150,750,100,47.5,37.0,2025-07-09 06:38:01
1446,Digha Hill Station Point,136,Market,100,1500,50,70.2,10.5,2025-07-22 04:09:02
1447,Darjeeling Heritage Walk,135,Cave,50,500,50,57.7,30.0,2025-06-23 20:15:42
1448,Itanagar Zoo,7,Zoo,100,1500,0,40.0,62.2,2025-08-21 23:48:12
1449,Chilika Beach,90,Beach,50,500,0,74.6,9.8,2026-05-14 19:10:19
1450,Street-side Silchar Monastery,14,Monastery,20,160,50,76.7,5.8,2025-11-02 19:05:17
1451,Spiti National Park,43,Waterfall,10,50,0,70.0,19.9,2025-05-19 00:05:02
1452,Nizamabad National Park,116,Palace,0,0,0,79.1,5.4,2026-06-13 16:49:43
1453,Mahabalipuram Palace,112,Palace,0,0,25,62.5,14.1,2026-05-26 08:50:22
1454,Lonavala Garden,74,Garden,20,160,0,67.5,31.2,2026-02-27 01:50:31
1455,Roadside Kozhikode Fort,59,Fort,0,0,100,83.3,2.1,2025-09-05 10:59:16
1456,Royal Dehradun Fort,127,Fort,100,500,100,71.4,9.8,2026-01-06 16:56:20
1457,Aurangabad Waterfall,73,Waterfall,30,300,25,50.3,38.7,2025-07-10 14:33:02
1458,Pune Church,70,Church,20,200,50,80.2,3.9,2026-03-30 11:08:58
1459,Kozhikode Viewpoint,59,Viewpoint,100,1000,0,55.3,28.5,2025-10-15 10:39:37
1460,Imphal National Park,77,Cave,20,160,100,67.0,25.3,2026-02-19 15:11:13
1461,Thanjavur Fort,113,Fort,30,300,25,74.6,17.8,2025-10-30 08:18:07
1462,Traditional Nagpur Viewpoint,71,Viewpoint,30,240,50,73.6,11.2,2025-03-24 19:33:24
1463,Kanpur Lake,125,Lake,50,400,0,82.3,2.4,2025-07-05 13:38:02
1464,Nalanda Museum,18,Museum,50,250,100,81.6,5.3,2025-11-05 15:10:47
1465,Roadside Jagdalpur Waterfall,22,Waterfall,30,240,100,59.0,46.2,2026-03-10 23:06:29
1466,Varanasi Monastery,121,Monastery,30,300,0,77.7,10.2,2025-09-20 09:31:34
1467,Puri Palace,87,Palace,100,500,0,58.6,37.2,2025-05-31 21:54:36
1468,Mussoorie Museum,131,Museum,0,0,0,81.3,4.4,2026-04-15 06:42:30
1469,Extra Cheesy Madurai Cave,107,Cave,50,750,100,65.7,34.2,2025-12-12 14:47:44
1470,Grandma's Haridwar Dam,129,Dam,10,80,50,80.1,4.2,2025-04-02 05:06:07
1471,Festival Orchha Lake,68,Lake,100,500,0,76.7,11.7,2025-06-20 06:30:55
1472,Rajgir Museum,19,Museum,50,400,0,63.9,35.6,2026-04-16 15:20:11
1473,Extra Cheesy Surat Garden,29,Garden,100,1500,0,75.8,12.2,2026-01-31 04:34:40
1474,Dimapur Hill Station Point,85,Cave,30,300,25,55.0,33.3,2025-05-22 13:06:35
1475,Ludhiana Wildlife Sanctuary,93,Waterfall,0,0,50,80.2,3.4,2025-03-07 19:12:50
1476,Traditional Nalanda National Park,18,Church,100,1000,100,90.7,0,2025-04-26 22:38:41
1477,Family Recipe Dimapur Bridge,85,Bridge,150,1500,25,80.7,6.5,2025-12-01 21:17:02
1478,Kurukshetra Zoo,37,Zoo,200,2000,50,82.8,2.3,2025-04-18 14:23:30
1479,Jaisalmer Heritage Walk,98,Hill Station Point,150,750,0,83.0,1.7,2026-06-05 01:17:16
1480,Champhai National Park,83,Cave,50,750,0,70.7,10.3,2025-02-14 15:45:40
1481,Udaipur Bridge,96,Bridge,30,150,0,48.7,46.6,2026-01-13 19:48:17
1482,Authentic Nainital Waterfall,130,Waterfall,200,2000,25,62.8,20.0,2026-06-24 08:08:15
1483,Panipat Wildlife Sanctuary,38,Market,10,80,50,54.9,31.4,2025-11-03 12:40:21
1484,Quick-bite Agra Zoo,120,Zoo,50,750,0,90.7,0,2026-05-07 15:08:16
1485,Jorhat Viewpoint,12,Viewpoint,0,0,25,83.5,2.0,2025-01-09 04:30:44
1486,Rajgir Lake,19,Lake,50,500,25,52.3,58.0,2025-04-02 15:22:45
1487,Vadodara Wildlife Sanctuary,30,Garden,50,750,0,47.9,55.1,2026-06-15 19:01:19
1488,Village-style Aurangabad Hill Station Point,73,Hill Station Point,200,3000,50,74.0,11.8,2026-02-22 18:27:04
1489,Bhopal Hill Station Point,62,Zoo,100,1000,0,56.6,42.6,2026-04-20 01:05:19
1490,Lachung Zoo,105,Zoo,20,300,0,60.1,41.8,2025-07-07 15:27:21
1491,Konark Temple,88,Temple,50,400,50,58.2,33.0,2025-10-31 16:36:53
1492,Royal Nalanda Monastery,18,Monastery,50,400,0,67.2,15.1,2026-01-20 20:49:17
1493,Deluxe Kurukshetra Temple,37,Temple,0,0,50,80.2,4.7,2025-09-04 10:33:10
1494,Pelling Palace,104,Palace,30,300,100,88.4,0,2025-09-09 23:11:43
1495,Deoghar Church,47,Church,100,800,25,44.5,61.6,2026-03-18 19:53:00
1496,Authentic Pelling Market,104,Market,30,150,0,71.4,18.7,2025-09-05 12:00:16
1497,Village-style Jagdalpur Market,22,Market,50,500,0,64.3,16.0,2026-02-09 11:22:01
1498,Visakhapatnam Bridge,1,Bridge,10,100,50,61.0,22.3,2025-02-24 17:40:13
1499,Warangal Lake,115,Lake,30,150,0,65.0,17.3,2025-07-28 09:34:06
1500,Chef's Champhai Waterfall,83,Waterfall,30,300,0,78.1,11.1,2026-01-02 14:07:34
1501,Mangaluru National Park,51,Museum,50,400,50,41.4,30.7,2025-12-27 03:21:38
1502,Mumbai Church,69,Church,10,80,25,84.1,0.8,2026-05-29 23:24:59
1503,Deluxe Udaipur Fort,96,Fort,150,2250,0,61.4,31.6,2025-08-24 00:30:11
1504,Darjeeling National Park,135,Zoo,100,500,25,61.2,20.1,2025-08-07 05:10:35
1505,Margao Bridge,24,Bridge,50,250,0,77.1,6.6,2025-10-11 23:07:08
1506,Special Thanjavur Heritage Walk,113,Dam,150,1200,25,94.4,0,2026-04-01 18:45:40
1507,Pune Palace,70,Palace,20,300,0,68.0,28.8,2025-10-19 14:18:13
1508,Dehradun Palace,127,Palace,50,750,100,77.7,9.8,2026-05-17 12:47:30
1509,Homestyle Ludhiana Wildlife Sanctuary,93,Lake,0,0,50,70.1,16.6,2026-01-07 08:45:36
1510,Traditional Calangute Museum,26,Museum,0,0,0,84.9,0.1,2026-06-26 22:16:08
1511,Special Wayanad Fort,60,Fort,0,0,50,70.9,24.9,2025-07-05 15:30:41
1512,Spiti Zoo,43,Zoo,30,150,25,65.0,14.3,2025-04-27 04:26:37
1513,Digha Fort,136,Fort,30,300,25,91.6,0,2025-12-01 08:13:59
1514,Kurukshetra Dam,37,Dam,30,150,0,73.8,13.6,2025-05-12 22:10:25
1515,Grandma's Gir Fort,34,Fort,100,500,0,40.3,52.0,2025-01-04 16:05:50
1516,Dimapur Temple,85,Temple,50,250,50,58.2,18.9,2025-03-18 16:31:00
1517,Extra Cheesy Ajmer Heritage Walk,102,Dam,150,1200,0,79.7,8.9,2025-03-25 09:37:53
1518,Jaipur Heritage Walk,95,Garden,20,300,50,88.6,0,2026-06-15 16:12:58
1519,Special Orchha Market,68,Market,0,0,0,44.0,36.2,2025-06-07 06:09:34
1520,Spicy Thiruvananthapuram National Park,56,Dam,100,1500,100,77.5,12.5,2026-06-16 06:39:53
1521,Digha National Park,136,Bridge,0,0,0,57.0,44.8,2026-04-18 06:25:41
1522,Signature Bilaspur Market,21,Market,10,80,25,67.2,15.5,2026-03-01 07:43:47
1523,Extra Cheesy Bhopal Temple,62,Temple,100,1500,0,69.4,19.1,2025-05-03 21:15:21
1524,Spicy Nalanda Palace,18,Palace,30,450,100,47.0,53.4,2025-04-06 06:36:46
1525,Roadside Somnath Viewpoint,33,Viewpoint,150,750,100,88.5,0,2026-05-06 02:30:21
1526,Lonavala Palace,74,Palace,10,50,0,65.1,22.1,2025-08-19 17:51:13
1527,Dimapur Museum,85,Museum,30,150,25,85.2,0,2026-01-24 20:39:52
1528,Family Recipe Ujjain Waterfall,66,Waterfall,10,50,25,68.7,17.6,2025-03-27 23:10:25
1529,Traditional Gangtok Bridge,103,Bridge,10,50,50,67.5,25.9,2026-01-01 08:57:31
1530,Ziro Wildlife Sanctuary,9,Waterfall,50,250,0,83.4,1.5,2025-10-20 15:05:14
1531,Festival Amritsar Fort,91,Fort,20,200,50,86.6,0,2025-11-09 10:19:51
1532,Agra National Park,120,Hill Station Point,10,50,0,48.5,54.2,2026-03-24 23:30:31
1533,Udupi Zoo,53,Zoo,50,750,100,69.3,26.9,2025-12-30 14:09:10
1534,Anjuna Cave,27,Cave,0,0,0,62.4,36.9,2025-05-07 03:26:17
1535,Chef's Rajahmundry Beach,5,Beach,100,800,50,76.8,10.1,2025-06-27 18:32:37
1536,Raipur National Park,20,Waterfall,50,400,100,55.7,34.8,2026-03-03 06:04:20
1537,Shimla Museum,39,Museum,30,150,25,85.6,0,2025-11-11 13:03:10
1538,Festival Shantiniketan Bridge,138,Bridge,20,100,0,57.7,23.4,2025-10-19 19:59:04
1539,Gir Market,34,Market,30,150,100,68.7,27.3,2026-06-24 19:39:01
1540,Somnath Garden,33,Garden,200,1600,0,55.2,31.0,2025-04-05 02:55:43
1541,Village-style Kanyakumari Museum,110,Museum,100,1500,0,61.5,28.1,2025-08-01 12:02:22
1542,Bikaner Lake,101,Lake,200,3000,0,76.8,5.2,2025-04-27 01:18:03
1543,Mussoorie Wildlife Sanctuary,131,Fort,100,1500,100,92.3,0,2026-02-04 11:06:11
1544,Vasco da Gama Viewpoint,25,Viewpoint,30,300,25,72.8,17.5,2026-01-13 06:07:50
1545,Dwarka Fort,32,Fort,100,500,100,64.2,34.5,2026-01-02 22:10:12
1546,Jorhat Waterfall,12,Waterfall,200,3000,25,63.3,33.5,2025-04-28 10:18:43
1547,Wayanad Viewpoint,60,Viewpoint,100,1500,0,61.5,22.5,2025-04-01 19:34:07
1548,Shimla Beach,39,Beach,20,200,100,82.9,1.9,2025-08-11 03:33:36
1549,Nashik Temple,72,Temple,100,800,0,50.8,34.7,2025-09-11 16:33:15
1550,Grandma's Alleppey Dam,58,Dam,200,1000,0,49.4,23.2,2026-02-17 04:30:12
1551,Gurugram Cave,35,Cave,20,160,0,69.9,26.2,2026-02-02 02:01:36
1552,Pelling Beach,104,Beach,50,500,25,53.7,32.6,2025-06-02 00:53:40
1553,Coorg Zoo,52,Zoo,50,500,0,61.3,42.2,2025-05-03 12:09:35
1554,Extra Cheesy Jodhpur Cave,97,Cave,50,750,0,41.2,44.3,2025-10-27 16:10:07
1555,Warangal Temple,115,Temple,10,50,0,70.7,16.4,2025-05-16 03:11:32
1556,Bilaspur National Park,21,Heritage Walk,50,750,50,89.4,0,2025-09-23 05:20:19
1557,Gangtok Museum,103,Museum,0,0,25,86.7,0,2025-08-17 20:41:40
1558,Mussoorie Wildlife Sanctuary,131,Garden,150,1200,100,59.7,22.7,2025-01-03 23:29:26
1559,Rajgir Heritage Walk,19,Market,50,500,0,80.5,3.5,2025-10-04 20:40:58
1560,Coorg Garden,52,Garden,50,500,100,71.1,19.7,2025-02-12 13:39:37
1561,Spiti Garden,43,Garden,150,1200,25,68.1,23.0,2025-05-28 00:01:13
1562,Indore Cave,63,Cave,10,80,100,39.6,59.2,2025-10-14 12:29:17
1563,Royal Jorhat Bridge,12,Bridge,20,100,50,82.7,4.1,2025-02-26 14:41:31
1564,Dharamshala Lake,41,Lake,50,400,50,64.8,34.8,2025-07-02 10:28:35
1565,Bodh Gaya Zoo,17,Zoo,100,500,25,78.5,9.5,2025-10-25 22:29:42
1566,Bengaluru Hill Station Point,48,Heritage Walk,20,200,0,71.8,22.8,2025-11-19 19:59:12
1567,Kozhikode Hill Station Point,59,Viewpoint,100,500,50,59.1,26.2,2025-12-19 16:51:29
1568,Kochi Bridge,55,Bridge,150,750,0,73.0,19.6,2025-01-25 01:25:50
1569,Kanpur Wildlife Sanctuary,125,Church,100,1500,50,96.0,0,2025-07-11 03:08:32
1570,Chef's Bhopal Market,62,Market,10,50,100,49.8,46.1,2026-02-23 06:36:20
1571,Aurangabad National Park,73,Garden,30,240,0,74.0,8.3,2025-07-12 04:20:04
1572,Shimla Dam,39,Dam,10,100,0,75.5,9.4,2026-03-03 14:21:52
1573,Ooty Temple,109,Temple,0,0,25,66.7,14.0,2025-01-08 09:56:30
1574,Nizamabad Viewpoint,116,Viewpoint,10,100,0,69.1,28.2,2025-01-21 09:57:15
1575,Manali Garden,40,Garden,100,1000,25,80.0,5.8,2026-04-19 13:04:28
1576,Udaipur (Tripura) Lake,118,Lake,0,0,25,75.4,17.0,2026-06-23 19:15:03
1577,Lonavala Temple,74,Temple,200,1000,0,60.9,15.8,2026-05-08 03:51:42
1578,Hampi Market,50,Market,0,0,0,79.6,9.4,2026-06-09 20:23:34
1579,Nainital Heritage Walk,130,Market,30,450,0,44.2,64.2,2025-06-26 03:34:49
1580,Nainital Dam,130,Dam,50,250,50,91.1,0,2025-09-15 05:42:16
1581,Grandma's Ludhiana Viewpoint,93,Viewpoint,100,800,50,59.8,45.1,2025-04-24 07:51:05
1582,Kullu Fort,42,Fort,30,450,0,89.2,0,2025-11-29 10:15:56
1583,Udupi Palace,53,Palace,20,300,50,44.5,27.6,2025-04-17 16:06:57
1584,Mount Abu Wildlife Sanctuary,100,Lake,50,750,50,77.0,6.5,2026-02-20 08:56:09
1585,Festival Vadodara Temple,30,Temple,100,500,100,83.8,1.8,2026-04-07 05:14:08
1586,Kohima Viewpoint,84,Viewpoint,150,1500,0,89.3,0,2026-05-22 23:14:25
1587,Ayodhya Lake,123,Lake,100,800,0,67.3,27.2,2025-12-12 01:30:19
1588,Shimla Waterfall,39,Waterfall,20,200,100,78.9,5.4,2025-07-03 02:03:43
1589,Gangtok Museum,103,Museum,10,150,100,46.6,67.4,2025-09-17 04:05:09
1590,Festival Jamshedpur Lake,46,Lake,100,1500,100,47.1,26.5,2026-01-06 17:52:53
1591,Siliguri Fort,137,Fort,30,300,0,39.8,54.4,2025-08-05 20:37:52
1592,Wayanad Garden,60,Garden,10,150,0,95.7,0,2026-03-07 21:15:21
1593,Family Recipe Warangal Beach,115,Beach,20,100,0,71.5,20.0,2026-05-01 19:24:15
1594,Spicy Dwarka Heritage Walk,32,Zoo,150,1200,0,77.7,11.1,2026-01-24 16:32:10
1595,Pachmarhi Market,67,Market,200,2000,50,83.7,2.1,2025-07-06 16:20:05
1596,Patna Monastery,15,Monastery,100,500,25,67.3,20.3,2025-08-14 14:32:08
1597,Authentic Gwalior Viewpoint,65,Viewpoint,150,2250,25,72.7,13.5,2025-03-12 05:16:31
1598,Mumbai Palace,69,Palace,200,1000,50,89.9,0,2026-04-18 01:59:30
1599,Royal Mussoorie Bridge,131,Bridge,30,450,0,63.1,24.4,2025-03-10 05:30:25
1600,Premium Udaipur Church,96,Church,10,50,0,50.3,48.0,2025-08-29 05:42:32
1601,Rishikesh Temple,128,Temple,50,750,100,85.9,0,2026-05-13 08:51:24
1602,Ujjain Beach,66,Beach,0,0,25,51.2,45.7,2025-01-01 04:52:49
1603,Deluxe Shillong Garden,79,Garden,30,240,25,79.8,9.3,2025-02-19 22:19:25
1604,Classic Chandigarh Palace,92,Palace,10,100,25,81.4,6.5,2025-01-06 02:47:52
1605,Mahabalipuram Hill Station Point,112,Palace,30,300,100,55.6,27.6,2025-09-17 12:09:16
1606,Agartala Museum,117,Museum,150,1500,0,41.1,41.8,2025-04-02 20:43:37
1607,Bengaluru Garden,48,Garden,100,1500,0,64.1,12.9,2026-04-03 08:04:36
1608,Dalhousie Market,44,Market,10,50,0,53.3,41.1,2025-07-13 22:37:17
1609,Shantiniketan Viewpoint,138,Viewpoint,0,0,100,79.2,8.7,2025-12-29 15:18:48
1610,Mount Abu Museum,100,Museum,200,1600,0,58.9,38.8,2026-06-26 13:00:50
1611,Dimapur Market,85,Market,10,80,25,69.6,23.7,2025-05-23 20:02:04
1612,Classic Mussoorie Beach,131,Beach,50,750,100,79.3,9.1,2025-09-05 09:46:17
1613,Hyderabad Dam,114,Dam,200,2000,0,44.1,49.2,2026-05-31 09:30:22
1614,Kaziranga Temple,13,Temple,0,0,25,53.2,55.7,2025-08-07 18:25:23
1615,Haridwar Bridge,129,Bridge,150,2250,0,51.7,42.8,2025-02-06 11:36:07
1616,Nagpur Beach,71,Beach,10,150,0,85.0,0,2025-10-05 18:14:51
1617,Ajmer Beach,102,Beach,10,100,0,71.4,15.8,2025-02-18 12:55:40
1618,Chennai Monastery,106,Monastery,50,400,100,52.6,41.2,2026-05-09 23:21:46
1619,Kovalam Museum,61,Museum,50,750,50,86.0,0,2026-05-08 13:55:59
1620,Varanasi Hill Station Point,121,Hill Station Point,0,0,0,84.7,0.2,2025-01-29 15:17:26
1621,Gir Church,34,Church,150,1500,0,74.3,13.8,2025-05-16 17:17:25
1622,Lonavala Dam,74,Dam,50,400,25,88.3,0,2025-11-18 21:23:09
1623,Mussoorie Cave,131,Cave,20,200,0,70.1,17.1,2025-08-29 06:05:48
1624,Mumbai Zoo,69,Zoo,200,3000,25,66.1,21.2,2026-02-18 17:39:48
1625,Konark Church,88,Church,10,100,50,95.9,0,2025-12-14 18:57:45
1626,Amritsar Fort,91,Fort,0,0,25,73.7,11.2,2025-06-16 07:07:43
1627,Lucknow Bridge,119,Bridge,100,500,0,78.8,9.0,2026-02-12 20:32:54
1628,Ujjain Monastery,66,Monastery,200,1000,50,53.8,30.5,2025-05-04 21:00:40
1629,Mumbai Zoo,69,Zoo,0,0,25,55.7,41.6,2025-10-05 17:56:25
1630,Alibaug Garden,76,Garden,50,500,0,51.2,47.5,2026-04-01 03:31:34
1631,Shimla Church,39,Church,200,3000,50,76.8,13.7,2025-11-22 18:52:16
1632,Cuttack Heritage Walk,89,Lake,20,300,0,76.1,10.5,2025-03-09 12:28:54
1633,Dwarka Fort,32,Fort,30,300,25,84.8,0.3,2025-12-05 03:32:32
1634,Cuttack Palace,89,Palace,20,300,0,52.4,29.8,2026-03-06 08:32:55
1635,Munnar Palace,57,Palace,0,0,0,61.5,15.2,2026-03-04 22:51:59
1636,Pushkar Cave,99,Cave,100,1000,0,74.4,13.8,2025-08-22 20:09:28
1637,Ranchi Dam,45,Dam,100,1000,0,94.6,0,2025-12-29 21:47:24
1638,Digha Beach,136,Beach,100,800,50,81.8,2.7,2026-03-11 16:16:42
1639,Kaziranga Wildlife Sanctuary,13,Viewpoint,10,50,50,87.5,0,2025-07-17 11:03:18
1640,Rajgir Temple,19,Temple,30,150,25,65.2,19.1,2025-08-25 09:41:52
1641,Kolkata Church,134,Church,100,1000,0,50.4,23.8,2025-10-17 18:49:34
1642,Mussoorie Museum,131,Museum,200,1600,100,81.8,4.3,2026-04-18 16:49:50
1643,Grandma's Rishikesh Zoo,128,Zoo,200,1000,0,45.9,57.7,2025-11-27 03:18:40
1644,Bengaluru National Park,48,Lake,150,2250,0,60.7,27.6,2025-11-27 14:26:06
1645,Ajmer National Park,102,Lake,50,750,0,71.3,15.9,2025-05-20 14:41:22
1646,Ranchi Lake,45,Lake,100,500,50,69.4,25.1,2026-06-12 21:00:40
1647,Patiala Palace,94,Palace,0,0,50,90.2,0,2026-02-08 19:54:15
1648,Cuttack Beach,89,Beach,10,50,100,73.4,11.5,2025-10-07 01:26:02
1649,Wayanad National Park,60,Garden,30,450,25,40.1,73.4,2025-12-13 05:17:12
1650,Haridwar Cave,129,Cave,150,1500,100,84.0,0.9,2025-06-08 04:06:24
1651,Kohima Monastery,84,Monastery,150,1200,25,77.6,9.6,2025-03-31 20:07:54
1652,Street-side Ajmer Museum,102,Museum,20,100,100,73.8,13.1,2026-04-14 04:32:02
1653,Kalimpong Bridge,139,Bridge,50,250,100,88.7,0,2025-09-05 14:43:26
1654,Vadodara Viewpoint,30,Viewpoint,50,250,25,50.6,58.7,2026-02-05 17:19:16
1655,Special Kullu Viewpoint,42,Viewpoint,10,50,25,57.2,26.7,2026-02-21 21:04:35
1656,Classic Mysuru Lake,49,Lake,50,500,100,66.9,27.3,2026-02-15 05:07:47
1657,Chef's Lucknow Viewpoint,119,Viewpoint,150,2250,0,59.2,22.5,2026-05-03 04:45:40
1658,Ludhiana Wildlife Sanctuary,93,National Park,20,100,100,53.4,28.2,2025-05-20 13:26:51
1659,Deluxe Jaipur Zoo,95,Zoo,30,450,0,94.3,0,2026-02-26 06:55:41
1660,Signature Panaji Wildlife Sanctuary,23,Wildlife Sanctuary,200,2000,100,83.6,2.5,2025-02-23 23:11:15
1661,Chandigarh Wildlife Sanctuary,92,Market,30,150,100,39.1,64.3,2026-06-01 21:17:07
1662,Homestyle Guwahati Heritage Walk,10,Palace,100,1000,100,79.7,4.9,2025-03-05 17:42:34
1663,Special Deoghar Monastery,47,Monastery,20,100,0,51.1,47.0,2025-11-18 09:17:26
1664,Panaji Zoo,23,Zoo,200,3000,25,87.5,0,2025-07-04 08:25:34
1665,Ziro Museum,9,Museum,10,100,100,62.8,21.9,2026-03-11 22:58:23
1666,Deluxe Mount Abu Museum,100,Museum,50,750,100,79.6,7.2,2025-09-16 21:32:57
1667,Jorhat Hill Station Point,12,Church,30,240,0,71.9,17.9,2025-01-19 17:52:40
1668,Udupi Bridge,53,Bridge,50,400,0,64.0,20.9,2026-02-19 05:34:59
1669,Grandma's Udupi Hill Station Point,53,National Park,150,1500,100,37.1,44.9,2025-07-08 04:32:43
1670,Prayagraj Monastery,124,Monastery,100,500,25,47.3,28.1,2025-03-30 05:38:39
1671,Dibrugarh Wildlife Sanctuary,11,Lake,20,300,100,55.0,24.5,2025-03-05 10:32:51
1672,Street-side Mathura Fort,122,Fort,20,200,0,71.4,16.8,2025-07-05 23:14:51
1673,Special Jorhat Viewpoint,12,Viewpoint,100,1500,100,82.5,2.3,2025-08-18 08:41:47
1674,Dalhousie Cave,44,Cave,200,1000,25,82.2,2.0,2025-11-29 15:05:55
1675,Local Favourite Mahabalipuram Waterfall,112,Waterfall,10,150,0,63.5,27.1,2026-03-16 06:54:26
1676,Agartala Museum,117,Museum,200,1000,25,56.9,35.1,2025-01-10 10:04:28
1677,Alleppey Dam,58,Dam,100,1500,0,85.5,0,2025-09-10 06:24:08
1678,Coorg Garden,52,Garden,100,1000,100,53.4,41.3,2025-03-20 11:00:36
1679,Rameswaram Viewpoint,111,Viewpoint,30,450,25,76.1,14.0,2025-08-15 12:59:37
1680,Bodh Gaya Museum,17,Museum,50,500,100,78.8,7.8,2026-04-10 12:39:24
1681,Mumbai Dam,69,Dam,100,1000,0,86.4,0,2025-10-25 02:44:16
1682,Classic Kohima Viewpoint,84,Viewpoint,10,50,50,74.7,7.9,2025-12-05 05:21:23
1683,Rameswaram Palace,111,Palace,50,250,25,82.4,2.5,2025-05-25 03:32:52
1684,Alleppey Temple,58,Temple,150,750,100,83.9,1.5,2026-05-13 06:35:45
1685,Hyderabad Bridge,114,Bridge,20,100,0,57.6,18.3,2026-05-13 07:55:47
1686,Extra Cheesy Alibaug Beach,76,Beach,200,3000,100,91.3,0,2025-12-04 05:02:18
1687,Roadside Coorg Monastery,52,Monastery,10,50,0,69.0,18.2,2025-01-26 08:04:11
1688,Jodhpur Monastery,97,Monastery,50,400,0,73.3,20.1,2026-01-23 05:47:52
1689,Margao Cave,24,Cave,0,0,0,78.4,11.0,2025-12-25 04:45:56
1690,Vadodara Palace,30,Palace,10,100,0,60.7,24.6,2025-02-16 03:19:58
1691,Bikaner Lake,101,Lake,150,2250,25,58.5,21.7,2025-01-19 04:28:10
1692,Haridwar Garden,129,Garden,200,1000,25,96.0,0,2026-01-14 03:16:19
1693,Village-style Chilika Zoo,90,Zoo,0,0,50,74.8,17.0,2026-01-16 04:39:19
1694,Authentic Kurukshetra Bridge,37,Bridge,30,300,50,81.4,3.8,2025-04-12 06:38:56
1695,Kolkata Beach,134,Beach,30,300,100,77.2,7.5,2026-04-14 15:28:36
1696,Chef's Vadodara Dam,30,Dam,30,300,0,65.0,27.5,2025-10-25 08:39:59
1697,Udupi National Park,53,Dam,50,400,25,77.8,8.6,2025-11-01 02:08:39
1698,Vadodara Zoo,30,Zoo,150,1200,100,80.5,6.2,2025-12-31 17:10:13
1699,Pushkar Temple,99,Temple,10,100,0,73.9,18.1,2025-05-02 08:11:36
1700,Ayodhya Dam,123,Dam,150,2250,0,82.2,3.5,2025-11-13 22:36:25
1701,Ahmedabad Bridge,28,Bridge,50,400,0,43.0,67.6,2025-07-24 23:36:26
1702,Ahmedabad Viewpoint,28,Viewpoint,20,160,0,90.9,0,2025-12-08 20:52:33
1703,Roadside Kanpur Garden,125,Garden,100,800,50,75.2,7.2,2025-06-28 01:22:25
1704,Panaji Waterfall,23,Waterfall,150,1200,100,45.9,64.1,2025-12-20 06:04:18
1705,Kohima Temple,84,Temple,30,150,25,57.4,19.0,2026-03-03 03:27:44
1706,Premium Thiruvananthapuram Waterfall,56,Waterfall,50,400,50,70.3,22.8,2025-10-26 23:48:14
1707,Dalhousie Museum,44,Museum,30,300,25,82.2,3.0,2025-01-08 01:08:45
1708,Ooty Hill Station Point,109,Church,50,400,0,59.0,30.9,2026-04-27 08:45:00
1709,Prayagraj Museum,124,Museum,20,200,25,70.1,19.4,2026-04-05 23:13:17
1710,Lachung Palace,105,Palace,20,100,0,77.6,12.6,2025-11-07 21:06:35
1711,Ayodhya Bridge,123,Bridge,10,100,25,77.8,8.9,2025-10-10 05:37:41
1712,Patna Dam,15,Dam,10,50,0,90.0,0,2025-10-02 15:38:00
1713,Chef's Kolkata Dam,134,Dam,50,400,0,71.4,16.2,2025-01-25 20:11:17
1714,Patna Fort,15,Fort,0,0,25,82.5,4.2,2025-11-21 13:55:58
1715,Quick-bite Panipat National Park,38,National Park,50,400,100,57.4,35.8,2026-01-27 18:02:49
1716,Family Recipe Dharamshala Monastery,41,Monastery,200,3000,100,57.5,20.6,2025-12-27 13:19:40
1717,Roadside Udaipur Hill Station Point,96,Museum,30,240,50,51.8,36.8,2025-06-22 00:49:50
1718,Prayagraj Market,124,Market,200,3000,100,69.4,11.3,2025-09-22 08:55:47
1719,Deluxe Rameswaram Hill Station Point,111,Fort,0,0,100,51.8,25.2,2025-11-04 22:01:17
1720,Jorhat Cave,12,Cave,10,80,100,53.5,32.4,2025-10-04 20:06:11
1721,Kaziranga Dam,13,Dam,10,80,0,79.0,6.5,2026-04-02 22:59:26
1722,Local Favourite Hampi Wildlife Sanctuary,50,Fort,150,2250,0,69.9,20.1,2025-10-13 21:14:19
1723,Traditional Rajgir Cave,19,Cave,50,500,50,75.9,16.1,2026-05-30 05:03:53
1724,Patiala Museum,94,Museum,200,1000,100,60.5,38.5,2025-02-13 15:19:39
1725,Rajahmundry Bridge,5,Bridge,20,100,50,51.0,43.0,2025-04-21 17:33:08
1726,Chef's Mathura Bridge,122,Bridge,100,800,25,65.7,25.3,2025-07-19 16:24:02
1727,Quick-bite Deoghar Monastery,47,Monastery,200,3000,100,78.7,7.0,2026-02-01 07:43:59
1728,Prayagraj Waterfall,124,Waterfall,20,200,50,40.5,61.0,2025-11-12 00:40:46
1729,Signature Digha Palace,136,Palace,20,100,0,44.5,66.5,2025-11-02 09:22:09
1730,Puri Monastery,87,Monastery,150,1200,50,83.2,2.9,2025-03-18 19:08:00
1731,Vijayawada Museum,2,Museum,150,1500,0,65.2,34.0,2025-08-26 14:46:02
1732,Pune Hill Station Point,70,Waterfall,150,750,50,85.8,0,2025-01-13 22:25:18
1733,Spiti Hill Station Point,43,Palace,30,450,100,84.3,0.5,2025-07-29 12:05:58
1734,Kalimpong Dam,139,Dam,0,0,0,62.7,38.5,2026-05-28 16:04:27
1735,Authentic Raipur Market,20,Market,50,400,0,44.1,46.5,2025-04-24 01:42:27
1736,Deoghar Lake,47,Lake,30,450,50,72.8,7.9,2025-04-02 03:52:32
1737,Warangal Fort,115,Fort,200,3000,25,71.9,16.0,2025-04-28 14:32:08
1738,Puri Museum,87,Museum,10,80,0,66.7,25.2,2025-05-31 13:55:54
1739,Dibrugarh Heritage Walk,11,Wildlife Sanctuary,0,0,100,45.0,51.8,2025-04-07 07:53:14
1740,Auli Waterfall,132,Waterfall,0,0,100,76.6,12.9,2026-03-31 02:42:18
1741,Shillong Heritage Walk,79,Palace,200,1000,25,68.8,22.5,2026-02-04 23:26:56
1742,Jorhat Beach,12,Beach,200,1600,50,61.6,22.4,2026-02-24 00:23:43
1743,Premium Warangal Beach,115,Beach,10,150,0,68.2,28.1,2025-09-16 23:48:59
1744,Vadodara National Park,30,Lake,30,300,50,75.9,11.4,2026-03-09 00:08:40
1745,Festival Thanjavur Market,113,Market,0,0,0,64.2,36.2,2025-08-19 19:02:46
1746,Vadodara Dam,30,Dam,0,0,0,82.7,1.9,2026-01-17 05:17:39
1747,Darjeeling Lake,135,Lake,20,300,50,79.0,8.7,2026-03-26 17:58:01
1748,Chef's Guntur Lake,4,Lake,0,0,0,79.5,4.4,2025-12-30 15:32:52
1749,Rajgir Temple,19,Temple,150,750,50,80.0,4.8,2025-11-29 12:12:09
1750,Bhopal Viewpoint,62,Viewpoint,30,300,25,47.2,46.4,2025-05-25 21:33:52
1751,Special Cherrapunji Waterfall,80,Waterfall,100,1500,100,68.9,12.8,2025-10-29 14:29:51
1752,Dimapur Cave,85,Cave,0,0,50,85.6,0,2025-06-26 04:08:42
1753,Homestyle Kanpur Palace,125,Palace,20,300,50,78.8,7.1,2026-04-09 10:46:48
1754,Signature Raipur Heritage Walk,20,National Park,10,100,50,87.6,0,2025-01-31 10:02:52
1755,Royal Faridabad Heritage Walk,36,Church,100,500,100,80.1,6.9,2025-10-31 19:58:15
1756,Dibrugarh Palace,11,Palace,150,1200,50,78.9,7.5,2025-09-26 03:58:59
1757,Pushkar Lake,99,Lake,10,150,0,72.0,15.6,2025-06-26 09:00:38
1758,Aurangabad Fort,73,Fort,0,0,0,59.0,28.1,2025-07-04 19:30:07
1759,Udupi Fort,53,Fort,200,2000,25,58.5,31.0,2025-12-01 00:10:23
1760,Indore Market,63,Market,20,300,100,84.6,0.5,2025-12-16 12:19:49
1761,Mawlynnong Dam,81,Dam,20,160,100,68.1,10.6,2025-08-01 19:15:30
1762,Konark Hill Station Point,88,Bridge,100,1500,100,79.1,6.3,2025-08-20 18:45:48
1763,Nagpur Church,71,Church,10,80,0,58.0,26.1,2025-07-20 17:32:19
1764,Thanjavur Bridge,113,Bridge,100,1000,25,65.7,19.7,2025-03-07 19:29:39
1765,Shantiniketan Hill Station Point,138,Monastery,0,0,100,90.2,0,2025-12-05 15:36:03
1766,Royal Siliguri Heritage Walk,137,Dam,50,400,50,53.4,40.0,2025-04-06 18:22:42
1767,Quick-bite Manali Zoo,40,Zoo,10,150,25,74.8,10.1,2025-01-23 11:26:52
1768,Mussoorie Museum,131,Museum,20,200,0,91.2,0,2025-06-18 22:56:55
1769,Premium Hubballi Fort,54,Fort,50,250,100,45.5,54.9,2025-04-22 03:57:56
1770,Pachmarhi Temple,67,Temple,150,1200,100,44.8,36.8,2026-04-15 20:23:03
1771,Royal Ahmedabad Museum,28,Museum,20,100,50,55.3,42.1,2025-04-08 05:45:21
1772,Traditional Ooty Market,109,Market,10,100,100,85.0,0,2026-05-27 21:59:18
1773,Khajuraho Zoo,64,Zoo,10,50,0,76.2,7.8,2025-06-16 17:31:01
1774,Guntur Viewpoint,4,Viewpoint,20,300,25,59.1,31.2,2026-04-30 21:42:48
1775,Classic Haridwar Hill Station Point,129,Market,100,1500,0,76.6,8.6,2026-03-09 01:54:45
1776,Royal Coimbatore Viewpoint,108,Viewpoint,10,80,25,68.5,13.1,2025-01-01 19:57:46
1777,Classic Faridabad Lake,36,Lake,10,50,25,97.7,0,2025-10-12 14:57:08
1778,Kanpur Cave,125,Cave,30,240,25,62.4,36.7,2026-05-05 04:23:08
1779,Roadside Vijayawada Waterfall,2,Waterfall,50,750,0,66.5,24.4,2025-04-15 05:33:48
1780,Dwarka Hill Station Point,32,Hill Station Point,200,1000,0,38.9,44.7,2025-08-12 21:41:30
1781,Munnar Fort,57,Fort,20,100,100,76.5,11.9,2026-05-07 14:29:04
1782,Nizamabad Cave,116,Cave,0,0,25,87.9,0,2025-04-25 21:44:15
1783,Family Recipe Spiti Lake,43,Lake,10,80,25,89.0,0,2025-05-30 09:18:46
1784,Thanjavur Garden,113,Garden,150,2250,25,73.1,9.0,2026-06-12 00:24:05
1785,Guwahati Zoo,10,Zoo,30,450,100,87.4,0,2025-09-20 12:31:11
1786,Faridabad Church,36,Church,150,2250,0,79.7,3.5,2025-03-03 14:47:39
1787,Nainital Cave,130,Cave,200,1600,25,85.1,0,2026-04-08 12:34:50
1788,Authentic Udupi Cave,53,Cave,100,500,0,66.0,31.5,2025-02-08 17:18:53
1789,Udaipur (Tripura) Cave,118,Cave,50,750,25,44.8,34.4,2026-01-26 12:22:43
1790,Margao Viewpoint,24,Viewpoint,10,50,0,58.3,21.1,2025-08-12 08:23:52
1791,Guwahati Fort,10,Fort,10,50,100,88.6,0,2026-04-17 04:48:31
1792,Coorg Cave,52,Cave,20,100,50,81.2,3.8,2026-06-10 17:38:57
1793,Festival Calangute Palace,26,Palace,50,400,0,76.8,12.3,2026-05-06 23:03:47
1794,Anjuna Hill Station Point,27,Waterfall,150,1500,0,68.3,10.8,2025-12-01 10:46:56
1795,Somnath Temple,33,Temple,30,300,50,81.0,2.9,2026-06-28 05:44:12
1796,Vijayawada Heritage Walk,2,Bridge,150,750,0,76.8,13.6,2026-03-19 06:30:50
1797,Kullu Cave,42,Cave,10,150,100,62.7,34.8,2025-01-03 08:15:26
1798,Premium Jaisalmer Wildlife Sanctuary,98,Zoo,10,100,50,63.5,34.6,2025-02-02 08:08:23
1799,Local Favourite Coimbatore Zoo,108,Zoo,20,100,100,82.5,2.6,2026-06-28 09:51:53
1800,Kaziranga Zoo,13,Zoo,150,2250,0,53.4,32.0,2025-07-28 12:10:47
1801,Premium Hubballi Heritage Walk,54,Temple,0,0,25,49.5,40.1,2025-08-06 09:22:31
1802,Local Favourite Bengaluru Lake,48,Lake,50,400,0,57.5,37.6,2025-03-16 11:02:52
1803,Extra Cheesy Varanasi Heritage Walk,121,Church,30,240,25,59.1,16.0,2026-01-07 07:05:23
1804,Signature Kochi Lake,55,Lake,30,300,0,85.7,0,2025-07-15 07:07:32
1805,Raipur Zoo,20,Zoo,10,100,0,42.8,49.6,2026-03-01 04:18:06
1806,Shantiniketan Dam,138,Dam,30,150,0,59.6,40.5,2025-10-18 19:08:44
1807,Traditional Bikaner Hill Station Point,101,Cave,10,50,0,72.4,8.6,2026-03-12 17:19:34
1808,Spicy Bhopal Zoo,62,Zoo,20,200,0,67.9,12.7,2025-08-22 18:27:52
1809,Shimla Bridge,39,Bridge,10,80,0,88.7,0,2025-11-25 12:10:15
1810,Jim Corbett Lake,133,Lake,10,50,50,78.3,12.1,2025-07-02 17:16:50
1811,Kalimpong Heritage Walk,139,Heritage Walk,10,100,50,85.5,0,2025-02-09 02:11:44
1812,Authentic Bengaluru Market,48,Market,10,100,50,61.6,33.3,2025-07-17 05:41:33
1813,Jaipur Church,95,Church,10,150,50,74.5,15.9,2025-03-12 18:27:29
1814,Special Deoghar Garden,47,Garden,150,1500,25,38.3,52.7,2025-02-22 23:53:46
1815,Jaisalmer Beach,98,Beach,100,1000,25,75.3,8.3,2025-01-10 08:02:34
1816,Mount Abu Palace,100,Palace,30,240,0,54.0,53.6,2025-03-12 04:03:47
1817,Bengaluru Palace,48,Palace,200,2000,0,81.2,4.5,2025-05-19 19:27:19
1818,Jagdalpur Cave,22,Cave,50,250,50,46.3,52.9,2025-04-25 06:52:38
1819,Aizawl Beach,82,Beach,200,3000,0,81.2,4.9,2025-10-01 15:44:31
1820,Mumbai Bridge,69,Bridge,50,250,0,69.0,22.8,2026-04-04 13:00:56
1821,Kovalam Museum,61,Museum,10,80,0,85.9,0,2026-06-15 22:21:36
1822,Rameswaram Wildlife Sanctuary,111,Monastery,50,750,0,65.0,19.1,2026-03-27 05:20:09
1823,Royal Coorg Lake,52,Lake,150,1200,25,72.9,16.9,2025-09-13 04:57:06
1824,Festival Coimbatore Dam,108,Dam,200,3000,100,57.0,33.9,2026-01-12 06:52:27
1825,Panipat Market,38,Market,20,100,0,74.3,13.3,2026-05-15 00:48:43
1826,Patiala National Park,94,Temple,20,100,0,75.7,11.9,2026-04-07 23:50:22
1827,Kanpur Waterfall,125,Waterfall,0,0,0,63.4,26.7,2025-12-16 17:09:08
1828,Chef's Coorg National Park,52,Market,100,800,0,87.5,0,2025-12-14 20:50:44
1829,Nalanda Palace,18,Palace,100,1000,0,77.5,13.2,2026-05-15 09:44:37
1830,Extra Cheesy Surat Temple,29,Temple,20,160,0,80.3,3.0,2026-06-29 21:08:34
1831,Khajuraho Palace,64,Palace,0,0,0,70.2,10.7,2026-02-01 15:01:09
1832,Chef's Panaji Zoo,23,Zoo,200,1000,100,84.7,0.5,2025-08-14 08:59:33
1833,Premium Cherrapunji Palace,80,Palace,150,2250,25,67.4,19.5,2026-04-19 23:45:50
1834,Vadodara Cave,30,Cave,10,80,100,80.4,7.3,2025-02-21 04:57:20
1835,Mysuru Zoo,49,Zoo,10,100,100,81.9,2.3,2025-07-14 20:47:48
1836,Classic Siliguri Palace,137,Palace,10,80,50,76.7,14.6,2026-01-09 03:44:40
1837,Grandma's Silchar Waterfall,14,Waterfall,20,300,25,78.0,10.0,2026-01-26 18:13:25
1838,Manali Dam,40,Dam,30,150,50,84.1,0.8,2026-01-09 18:23:13
1839,Kanpur Market,125,Market,200,3000,0,72.6,12.8,2026-04-08 09:28:39
1840,Haridwar Museum,129,Museum,200,1000,50,52.4,47.5,2026-06-24 22:41:31
1841,Ziro Cave,9,Cave,150,1500,25,49.6,49.0,2025-05-30 10:20:00
1842,Family Recipe Ooty Temple,109,Temple,0,0,25,71.2,24.5,2026-01-11 14:32:40
1843,Royal Madurai Dam,107,Dam,0,0,50,69.4,27.6,2025-09-20 07:28:58
1844,Bilaspur Church,21,Church,30,240,100,92.2,0,2025-07-12 16:55:36
1845,Guntur Hill Station Point,4,Wildlife Sanctuary,100,800,25,65.6,32.8,2025-09-12 18:05:10
1846,Mumbai Market,69,Market,100,1500,25,83.8,0.7,2025-07-12 14:52:51
1847,Indore National Park,63,Market,20,300,100,77.9,6.6,2026-03-02 12:39:54
1848,Hampi Hill Station Point,50,Dam,10,80,25,76.7,5.6,2025-08-23 12:58:30
1849,Jaipur Palace,95,Palace,30,240,100,60.8,16.4,2025-02-03 09:05:59
1850,Ahmedabad Temple,28,Temple,10,100,50,53.1,53.8,2025-01-31 11:34:22
1851,Jaipur Beach,95,Beach,0,0,0,83.5,1.0,2026-01-28 11:52:58
1852,Mangaluru Church,51,Church,0,0,50,67.2,24.3,2025-09-13 12:40:29
1853,Gaya Wildlife Sanctuary,16,Fort,0,0,25,84.3,1.0,2026-05-27 03:27:24
1854,Digha National Park,136,Waterfall,20,100,100,85.9,0,2025-01-23 08:18:28
1855,Bilaspur Monastery,21,Monastery,200,3000,50,46.8,46.3,2025-01-19 18:02:37
1856,Classic Jorhat Hill Station Point,12,Garden,100,1000,100,46.2,27.6,2026-01-24 23:47:51
1857,Kovalam Lake,61,Lake,150,1200,0,59.4,33.5,2025-08-17 20:17:23
1858,Royal Bikaner Waterfall,101,Waterfall,150,2250,50,68.1,20.9,2025-08-23 07:53:52
1859,Agartala National Park,117,Zoo,150,750,25,86.0,0,2025-10-02 01:11:15
1860,Udupi Heritage Walk,53,Cave,20,160,50,63.6,21.7,2025-02-20 19:05:00
1861,Vadodara Zoo,30,Zoo,20,100,100,83.7,1.8,2025-06-04 20:55:49
1862,Gaya Museum,16,Museum,50,400,0,83.7,2.3,2025-05-27 00:28:18
1863,Roadside Faridabad Lake,36,Lake,30,150,50,81.7,4.6,2025-02-25 12:09:04
1864,Spicy Orchha Hill Station Point,68,Palace,200,2000,100,81.7,4.0,2025-04-03 00:49:06
1865,Homestyle Dibrugarh Lake,11,Lake,0,0,50,60.4,43.4,2025-05-08 14:39:33
1866,Siliguri Market,137,Market,30,300,100,68.5,21.0,2025-04-01 03:24:41
1867,Premium Auli Hill Station Point,132,Museum,200,1000,50,46.3,24.8,2025-06-19 15:19:21
1868,Dalhousie Cave,44,Cave,0,0,25,79.5,6.7,2026-01-01 05:50:19
1869,Orchha Museum,68,Museum,50,400,100,52.6,28.2,2025-01-15 01:57:19
1870,Anjuna Bridge,27,Bridge,150,2250,0,66.4,31.0,2026-06-09 14:23:50
1871,Mount Abu Fort,100,Fort,10,100,100,48.8,23.4,2025-05-15 22:01:06
1872,Anjuna Dam,27,Dam,10,100,100,44.9,52.3,2026-01-25 02:52:53
1873,Local Favourite Mumbai Church,69,Church,0,0,25,53.4,46.0,2025-08-23 13:23:09
1874,Faridabad Garden,36,Garden,100,1500,0,78.8,9.8,2026-02-14 01:17:06
1875,Chef's Somnath Heritage Walk,33,Waterfall,20,300,50,54.6,28.7,2025-06-26 14:46:00
1876,Visakhapatnam Garden,1,Garden,50,250,25,65.6,29.1,2025-08-22 05:48:18
1877,Extra Cheesy Prayagraj Viewpoint,124,Viewpoint,50,750,0,48.5,62.5,2025-05-03 04:14:39
1878,Jamshedpur Hill Station Point,46,Cave,100,1500,50,65.7,16.8,2025-09-11 09:05:35
1879,Authentic Patna Church,15,Church,10,50,0,72.4,16.0,2025-03-18 20:28:12
1880,Guntur Heritage Walk,4,Hill Station Point,0,0,0,58.6,25.5,2025-07-20 13:57:56
1881,Ajmer Dam,102,Dam,150,1500,100,76.5,7.0,2026-03-25 18:18:49
1882,Auli Waterfall,132,Waterfall,0,0,0,65.0,20.6,2026-03-26 18:41:32
1883,Extra Cheesy Kakinada Lake,6,Lake,200,1600,100,61.7,34.0,2025-05-31 02:19:15
1884,Ahmedabad Bridge,28,Bridge,20,100,50,54.3,31.9,2026-06-27 03:04:59
1885,Dibrugarh Lake,11,Lake,200,2000,100,44.0,59.6,2025-01-23 15:34:15
1886,Ludhiana Waterfall,93,Waterfall,20,200,0,59.1,37.7,2025-01-13 14:39:08
1887,Classic Pachmarhi Garden,67,Garden,20,300,25,77.7,12.5,2025-03-22 09:49:03
1888,Munnar Palace,57,Palace,0,0,25,71.9,13.5,2025-02-14 00:47:31
1889,Extra Cheesy Rajgir Market,19,Market,150,1500,50,87.7,0,2025-03-13 22:29:49
1890,Grandma's Udupi Waterfall,53,Waterfall,10,50,0,68.8,27.0,2025-04-09 04:26:07
1891,Dwarka Beach,32,Beach,0,0,25,65.5,17.6,2025-06-07 23:06:00
1892,Signature Udupi Viewpoint,53,Viewpoint,20,200,25,63.4,37.3,2025-02-03 03:06:40
1893,Premium Ayodhya Beach,123,Beach,150,1500,50,65.8,17.8,2025-07-10 22:16:22
1894,Gir Fort,34,Fort,10,50,50,75.1,7.2,2025-04-04 19:38:18
1895,Auli Viewpoint,132,Viewpoint,50,400,100,43.0,68.3,2025-03-15 22:17:28
1896,Konark Monastery,88,Monastery,10,100,50,86.6,0,2025-02-07 14:32:20
1897,Festival Ludhiana Temple,93,Temple,100,1000,0,88.5,0,2025-06-18 01:11:28
1898,Panaji Fort,23,Fort,200,2000,0,82.1,5.1,2025-09-23 04:27:22
1899,Traditional Noida Garden,126,Garden,30,150,50,51.9,48.5,2025-09-28 12:02:58
1900,Shantiniketan Wildlife Sanctuary,138,Lake,200,1000,25,82.8,3.6,2026-01-24 02:21:58
1901,Nainital Lake,130,Lake,50,400,50,43.4,43.9,2025-09-09 02:06:18
1902,Festival Thiruvananthapuram Museum,56,Museum,10,50,100,67.7,16.9,2026-01-12 22:41:34
1903,Rajahmundry Temple,5,Temple,10,100,0,76.9,10.6,2025-04-27 17:41:03
1904,Thanjavur Palace,113,Palace,150,1500,100,84.5,0.7,2025-03-13 13:48:29
1905,Festival Patna Palace,15,Palace,150,2250,0,71.3,13.2,2025-08-02 03:33:09
1906,Chef's Wayanad Cave,60,Cave,20,200,50,63.1,24.8,2025-04-20 00:18:23
1907,Deoghar Cave,47,Cave,10,80,0,76.4,9.5,2025-12-02 18:18:58
1908,Family Recipe Hubballi Palace,54,Palace,20,100,0,87.7,0,2026-02-17 05:39:01
1909,Puri Lake,87,Lake,0,0,100,51.7,48.4,2025-06-16 22:57:52
1910,Jorhat Monastery,12,Monastery,30,300,0,85.5,0,2026-01-19 07:09:56
1911,Premium Nalanda Fort,18,Fort,150,1200,50,86.7,0,2025-03-04 11:46:51
1912,Surat Monastery,29,Monastery,30,150,25,59.4,42.9,2025-04-04 10:56:06
1913,Patiala Bridge,94,Bridge,200,3000,0,40.9,68.8,2025-03-26 08:37:17
1914,Dharamshala Lake,41,Lake,20,300,100,87.4,0,2025-03-06 08:58:11
1915,Pushkar Temple,99,Temple,30,450,50,79.0,5.3,2026-06-05 08:02:18
1916,Shimla Wildlife Sanctuary,39,Wildlife Sanctuary,30,240,25,81.2,5.6,2026-05-15 03:16:22
1917,Family Recipe Udaipur Zoo,96,Zoo,100,500,0,76.4,8.9,2025-07-16 02:55:53
1918,Raipur Monastery,20,Monastery,200,3000,100,64.9,25.9,2025-03-21 20:29:54
1919,Family Recipe Deoghar Cave,47,Cave,50,500,25,88.9,0,2025-12-02 13:19:53
1920,Kurukshetra Zoo,37,Zoo,10,80,0,59.0,45.0,2026-02-23 09:35:04
1921,Lucknow Museum,119,Museum,200,3000,0,55.3,19.9,2025-04-04 03:10:27
1922,Jodhpur Viewpoint,97,Viewpoint,50,250,0,90.2,0,2025-08-24 01:27:52
1923,Itanagar National Park,7,National Park,20,100,50,83.9,0.8,2025-03-21 00:52:20
1924,Ajmer Wildlife Sanctuary,102,Waterfall,0,0,50,58.5,23.9,2025-01-02 14:07:56
1925,Vadodara Hill Station Point,30,Cave,150,1200,100,64.7,18.2,2026-04-18 23:55:13
1926,Kolkata Fort,134,Fort,30,240,0,63.3,30.3,2025-12-11 01:29:43
1927,Authentic Kolkata Heritage Walk,134,Garden,0,0,25,59.1,41.4,2026-01-04 20:28:28
1928,Mussoorie Market,131,Market,10,100,0,53.0,28.2,2025-01-24 20:55:10
1929,Village-style Jaipur Garden,95,Garden,200,1600,0,62.2,34.5,2025-08-23 16:23:15
1930,Bodh Gaya Monastery,17,Monastery,150,1200,100,75.6,8.5,2026-06-14 12:18:13
1931,Festival Bodh Gaya Lake,17,Lake,0,0,0,67.6,20.3,2025-03-28 02:08:42
1932,Special Manali Heritage Walk,40,National Park,20,200,100,69.4,9.8,2025-07-11 11:55:31
1933,Chef's Varanasi Beach,121,Beach,50,400,25,49.9,33.0,2025-05-03 12:13:55
1934,Patna Viewpoint,15,Viewpoint,0,0,25,70.6,12.0,2025-09-28 11:10:53
1935,Udaipur Monastery,96,Monastery,100,1500,0,88.8,0,2025-08-10 06:45:48
1936,Ahmedabad Palace,28,Palace,20,100,50,80.9,2.8,2025-09-28 07:10:45
1937,Spicy Jagdalpur Cave,22,Cave,150,2250,50,76.6,10.0,2026-05-08 06:28:07
1938,Chef's Pune National Park,70,Monastery,0,0,50,80.3,3.9,2025-07-11 04:47:44
1939,Roadside Agartala Monastery,117,Monastery,200,3000,25,86.1,0,2025-08-27 12:03:44
1940,Chilika Bridge,90,Bridge,10,80,0,55.9,26.0,2026-02-01 01:50:09
1941,Extra Cheesy Kolkata Museum,134,Museum,200,1000,100,73.4,19.3,2025-12-22 20:02:12
1942,Chef's Patna Cave,15,Cave,0,0,0,63.2,20.7,2026-06-14 12:17:51
1943,Alleppey National Park,58,Lake,200,1000,0,80.9,6.8,2025-10-29 15:33:27
1944,Traditional Manali Museum,40,Museum,100,1000,0,57.6,20.7,2025-12-10 20:36:59
1945,Silchar Bridge,14,Bridge,30,150,100,59.0,28.2,2025-03-15 17:03:19
1946,Lucknow Market,119,Market,50,750,100,78.8,5.9,2026-06-18 12:03:25
1947,Warangal National Park,115,Viewpoint,100,1000,100,61.4,28.6,2025-03-31 12:19:21
1948,Aurangabad Monastery,73,Monastery,10,50,50,36.5,68.6,2025-03-26 16:28:45
1949,Festival Thanjavur Zoo,113,Zoo,30,150,0,89.8,0,2025-06-06 09:27:22
1950,Gaya Lake,16,Lake,50,500,0,53.3,43.3,2026-05-12 13:02:14
1951,Ahmedabad Church,28,Church,20,100,0,64.9,33.2,2025-10-24 11:01:54
1952,Classic Ajmer Museum,102,Museum,150,1200,100,88.1,0,2026-04-15 15:49:44
1953,Spicy Udaipur (Tripura) Church,118,Church,0,0,100,80.6,4.5,2025-03-08 19:37:53
1954,Surat Hill Station Point,29,Hill Station Point,0,0,50,58.1,16.4,2025-12-11 20:57:55
1955,Bengaluru Wildlife Sanctuary,48,Wildlife Sanctuary,200,1600,25,73.6,15.8,2025-03-24 21:25:01
1956,Traditional Udaipur Hill Station Point,96,Monastery,150,2250,0,63.1,19.8,2026-06-06 19:58:35
1957,Nashik Market,72,Market,50,500,0,80.7,3.9,2025-10-03 07:28:36
1958,Tawang Wildlife Sanctuary,8,Wildlife Sanctuary,200,1600,50,57.6,27.1,2025-06-29 11:12:49
1959,Chef's Ludhiana Beach,93,Beach,10,150,0,77.8,4.6,2025-12-08 19:50:53
1960,Gwalior Hill Station Point,65,Palace,100,1500,0,68.2,26.4,2026-03-20 23:23:42
1961,Chandigarh Hill Station Point,92,Cave,20,200,100,70.2,24.5,2025-06-21 15:28:48
1962,Ajmer Temple,102,Temple,150,1200,25,89.8,0,2025-08-04 04:38:07
1963,Roadside Visakhapatnam Monastery,1,Monastery,20,300,0,48.3,38.3,2026-01-12 12:33:44
1964,Traditional Lachung Beach,105,Beach,200,1000,0,59.5,34.3,2025-02-05 12:30:48
1965,Lucknow Temple,119,Temple,0,0,0,78.3,9.4,2025-04-14 00:30:32
1966,Tawang Church,8,Church,100,800,25,58.8,22.6,2025-10-09 21:26:23
1967,Ziro Church,9,Church,50,500,50,74.5,14.3,2025-08-21 08:51:48
1968,Patiala Fort,94,Fort,50,400,25,53.7,30.8,2026-01-29 14:06:38
1969,Prayagraj Palace,124,Palace,200,1600,0,69.4,15.3,2025-01-22 11:38:45
1970,Mangaluru National Park,51,Dam,150,750,100,63.3,17.3,2025-04-01 06:41:19
1971,Spicy Shillong National Park,79,Viewpoint,0,0,50,84.2,0.6,2026-02-26 01:55:05
1972,Village-style Pushkar Wildlife Sanctuary,99,Monastery,30,150,0,57.2,19.3,2025-01-31 12:48:17
1973,Spicy Panipat Fort,38,Fort,20,300,25,78.9,10.5,2026-03-13 09:48:06
1974,Dimapur Cave,85,Cave,10,80,25,51.4,51.6,2025-11-08 22:45:01
1975,Haridwar Viewpoint,129,Viewpoint,30,150,50,71.3,18.4,2025-01-09 06:19:25
1976,Noida Cave,126,Cave,100,1500,0,53.0,44.9,2025-01-02 08:33:16
1977,Mangaluru Dam,51,Dam,10,150,100,68.1,11.6,2026-04-09 02:48:39
1978,Rajgir Palace,19,Palace,20,100,100,64.4,19.6,2025-02-02 19:12:40
1979,Signature Rajkot Hill Station Point,31,Wildlife Sanctuary,0,0,0,66.7,25.0,2025-05-20 11:47:59
1980,Dwarka Hill Station Point,32,Bridge,30,300,50,50.7,21.0,2025-12-13 22:44:25
1981,Ayodhya Beach,123,Beach,200,1600,0,94.4,0,2025-05-25 12:53:38
1982,Kullu Dam,42,Dam,200,1600,25,78.0,11.4,2026-04-28 06:04:16
1983,Authentic Gwalior Monastery,65,Monastery,200,3000,25,70.1,17.7,2025-03-26 00:56:45
1984,Nizamabad Dam,116,Dam,50,400,0,77.8,5.8,2026-01-03 21:38:17
1985,Signature Jodhpur Bridge,97,Bridge,30,240,0,80.0,6.6,2025-05-01 12:48:29
1986,Local Favourite Nagpur Dam,71,Dam,30,300,50,76.8,12.1,2025-01-03 11:43:16
1987,Premium Rajkot Fort,31,Fort,30,450,0,61.2,18.9,2025-01-10 09:20:01
1988,Classic Gir Temple,34,Temple,0,0,100,89.9,0,2025-03-20 05:20:29
1989,Visakhapatnam Wildlife Sanctuary,1,Market,50,750,100,84.0,0.6,2025-07-31 01:22:30
1990,Dimapur Hill Station Point,85,Garden,100,800,25,60.5,19.4,2025-06-09 12:12:25
1991,Local Favourite Siliguri Garden,137,Garden,20,200,0,81.7,4.3,2026-02-21 23:32:54
1992,Mangaluru Church,51,Church,10,150,25,93.6,0,2025-08-23 11:35:07
1993,Quick-bite Ludhiana Viewpoint,93,Viewpoint,100,1000,0,72.6,10.8,2025-07-08 18:30:24
1994,Aurangabad Beach,73,Beach,0,0,100,87.1,0,2026-01-22 07:06:14
1995,Village-style Vijayawada Viewpoint,2,Viewpoint,200,1600,0,63.0,18.1,2025-08-03 01:45:30
1996,Dehradun Lake,127,Lake,0,0,25,87.8,0,2026-01-17 01:48:20
1997,Bilaspur Church,21,Church,50,400,0,69.9,17.7,2025-02-10 23:11:59
1998,Chef's Kullu Beach,42,Beach,200,1000,25,86.3,0,2026-04-24 07:40:45
1999,Shimla Temple,39,Temple,50,400,100,59.3,25.1,2026-05-17 11:57:53
2000,Khajuraho Beach,64,Beach,0,0,0,73.7,7.8,2025-09-09 03:42:02
2001,Agra Lake,120,Lake,10,150,25,64.7,12.9,2025-05-31 01:58:33
2002,Itanagar Museum,7,Museum,100,500,100,84.2,0.9,2026-04-25 20:40:45
2003,Kurukshetra Cave,37,Cave,100,500,0,48.9,23.7,2025-02-02 09:10:10
2004,Somnath Museum,33,Museum,30,240,0,87.9,0,2025-06-06 02:34:44
2005,Kozhikode Fort,59,Fort,50,250,0,83.7,0.9,2025-10-26 03:03:31
2006,Khajuraho Waterfall,64,Waterfall,0,0,100,63.7,18.0,2025-11-24 09:48:33
2007,Tirupati National Park,3,Lake,20,200,0,86.2,0,2026-04-22 18:14:42
2008,Deluxe Patiala Monastery,94,Monastery,50,400,0,71.6,12.7,2026-05-27 07:45:15
2009,Jaisalmer Cave,98,Cave,20,300,50,68.2,13.5,2025-02-10 18:37:25
2010,Kanyakumari Waterfall,110,Waterfall,200,3000,50,70.8,13.6,2025-12-05 22:25:30
2011,Premium Ujjain Cave,66,Cave,50,750,0,61.3,29.9,2025-01-18 15:35:41
2012,Puri Palace,87,Palace,30,300,100,95.6,0,2025-07-24 07:26:11
2013,Ujjain National Park,66,Museum,20,200,0,63.9,29.3,2026-06-23 00:39:12
2014,Village-style Lonavala Fort,74,Fort,10,80,25,66.3,27.9,2026-03-07 13:15:24
2015,Deluxe Ayodhya Heritage Walk,123,Bridge,0,0,25,87.0,0,2026-05-03 03:30:18
2016,Bengaluru Temple,48,Temple,30,240,50,70.2,24.7,2025-07-26 09:16:14
2017,Jamshedpur Viewpoint,46,Viewpoint,200,3000,50,86.4,0,2025-09-26 16:11:29
2018,Village-style Khajuraho Market,64,Market,10,50,50,82.9,1.5,2026-03-03 22:45:37
2019,Tirupati Lake,3,Lake,50,250,100,64.2,20.5,2026-04-28 07:23:56
2020,Special Rajahmundry Hill Station Point,5,Temple,20,200,25,72.1,22.4,2025-02-27 09:22:09
2021,Munnar Fort,57,Fort,50,750,25,80.1,4.0,2025-04-03 05:37:50
2022,Quick-bite Madurai Market,107,Market,20,100,100,53.0,44.7,2025-12-04 19:55:28
2023,Deluxe Vijayawada Hill Station Point,2,Dam,100,1500,0,55.0,44.1,2026-01-13 23:43:31
2024,Traditional Prayagraj Temple,124,Temple,150,750,50,60.2,43.7,2025-09-05 04:21:59
2025,Gangtok Palace,103,Palace,100,800,50,83.8,1.9,2025-06-25 05:50:14
2026,Dharamshala Cave,41,Cave,30,450,25,70.2,10.3,2025-07-08 00:25:11
2027,Spicy Mathura Hill Station Point,122,Waterfall,150,1500,0,71.6,18.1,2025-07-05 14:58:48
2028,Nagpur Heritage Walk,71,Fort,200,3000,25,82.6,3.5,2025-05-01 17:00:59
2029,Traditional Patna Wildlife Sanctuary,15,Hill Station Point,50,500,50,45.6,26.1,2025-09-24 18:01:03
2030,Gir Heritage Walk,34,National Park,150,1500,50,65.3,18.6,2026-01-24 10:41:13
2031,Prayagraj Viewpoint,124,Viewpoint,100,500,0,80.2,4.5,2026-03-08 06:32:11
2032,Bhopal Palace,62,Palace,100,500,25,44.7,37.7,2026-03-10 20:24:49
2033,Hubballi Market,54,Market,150,750,0,40.4,62.4,2025-12-01 04:10:03
2034,Kaziranga Garden,13,Garden,0,0,0,48.1,31.1,2025-03-26 06:33:44
2035,Visakhapatnam Dam,1,Dam,30,300,25,87.7,0,2025-03-19 00:19:41
2036,Pachmarhi Fort,67,Fort,150,750,50,62.8,27.8,2026-04-07 03:06:31
2037,Special Shillong Monastery,79,Monastery,30,450,100,79.1,6.0,2026-01-22 23:37:34
2038,Guwahati Dam,10,Dam,0,0,25,67.2,17.4,2025-11-04 16:40:31
2039,Indore Dam,63,Dam,20,300,100,43.6,25.5,2025-08-24 12:54:51
2040,Premium Jaipur Waterfall,95,Waterfall,0,0,100,78.5,11.5,2025-11-14 06:45:14
2041,Kakinada Hill Station Point,6,Monastery,100,800,100,81.1,4.8,2025-02-19 02:42:29
2042,Jorhat Beach,12,Beach,10,80,50,54.5,48.7,2025-12-16 03:18:13
2043,Bhubaneswar Dam,86,Dam,100,800,50,94.4,0,2026-04-23 10:33:16
2044,Darjeeling Hill Station Point,135,Wildlife Sanctuary,200,3000,50,78.6,10.1,2026-04-07 19:57:38
2045,Gaya Heritage Walk,16,Waterfall,20,300,0,57.0,23.1,2026-03-25 13:09:06
2046,Jodhpur National Park,97,Market,10,80,100,70.6,10.3,2025-03-24 18:25:36
2047,Jim Corbett Lake,133,Lake,10,150,25,57.0,38.1,2026-02-15 00:17:53
2048,Patiala Market,94,Market,10,50,25,62.5,20.0,2026-01-29 03:12:58
2049,Chennai Lake,106,Lake,50,400,0,76.5,9.5,2025-06-18 01:36:24
2050,Aurangabad Palace,73,Palace,30,150,25,48.6,49.2,2025-01-30 04:48:39
2051,Kaziranga Viewpoint,13,Viewpoint,150,1500,100,72.4,15.3,2025-02-24 17:16:33
2052,Haridwar Fort,129,Fort,150,750,25,63.0,20.2,2025-01-16 06:08:54
2053,Hampi Wildlife Sanctuary,50,Viewpoint,200,2000,50,87.6,0,2025-04-14 19:46:20
2054,Jaipur Temple,95,Temple,20,100,0,48.9,41.6,2025-01-01 16:20:44
2055,Mussoorie Palace,131,Palace,20,200,25,57.4,30.8,2025-02-01 05:56:16
2056,Indore Church,63,Church,150,2250,100,85.9,0,2026-06-23 18:58:28
2057,Kolkata Lake,134,Lake,10,100,50,66.5,27.3,2025-01-29 00:43:36
2058,Traditional Nashik Bridge,72,Bridge,30,450,25,76.9,9.7,2025-10-05 15:40:38
2059,Festival Hyderabad Waterfall,114,Waterfall,100,500,100,79.5,7.6,2025-04-21 11:33:22
2060,Lonavala Garden,74,Garden,20,300,25,59.3,41.4,2025-03-17 00:56:22
2061,Alibaug Palace,76,Palace,100,800,50,87.8,0,2025-07-27 14:37:07
2062,Thiruvananthapuram Cave,56,Cave,100,1500,50,52.2,51.2,2025-01-19 12:06:59
2063,Nashik National Park,72,Hill Station Point,0,0,100,78.1,11.3,2026-01-23 16:59:36
2064,Gaya Museum,16,Museum,50,750,100,71.1,9.3,2025-04-18 19:54:12
2065,Kalimpong Museum,139,Museum,150,2250,0,49.5,34.7,2025-01-28 20:42:19
2066,Guwahati Bridge,10,Bridge,0,0,50,78.2,10.8,2025-02-09 10:01:46
2067,Shillong Palace,79,Palace,50,500,50,74.0,14.7,2025-08-28 03:34:04
2068,Special Shantiniketan Palace,138,Palace,0,0,50,63.3,36.1,2025-11-15 19:45:46
2069,Traditional Mysuru Museum,49,Museum,200,2000,50,72.7,14.4,2025-06-07 20:32:00
2070,Margao Zoo,24,Zoo,150,1500,0,81.5,3.5,2026-03-23 23:38:09
2071,Nalanda Temple,18,Temple,10,100,100,76.0,13.2,2025-06-20 10:46:52
2072,Signature Agra Garden,120,Garden,30,240,25,75.8,14.1,2026-01-01 04:56:27
2073,Ajmer Museum,102,Museum,30,450,50,87.7,0,2025-05-25 15:30:03
2074,Aurangabad Cave,73,Cave,20,300,50,68.8,23.0,2025-10-28 13:23:10
2075,Dwarka Viewpoint,32,Viewpoint,200,3000,50,75.5,15.9,2025-01-20 20:33:03
2076,Gangtok Dam,103,Dam,20,200,0,86.8,0,2025-04-06 13:17:12
2077,Gwalior Museum,65,Museum,30,300,25,76.3,6.3,2025-12-12 03:40:11
2078,Kanpur National Park,125,Temple,50,250,25,48.9,42.1,2026-04-14 20:34:32
2079,Chef's Guwahati Bridge,10,Bridge,0,0,0,83.8,2.1,2026-02-07 05:08:58
2080,Quick-bite Aizawl Heritage Walk,82,Museum,200,2000,0,73.1,17.9,2026-04-20 04:14:33
2081,Homestyle Kullu Palace,42,Palace,200,1600,0,83.6,1.6,2025-03-08 20:05:35
2082,Spicy Udaipur (Tripura) Bridge,118,Bridge,20,100,0,46.5,56.0,2026-05-02 08:38:28
2083,Konark Market,88,Market,30,240,25,79.7,3.2,2025-12-08 07:51:06
2084,Hyderabad Beach,114,Beach,200,3000,25,72.0,12.4,2026-05-09 01:26:50
2085,Kullu Lake,42,Lake,10,80,0,37.4,55.0,2026-05-29 04:23:00
2086,Dehradun Lake,127,Lake,200,3000,50,70.3,20.6,2026-04-21 18:19:07
2087,Gir Cave,34,Cave,30,240,100,81.9,5.0,2025-01-31 03:20:25
2088,Quick-bite Varanasi Church,121,Church,150,1200,100,58.5,40.9,2025-03-04 02:09:21
2089,Thanjavur Palace,113,Palace,100,500,50,93.1,0,2025-09-05 00:28:15
2090,Extra Cheesy Rishikesh Cave,128,Cave,30,150,0,87.9,0,2026-03-26 01:13:00
2091,Quick-bite Kohima Hill Station Point,84,Museum,10,100,0,43.9,43.7,2025-08-08 04:10:59
2092,Guwahati Monastery,10,Monastery,30,300,0,87.7,0,2025-09-29 23:15:36
2093,Authentic Mawlynnong Dam,81,Dam,10,50,0,74.2,18.1,2025-11-29 05:35:27
2094,Deluxe Vadodara Beach,30,Beach,150,1200,100,57.6,25.1,2025-02-11 10:10:05
2095,Nagpur Lake,71,Lake,150,1500,0,70.2,21.2,2026-04-17 13:12:07
2096,Family Recipe Mumbai Temple,69,Temple,0,0,50,68.2,25.5,2025-05-02 23:43:22
2097,Festival Panaji Cave,23,Cave,50,400,25,56.2,18.9,2026-02-16 05:58:39
2098,Darjeeling Beach,135,Beach,150,750,50,79.4,7.3,2025-02-11 08:54:17
2099,Pushkar Temple,99,Temple,0,0,0,68.8,10.0,2025-11-26 05:03:10
2100,Ajmer Fort,102,Fort,100,1000,100,80.3,5.4,2025-05-25 18:20:50
2101,Amritsar Hill Station Point,91,Market,200,1600,50,76.5,8.0,2026-04-24 15:48:43
2102,Grandma's Surat Market,29,Market,200,1000,50,94.5,0,2025-08-08 19:45:14
2103,Spicy Varanasi Palace,121,Palace,200,1600,0,45.5,35.0,2026-05-27 17:46:33
2104,Siliguri Monastery,137,Monastery,30,300,0,63.0,13.9,2026-06-29 17:28:30
2105,Grandma's Rajahmundry Dam,5,Dam,150,1200,0,82.9,2.2,2026-01-08 11:44:10
2106,Guwahati Bridge,10,Bridge,10,150,50,64.2,13.4,2025-10-22 00:47:24
2107,Gurugram Lake,35,Lake,200,2000,50,44.0,42.1,2025-03-12 16:23:25
2108,Kalimpong Palace,139,Palace,200,1600,100,57.2,28.6,2026-02-01 22:58:52
2109,Spiti Market,43,Market,50,400,50,57.9,33.9,2026-04-04 01:57:41
2110,Spicy Ludhiana Lake,93,Lake,30,300,25,93.7,0,2025-04-04 18:36:21
2111,Konark Dam,88,Dam,20,300,100,55.9,43.7,2025-08-22 10:05:05
2112,Kochi Waterfall,55,Waterfall,100,500,0,57.6,20.0,2025-07-29 14:25:01
2113,Hubballi Fort,54,Fort,200,3000,0,64.8,20.0,2025-03-12 05:40:41
2114,Raipur Heritage Walk,20,Viewpoint,30,300,25,72.0,18.4,2025-03-25 20:41:04
2115,Rajgir Palace,19,Palace,20,100,50,60.3,28.8,2025-04-10 09:02:28
2116,Mahabalipuram Dam,112,Dam,0,0,25,67.1,22.9,2025-05-10 12:34:57
2117,Tirupati Fort,3,Fort,30,150,0,86.9,0,2025-08-13 00:15:32
2118,Chennai Heritage Walk,106,Garden,100,500,0,57.6,17.6,2025-11-11 16:55:54
2119,Authentic Patiala Viewpoint,94,Viewpoint,100,500,0,72.3,8.9,2025-06-06 20:14:38
2120,Signature Kanyakumari Fort,110,Fort,30,240,100,88.1,0,2025-06-05 08:18:01
2121,Ajmer Beach,102,Beach,200,2000,0,59.3,22.9,2025-05-30 11:50:30
2122,Special Bodh Gaya Zoo,17,Zoo,20,100,50,53.9,54.4,2025-11-03 06:49:31
2123,Roadside Kaziranga Church,13,Church,20,200,25,76.0,10.9,2026-05-12 14:34:30
2124,Udaipur (Tripura) Church,118,Church,10,50,0,70.4,10.0,2025-08-05 09:10:46
2125,Chef's Panaji Lake,23,Lake,10,150,25,70.1,21.4,2025-03-09 00:14:32
2126,Festival Mussoorie Beach,131,Beach,150,750,100,57.0,39.7,2026-03-06 17:46:12
2127,Kalimpong Hill Station Point,139,Viewpoint,200,1600,0,76.1,11.0,2025-10-10 12:32:32
2128,Nashik Zoo,72,Zoo,50,500,0,78.5,4.8,2026-06-24 15:30:22
2129,Manali Monastery,40,Monastery,0,0,25,84.1,1.6,2025-01-12 05:03:35
2130,Jim Corbett Viewpoint,133,Viewpoint,0,0,50,63.4,14.3,2025-04-19 07:12:27
2131,Pachmarhi Garden,67,Garden,0,0,100,67.4,15.0,2025-01-28 20:42:37
2132,Shillong Zoo,79,Zoo,10,50,0,69.1,26.0,2025-08-10 08:57:31
2133,Mumbai Wildlife Sanctuary,69,Viewpoint,0,0,25,85.4,0,2025-05-12 12:16:37
2134,Bhopal Dam,62,Dam,100,800,0,94.4,0,2026-06-10 04:55:15
2135,Gaya National Park,16,Garden,100,1500,0,92.6,0,2025-12-07 18:52:10
2136,Spicy Pachmarhi Church,67,Church,100,1000,25,71.7,23.2,2025-03-19 03:00:17
2137,Margao Heritage Walk,24,Palace,200,1000,0,75.4,6.1,2026-06-27 08:34:06
2138,Thanjavur Garden,113,Garden,50,400,0,53.3,23.0,2025-11-19 00:47:10
2139,Aizawl Market,82,Market,0,0,0,63.7,29.8,2025-07-28 13:01:59
2140,Homestyle Mathura Heritage Walk,122,Zoo,150,1200,50,73.9,7.9,2025-02-21 11:04:12
2141,Mumbai Zoo,69,Zoo,10,100,0,89.1,0,2025-10-31 07:30:08
2142,Tirupati Heritage Walk,3,Dam,30,450,50,64.4,36.0,2025-06-30 20:35:10
2143,Street-side Mahabaleshwar Monastery,75,Monastery,50,500,50,76.2,7.4,2025-10-23 20:35:15
2144,Ludhiana Hill Station Point,93,Palace,10,50,25,58.8,24.3,2026-04-29 22:08:26
2145,Chilika Beach,90,Beach,200,1600,100,75.2,11.8,2025-02-28 17:18:43
2146,Authentic Surat Cave,29,Cave,150,1500,50,79.4,6.3,2025-06-28 12:44:31
2147,Homestyle Kozhikode Waterfall,59,Waterfall,10,50,25,75.0,11.1,2026-02-05 03:39:44
2148,Dibrugarh Cave,11,Cave,200,3000,100,62.3,25.0,2025-07-06 10:44:25
2149,Dwarka Garden,32,Garden,100,1500,0,78.0,8.6,2026-02-18 08:30:21
2150,Kanpur Wildlife Sanctuary,125,Waterfall,10,80,50,78.4,5.9,2026-06-26 18:09:46
2151,Local Favourite Kanpur Fort,125,Fort,10,50,50,55.5,18.9,2026-06-07 16:15:05
2152,Authentic Digha Garden,136,Garden,30,150,100,40.5,57.4,2026-04-12 17:48:45
2153,Kanpur Cave,125,Cave,200,2000,100,59.8,38.8,2025-11-17 09:48:16
2154,Kozhikode Church,59,Church,150,750,0,67.1,13.0,2026-05-20 01:37:20
2155,Gaya Museum,16,Museum,100,1000,0,53.6,25.6,2025-10-31 07:42:58
2156,Manali Waterfall,40,Waterfall,30,300,25,66.0,17.4,2025-11-19 23:25:10
2157,Dharamshala Monastery,41,Monastery,200,3000,0,60.9,26.7,2026-06-02 07:18:36
2158,Mathura Cave,122,Cave,150,1200,25,62.7,30.7,2025-05-08 16:49:25
2159,Kohima Lake,84,Lake,200,1000,0,82.3,3.4,2026-05-01 15:05:06
2160,Mount Abu Palace,100,Palace,100,1000,100,73.7,9.4,2026-02-20 05:04:59
2161,Cherrapunji Viewpoint,80,Viewpoint,150,750,100,54.1,35.4,2025-05-25 19:59:05
2162,Mawlynnong Church,81,Church,30,240,50,75.2,10.0,2026-02-16 10:06:09
2163,Local Favourite Kanyakumari Cave,110,Cave,20,160,25,54.4,47.3,2026-03-05 11:51:41
2164,Rajahmundry Bridge,5,Bridge,0,0,25,77.9,5.0,2026-04-07 04:27:41
2165,Pelling Church,104,Church,30,450,100,63.3,32.0,2025-12-01 00:52:27
2166,Shimla Monastery,39,Monastery,20,200,100,73.4,18.1,2025-08-14 05:50:51
2167,Kurukshetra Museum,37,Museum,0,0,0,60.5,42.2,2025-11-29 14:05:32
2168,Bilaspur Palace,21,Palace,0,0,50,69.7,11.8,2025-07-13 13:05:24
2169,Quick-bite Aizawl Viewpoint,82,Viewpoint,200,1600,50,83.0,2.0,2026-02-21 00:06:20
2170,Homestyle Kaziranga National Park,13,National Park,30,450,25,84.3,0.8,2025-02-08 14:56:28
2171,Nizamabad Garden,116,Garden,200,2000,0,80.1,7.6,2025-05-12 16:26:40
2172,Visakhapatnam Church,1,Church,20,200,50,70.5,14.6,2026-04-19 19:03:26
2173,Surat Hill Station Point,29,Waterfall,20,160,25,48.2,53.7,2026-03-20 18:30:45
2174,Homestyle Panipat Hill Station Point,38,Church,20,200,0,85.9,0,2025-03-11 10:07:16
2175,Siliguri Heritage Walk,137,Beach,50,250,25,60.2,14.9,2025-09-29 18:49:38
2176,Spicy Lucknow Garden,119,Garden,10,150,100,59.9,24.5,2025-04-26 05:23:52
2177,Cuttack Zoo,89,Zoo,0,0,0,81.0,3.1,2026-06-23 17:55:05
2178,Pelling Monastery,104,Monastery,30,450,50,71.8,13.3,2025-08-18 13:42:51
2179,Kullu National Park,42,Bridge,100,800,100,68.7,23.2,2025-05-25 03:37:12
2180,Special Imphal Zoo,77,Zoo,20,100,0,81.0,6.0,2025-01-14 19:27:45
2181,Traditional Agartala Zoo,117,Zoo,50,250,0,63.5,16.9,2025-05-23 23:23:05
2182,Puri Monastery,87,Monastery,150,2250,0,71.3,22.4,2025-04-18 21:25:56
2183,Alibaug Fort,76,Fort,0,0,100,50.5,27.5,2026-04-25 08:00:25
2184,Lachung Palace,105,Palace,150,1500,0,72.9,9.7,2025-07-13 17:03:07
2185,Festival Faridabad Bridge,36,Bridge,200,1600,50,84.2,1.1,2026-03-28 01:30:07
2186,Bengaluru Market,48,Market,200,2000,0,86.7,0,2025-06-02 15:43:29
2187,Family Recipe Nashik Market,72,Market,0,0,50,54.9,25.5,2025-08-02 02:08:40
2188,Shillong Church,79,Church,150,2250,0,76.0,9.2,2025-10-31 13:10:16
2189,Silchar Cave,14,Cave,10,80,0,65.9,14.3,2025-07-04 15:34:37
2190,Orchha Heritage Walk,68,Wildlife Sanctuary,0,0,25,89.8,0,2026-01-20 04:57:02
2191,Visakhapatnam Museum,1,Museum,0,0,50,80.7,7.1,2026-06-26 21:45:13
2192,Pelling Garden,104,Garden,30,240,0,76.7,14.9,2025-07-15 19:50:21
2193,Authentic Prayagraj Hill Station Point,124,Temple,0,0,50,48.9,64.2,2025-08-28 04:57:00
2194,Homestyle Vasco da Gama Monastery,25,Monastery,150,750,25,74.1,12.7,2025-05-31 11:38:16
2195,Dharamshala Bridge,41,Bridge,200,1000,50,68.9,13.2,2025-05-13 14:14:47
2196,Kochi Fort,55,Fort,200,1000,0,84.6,0.3,2025-02-10 11:10:45
2197,Pushkar Bridge,99,Bridge,150,750,0,63.5,31.7,2025-11-21 20:16:36
2198,Spiti Palace,43,Palace,100,800,25,53.2,49.6,2025-06-05 22:36:46
2199,Ahmedabad Museum,28,Museum,20,300,50,47.0,38.9,2026-06-19 06:01:21
2200,Cuttack Dam,89,Dam,150,2250,0,93.9,0,2025-04-03 02:19:42
2201,Itanagar Bridge,7,Bridge,50,750,25,62.9,18.7,2026-04-26 23:40:07
2202,Royal Pune Waterfall,70,Waterfall,10,100,50,68.3,24.0,2026-05-31 03:33:34
2203,Kozhikode Hill Station Point,59,Palace,150,2250,0,46.3,64.9,2025-10-01 08:33:30
2204,Nainital Wildlife Sanctuary,130,Palace,0,0,50,76.0,11.9,2025-05-18 20:22:27
2205,Ujjain Garden,66,Garden,10,100,25,50.5,58.3,2025-07-31 22:20:41
2206,Kanyakumari Monastery,110,Monastery,10,100,100,72.1,8.3,2025-11-04 14:27:09
2207,Dehradun Palace,127,Palace,50,750,0,94.2,0,2025-08-18 20:56:15
2208,Panaji Market,23,Market,0,0,100,82.8,3.1,2025-02-21 23:38:09
2209,Aurangabad Cave,73,Cave,100,800,0,46.6,65.8,2025-12-19 20:55:05
2210,Shillong National Park,79,Heritage Walk,30,450,50,76.6,9.8,2026-02-22 10:15:21
2211,Kalimpong Garden,139,Garden,100,1000,0,53.3,49.9,2026-04-14 03:06:02
2212,Jagdalpur Monastery,22,Monastery,150,2250,100,75.2,13.1,2026-01-17 13:42:58
2213,Vasco da Gama Museum,25,Museum,0,0,50,55.9,44.1,2025-01-09 15:30:40
2214,Mahabaleshwar Monastery,75,Monastery,150,1200,100,70.1,23.9,2025-08-19 16:03:35
2215,Spicy Amritsar Bridge,91,Bridge,200,1600,50,83.6,0.9,2026-01-04 14:02:29
2216,Manali Waterfall,40,Waterfall,100,500,50,63.4,33.8,2026-02-01 03:09:04
2217,Surat Lake,29,Lake,0,0,100,90.1,0,2025-05-14 18:00:41
2218,Bhubaneswar National Park,86,Palace,200,2000,0,59.6,34.7,2026-05-12 00:49:39
2219,Grandma's Pushkar Monastery,99,Monastery,0,0,0,64.7,24.3,2025-06-04 10:15:17
2220,Anjuna Viewpoint,27,Viewpoint,20,300,0,67.1,17.4,2025-01-02 12:52:08
2221,Signature Mahabaleshwar Lake,75,Lake,150,1200,25,79.2,5.5,2025-04-10 00:44:10
2222,Pachmarhi Dam,67,Dam,10,150,25,66.5,13.2,2026-03-17 08:40:41
2223,Tawang Dam,8,Dam,20,160,50,78.6,4.2,2025-07-28 14:19:28
2224,Rishikesh Wildlife Sanctuary,128,Lake,200,3000,0,76.2,14.8,2025-12-29 10:18:31
2225,Guwahati Market,10,Market,50,400,50,77.7,8.1,2025-04-23 12:32:08
2226,Haridwar Church,129,Church,150,1500,50,78.0,11.3,2025-09-04 08:33:07
2227,Alleppey Monastery,58,Monastery,20,200,0,94.1,0,2025-01-17 09:51:22
2228,Panaji Cave,23,Cave,30,150,0,38.6,77.6,2025-07-26 22:07:03
2229,Jamshedpur Zoo,46,Zoo,50,500,25,78.0,5.4,2025-08-05 13:04:43
2230,Kanpur Wildlife Sanctuary,125,Waterfall,50,400,100,64.7,35.1,2025-01-27 09:32:35
2231,Bodh Gaya Dam,17,Dam,100,1000,50,48.6,56.1,2026-05-03 00:14:24
2232,Extra Cheesy Darjeeling Monastery,135,Monastery,50,500,100,56.6,40.0,2025-06-10 17:05:46
2233,Pushkar Market,99,Market,30,300,0,73.4,14.1,2025-12-01 01:44:24
2234,Village-style Lucknow Wildlife Sanctuary,119,Church,30,150,0,44.1,61.6,2026-03-19 20:16:52
2235,Mount Abu Monastery,100,Monastery,150,1200,100,44.0,59.7,2025-02-25 00:37:10
2236,Authentic Kakinada Zoo,6,Zoo,50,400,0,70.7,13.1,2025-04-14 18:24:11
2237,Kullu Palace,42,Palace,20,160,0,91.4,0,2026-01-21 14:02:11
2238,Kurukshetra Hill Station Point,37,Museum,50,750,0,85.6,0,2025-10-13 04:41:30
2239,Roadside Ahmedabad Lake,28,Lake,0,0,50,83.9,1.6,2026-01-03 15:05:30
2240,Panaji Waterfall,23,Waterfall,50,750,100,67.0,17.9,2025-06-04 04:17:47
2241,Classic Mussoorie Palace,131,Palace,0,0,100,72.6,17.8,2026-02-01 10:16:11
2242,Kurukshetra Market,37,Market,30,150,0,60.6,40.9,2025-03-26 10:24:45
2243,Kullu Bridge,42,Bridge,30,450,100,79.9,7.5,2025-05-22 09:41:01
2244,Digha Dam,136,Dam,200,1600,50,74.2,14.0,2026-01-26 15:07:51
2245,Deluxe Aurangabad Cave,73,Cave,30,450,100,80.4,6.1,2025-03-23 14:10:27
2246,Ooty Viewpoint,109,Viewpoint,30,300,0,91.4,0,2025-10-12 23:11:50
2247,Amritsar Zoo,91,Zoo,0,0,100,82.9,3.3,2025-11-30 05:44:05
2248,Gaya Fort,16,Fort,0,0,0,77.3,12.4,2025-04-12 12:00:11
2249,Darjeeling Viewpoint,135,Viewpoint,200,3000,50,66.8,20.8,2026-06-05 16:46:52
2250,Thanjavur Waterfall,113,Waterfall,20,200,0,41.4,27.8,2026-04-30 06:35:34
2251,Royal Kochi Bridge,55,Bridge,20,160,0,82.4,2.5,2025-05-31 02:01:28
2252,Premium Digha Monastery,136,Monastery,30,300,25,40.9,42.7,2026-04-20 02:11:10
2253,Classic Dalhousie Lake,44,Lake,30,300,50,80.9,5.7,2025-12-20 16:40:45
2254,Aizawl Fort,82,Fort,150,1200,25,88.5,0,2025-11-07 02:52:03
2255,Royal Jaipur Palace,95,Palace,150,750,0,47.5,30.4,2025-01-04 12:14:49
2256,Hubballi Fort,54,Fort,200,1600,25,75.6,11.8,2025-07-14 10:43:54
2257,Street-side Bikaner Wildlife Sanctuary,101,Waterfall,150,1200,100,82.1,4.6,2026-06-06 20:02:30
2258,Agra Palace,120,Palace,100,1000,0,65.9,12.3,2026-04-05 20:06:10
2259,Mangaluru Beach,51,Beach,20,300,25,90.2,0,2025-01-13 17:43:39
2260,Mysuru Hill Station Point,49,Market,30,450,0,73.0,14.6,2025-01-12 06:26:37
2261,Vasco da Gama Garden,25,Garden,150,750,0,82.6,2.9,2025-10-19 01:55:47
2262,Panipat Lake,38,Lake,10,100,50,57.9,39.3,2025-09-24 13:32:41
2263,Signature Digha Cave,136,Cave,100,1000,100,85.4,0,2026-02-18 16:52:21
2264,Quick-bite Vijayawada Lake,2,Lake,0,0,100,88.2,0,2026-06-08 03:15:14
2265,Dharamshala National Park,41,Market,200,3000,50,91.2,0,2025-02-18 23:09:58
2266,Mumbai Zoo,69,Zoo,100,500,100,48.3,39.6,2026-06-01 05:42:07
2267,Warangal Museum,115,Museum,10,150,0,83.9,1.6,2025-07-27 08:36:00
2268,Jaisalmer Garden,98,Garden,0,0,25,58.2,43.0,2026-05-01 17:06:42
2269,Surat Bridge,29,Bridge,150,2250,50,63.7,27.1,2025-10-19 01:28:34
2270,Roadside Dibrugarh Garden,11,Garden,150,750,0,59.1,25.0,2025-01-28 05:17:06
2271,Patiala National Park,94,Waterfall,150,750,50,93.6,0,2025-01-08 00:30:46
2272,Family Recipe Udupi Market,53,Market,20,100,50,63.9,26.7,2026-05-24 17:39:13
2273,Grandma's Tawang Zoo,8,Zoo,150,750,0,74.9,6.6,2025-07-15 05:19:37
2274,Homestyle Jagdalpur Church,22,Church,200,1000,50,65.3,19.8,2025-02-17 03:25:27
2275,Aizawl Bridge,82,Bridge,150,750,0,66.7,16.2,2026-01-25 17:28:29
2276,Noida National Park,126,Viewpoint,50,750,100,61.7,20.5,2025-03-26 22:58:16
2277,Extra Cheesy Ranchi Zoo,45,Zoo,10,50,0,66.7,31.3,2025-03-26 22:09:38
2278,Village-style Mumbai Palace,69,Palace,10,50,50,83.6,2.3,2026-06-28 08:41:42
2279,Somnath Market,33,Market,150,2250,25,81.2,4.7,2026-01-18 12:48:03
2280,Jaisalmer National Park,98,Zoo,100,1000,0,93.3,0,2026-03-19 12:45:33
2281,Premium Rajkot Zoo,31,Zoo,150,1200,0,80.5,7.2,2025-05-02 06:15:03
2282,Street-side Manali Temple,40,Temple,20,300,0,72.1,10.0,2025-02-04 02:16:47
2283,Special Orchha Beach,68,Beach,100,800,50,37.4,68.3,2025-06-02 10:44:31
2284,Puri Temple,87,Temple,0,0,50,89.9,0,2026-03-11 21:21:16
2285,Aurangabad Zoo,73,Zoo,10,100,100,59.1,38.5,2025-12-06 11:38:16
2286,Dharamshala Waterfall,41,Waterfall,30,150,0,66.0,23.7,2025-11-04 17:19:26
2287,Udaipur Waterfall,96,Waterfall,30,240,0,78.8,7.0,2025-07-04 02:29:06
2288,Orchha National Park,68,Garden,0,0,100,78.8,7.2,2026-06-10 10:01:34
2289,Lachung Hill Station Point,105,Garden,20,200,25,61.7,27.9,2026-03-19 22:05:59
2290,Surat Zoo,29,Zoo,150,2250,100,76.5,6.9,2025-05-25 01:53:20
2291,Pelling National Park,104,Cave,30,150,0,71.7,17.0,2025-10-11 06:43:42
2292,Ujjain Temple,66,Temple,150,2250,0,83.2,2.4,2025-06-05 14:07:07
2293,Classic Gurugram Bridge,35,Bridge,50,400,0,78.7,3.9,2025-03-11 20:05:09
2294,Mawlynnong Fort,81,Fort,30,240,50,57.7,28.1,2025-08-29 20:48:30
2295,Kovalam Church,61,Church,100,800,50,92.4,0,2025-05-08 21:31:09
2296,Darjeeling Museum,135,Museum,20,300,0,94.4,0,2025-07-01 17:40:59
2297,Vadodara Bridge,30,Bridge,100,1000,100,69.8,22.1,2025-11-08 08:50:16
2298,Dehradun Fort,127,Fort,30,300,50,75.3,15.5,2026-01-23 04:51:09
2299,Premium Panipat Wildlife Sanctuary,38,Heritage Walk,0,0,100,75.3,6.5,2026-01-12 19:57:06
2300,Kanpur Monastery,125,Monastery,20,300,0,71.5,21.0,2025-02-21 16:32:32
2301,Special Patna Beach,15,Beach,150,1200,0,81.4,4.2,2026-02-07 01:09:16
2302,Local Favourite Mahabalipuram Beach,112,Beach,30,240,0,70.2,25.8,2025-02-09 12:43:35
2303,Rajahmundry Hill Station Point,5,Waterfall,30,450,100,66.9,12.1,2025-04-22 06:12:53
2304,Shantiniketan Zoo,138,Zoo,20,300,25,69.2,25.6,2025-03-03 00:25:46
2305,Mussoorie Church,131,Church,10,80,50,63.5,22.6,2025-09-03 02:20:44
2306,Pushkar Zoo,99,Zoo,50,750,0,72.9,15.0,2025-12-23 02:11:05
2307,Nagpur Museum,71,Museum,200,2000,0,61.8,24.7,2026-04-19 02:24:25
2308,Raipur Dam,20,Dam,200,3000,25,48.8,34.8,2025-12-16 07:32:02
2309,Homestyle Alleppey Church,58,Church,50,250,25,80.4,4.0,2025-09-18 03:14:19
2310,Champhai Heritage Walk,83,Garden,0,0,25,77.1,7.0,2025-12-23 11:51:15
2311,Chef's Digha Bridge,136,Bridge,150,1500,100,85.8,0,2025-08-12 12:44:01
2312,Chennai National Park,106,Heritage Walk,0,0,0,75.3,5.8,2025-04-17 17:53:47
2313,Extra Cheesy Alibaug Garden,76,Garden,10,150,25,40.7,45.2,2025-03-30 07:34:21
2314,Classic Mahabalipuram Beach,112,Beach,0,0,0,80.8,3.2,2025-08-07 02:31:21
2315,Tawang Bridge,8,Bridge,20,100,0,62.4,29.0,2025-09-04 23:13:59
2316,Kolkata Fort,134,Fort,100,1500,0,68.3,11.1,2025-07-11 20:33:47
2317,Visakhapatnam Dam,1,Dam,50,400,100,87.6,0,2025-02-13 04:48:54
2318,Hubballi Zoo,54,Zoo,30,300,50,63.1,19.5,2025-12-26 01:59:21
2319,Hampi Monastery,50,Monastery,30,300,0,74.9,12.3,2025-04-01 14:03:59
2320,Alibaug Cave,76,Cave,30,150,50,89.9,0,2025-05-28 07:13:41
2321,Bengaluru Heritage Walk,48,Wildlife Sanctuary,0,0,0,86.7,0,2025-07-12 18:49:20
2322,Classic Shimla Lake,39,Lake,30,150,25,62.9,23.8,2025-09-24 17:39:50
2323,Mangaluru Market,51,Market,30,450,25,92.9,0,2025-05-29 14:16:46
2324,Kovalam Bridge,61,Bridge,200,3000,0,87.5,0,2025-04-10 23:39:36
2325,Panaji Fort,23,Fort,30,450,25,65.4,21.7,2025-09-26 18:49:32
2326,Kullu National Park,42,Bridge,50,400,25,82.5,1.9,2026-04-28 06:18:34
2327,Alibaug Bridge,76,Bridge,200,1600,0,86.9,0,2025-09-15 23:30:00
2328,Udupi Market,53,Market,20,200,0,62.6,30.4,2025-07-16 21:50:38
2329,Thiruvananthapuram Cave,56,Cave,10,150,0,59.5,25.0,2025-01-16 18:09:27
2330,Special Kanyakumari Monastery,110,Monastery,10,80,50,41.4,45.8,2026-06-22 02:32:46
2331,Grandma's Somnath Zoo,33,Zoo,0,0,25,77.0,7.1,2025-12-22 01:27:17
2332,Vadodara Temple,30,Temple,30,450,100,80.7,4.7,2025-12-10 18:13:55
2333,Calangute Wildlife Sanctuary,26,National Park,200,2000,50,65.9,33.8,2026-03-03 23:09:49
2334,Dimapur Cave,85,Cave,50,750,50,83.2,1.3,2025-05-01 09:27:59
2335,Amritsar Waterfall,91,Waterfall,200,2000,0,56.5,51.0,2025-09-01 00:21:20
2336,Authentic Udaipur Hill Station Point,96,Dam,50,500,0,64.1,16.8,2025-02-14 08:03:21
2337,Manali National Park,40,Lake,50,500,100,58.5,31.8,2025-03-07 01:16:36
2338,Traditional Kalimpong Waterfall,139,Waterfall,200,3000,0,55.0,40.0,2026-03-18 14:26:53
2339,Mysuru Hill Station Point,49,Lake,100,500,50,62.1,37.3,2025-03-13 05:18:13
2340,Kozhikode Lake,59,Lake,200,1000,0,50.6,34.3,2026-06-04 00:37:22
2341,Gurugram National Park,35,Viewpoint,10,100,50,60.0,32.6,2025-08-04 17:47:12
2342,Ranchi Monastery,45,Monastery,150,1200,50,54.4,55.1,2025-01-09 19:33:07
2343,Festival Dharamshala Cave,41,Cave,100,1000,50,72.2,20.7,2025-05-24 02:57:38
2344,Signature Rajkot Waterfall,31,Waterfall,200,2000,100,73.1,15.2,2025-03-09 21:12:41
2345,Calangute Cave,26,Cave,30,150,25,68.3,12.0,2026-04-01 03:02:17
2346,Udaipur (Tripura) Temple,118,Temple,200,2000,50,63.2,29.1,2025-10-02 21:25:03
2347,Udaipur Palace,96,Palace,150,750,0,71.5,20.9,2025-08-02 23:28:58
2348,Village-style Hyderabad Temple,114,Temple,20,100,100,77.7,12.8,2026-05-06 08:29:29
2349,Siliguri Zoo,137,Zoo,150,2250,0,90.1,0,2025-10-17 18:02:35
2350,Prayagraj Heritage Walk,124,National Park,150,2250,25,58.6,18.6,2025-07-21 05:10:47
2351,Pelling Cave,104,Cave,150,750,0,68.9,28.9,2025-07-18 08:36:35
2352,Kaziranga Viewpoint,13,Viewpoint,50,500,0,65.9,23.9,2025-09-21 04:21:50
2353,Dehradun Viewpoint,127,Viewpoint,0,0,50,93.7,0,2025-11-19 01:26:47
2354,Jaipur Museum,95,Museum,0,0,100,72.7,12.8,2026-01-31 09:54:18
2355,Chef's Puri Temple,87,Temple,10,80,0,80.8,6.1,2025-07-26 05:44:13
2356,Konark Lake,88,Lake,30,240,0,81.2,2.5,2025-01-15 12:10:30
2357,Alibaug Lake,76,Lake,0,0,100,49.7,38.5,2026-03-24 23:43:05
2358,Local Favourite Aizawl Wildlife Sanctuary,82,Garden,50,750,0,81.5,2.8,2025-03-26 13:50:31
2359,Mysuru Cave,49,Cave,30,450,0,48.9,54.4,2026-02-27 18:03:16
2360,Patna Palace,15,Palace,0,0,0,76.2,8.4,2025-04-06 12:15:23
2361,Chilika Church,90,Church,50,250,50,81.7,3.9,2026-02-25 01:47:34
2362,Haridwar Lake,129,Lake,150,750,0,89.2,0,2026-03-12 00:20:20
2363,Cherrapunji Zoo,80,Zoo,30,240,50,92.7,0,2025-11-21 15:24:26
2364,Udupi Hill Station Point,53,Cave,10,100,0,72.5,18.9,2025-04-04 19:41:43
2365,Special Tirupati Dam,3,Dam,50,400,0,78.7,7.1,2025-06-20 23:26:46
2366,Chef's Deoghar Wildlife Sanctuary,47,Zoo,100,1500,50,62.2,38.1,2026-03-11 23:50:03
2367,Gwalior Waterfall,65,Waterfall,200,2000,25,77.4,7.6,2025-05-13 14:44:55
2368,Jaisalmer Museum,98,Museum,100,800,0,76.9,9.2,2025-03-21 15:06:54
2369,Jorhat National Park,12,Church,0,0,0,47.9,63.2,2026-03-01 21:41:18
2370,Homestyle Visakhapatnam Monastery,1,Monastery,20,300,0,56.0,22.0,2025-11-21 15:21:29
2371,Bikaner Market,101,Market,100,1000,0,52.7,52.9,2025-05-13 21:24:44
2372,Kovalam Bridge,61,Bridge,0,0,0,74.5,10.4,2025-10-29 04:11:16
2373,Dehradun Wildlife Sanctuary,127,Cave,50,250,25,55.2,49.5,2026-05-23 11:06:43
2374,Mathura Temple,122,Temple,30,150,0,88.4,0,2025-10-12 19:27:09
2375,Margao Church,24,Church,100,500,0,76.8,13.7,2025-04-06 23:12:38
2376,Raipur Bridge,20,Bridge,0,0,0,43.0,50.9,2025-01-08 19:38:09
2377,Panaji Hill Station Point,23,Cave,50,500,0,70.0,17.5,2025-10-31 16:34:04
2378,Ayodhya Heritage Walk,123,Museum,10,150,50,66.8,21.6,2025-12-28 15:37:14
2379,Grandma's Panaji Palace,23,Palace,50,750,25,50.7,44.5,2026-01-06 10:45:40
2380,Gangtok National Park,103,Palace,100,800,0,65.1,29.2,2026-04-01 11:31:24
2381,Panipat Bridge,38,Bridge,10,80,25,49.1,55.3,2025-06-14 05:13:20
2382,Gurugram Palace,35,Palace,0,0,0,66.2,18.8,2025-02-27 11:32:49
2383,Bodh Gaya Fort,17,Fort,150,1500,0,88.0,0,2025-05-31 17:16:01
2384,Munnar Heritage Walk,57,Lake,50,750,100,73.4,7.2,2025-06-11 16:15:20
2385,Classic Mahabaleshwar Heritage Walk,75,Market,20,160,100,43.8,43.0,2025-12-18 12:15:26
2386,Homestyle Thiruvananthapuram Zoo,56,Zoo,10,50,50,80.0,5.6,2026-04-07 10:57:55
2387,Kanpur Palace,125,Palace,10,100,25,74.3,18.5,2025-03-06 09:43:29
2388,Kaziranga Heritage Walk,13,Cave,50,750,100,76.5,5.7,2025-09-09 09:40:44
2389,Roadside Tawang Wildlife Sanctuary,8,National Park,150,1500,0,44.7,62.2,2025-10-01 11:31:34
2390,Digha Dam,136,Dam,20,200,0,78.0,12.0,2025-02-09 10:12:01
2391,Shillong Hill Station Point,79,Zoo,150,1500,0,78.4,5.0,2026-06-13 07:25:19
2392,Kanyakumari Beach,110,Beach,200,1600,100,59.0,28.9,2026-03-28 14:27:38
2393,Kullu Church,42,Church,50,750,50,87.2,0,2025-05-15 00:11:31
2394,Puri Market,87,Market,50,250,0,62.3,32.1,2025-06-18 18:01:52
2395,Jodhpur Temple,97,Temple,200,2000,100,60.0,27.0,2025-07-02 23:21:32
2396,Homestyle Varanasi Monastery,121,Monastery,200,1600,0,83.0,1.5,2025-04-03 16:25:38
2397,Spicy Jaisalmer Garden,98,Garden,10,80,100,78.0,10.7,2025-01-28 16:41:01
2398,Munnar Zoo,57,Zoo,10,50,25,70.2,20.4,2025-02-27 07:46:52
2399,Mathura Zoo,122,Zoo,200,3000,100,63.9,19.1,2026-06-29 18:34:48
2400,Deluxe Ludhiana Garden,93,Garden,10,50,100,71.0,9.9,2025-08-22 04:20:49
2401,Spiti Wildlife Sanctuary,43,Monastery,30,300,0,91.3,0,2025-06-26 23:17:14
2402,Patiala Waterfall,94,Waterfall,50,750,0,43.6,55.9,2025-01-31 04:52:12
2403,Signature Mawlynnong Heritage Walk,81,National Park,20,160,25,42.9,30.2,2025-07-27 15:12:27
2404,Vadodara Fort,30,Fort,200,3000,25,56.6,49.2,2025-07-10 05:57:37
2405,Rishikesh National Park,128,Cave,20,160,25,63.7,25.4,2025-09-12 18:16:35
2406,Ujjain Beach,66,Beach,100,1500,0,69.6,25.4,2026-02-19 12:06:42
2407,Pushkar Museum,99,Museum,200,3000,50,74.4,7.2,2026-04-20 11:58:41
2408,Authentic Silchar Viewpoint,14,Viewpoint,50,250,0,82.6,3.7,2026-05-23 14:43:04
2409,Moirang Lake,78,Lake,20,200,0,88.8,0,2025-05-01 04:39:25
2410,Silchar Monastery,14,Monastery,200,2000,0,91.4,0,2025-04-05 21:44:55
2411,Tirupati Cave,3,Cave,30,150,25,59.6,28.6,2026-06-16 17:33:55
2412,Rishikesh Waterfall,128,Waterfall,20,200,25,82.4,2.2,2025-06-30 03:27:06
2413,Spicy Kalimpong Hill Station Point,139,Wildlife Sanctuary,200,2000,50,87.2,0,2025-11-17 14:38:09
2414,Traditional Warangal Fort,115,Fort,10,100,100,49.2,38.0,2025-06-23 00:00:42
2415,Calangute Lake,26,Lake,200,1000,0,80.8,3.9,2025-09-28 16:52:54
2416,Mahabaleshwar Hill Station Point,75,Church,50,250,50,88.3,0,2025-01-27 11:36:29
2417,Pelling Viewpoint,104,Viewpoint,50,750,50,82.8,3.6,2026-01-10 17:00:43
2418,Agra Zoo,120,Zoo,0,0,25,86.5,0,2025-10-01 13:09:08
2419,Haridwar Zoo,129,Zoo,150,1200,0,90.1,0,2025-03-17 04:03:36
2420,Pachmarhi Garden,67,Garden,10,150,0,90.0,0,2025-04-04 16:15:15
2421,Kolkata Wildlife Sanctuary,134,Dam,30,450,25,61.5,14.2,2025-08-04 16:47:09
2422,Special Shimla Viewpoint,39,Viewpoint,30,240,0,81.1,3.3,2025-01-28 00:29:01
2423,Cherrapunji Beach,80,Beach,30,450,100,52.3,43.9,2025-04-05 20:54:04
2424,Bodh Gaya Museum,17,Museum,100,1000,100,81.1,3.2,2026-01-17 04:17:59
2425,Warangal Dam,115,Dam,100,1500,100,80.5,6.8,2025-09-27 05:47:43
2426,Mumbai Zoo,69,Zoo,200,1000,25,65.2,21.1,2026-01-03 09:22:10
2427,Chef's Mount Abu Wildlife Sanctuary,100,Viewpoint,0,0,25,73.5,8.5,2025-10-12 03:19:30
2428,Deluxe Ayodhya Bridge,123,Bridge,20,160,0,50.5,50.6,2026-05-21 03:20:06
2429,Royal Bodh Gaya Waterfall,17,Waterfall,150,750,100,47.6,25.4,2025-04-08 21:14:27
2430,Chef's Auli Church,132,Church,100,500,0,78.0,4.3,2025-08-10 10:46:44
2431,Kohima Fort,84,Fort,150,1500,25,68.5,20.0,2025-04-18 07:19:17
2432,Mathura Dam,122,Dam,200,2000,0,79.7,7.1,2025-09-28 10:25:04
2433,Coimbatore Dam,108,Dam,200,2000,0,74.2,14.2,2025-11-13 03:16:37
2434,Mahabalipuram Bridge,112,Bridge,100,1500,25,54.0,26.6,2025-11-03 08:03:11
2435,Chilika Palace,90,Palace,200,2000,50,81.4,3.6,2025-02-07 00:33:23
2436,Champhai Viewpoint,83,Viewpoint,150,750,0,69.1,23.8,2025-12-23 00:49:13
2437,Kakinada Viewpoint,6,Viewpoint,30,450,0,78.9,6.9,2025-06-10 21:51:45
2438,Wayanad Lake,60,Lake,100,500,100,39.4,80.4,2025-10-24 03:17:05
2439,Extra Cheesy Tirupati Zoo,3,Zoo,150,750,100,57.8,41.0,2026-05-25 10:37:47
2440,Madurai Temple,107,Temple,150,2250,0,71.9,19.9,2026-05-18 23:54:49
2441,Kovalam Hill Station Point,61,Hill Station Point,200,1000,100,76.9,11.3,2026-03-23 07:57:31
2442,Jamshedpur Heritage Walk,46,Zoo,150,2250,50,55.3,45.2,2026-05-07 22:45:22
2443,Itanagar Lake,7,Lake,150,1200,25,71.4,24.4,2025-05-07 05:15:35
2444,Thiruvananthapuram Monastery,56,Monastery,150,1500,0,52.0,46.6,2025-10-02 09:55:49
2445,Traditional Anjuna Hill Station Point,27,Heritage Walk,200,2000,0,44.4,63.1,2025-08-24 15:06:34
2446,Special Ziro Dam,9,Dam,100,500,100,87.2,0,2025-09-30 20:37:25
2447,Dharamshala Temple,41,Temple,30,150,100,70.2,19.1,2025-10-26 04:13:15
2448,Roadside Pelling Cave,104,Cave,0,0,0,74.7,17.7,2025-08-25 11:43:41
2449,Amritsar Museum,91,Museum,150,1500,50,94.1,0,2025-06-21 17:41:50
2450,Kozhikode Museum,59,Museum,30,300,0,71.7,13.3,2025-12-26 09:25:53
2451,Anjuna Heritage Walk,27,Hill Station Point,10,100,0,91.5,0,2025-09-11 08:23:38
2452,Bilaspur Beach,21,Beach,150,1500,100,72.5,15.1,2025-01-22 20:10:31
2453,Village-style Indore Hill Station Point,63,Temple,50,500,100,73.6,17.2,2025-05-16 22:24:02
2454,Hubballi Monastery,54,Monastery,10,150,50,54.6,24.3,2025-01-07 13:59:20
2455,Spicy Shimla Cave,39,Cave,10,100,50,71.1,19.9,2025-07-28 20:01:16
2456,Manali Church,40,Church,50,250,25,71.6,10.2,2026-03-28 16:01:09
2457,Indore Palace,63,Palace,150,2250,0,85.0,0,2026-05-22 16:21:56
2458,Cuttack Palace,89,Palace,50,250,0,67.4,20.0,2026-04-18 19:52:45
2459,Family Recipe Indore Heritage Walk,63,Temple,50,750,0,46.7,51.5,2025-09-22 22:25:48
2460,Gangtok Garden,103,Garden,50,750,50,71.3,9.5,2026-03-28 19:35:06
2461,Royal Moirang Hill Station Point,78,Heritage Walk,10,50,25,81.7,2.9,2026-02-24 04:42:53
2462,Family Recipe Alleppey Heritage Walk,58,Viewpoint,0,0,0,82.2,3.0,2025-03-27 06:28:32
2463,Surat Hill Station Point,29,Wildlife Sanctuary,0,0,0,39.1,63.0,2026-01-08 04:21:38
2464,Chilika Bridge,90,Bridge,50,750,25,42.9,59.5,2025-07-01 12:22:35
2465,Ajmer Palace,102,Palace,30,150,50,76.9,8.9,2025-03-24 04:43:39
2466,Guntur Palace,4,Palace,100,1500,0,78.4,5.7,2025-11-21 07:56:01
2467,Roadside Lonavala Bridge,74,Bridge,150,2250,100,61.3,34.4,2026-01-20 04:25:22
2468,Homestyle Bhubaneswar National Park,86,Fort,20,100,50,56.8,37.9,2026-05-13 17:35:16
2469,Itanagar Viewpoint,7,Viewpoint,150,1200,50,60.9,34.5,2025-12-20 07:42:59
2470,Kochi Garden,55,Garden,20,160,0,68.1,28.0,2025-01-30 19:04:21
2471,Ayodhya Zoo,123,Zoo,50,500,25,65.9,29.6,2025-07-30 05:10:58
2472,Lucknow Temple,119,Temple,30,240,0,80.1,4.9,2025-08-18 17:55:47
2473,Puri Beach,87,Beach,150,2250,0,58.8,32.6,2025-01-03 13:12:28
2474,Quick-bite Spiti Wildlife Sanctuary,43,Hill Station Point,20,200,50,86.0,0,2025-07-31 04:52:59
2475,Mussoorie National Park,131,Monastery,0,0,0,51.0,33.5,2025-06-11 00:05:56
2476,Signature Bhopal Bridge,62,Bridge,150,2250,0,82.4,4.2,2025-06-08 11:12:39
2477,Hampi Garden,50,Garden,150,1200,0,78.9,7.2,2026-05-02 20:04:20
2478,Madurai Cave,107,Cave,50,400,25,45.3,66.3,2025-03-15 12:13:15
2479,Ludhiana Wildlife Sanctuary,93,Museum,30,450,50,76.6,6.9,2026-01-12 10:01:40
2480,Guwahati Waterfall,10,Waterfall,10,100,25,77.8,11.5,2025-04-03 17:08:52
2481,Lachung Cave,105,Cave,10,100,100,85.2,0,2025-11-23 02:20:08
2482,Homestyle Lachung Viewpoint,105,Viewpoint,30,150,100,70.4,9.3,2026-01-04 08:45:02
2483,Chandigarh Bridge,92,Bridge,30,240,100,75.3,15.3,2026-04-10 21:11:48
2484,Traditional Khajuraho Garden,64,Garden,20,160,50,78.1,4.2,2026-03-09 17:31:55
2485,Roadside Agra Waterfall,120,Waterfall,200,2000,0,69.8,16.4,2026-04-26 16:07:03
2486,Warangal Wildlife Sanctuary,115,Church,0,0,50,74.1,14.2,2026-05-08 21:45:33
2487,Kanyakumari Bridge,110,Bridge,100,800,25,81.0,4.6,2025-07-14 18:14:50
2488,Konark Church,88,Church,100,1000,0,70.9,15.4,2025-12-26 09:07:52
2489,Ranchi Cave,45,Cave,150,1200,0,56.0,51.8,2026-05-07 05:59:59
2490,Roadside Gurugram National Park,35,Church,200,3000,100,71.7,12.4,2025-07-13 16:27:56
2491,Cherrapunji Lake,80,Lake,30,150,0,70.1,18.7,2025-08-06 22:36:39
2492,Shillong Cave,79,Cave,10,50,50,53.0,28.4,2025-11-23 03:50:15
2493,Panaji Market,23,Market,200,2000,0,54.6,37.7,2026-04-22 06:06:14
2494,Jamshedpur Garden,46,Garden,50,400,100,76.7,10.9,2025-01-13 20:07:48
2495,Anjuna Museum,27,Museum,20,200,50,84.4,0.4,2025-06-18 06:35:10
2496,Hubballi Museum,54,Museum,100,800,25,78.8,6.5,2025-05-18 14:30:25
2497,Calangute Monastery,26,Monastery,50,750,25,74.2,7.2,2025-07-13 15:00:53
2498,Signature Jamshedpur Heritage Walk,46,Market,30,150,0,74.5,18.8,2026-01-19 12:34:11
2499,Calangute Zoo,26,Zoo,200,3000,0,40.5,33.6,2025-12-03 01:00:58
2500,Spicy Vijayawada Monastery,2,Monastery,0,0,25,75.5,15.6,2026-04-03 11:22:18
2501,Special Kolkata Monastery,134,Monastery,50,500,50,88.6,0,2025-09-19 03:55:27
2502,Warangal Fort,115,Fort,30,450,0,42.8,48.8,2026-05-31 08:48:19
2503,Rajahmundry Hill Station Point,5,National Park,50,500,0,93.5,0,2025-09-14 03:12:10
2504,Mount Abu National Park,100,Bridge,100,1500,0,67.9,15.9,2025-04-22 12:33:09
2505,Deluxe Konark Garden,88,Garden,20,100,0,73.7,18.7,2025-05-27 03:15:02
2506,Shillong Beach,79,Beach,30,150,50,67.3,13.3,2025-02-26 10:15:26
2507,Surat Hill Station Point,29,Beach,10,50,0,97.3,0,2025-10-12 21:51:03
2508,Spicy Dharamshala Museum,41,Museum,150,1500,0,68.1,27.1,2026-02-03 20:05:44
2509,Extra Cheesy Rameswaram Viewpoint,111,Viewpoint,0,0,0,80.8,5.5,2025-09-17 19:29:33
2510,Auli Market,132,Market,10,50,0,47.0,55.0,2025-04-03 18:49:20
2511,Pelling Viewpoint,104,Viewpoint,200,2000,100,61.1,18.0,2025-06-11 21:11:15
2512,Kalimpong Beach,139,Beach,200,1000,0,61.6,40.7,2025-12-14 00:48:37
2513,Amritsar Heritage Walk,91,Viewpoint,100,1500,50,76.3,14.8,2026-03-27 20:50:55
2514,Family Recipe Ajmer Dam,102,Dam,20,300,0,73.7,11.4,2025-08-28 11:39:53
2515,Agartala Temple,117,Temple,0,0,0,52.5,25.6,2025-03-09 15:59:11
2516,Classic Jaipur Market,95,Market,10,150,25,83.0,2.5,2025-03-12 02:13:14
2517,Grandma's Imphal Wildlife Sanctuary,77,Church,10,150,50,51.1,47.7,2026-01-18 04:05:57
2518,Haridwar Palace,129,Palace,30,300,0,75.9,16.1,2025-10-23 05:46:40
2519,Gir Viewpoint,34,Viewpoint,0,0,25,68.2,25.8,2025-01-15 08:12:43
2520,Tirupati Market,3,Market,200,2000,0,75.4,12.6,2025-05-06 15:01:27
2521,Dalhousie Viewpoint,44,Viewpoint,30,450,25,64.7,12.2,2025-03-14 03:35:07
2522,Special Dimapur Bridge,85,Bridge,20,200,100,73.6,18.4,2025-10-30 09:53:46
2523,Spicy Ujjain Lake,66,Lake,150,750,50,93.3,0,2025-02-16 01:01:28
2524,Special Pushkar Zoo,99,Zoo,0,0,50,56.0,36.2,2025-04-02 21:08:59
2525,Kanpur Church,125,Church,200,3000,0,81.0,3.9,2025-09-05 19:17:51
2526,Kurukshetra Wildlife Sanctuary,37,Temple,30,450,100,82.5,4.1,2026-02-04 11:37:34
2527,Dalhousie Garden,44,Garden,30,300,0,74.3,12.8,2025-07-10 23:39:41
2528,Chennai National Park,106,Waterfall,30,240,25,75.9,15.8,2026-03-19 11:27:30
2529,Lucknow Dam,119,Dam,200,1600,25,54.0,44.4,2026-03-11 06:55:55
2530,Classic Jamshedpur Zoo,46,Zoo,100,500,0,52.0,24.1,2026-01-09 14:53:44
2531,Deluxe Kalimpong Beach,139,Beach,200,3000,0,82.2,4.1,2026-02-23 15:00:51
2532,Roadside Aizawl Wildlife Sanctuary,82,Heritage Walk,30,150,25,59.2,31.1,2025-07-08 18:59:15
2533,Aurangabad National Park,73,Museum,150,1500,0,48.8,52.1,2025-06-01 09:17:24
2534,Street-side Amritsar Beach,91,Beach,150,1200,100,65.2,33.0,2025-12-14 08:41:15
2535,Vasco da Gama Temple,25,Temple,100,1500,0,81.0,6.1,2026-05-12 22:14:28
2536,Royal Surat Fort,29,Fort,0,0,0,54.3,29.3,2026-04-06 06:54:30
2537,Traditional Madurai Palace,107,Palace,50,750,0,84.0,1.2,2026-02-20 18:59:55
2538,Spicy Rajgir Waterfall,19,Waterfall,150,1200,100,76.2,6.4,2025-03-01 20:55:05
2539,Udaipur (Tripura) Wildlife Sanctuary,118,Church,10,50,100,84.0,1.1,2026-02-17 06:03:28
2540,Bodh Gaya Beach,17,Beach,10,50,50,71.6,8.8,2026-01-09 23:21:22
2541,Kozhikode Palace,59,Palace,150,1500,0,65.6,21.7,2025-08-15 23:07:37
2542,Festival Gir Fort,34,Fort,50,500,0,70.2,10.1,2025-09-13 20:15:34
2543,Local Favourite Hyderabad Temple,114,Temple,150,750,0,75.8,14.7,2025-09-03 13:34:02
2544,Local Favourite Jodhpur Palace,97,Palace,100,500,25,68.8,21.5,2025-06-27 11:21:29
2545,Authentic Chennai Museum,106,Museum,0,0,0,79.8,7.1,2026-03-06 08:42:23
2546,Quick-bite Patiala Market,94,Market,100,1000,0,61.4,28.5,2025-06-14 06:54:22
2547,Traditional Ajmer Viewpoint,102,Viewpoint,100,1500,50,64.3,31.7,2026-03-29 11:13:13
2548,Kanpur Museum,125,Museum,30,300,50,73.8,13.6,2025-06-25 06:00:15
2549,Coimbatore Beach,108,Beach,50,500,100,71.6,14.8,2025-09-16 19:20:24
2550,Ahmedabad Market,28,Market,20,160,25,59.3,33.8,2026-05-06 14:22:42
2551,Madurai Waterfall,107,Waterfall,100,1000,25,75.8,7.9,2026-01-05 06:12:09
2552,Somnath Dam,33,Dam,100,500,100,57.6,19.9,2025-12-03 23:37:49
2553,Deluxe Udaipur Fort,96,Fort,20,160,0,76.1,9.5,2025-11-03 06:46:29
2554,Village-style Guwahati Hill Station Point,10,Zoo,20,200,0,82.8,3.5,2025-02-24 11:59:18
2555,Darjeeling Museum,135,Museum,20,200,0,66.5,27.2,2026-05-23 15:44:29
2556,Royal Ziro Church,9,Church,20,100,25,66.4,21.8,2025-04-13 15:54:11
2557,Shillong Heritage Walk,79,Temple,150,1200,100,80.3,8.0,2026-01-05 23:20:19
2558,Lachung Lake,105,Lake,30,450,0,48.7,29.2,2026-01-21 14:21:30
2559,Traditional Agartala Viewpoint,117,Viewpoint,20,200,0,87.2,0,2026-05-31 07:41:40
2560,Udaipur (Tripura) Monastery,118,Monastery,50,250,0,80.7,7.3,2025-08-13 17:13:03
2561,Dimapur Museum,85,Museum,150,2250,0,63.0,35.1,2025-08-24 10:01:15
2562,Village-style Konark Hill Station Point,88,Palace,50,400,25,82.4,1.7,2026-05-13 21:32:08
2563,Alibaug Cave,76,Cave,100,800,100,67.0,23.4,2025-12-22 13:39:27
2564,Visakhapatnam Cave,1,Cave,10,80,0,57.0,42.7,2026-01-11 10:07:38
2565,Surat Wildlife Sanctuary,29,Palace,10,50,0,53.1,38.2,2025-07-16 03:35:26
2566,Hubballi Lake,54,Lake,0,0,0,73.4,12.5,2026-02-03 21:00:04
2567,Jodhpur Waterfall,97,Waterfall,30,300,0,68.2,29.0,2026-02-04 17:28:58
2568,Quick-bite Bodh Gaya Garden,17,Garden,200,3000,0,55.6,28.9,2026-05-11 11:01:50
2569,Roadside Alibaug Cave,76,Cave,20,300,100,90.1,0,2025-05-23 05:12:14
2570,Panaji National Park,23,Hill Station Point,200,1000,0,46.2,58.8,2026-04-21 01:25:06
2571,Aizawl Bridge,82,Bridge,100,1500,25,74.5,12.5,2025-11-30 14:04:35
2572,Quick-bite Hubballi Temple,54,Temple,200,1000,0,69.7,11.5,2025-05-10 09:21:23
2573,Extra Cheesy Hubballi Market,54,Market,20,160,0,63.7,20.9,2026-05-26 10:40:12
2574,Bikaner Temple,101,Temple,10,150,25,68.4,25.9,2026-04-27 15:57:55
2575,Puri Bridge,87,Bridge,10,100,50,68.9,14.4,2025-05-09 06:08:56
2576,Jaipur Garden,95,Garden,100,500,50,80.1,8.1,2025-07-25 19:05:12
2577,Lachung Temple,105,Temple,30,240,0,82.7,3.8,2026-05-08 01:00:16
2578,Jagdalpur Wildlife Sanctuary,22,Dam,20,200,0,86.0,0,2026-05-18 20:41:00
2579,Nashik Heritage Walk,72,Hill Station Point,150,1500,25,74.8,6.8,2025-07-29 02:02:48
2580,Festival Darjeeling National Park,135,Bridge,50,500,25,77.2,6.4,2025-09-02 13:58:02
2581,Nizamabad Waterfall,116,Waterfall,30,300,25,63.5,37.0,2025-01-14 02:35:34
2582,Royal Cuttack Garden,89,Garden,200,1000,0,53.7,40.1,2025-02-23 08:24:12
2583,Kanpur Viewpoint,125,Viewpoint,10,150,50,85.1,0,2025-02-16 20:29:47
2584,Signature Thanjavur Fort,113,Fort,0,0,100,78.1,8.6,2026-01-20 00:40:16
2585,Street-side Darjeeling Dam,135,Dam,100,500,25,89.7,0,2026-01-18 05:43:58
2586,Deluxe Itanagar Heritage Walk,7,Heritage Walk,200,3000,0,79.7,4.1,2025-01-04 23:11:09
2587,Coorg Palace,52,Palace,50,750,0,70.5,17.2,2025-10-21 16:40:55
2588,Jaisalmer Beach,98,Beach,100,1000,0,77.5,7.8,2025-03-07 15:42:57
2589,Warangal Dam,115,Dam,30,150,0,52.7,52.9,2026-05-30 00:17:33
2590,Ranchi Waterfall,45,Waterfall,50,250,50,73.4,9.7,2026-06-21 04:52:25
2591,Kanpur Cave,125,Cave,200,1000,50,68.8,12.1,2025-03-06 11:31:31
2592,Kovalam Palace,61,Palace,100,1000,0,53.9,23.2,2025-06-17 01:41:55
2593,Signature Rameswaram Beach,111,Beach,10,100,100,66.2,28.7,2025-01-11 03:48:30
2594,Coimbatore Waterfall,108,Waterfall,10,80,100,80.6,6.9,2025-12-08 11:51:51
2595,Hyderabad Hill Station Point,114,Bridge,200,3000,25,72.7,8.7,2026-03-06 20:35:04
2596,Anjuna Garden,27,Garden,10,50,0,71.8,11.2,2025-12-30 02:01:26
2597,Varanasi Waterfall,121,Waterfall,200,1000,25,95.2,0,2025-02-20 04:38:18
2598,Authentic Jim Corbett Wildlife Sanctuary,133,Temple,100,800,50,70.0,17.6,2025-05-02 15:53:55
2599,Jorhat Waterfall,12,Waterfall,10,80,50,81.9,4.4,2025-11-20 19:24:26
2600,Auli Palace,132,Palace,20,160,25,56.9,30.8,2026-06-27 02:31:21
2601,Noida Viewpoint,126,Viewpoint,50,250,0,78.5,11.3,2025-12-30 21:57:33
2602,Jodhpur Beach,97,Beach,30,240,100,72.3,14.0,2026-05-19 03:10:42
2603,Premium Kaziranga National Park,13,Fort,20,300,25,66.2,26.9,2025-11-11 02:32:41
2604,Indore Monastery,63,Monastery,200,1600,50,76.4,13.4,2025-12-26 06:45:42
2605,Varanasi Monastery,121,Monastery,0,0,100,84.0,1.2,2026-01-19 19:54:42
2606,Village-style Digha Viewpoint,136,Viewpoint,50,750,100,77.5,4.5,2026-01-02 21:03:19
2607,Local Favourite Chilika Beach,90,Beach,20,200,25,66.3,17.5,2026-02-02 16:54:51
2608,Munnar Hill Station Point,57,Heritage Walk,0,0,50,66.7,26.3,2025-03-17 19:44:54
2609,Premium Kullu Beach,42,Beach,10,150,25,59.1,46.5,2025-07-14 16:11:28
2610,Royal Bikaner Heritage Walk,101,Museum,30,300,25,86.4,0,2025-07-22 14:02:16
2611,Vasco da Gama Cave,25,Cave,20,300,0,82.0,4.0,2025-10-24 03:54:56
2612,Mangaluru Viewpoint,51,Viewpoint,0,0,25,56.2,35.4,2025-10-04 06:09:14
2613,Quick-bite Cuttack Hill Station Point,89,Beach,10,50,0,86.3,0,2025-02-26 09:00:26
2614,Hubballi Church,54,Church,200,1000,0,67.9,28.1,2026-06-05 23:17:02
2615,Chef's Mumbai Church,69,Church,50,250,0,70.1,20.7,2025-08-24 01:14:53
2616,Udupi Palace,53,Palace,20,100,50,75.6,9.7,2025-09-25 00:32:19
2617,Royal Agartala Fort,117,Fort,20,200,0,83.1,1.3,2026-01-30 06:49:49
2618,Coorg Cave,52,Cave,20,160,0,39.3,68.0,2026-03-13 01:15:12
2619,Gaya Palace,16,Palace,20,300,100,65.8,27.7,2026-05-17 02:01:02
2620,Homestyle Mysuru Lake,49,Lake,50,400,50,66.5,12.4,2026-01-07 08:49:39
2621,Dehradun National Park,127,Hill Station Point,10,150,50,72.2,21.2,2025-05-17 05:39:56
2622,Street-side Agra Temple,120,Temple,30,300,50,85.8,0,2026-05-15 23:45:03
2623,Khajuraho Palace,64,Palace,100,500,0,62.5,14.4,2026-04-17 19:26:12
2624,Auli Zoo,132,Zoo,10,150,0,77.8,9.5,2025-02-27 19:23:11
2625,Kakinada Palace,6,Palace,30,240,100,78.2,8.7,2025-04-22 12:58:05
2626,Festival Gangtok Beach,103,Beach,200,2000,0,59.8,20.9,2025-05-31 17:33:11
2627,Kaziranga Waterfall,13,Waterfall,0,0,50,40.8,70.4,2025-09-24 04:12:40
2628,Homestyle Ooty Museum,109,Museum,20,100,25,78.2,7.8,2025-05-05 01:03:42
2629,Jagdalpur Zoo,22,Zoo,10,150,100,81.7,4.7,2025-01-09 09:36:07
2630,Patiala Waterfall,94,Waterfall,20,200,50,91.7,0,2026-06-17 20:16:11
2631,Mahabalipuram Wildlife Sanctuary,112,Bridge,150,1500,0,51.2,49.4,2025-07-16 20:20:37
2632,Pelling Cave,104,Cave,0,0,100,58.6,23.5,2025-03-22 16:14:00
2633,Premium Bhubaneswar Waterfall,86,Waterfall,200,1600,0,52.2,26.9,2026-03-10 19:51:03
2634,Konark Heritage Walk,88,Bridge,150,1200,100,54.3,38.3,2025-02-26 22:03:58
2635,Faridabad Wildlife Sanctuary,36,Viewpoint,20,200,50,69.7,23.1,2025-10-09 15:50:40
2636,Extra Cheesy Munnar Museum,57,Museum,200,3000,25,81.6,2.3,2026-04-01 14:57:59
2637,Coimbatore Dam,108,Dam,30,150,25,80.0,3.9,2025-10-22 06:17:36
2638,Spiti Market,43,Market,0,0,0,40.2,48.8,2025-08-04 18:36:22
2639,Quick-bite Gangtok National Park,103,Zoo,30,300,25,67.3,23.9,2025-05-30 03:06:24
2640,Special Nashik Market,72,Market,150,1200,50,76.9,10.8,2026-04-08 23:31:38
2641,Kakinada Market,6,Market,0,0,100,59.1,36.1,2025-07-02 16:10:15
2642,Konark Temple,88,Temple,10,150,0,72.4,19.9,2025-07-12 09:34:52
2643,Shantiniketan National Park,138,Church,100,1500,25,79.0,10.1,2025-08-02 20:07:54
2644,Udaipur (Tripura) National Park,118,Monastery,50,500,100,57.8,48.9,2025-01-17 22:15:54
2645,Ooty Wildlife Sanctuary,109,Garden,200,3000,100,87.5,0,2025-02-17 14:42:11
2646,Varanasi Monastery,121,Monastery,20,160,0,63.7,23.3,2026-03-09 05:00:32
2647,Champhai Bridge,83,Bridge,50,400,50,56.4,18.2,2026-05-27 12:52:31
2648,Chef's Chennai Temple,106,Temple,100,1500,0,82.8,3.9,2025-02-27 06:19:23
2649,Roadside Cuttack Hill Station Point,89,Waterfall,150,1500,25,82.2,1.8,2025-12-24 06:43:00
2650,Thiruvananthapuram Wildlife Sanctuary,56,Church,100,1500,0,83.3,2.8,2026-01-29 04:05:47
2651,Spicy Udaipur National Park,96,Beach,150,1200,50,77.8,9.8,2025-05-04 17:06:02
2652,Nizamabad Beach,116,Beach,100,1500,50,49.4,42.9,2025-07-16 05:19:51
2653,Traditional Aurangabad Garden,73,Garden,200,1000,0,92.9,0,2026-01-18 22:25:48
2654,Munnar Viewpoint,57,Viewpoint,150,2250,25,74.0,10.6,2025-11-05 13:21:32
2655,Jagdalpur Cave,22,Cave,20,100,50,63.1,26.9,2025-03-29 03:15:57
2656,Panipat Hill Station Point,38,Heritage Walk,150,1200,50,43.8,41.9,2025-10-28 04:13:28
2657,Vasco da Gama Market,25,Market,150,2250,100,71.5,23.7,2025-02-21 05:50:59
2658,Street-side Jaisalmer National Park,98,National Park,200,3000,25,66.9,18.9,2026-06-05 15:01:30
2659,Konark Hill Station Point,88,Waterfall,10,150,50,86.9,0,2026-04-30 12:55:04
2660,Surat Garden,29,Garden,150,750,50,73.1,11.5,2025-06-03 13:12:21
2661,Haridwar Fort,129,Fort,100,1500,0,76.8,11.9,2026-01-14 02:00:39
2662,Munnar Cave,57,Cave,20,200,100,70.1,22.4,2026-01-13 16:24:11
2663,Panipat Palace,38,Palace,0,0,50,55.0,27.3,2025-11-18 01:46:09
2664,Patna Palace,15,Palace,200,1600,100,59.2,19.0,2025-12-25 22:01:00
2665,Authentic Hubballi Beach,54,Beach,200,1600,0,76.8,7.7,2025-10-23 19:57:59
2666,Royal Pushkar Church,99,Church,0,0,50,84.3,0.8,2026-05-19 14:34:18
2667,Prayagraj Heritage Walk,124,Fort,30,300,100,61.4,37.3,2026-06-10 10:21:37
2668,Siliguri Museum,137,Museum,10,100,50,74.6,11.9,2025-06-18 08:15:31
2669,Premium Chilika Museum,90,Museum,100,1500,50,68.6,25.2,2025-06-21 00:41:42
2670,Nalanda Waterfall,18,Waterfall,10,150,0,62.6,29.5,2025-07-11 14:19:15
2671,Siliguri Church,137,Church,150,2250,0,67.3,29.0,2025-04-11 05:17:18
2672,Vijayawada Museum,2,Museum,30,300,25,58.5,39.9,2025-05-24 09:11:46
2673,Panipat Fort,38,Fort,100,500,50,92.3,0,2025-07-11 13:46:14
2674,Hampi Monastery,50,Monastery,150,1500,0,61.9,23.0,2026-04-13 17:25:26
2675,Shantiniketan Waterfall,138,Waterfall,0,0,25,88.5,0,2026-04-25 11:41:25
2676,Grandma's Darjeeling Church,135,Church,20,300,25,69.0,28.0,2026-04-11 13:59:50
2677,Ajmer Lake,102,Lake,10,100,0,78.9,10.2,2025-01-21 18:36:10
2678,Lucknow Palace,119,Palace,0,0,0,72.3,20.4,2026-06-25 05:17:43
2679,Classic Kakinada Garden,6,Garden,200,1600,0,91.6,0,2026-04-13 12:07:47
2680,Vijayawada Heritage Walk,2,Heritage Walk,200,1600,0,53.0,34.6,2026-04-17 06:06:39
2681,Lachung Garden,105,Garden,50,750,0,76.3,8.9,2025-03-19 18:06:04
2682,Premium Jaisalmer Viewpoint,98,Viewpoint,50,500,100,75.5,16.6,2025-06-29 17:48:12
2683,Rajahmundry Museum,5,Museum,100,800,50,74.9,8.1,2025-09-21 22:48:20
2684,Mahabaleshwar Wildlife Sanctuary,75,Viewpoint,100,1000,25,51.1,35.8,2025-07-06 19:46:56
2685,Munnar National Park,57,Fort,200,1000,50,87.9,0,2026-04-06 11:18:17
2686,Jim Corbett Dam,133,Dam,30,150,100,84.5,0.6,2025-05-28 14:22:33
2687,Warangal Hill Station Point,115,Monastery,50,400,100,62.5,33.7,2026-06-21 01:12:01
2688,Wayanad Zoo,60,Zoo,20,100,25,60.0,42.4,2025-07-11 05:44:29
2689,Jim Corbett Fort,133,Fort,30,300,0,55.1,33.7,2025-10-13 19:38:52
2690,Grandma's Gurugram Beach,35,Beach,150,1500,25,74.1,13.7,2025-10-15 05:41:07
2691,Dimapur Beach,85,Beach,200,3000,25,59.4,27.9,2025-02-15 19:29:45
2692,Agartala Temple,117,Temple,10,50,0,82.7,3.0,2025-09-25 10:31:43
2693,Dwarka Garden,32,Garden,50,750,100,85.5,0,2026-02-26 18:34:14
2694,Thiruvananthapuram Beach,56,Beach,30,450,25,62.4,22.8,2025-11-23 09:51:19
2695,Mahabaleshwar Heritage Walk,75,Church,200,2000,50,95.2,0,2025-12-13 01:12:30
2696,Grandma's Lucknow Dam,119,Dam,20,200,100,85.5,0,2025-11-24 03:33:23
2697,Itanagar Cave,7,Cave,200,3000,0,63.6,13.7,2025-06-30 06:57:36
2698,Silchar Temple,14,Temple,150,2250,0,81.1,3.2,2025-09-03 12:51:29
2699,Ujjain Beach,66,Beach,200,1600,0,63.2,23.1,2025-11-30 13:59:56
2700,Bengaluru Museum,48,Museum,10,100,25,71.7,21.7,2026-01-30 06:09:53
2701,Festival Coimbatore Heritage Walk,108,Beach,50,750,0,69.8,15.1,2025-08-31 07:07:13
2702,Calangute Temple,26,Temple,50,400,0,84.9,0.1,2026-03-17 01:04:38
2703,Special Dwarka Temple,32,Temple,0,0,100,65.9,32.5,2025-04-20 16:34:11
2704,Kolkata Viewpoint,134,Viewpoint,100,1500,25,71.9,20.8,2025-04-21 13:51:01
2705,Kozhikode Cave,59,Cave,20,100,100,76.8,11.6,2026-02-16 11:00:06
2706,Spicy Patiala Dam,94,Dam,20,160,100,59.3,46.1,2025-08-02 18:56:09
2707,Signature Udaipur (Tripura) Bridge,118,Bridge,20,100,0,91.6,0,2026-02-25 17:01:25
2708,Dharamshala Beach,41,Beach,30,150,25,60.0,20.7,2025-08-30 09:58:15
2709,Nainital Museum,130,Museum,150,2250,0,77.4,6.8,2026-04-22 06:16:46
2710,Jorhat Wildlife Sanctuary,12,Church,200,2000,50,78.9,10.1,2026-01-29 23:23:01
2711,Festival Munnar National Park,57,Viewpoint,10,80,0,48.6,64.8,2026-03-26 13:06:15
2712,Bilaspur Viewpoint,21,Viewpoint,50,250,25,78.6,11.4,2025-04-04 03:44:42
2713,Street-side Munnar Cave,57,Cave,10,150,50,51.7,42.0,2025-02-13 04:52:13
2714,Rajkot Lake,31,Lake,0,0,50,77.7,5.7,2025-04-19 17:10:40
2715,Spicy Chandigarh Wildlife Sanctuary,92,Temple,10,80,25,78.6,4.1,2025-09-29 08:33:51
2716,Dimapur Lake,85,Lake,0,0,50,45.9,53.6,2025-10-21 03:55:21
2717,Street-side Coimbatore Garden,108,Garden,100,1500,0,56.3,19.0,2025-10-12 16:34:01
2718,Konark Palace,88,Palace,50,250,25,79.2,9.0,2025-08-28 00:38:18
2719,Classic Udaipur Fort,96,Fort,30,240,0,62.0,23.5,2026-04-04 06:20:16
2720,Homestyle Nainital Temple,130,Temple,50,250,25,43.6,45.2,2025-08-14 06:21:25
2721,Dharamshala Dam,41,Dam,50,400,25,77.4,8.8,2026-06-07 12:40:38
2722,Hubballi Fort,54,Fort,100,1500,50,76.2,6.4,2026-03-11 05:57:39
2723,Hyderabad Garden,114,Garden,100,1500,50,71.3,16.7,2026-02-18 07:02:54
2724,Family Recipe Chandigarh Beach,92,Beach,20,160,0,90.1,0,2025-08-20 20:40:49
2725,Haridwar Market,129,Market,150,1200,50,79.6,8.6,2025-10-03 02:22:13
2726,Manali Fort,40,Fort,150,1500,50,81.3,2.9,2025-10-24 15:34:03
2727,Homestyle Ludhiana Monastery,93,Monastery,200,1000,100,53.4,25.1,2026-06-03 11:45:13
2728,Alleppey Beach,58,Beach,10,50,25,91.8,0,2025-07-04 22:52:02
2729,Dehradun Bridge,127,Bridge,20,200,100,69.5,24.3,2025-09-21 18:44:37
2730,Panaji Viewpoint,23,Viewpoint,0,0,25,66.2,32.0,2026-05-05 12:47:25
2731,Pelling Church,104,Church,150,1500,100,81.2,3.1,2025-01-21 16:36:48
2732,Festival Rajkot Lake,31,Lake,30,240,0,80.6,7.7,2026-06-07 03:30:02
2733,Nagpur Bridge,71,Bridge,100,1500,25,73.9,15.0,2025-02-01 05:17:18
2734,Authentic Guwahati Lake,10,Lake,50,500,25,38.9,78.1,2025-09-13 00:14:53
2735,Dwarka Monastery,32,Monastery,20,200,100,85.7,0,2026-01-08 08:08:12
2736,Somnath Cave,33,Cave,50,500,50,43.2,64.9,2026-03-04 22:25:27
2737,Bilaspur Fort,21,Fort,100,800,0,88.0,0,2025-05-05 23:29:08
2738,Ooty Dam,109,Dam,100,1000,100,68.3,21.5,2025-10-19 00:52:32
2739,Local Favourite Panipat Viewpoint,38,Viewpoint,50,750,0,88.3,0,2026-03-23 16:41:07
2740,Kalimpong Lake,139,Lake,150,2250,50,83.8,2.1,2026-06-17 02:22:45
2741,Calangute Temple,26,Temple,150,750,0,55.4,47.8,2025-08-25 12:12:17
2742,Alibaug Market,76,Market,0,0,50,66.1,12.0,2025-06-19 09:57:12
2743,Deluxe Orchha National Park,68,Palace,30,450,25,85.9,0,2025-09-14 09:32:37
2744,Jaipur Church,95,Church,30,150,0,71.0,9.7,2025-08-26 14:05:43
2745,Ujjain Beach,66,Beach,50,400,50,72.7,7.5,2025-12-27 01:07:50
2746,Bilaspur Lake,21,Lake,150,750,0,81.1,6.0,2025-07-18 13:10:41
2747,Alibaug Garden,76,Garden,0,0,50,68.4,14.8,2025-02-18 13:05:41
2748,Bengaluru National Park,48,Cave,100,800,0,77.6,7.0,2025-12-31 04:17:32
2749,Gangtok Waterfall,103,Waterfall,200,3000,0,59.0,33.3,2025-04-24 18:59:46
2750,Indore Museum,63,Museum,30,240,25,49.9,28.0,2025-10-12 08:41:15
2751,Coorg Garden,52,Garden,50,500,100,81.8,4.6,2025-05-09 13:44:59
2752,Special Haridwar Garden,129,Garden,10,80,50,56.9,38.4,2026-01-20 08:45:51
2753,Roadside Agartala Cave,117,Cave,20,160,0,97.4,0,2025-09-10 22:02:53
2754,Local Favourite Rameswaram Wildlife Sanctuary,111,Heritage Walk,50,750,100,76.3,11.6,2025-07-04 02:34:40
2755,Mawlynnong Cave,81,Cave,0,0,0,77.3,6.3,2026-06-22 23:39:35
2756,Rishikesh National Park,128,Heritage Walk,0,0,100,80.6,5.6,2026-01-15 00:43:56
2757,Anjuna Dam,27,Dam,50,250,0,90.0,0,2025-08-04 00:32:18
2758,Kanpur Palace,125,Palace,30,150,100,79.3,5.5,2025-07-09 23:54:54
2759,Ludhiana Temple,93,Temple,30,450,0,56.1,27.5,2025-09-11 18:17:31
2760,Local Favourite Alleppey Market,58,Market,10,50,50,44.3,69.6,2025-06-14 21:55:35
2761,Signature Pelling Fort,104,Fort,20,100,25,69.8,11.1,2025-10-21 14:41:43
2762,Shillong Temple,79,Temple,10,50,100,83.5,2.2,2025-06-01 02:52:43
2763,Traditional Jodhpur Hill Station Point,97,Monastery,20,200,0,86.9,0,2025-03-09 04:41:32
2764,Extra Cheesy Mumbai Hill Station Point,69,National Park,150,2250,0,57.2,32.3,2025-11-30 09:25:14
2765,Roadside Surat Viewpoint,29,Viewpoint,150,1200,0,82.7,2.6,2026-04-27 02:41:00
2766,Hampi Temple,50,Temple,100,800,25,45.4,42.2,2026-03-04 18:36:13
2767,Raipur Cave,20,Cave,10,150,25,74.0,10.3,2025-04-02 17:18:07
2768,Warangal Dam,115,Dam,200,1600,0,66.6,18.1,2025-04-10 13:01:05
2769,Chef's Madurai Temple,107,Temple,100,800,0,73.8,15.9,2025-10-10 04:49:55
2770,Festival Bilaspur Hill Station Point,21,Heritage Walk,30,150,0,86.2,0,2026-04-20 11:49:03
2771,Roadside Kanyakumari Waterfall,110,Waterfall,10,80,0,81.7,5.7,2026-05-16 04:29:21
2772,Spicy Chandigarh Monastery,92,Monastery,200,2000,0,76.3,10.4,2025-05-06 09:48:01
2773,Bengaluru Lake,48,Lake,10,50,100,66.7,32.3,2025-10-04 15:55:45
2774,Nalanda Museum,18,Museum,150,2250,0,55.9,41.3,2025-10-04 12:58:00
2775,Royal Silchar Church,14,Church,200,2000,25,84.7,0.3,2025-03-26 09:05:25
2776,Aurangabad Fort,73,Fort,150,1200,25,61.9,28.7,2025-09-10 22:44:23
2777,Kakinada Waterfall,6,Waterfall,0,0,25,78.1,4.5,2025-08-03 06:52:32
2778,Auli Lake,132,Lake,50,500,100,76.1,6.9,2025-06-20 19:50:41
2779,Village-style Thiruvananthapuram Hill Station Point,56,Heritage Walk,150,1500,0,58.2,17.7,2025-09-19 10:18:13
2780,Deluxe Rajkot Palace,31,Palace,200,3000,50,70.0,16.3,2025-08-21 10:10:36
2781,Kolkata Fort,134,Fort,200,1000,50,80.6,3.0,2025-06-01 11:28:50
2782,Visakhapatnam Monastery,1,Monastery,10,50,25,77.6,7.3,2025-10-06 20:43:48
2783,Munnar Cave,57,Cave,30,150,100,83.9,1.2,2026-03-13 17:11:04
2784,Chef's Cuttack Lake,89,Lake,0,0,0,62.9,31.0,2025-07-27 22:49:56
2785,Champhai Cave,83,Cave,20,200,100,78.5,10.3,2025-04-30 02:20:13
2786,Chennai Temple,106,Temple,0,0,0,83.9,1.8,2026-05-07 08:08:23
2787,Patna Beach,15,Beach,150,1500,25,44.7,34.0,2025-08-20 10:21:58
2788,Premium Udupi Garden,53,Garden,100,800,50,85.0,0,2025-03-05 14:02:53
2789,Gwalior Lake,65,Lake,150,2250,25,65.2,15.4,2025-03-17 15:28:55
2790,Quick-bite Kolkata Church,134,Church,100,1000,50,69.8,16.7,2025-11-02 21:52:16
2791,Moirang Zoo,78,Zoo,100,1000,0,65.0,29.6,2025-07-21 00:45:33
2792,Chennai Lake,106,Lake,10,100,0,76.2,14.7,2025-11-27 06:35:32
2793,Grandma's Patna Wildlife Sanctuary,15,Viewpoint,10,50,100,45.0,47.3,2025-04-13 12:18:41
2794,Nalanda Garden,18,Garden,100,500,25,85.3,0,2026-02-26 05:49:34
2795,Gangtok Viewpoint,103,Viewpoint,200,1600,25,83.1,1.3,2025-03-12 00:02:31
2796,Hyderabad Palace,114,Palace,50,750,0,41.7,29.0,2025-10-28 19:29:53
2797,Lucknow Zoo,119,Zoo,20,300,0,58.1,32.9,2026-06-28 03:53:37
2798,Spicy Ludhiana Waterfall,93,Waterfall,30,450,25,83.3,2.4,2025-07-21 06:15:07
2799,Festival Panipat Waterfall,38,Waterfall,0,0,50,77.9,5.8,2025-03-07 07:59:40
2800,Mount Abu Market,100,Market,20,300,25,92.1,0,2025-09-19 11:54:23
2801,Konark Beach,88,Beach,200,2000,50,40.5,78.6,2026-04-08 12:14:36
2802,Premium Chennai Hill Station Point,106,Beach,200,1600,50,71.4,19.2,2026-01-23 17:36:23
2803,Hampi Fort,50,Fort,20,200,0,80.8,5.3,2025-03-07 13:58:55
2804,Street-side Kovalam Market,61,Market,20,200,50,75.2,14.0,2025-10-22 04:55:27
2805,Homestyle Nagpur Bridge,71,Bridge,0,0,100,74.5,18.6,2025-06-08 12:26:25
2806,Faridabad Palace,36,Palace,10,80,50,58.4,19.5,2025-05-30 20:46:34
2807,Digha Zoo,136,Zoo,20,300,100,82.7,2.4,2025-03-24 11:29:05
2808,Margao Dam,24,Dam,200,1000,0,95.2,0,2025-11-14 07:47:14
2809,Varanasi Cave,121,Cave,30,450,25,66.0,13.0,2025-02-11 23:20:30
2810,Local Favourite Thanjavur Zoo,113,Zoo,200,2000,50,77.8,12.1,2025-06-25 02:04:28
2811,Vijayawada Lake,2,Lake,200,3000,100,68.1,18.6,2026-01-06 18:04:51
2812,Rajahmundry Zoo,5,Zoo,20,300,0,57.3,29.2,2025-06-19 02:45:34
2813,Quick-bite Puri National Park,87,Museum,0,0,0,84.7,0.3,2025-07-05 22:39:58
2814,Street-side Konark Market,88,Market,50,750,25,73.2,19.9,2025-05-11 02:35:51
2815,Kurukshetra Palace,37,Palace,150,1200,0,71.5,9.5,2026-05-20 11:19:47
2816,Family Recipe Amritsar Lake,91,Lake,10,50,50,64.4,21.7,2025-08-23 21:17:43
2817,Deoghar Bridge,47,Bridge,50,500,0,46.2,26.2,2025-09-25 10:08:29
2818,Royal Orchha Waterfall,68,Waterfall,200,3000,100,44.3,56.0,2025-12-22 17:08:09
2819,Coorg Zoo,52,Zoo,50,250,0,44.7,36.2,2026-03-10 09:13:37
2820,Orchha Market,68,Market,0,0,100,67.1,30.5,2025-04-13 06:23:32
2821,Bhubaneswar Temple,86,Temple,200,3000,0,85.0,0,2026-05-30 07:53:21
2822,Ahmedabad Dam,28,Dam,30,300,50,54.0,22.0,2026-04-19 20:02:02
2823,Alleppey Market,58,Market,0,0,0,78.6,5.1,2025-03-26 23:37:05
2824,Street-side Jaisalmer Monastery,98,Monastery,0,0,25,82.2,2.8,2025-02-17 17:16:43
2825,Hampi Museum,50,Museum,150,2250,25,65.1,31.5,2025-04-09 16:16:58
2826,Cherrapunji Lake,80,Lake,200,2000,0,75.8,15.1,2025-10-08 21:19:08
2827,Homestyle Udupi Monastery,53,Monastery,200,1600,100,57.2,28.4,2026-02-10 04:20:08
2828,Kozhikode Temple,59,Temple,20,100,0,63.1,13.7,2025-02-09 13:06:08
2829,Tirupati Fort,3,Fort,150,1200,25,83.7,2.1,2025-08-19 05:16:23
2830,Kaziranga Heritage Walk,13,Monastery,20,300,0,81.6,2.5,2025-10-06 18:31:56
2831,Village-style Konark Hill Station Point,88,Museum,30,450,25,70.4,10.8,2026-01-22 01:14:12
2832,Gwalior Church,65,Church,150,1500,0,70.5,11.9,2025-03-10 01:50:27
2833,Premium Puri Viewpoint,87,Viewpoint,150,1500,25,79.1,6.7,2025-08-06 21:29:07
2834,Jorhat Garden,12,Garden,100,1000,0,73.7,11.3,2025-06-04 19:57:18
2835,Shantiniketan Beach,138,Beach,30,450,100,89.8,0,2025-05-29 12:51:22
2836,Deluxe Nainital Garden,130,Garden,50,250,100,63.1,36.2,2025-11-16 22:10:10
2837,Ujjain Monastery,66,Monastery,150,1200,25,74.7,9.5,2025-09-26 14:39:54
2838,Homestyle Udaipur Heritage Walk,96,Beach,150,1200,100,90.4,0,2025-12-15 14:31:13
2839,Lucknow Museum,119,Museum,0,0,50,78.4,10.0,2026-05-05 10:58:13
2840,Nagpur Zoo,71,Zoo,30,450,100,66.2,29.5,2025-04-23 03:29:49
2841,Rajgir Hill Station Point,19,Monastery,10,50,0,52.4,47.6,2025-02-21 23:12:31
2842,Tirupati Bridge,3,Bridge,100,800,100,75.8,8.3,2025-05-10 05:20:30
2843,Rajgir Waterfall,19,Waterfall,100,500,50,70.8,14.1,2025-02-10 20:44:15
2844,Imphal Church,77,Church,30,240,25,68.2,28.4,2025-07-17 07:44:35
2845,Silchar Cave,14,Cave,10,80,25,54.2,33.0,2026-01-21 14:48:54
2846,Dimapur National Park,85,Bridge,0,0,0,55.2,33.3,2025-04-18 08:25:49
2847,Chandigarh Wildlife Sanctuary,92,Zoo,0,0,0,64.6,28.6,2025-04-29 13:06:49
2848,Traditional Chandigarh Zoo,92,Zoo,0,0,0,88.7,0,2026-01-18 15:43:02
2849,Chef's Rajahmundry Temple,5,Temple,50,500,0,77.9,4.8,2025-05-19 13:55:02
2850,Quick-bite Agra Viewpoint,120,Viewpoint,10,100,0,56.4,46.8,2026-01-22 03:49:09
2851,Mahabaleshwar Viewpoint,75,Viewpoint,20,200,0,65.7,34.3,2026-05-17 01:29:17
2852,Panipat Wildlife Sanctuary,38,Hill Station Point,200,1600,0,73.8,10.5,2025-09-08 02:58:23
2853,Panipat Hill Station Point,38,Viewpoint,0,0,25,72.0,16.8,2025-08-30 09:14:08
2854,Alleppey Wildlife Sanctuary,58,Beach,200,3000,25,61.9,33.0,2025-07-16 11:23:47
2855,Bodh Gaya National Park,17,Viewpoint,100,500,0,57.8,33.8,2025-12-06 10:01:32
2856,Aizawl Waterfall,82,Waterfall,30,150,25,47.1,29.2,2025-11-14 22:20:18
2857,Kovalam Hill Station Point,61,Market,30,240,50,53.0,37.0,2026-05-28 17:48:45
2858,Nainital Monastery,130,Monastery,20,160,0,71.6,19.0,2026-05-16 19:28:34
2859,Ooty Lake,109,Lake,30,150,0,60.2,36.8,2025-02-20 21:44:52
2860,Chennai Cave,106,Cave,10,80,50,46.6,31.4,2025-05-17 07:59:29
2861,Special Udaipur Market,96,Market,0,0,50,58.4,33.1,2025-12-21 13:06:06
2862,Street-side Jorhat Heritage Walk,12,Lake,200,1600,0,65.9,21.0,2025-08-20 06:48:22
2863,Panipat Museum,38,Museum,200,2000,100,87.0,0,2025-03-17 22:09:23
2864,Ujjain Dam,66,Dam,150,750,0,76.6,9.3,2026-03-03 21:07:12
2865,Bhopal Temple,62,Temple,0,0,0,54.5,30.6,2026-04-15 20:53:24
2866,Extra Cheesy Nagpur Dam,71,Dam,20,300,0,64.2,14.9,2025-06-24 07:46:29
2867,Pushkar Dam,99,Dam,200,1600,0,81.7,3.7,2025-02-22 09:52:12
2868,Roadside Ziro Palace,9,Palace,100,1500,50,82.7,3.1,2025-05-15 12:34:18
2869,Ayodhya Beach,123,Beach,200,1600,0,41.8,65.5,2026-03-23 04:34:14
2870,Aizawl Market,82,Market,20,100,100,75.7,10.4,2025-09-23 03:22:41
2871,Coimbatore Fort,108,Fort,100,500,50,49.4,42.3,2025-12-10 15:09:14
2872,Royal Deoghar Museum,47,Museum,10,50,50,63.7,18.9,2026-03-12 04:16:08
2873,Lachung Cave,105,Cave,10,50,50,64.5,35.2,2026-02-04 20:56:19
2874,Kullu Garden,42,Garden,0,0,0,81.4,6.1,2025-07-23 15:37:05
2875,Thanjavur Wildlife Sanctuary,113,Hill Station Point,20,100,25,74.6,12.5,2026-03-10 02:27:20
2876,Kozhikode Monastery,59,Monastery,30,240,100,74.3,19.2,2025-06-28 03:53:05
2877,Digha Heritage Walk,136,Church,150,1500,0,65.0,16.5,2025-12-17 14:47:03
2878,Premium Margao Market,24,Market,20,300,0,59.0,35.5,2025-03-12 16:31:17
2879,Signature Dehradun National Park,127,Church,200,3000,100,80.1,5.7,2025-02-15 06:28:07
2880,Chef's Bilaspur Bridge,21,Bridge,30,450,25,77.9,11.8,2026-05-21 18:06:58
2881,Mawlynnong National Park,81,Hill Station Point,150,750,100,60.1,38.4,2026-03-11 07:30:52
2882,Siliguri Cave,137,Cave,0,0,50,73.6,12.8,2026-04-30 04:11:20
2883,Extra Cheesy Dwarka Wildlife Sanctuary,32,Hill Station Point,10,80,100,48.4,64.4,2025-09-03 12:18:28
2884,Tirupati Market,3,Market,200,2000,25,79.5,5.0,2026-06-19 16:38:00
2885,Thanjavur Heritage Walk,113,Temple,20,100,100,92.3,0,2025-11-22 19:14:49
2886,Family Recipe Anjuna Museum,27,Museum,100,1000,0,85.9,0,2026-05-15 04:00:48
2887,Premium Panipat Temple,38,Temple,150,1200,0,55.3,37.6,2025-07-06 02:49:34
2888,Local Favourite Faridabad Beach,36,Beach,0,0,100,82.4,3.8,2025-11-07 15:56:42
2889,Panaji Monastery,23,Monastery,100,1500,50,78.3,9.3,2025-07-20 04:10:51
2890,Jagdalpur Waterfall,22,Waterfall,30,150,25,70.4,15.5,2026-01-22 12:41:06
2891,Pachmarhi Viewpoint,67,Viewpoint,0,0,100,87.0,0,2026-03-31 18:34:29
2892,Dehradun Market,127,Market,200,2000,100,85.1,0,2025-09-25 16:21:44
2893,Guntur Heritage Walk,4,Bridge,150,2250,50,56.3,37.5,2025-07-12 09:16:51
2894,Deluxe Udaipur Fort,96,Fort,0,0,100,68.3,15.6,2025-03-26 16:45:08
2895,Deluxe Ziro Waterfall,9,Waterfall,200,1000,25,75.8,16.1,2025-02-24 23:50:22
2896,Chilika Bridge,90,Bridge,100,1000,0,78.2,11.2,2025-09-15 21:47:11
2897,Nizamabad Heritage Walk,116,Monastery,150,750,0,79.4,6.9,2025-06-25 03:27:52
2898,Roadside Kolkata Museum,134,Museum,20,160,50,64.9,30.6,2026-02-13 14:18:20
2899,Special Dwarka Church,32,Church,50,250,25,72.5,12.3,2025-10-07 09:43:27
2900,Manali Lake,40,Lake,200,2000,0,83.0,2.4,2025-04-08 11:23:55
2901,Special Pune Museum,70,Museum,100,1500,100,66.2,30.4,2025-04-29 08:14:45
2902,Kovalam Temple,61,Temple,0,0,25,66.3,14.4,2025-05-06 00:21:17
2903,Jim Corbett Zoo,133,Zoo,200,3000,100,61.8,26.9,2026-03-19 09:34:29
2904,Grandma's Alleppey Waterfall,58,Waterfall,50,500,0,83.1,2.7,2025-11-11 01:37:42
2905,Itanagar Fort,7,Fort,50,400,25,54.1,49.4,2025-07-31 14:31:41
2906,Traditional Dimapur Monastery,85,Monastery,100,1000,0,58.9,33.5,2026-06-26 20:42:13
2907,Ahmedabad Museum,28,Museum,50,750,100,71.9,19.6,2026-04-26 19:21:18
2908,Kohima Garden,84,Garden,50,400,50,51.1,57.4,2025-07-13 20:22:40
2909,Vasco da Gama Waterfall,25,Waterfall,200,2000,100,71.5,20.0,2025-10-31 05:59:49
2910,Lucknow National Park,119,Palace,20,200,100,79.6,5.7,2026-04-21 18:36:11
2911,Calangute Wildlife Sanctuary,26,Hill Station Point,200,2000,100,74.6,12.3,2026-05-26 18:10:15
2912,Grandma's Hyderabad Museum,114,Museum,200,1600,0,53.8,26.0,2026-03-07 16:45:48
2913,Chilika Waterfall,90,Waterfall,50,400,50,71.7,12.5,2025-08-09 17:08:51
2914,Alibaug Zoo,76,Zoo,0,0,50,72.8,11.8,2025-05-13 12:38:58
2915,Hubballi Bridge,54,Bridge,10,50,0,77.0,10.7,2025-11-18 17:31:41
2916,Ooty Museum,109,Museum,30,240,0,70.8,11.5,2026-02-22 04:06:33
2917,Festival Dharamshala Hill Station Point,41,Garden,30,300,50,68.7,25.7,2026-02-07 21:35:16
2918,Gangtok Cave,103,Cave,20,200,25,89.9,0,2026-04-10 14:26:52
2919,Festival Panipat Viewpoint,38,Viewpoint,0,0,25,70.6,19.0,2025-07-01 19:59:37
2920,Mysuru Waterfall,49,Waterfall,0,0,50,68.0,25.2,2026-05-27 15:22:02
2921,Hyderabad Fort,114,Fort,20,200,100,82.7,3.1,2025-09-23 23:13:30
2922,Chef's Lonavala Garden,74,Garden,0,0,0,42.2,30.8,2025-12-04 01:06:31
2923,Rishikesh Monastery,128,Monastery,10,50,50,74.8,6.5,2026-01-05 23:07:09
2924,Silchar Palace,14,Palace,10,100,100,65.1,34.2,2026-06-16 07:32:26
2925,Deluxe Ayodhya Market,123,Market,10,80,100,75.7,10.3,2025-12-15 16:31:29
2926,Agartala Garden,117,Garden,150,2250,0,78.4,9.4,2025-01-30 14:22:44
2927,Traditional Imphal Heritage Walk,77,National Park,20,300,25,81.6,4.5,2025-12-13 07:38:11
2928,Nalanda Hill Station Point,18,Fort,10,150,0,78.3,5.6,2026-06-20 02:08:12
2929,Patiala Temple,94,Temple,150,750,25,45.2,56.4,2025-08-08 01:42:34
2930,Ranchi Temple,45,Temple,150,1200,0,68.9,20.5,2026-01-11 05:52:36
2931,Street-side Rishikesh Fort,128,Fort,50,500,50,64.4,18.3,2025-01-30 16:35:50
2932,Kalimpong Market,139,Market,50,250,50,58.1,31.6,2025-09-24 17:31:15
2933,Cherrapunji Palace,80,Palace,50,250,0,92.1,0,2025-09-06 22:16:56
2934,Nagpur Bridge,71,Bridge,100,800,50,50.7,29.8,2026-01-27 03:59:48
2935,Digha National Park,136,National Park,150,1200,50,68.3,13.9,2025-05-06 02:56:13
2936,Cuttack Waterfall,89,Waterfall,30,450,0,71.4,13.0,2025-06-20 22:50:58
2937,Festival Ahmedabad Beach,28,Beach,50,500,100,73.5,12.1,2026-02-25 10:37:28
2938,Classic Dwarka Waterfall,32,Waterfall,200,1000,25,72.6,12.2,2025-12-14 14:40:40
2939,Khajuraho Fort,64,Fort,10,50,50,79.2,7.7,2025-06-23 00:30:05
2940,Varanasi Bridge,121,Bridge,200,1000,0,45.0,38.2,2026-04-10 04:33:28
2941,Itanagar Waterfall,7,Waterfall,100,500,0,63.1,36.5,2026-02-12 00:10:59
2942,Mussoorie Bridge,131,Bridge,150,1200,100,56.1,33.2,2025-01-09 13:17:39
2943,Festival Agartala Cave,117,Cave,10,100,100,78.8,6.3,2025-07-06 06:10:31
2944,Kochi Temple,55,Temple,200,2000,0,79.1,4.3,2026-01-13 12:33:55
2945,Lucknow Garden,119,Garden,20,300,100,74.4,16.6,2026-05-07 10:20:05
2946,Chandigarh Bridge,92,Bridge,200,1600,0,72.4,9.7,2026-04-21 12:48:14
2947,Cherrapunji Bridge,80,Bridge,30,450,50,87.6,0,2025-08-25 06:07:49
2948,Festival Bengaluru Lake,48,Lake,150,1200,0,65.9,15.0,2025-07-28 13:16:30
2949,Family Recipe Agra Temple,120,Temple,50,400,0,74.5,17.0,2026-02-06 19:09:32
2950,Udaipur Waterfall,96,Waterfall,50,750,0,77.7,8.7,2026-05-09 23:49:25
2951,Kohima Dam,84,Dam,30,240,25,84.3,0.8,2025-07-11 21:39:14
2952,Hyderabad Bridge,114,Bridge,20,300,0,78.4,8.0,2026-04-17 05:18:02
2953,Manali Lake,40,Lake,200,1000,0,58.4,27.9,2026-03-20 01:07:05
2954,Dwarka Monastery,32,Monastery,30,450,25,80.6,5.7,2026-06-08 05:42:07
2955,Kullu Hill Station Point,42,Beach,20,200,25,66.3,18.3,2025-03-22 17:42:11
2956,Premium Cuttack Beach,89,Beach,30,240,100,65.5,18.6,2025-06-03 18:41:01
2957,Faridabad Temple,36,Temple,50,250,50,47.9,57.8,2025-11-21 17:33:11
2958,Thiruvananthapuram Beach,56,Beach,20,100,0,55.9,30.2,2025-02-03 16:13:07
2959,Traditional Lucknow Temple,119,Temple,100,1000,50,72.4,10.9,2026-01-20 05:16:58
2960,Roadside Rajahmundry Fort,5,Fort,50,400,0,75.6,10.8,2025-11-08 07:32:43
2961,Puri Hill Station Point,87,Bridge,0,0,25,63.5,35.9,2025-07-21 08:13:45
2962,Ayodhya Dam,123,Dam,150,750,0,50.7,24.2,2025-03-13 21:21:07
2963,Deluxe Dehradun Garden,127,Garden,100,500,0,65.1,14.6,2025-02-24 22:04:42
2964,Tirupati Lake,3,Lake,50,750,25,57.2,44.4,2026-05-17 01:47:44
2965,Kakinada Palace,6,Palace,10,100,50,81.6,6.0,2025-03-04 13:14:03
2966,Ranchi Wildlife Sanctuary,45,Heritage Walk,150,1500,25,94.9,0,2025-09-06 07:57:58
2967,Jaisalmer Lake,98,Lake,50,750,0,92.8,0,2025-06-03 17:13:41
2968,Konark Heritage Walk,88,Fort,100,1500,100,56.0,25.5,2025-08-23 22:29:14
2969,Street-side Shillong Palace,79,Palace,20,300,50,68.4,24.5,2026-04-02 09:33:16
2970,Madurai Dam,107,Dam,100,800,100,38.4,74.9,2026-05-27 06:46:29
2971,Deluxe Nizamabad Heritage Walk,116,Hill Station Point,10,80,25,82.3,4.5,2026-01-28 03:47:19
2972,Tirupati Viewpoint,3,Viewpoint,100,1500,50,52.0,32.2,2025-11-08 14:21:53
2973,Deluxe Prayagraj Wildlife Sanctuary,124,Heritage Walk,50,500,25,92.7,0,2025-10-01 17:13:26
2974,Street-side Bhubaneswar Heritage Walk,86,Zoo,100,800,50,86.4,0,2026-04-10 07:44:33
2975,Royal Panipat Beach,38,Beach,150,1500,25,47.7,63.5,2025-09-15 03:04:50
2976,Local Favourite Nashik Heritage Walk,72,Beach,100,1000,25,68.3,26.4,2025-10-15 16:49:31
2977,Kalimpong Cave,139,Cave,20,100,0,73.2,20.4,2026-01-25 10:26:08
2978,Hyderabad Church,114,Church,150,2250,0,79.4,4.9,2026-03-04 19:22:07
2979,Homestyle Spiti Museum,43,Museum,0,0,100,76.2,10.8,2025-06-22 00:28:04
2980,Orchha Church,68,Church,30,300,0,90.0,0,2026-05-25 16:55:30
2981,Jaisalmer Dam,98,Dam,200,3000,0,56.8,49.5,2025-07-08 09:30:05
2982,Kanyakumari Church,110,Church,30,150,0,79.0,10.3,2026-03-11 21:36:25
2983,Lucknow Church,119,Church,30,450,50,48.4,33.4,2025-10-04 11:29:34
2984,Jaisalmer Hill Station Point,98,Dam,10,100,50,71.7,16.7,2025-09-25 23:11:30
2985,Bodh Gaya Viewpoint,17,Viewpoint,100,800,100,79.7,3.9,2026-03-19 02:24:18
2986,Village-style Mussoorie Cave,131,Cave,50,500,50,79.5,5.9,2026-03-21 16:33:08
2987,Jamshedpur Monastery,46,Monastery,10,50,0,65.6,26.0,2025-10-31 01:46:20
2988,Prayagraj Palace,124,Palace,20,160,25,47.0,67.6,2026-02-18 04:56:15
2989,Amritsar Hill Station Point,91,Fort,30,150,50,83.6,1.5,2025-08-27 18:38:34
2990,Pune Cave,70,Cave,100,800,100,63.5,35.2,2026-05-01 21:49:18
2991,Dimapur Temple,85,Temple,10,80,25,78.5,8.8,2025-08-20 21:54:54
2992,Gurugram Church,35,Church,150,750,25,39.8,56.1,2025-11-15 19:36:02
2993,Bengaluru Waterfall,48,Waterfall,200,1600,50,71.1,21.4,2026-05-13 10:04:24
2994,Festival Varanasi Fort,121,Fort,200,2000,25,47.3,51.8,2025-01-19 03:47:02
2995,Traditional Hubballi Waterfall,54,Waterfall,100,1000,0,77.1,5.5,2025-01-09 14:02:18
2996,Traditional Deoghar Cave,47,Cave,50,250,0,74.6,9.4,2026-05-11 09:58:47
2997,Nalanda Cave,18,Cave,0,0,25,71.1,19.6,2026-04-03 00:01:23
2998,Family Recipe Surat Palace,29,Palace,50,250,0,52.0,55.8,2025-09-18 08:04:08
2999,Dehradun Market,127,Market,50,400,100,67.4,18.2,2026-01-16 18:07:23
3000,Hyderabad Hill Station Point,114,Garden,0,0,100,70.6,25.5,2025-06-06 08:31:19
3001,Imphal Beach,77,Beach,20,300,25,77.6,12.5,2026-05-01 08:45:23
3002,Ayodhya Temple,123,Temple,50,400,50,64.8,17.1,2026-06-16 04:15:38
3003,Silchar Heritage Walk,14,Temple,0,0,25,64.7,21.9,2025-12-25 11:33:25
3004,Thiruvananthapuram Zoo,56,Zoo,20,300,25,67.2,17.0,2025-03-15 10:56:30
3005,Village-style Madurai Church,107,Church,20,200,0,85.0,0,2026-04-17 07:21:39
3006,Gurugram Zoo,35,Zoo,150,2250,0,54.8,24.9,2025-12-27 18:44:20
3007,Bhopal Market,62,Market,100,1500,25,79.8,7.9,2025-03-22 05:49:15
3008,Deluxe Lucknow Beach,119,Beach,0,0,0,78.2,11.0,2026-02-22 06:38:07
3009,Dibrugarh Heritage Walk,11,Bridge,30,300,25,43.7,63.5,2026-03-24 02:58:40
3010,Jorhat Museum,12,Museum,200,2000,0,76.3,12.0,2025-03-07 08:16:26
3011,Raipur Dam,20,Dam,30,240,0,61.0,28.3,2025-11-02 22:25:13
3012,Bengaluru Palace,48,Palace,150,750,50,45.8,46.9,2025-08-05 09:53:37
3013,Jaisalmer Zoo,98,Zoo,0,0,50,69.6,17.0,2025-07-14 09:25:20
3014,Premium Darjeeling Hill Station Point,135,Wildlife Sanctuary,10,150,50,68.9,23.4,2025-01-12 09:11:00
3015,Dalhousie Temple,44,Temple,200,3000,0,54.6,43.7,2025-01-07 00:37:59
3016,Family Recipe Cherrapunji National Park,80,Cave,150,1200,50,66.2,15.4,2026-01-10 22:25:02
3017,Royal Rajkot Dam,31,Dam,150,750,50,65.9,23.8,2026-04-14 02:54:11
3018,Vadodara Market,30,Market,100,1000,0,45.0,29.6,2025-11-13 02:11:54
3019,Shantiniketan Temple,138,Temple,0,0,100,47.7,31.9,2025-09-04 06:04:01
3020,Cherrapunji Bridge,80,Bridge,100,1500,0,79.2,3.7,2025-04-04 14:05:29
3021,Bhopal Heritage Walk,62,Temple,0,0,0,80.0,4.6,2025-06-22 09:40:56
3022,Quick-bite Shimla Museum,39,Museum,30,150,100,86.6,0,2026-04-20 08:37:45
3023,Nizamabad National Park,116,Market,10,100,25,75.5,8.0,2026-02-22 15:39:29
3024,Guntur Bridge,4,Bridge,10,50,0,90.3,0,2025-10-09 02:13:24
3025,Khajuraho Church,64,Church,150,2250,0,84.4,0.6,2025-06-20 00:38:29
3026,Kanpur Fort,125,Fort,100,1000,0,64.3,17.0,2025-01-03 19:59:37
3027,Tirupati Monastery,3,Monastery,150,1200,50,50.1,47.1,2025-07-12 19:48:17
3028,Kalimpong Market,139,Market,150,750,25,59.9,33.1,2025-03-08 12:19:31
3029,Deoghar Fort,47,Fort,30,450,0,83.3,2.4,2026-04-22 17:58:12
3030,Family Recipe Pachmarhi Heritage Walk,67,Garden,50,250,50,81.5,4.4,2025-08-19 08:52:42
3031,Local Favourite Khajuraho Lake,64,Lake,20,100,25,84.9,0.2,2026-06-18 11:18:29
3032,Royal Haridwar Museum,129,Museum,200,2000,0,89.4,0,2026-03-10 14:47:22
3033,Street-side Patna National Park,15,Market,100,1000,0,77.6,9.1,2025-09-10 00:21:32
3034,Kovalam Dam,61,Dam,150,750,25,73.1,12.2,2025-11-28 06:27:54
3035,Haridwar Market,129,Market,150,1200,100,79.9,4.3,2026-02-03 22:31:43
3036,Royal Mangaluru Hill Station Point,51,Viewpoint,20,100,25,77.6,11.4,2025-09-23 18:23:27
3037,Kozhikode Lake,59,Lake,30,150,100,68.2,19.8,2025-05-10 16:42:56
3038,Moirang Fort,78,Fort,100,500,50,69.0,16.2,2025-06-07 06:02:07
3039,Family Recipe Gir National Park,34,National Park,30,300,0,43.2,72.3,2025-03-17 09:42:21
3040,Konark Cave,88,Cave,0,0,50,76.5,14.1,2026-03-01 04:15:38
3041,Family Recipe Panaji Fort,23,Fort,0,0,0,39.0,70.5,2026-04-04 22:09:43
3042,Coimbatore National Park,108,Temple,10,150,0,65.5,31.2,2025-10-06 13:33:27
3043,Panaji Museum,23,Museum,200,3000,50,73.3,19.2,2026-06-06 22:07:42
3044,Kohima Palace,84,Palace,10,50,50,42.2,58.8,2025-05-16 22:34:40
3045,Shillong Bridge,79,Bridge,150,2250,50,68.0,25.7,2025-12-21 23:21:24
3046,Haridwar Church,129,Church,10,80,25,83.1,1.1,2025-05-14 14:43:37
3047,Ajmer Waterfall,102,Waterfall,20,160,25,87.4,0,2026-05-27 02:15:13
3048,Hyderabad Monastery,114,Monastery,30,240,0,61.4,21.9,2025-06-29 02:16:39
3049,Panaji Cave,23,Cave,200,3000,0,68.6,25.1,2025-08-20 18:17:00
3050,Jorhat Hill Station Point,12,Garden,200,1000,0,64.1,25.5,2026-05-23 05:24:21
3051,Homestyle Aizawl Garden,82,Garden,20,200,100,89.6,0,2026-06-01 04:29:07
3052,Calangute Waterfall,26,Waterfall,200,1600,50,63.9,15.5,2025-05-25 23:00:44
3053,Udupi Dam,53,Dam,20,200,50,71.4,13.1,2025-03-04 23:06:09
3054,Royal Somnath Beach,33,Beach,30,150,0,47.1,49.2,2026-01-02 06:41:18
3055,Village-style Panaji Zoo,23,Zoo,200,3000,25,47.5,63.6,2025-09-01 19:39:22
3056,Chef's Coorg Zoo,52,Zoo,100,500,0,81.3,5.0,2025-02-22 17:02:23
3057,Alibaug National Park,76,Heritage Walk,10,50,25,52.0,27.1,2025-12-28 18:06:05
3058,Kozhikode Waterfall,59,Waterfall,50,500,25,83.4,1.9,2025-04-21 15:19:25
3059,Village-style Guwahati Hill Station Point,10,Church,0,0,100,86.8,0,2026-01-23 12:58:27
3060,Mumbai Lake,69,Lake,150,2250,0,73.9,6.7,2025-10-31 18:00:31
3061,Dharamshala Palace,41,Palace,30,300,50,68.5,21.2,2025-01-24 01:59:35
3062,Deluxe Surat National Park,29,Market,20,200,25,72.9,17.0,2026-03-19 22:28:46
3063,Digha Wildlife Sanctuary,136,Cave,100,800,0,62.3,34.8,2025-11-09 17:44:04
3064,Local Favourite Chilika Monastery,90,Monastery,100,800,50,67.8,16.8,2025-03-06 21:06:56
3065,Kurukshetra Garden,37,Garden,100,500,0,85.8,0,2026-02-01 20:23:07
3066,Nizamabad Church,116,Church,30,450,50,73.1,8.8,2026-01-12 04:06:17
3067,Royal Rajkot Viewpoint,31,Viewpoint,150,1500,25,57.8,19.2,2025-09-25 08:47:27
3068,Alibaug Lake,76,Lake,30,240,50,52.8,27.7,2025-01-24 07:07:54
3069,Special Shimla Bridge,39,Bridge,100,1500,50,68.2,18.2,2025-01-10 12:51:02
3070,Traditional Ludhiana Church,93,Church,150,750,0,64.7,15.6,2026-04-08 19:51:05
3071,Royal Konark Hill Station Point,88,National Park,0,0,0,70.5,12.8,2026-01-19 23:40:35
3072,Roadside Aurangabad Garden,73,Garden,10,150,100,78.1,5.9,2025-03-30 06:25:02
3073,Shantiniketan Cave,138,Cave,100,500,0,81.6,3.5,2025-03-04 10:39:39
3074,Mumbai Hill Station Point,69,Fort,100,500,100,69.8,17.5,2026-04-20 21:03:25
3075,Agartala Heritage Walk,117,Beach,200,1000,50,77.5,6.5,2025-02-08 09:24:32
3076,Pelling Museum,104,Museum,50,400,0,73.4,11.9,2025-08-20 03:12:54
3077,Rajgir Monastery,19,Monastery,200,1600,100,62.0,13.8,2025-08-10 05:01:20
3078,Thiruvananthapuram Temple,56,Temple,0,0,100,59.0,27.8,2026-04-22 20:03:29
3079,Mussoorie Monastery,131,Monastery,10,150,0,47.0,58.5,2025-03-10 01:26:23
3080,Authentic Siliguri Bridge,137,Bridge,20,100,0,81.5,3.6,2025-07-17 01:35:21
3081,Bodh Gaya Beach,17,Beach,200,1600,50,68.9,14.9,2026-03-12 12:11:41
3082,Village-style Dehradun Fort,127,Fort,150,2250,0,51.0,37.9,2025-03-04 13:36:40
3083,Quick-bite Kovalam Hill Station Point,61,Temple,30,240,0,75.6,9.6,2026-05-06 06:34:50
3084,Aizawl Market,82,Market,30,450,100,85.7,0,2025-11-22 03:20:48
3085,Roadside Alleppey Market,58,Market,200,1600,0,78.7,5.1,2025-01-17 21:02:47
3086,Mawlynnong Temple,81,Temple,50,500,50,79.2,9.6,2025-03-28 01:34:27
3087,Deluxe Gurugram Monastery,35,Monastery,20,300,0,81.7,3.0,2025-07-09 04:31:12
3088,Shantiniketan Beach,138,Beach,150,750,100,63.8,13.2,2026-05-17 13:20:45
3089,Pachmarhi Viewpoint,67,Viewpoint,30,150,50,65.3,32.6,2026-04-16 03:37:42
3090,Special Panaji Market,23,Market,20,100,50,43.3,55.3,2026-03-12 02:32:59
3091,Authentic Tawang Church,8,Church,150,1500,100,67.9,13.1,2025-07-27 12:58:58
3092,Agra Cave,120,Cave,150,2250,50,56.9,35.4,2025-04-21 16:49:01
3093,Family Recipe Moirang Monastery,78,Monastery,0,0,25,67.3,18.4,2026-04-14 17:50:07
3094,Spiti Waterfall,43,Waterfall,150,1200,100,87.7,0,2025-04-11 02:03:09
3095,Royal Gaya Bridge,16,Bridge,10,80,25,59.1,18.8,2026-05-16 17:06:21
3096,Gurugram Waterfall,35,Waterfall,200,3000,25,62.3,23.3,2025-02-12 05:59:36
3097,Royal Ziro Temple,9,Temple,100,1000,50,75.9,8.0,2025-07-11 20:50:12
3098,Rameswaram Garden,111,Garden,10,100,100,84.1,0.6,2026-01-19 03:54:17
3099,Local Favourite Mussoorie Viewpoint,131,Viewpoint,30,300,50,71.1,24.6,2025-10-21 17:25:13
3100,Digha Lake,136,Lake,20,200,100,89.6,0,2025-10-22 07:23:58
3101,Varanasi Bridge,121,Bridge,100,1500,0,51.3,47.8,2025-12-19 23:19:42
3102,Signature Varanasi Waterfall,121,Waterfall,150,1200,0,76.2,6.7,2025-04-18 19:53:03
3103,Thanjavur Market,113,Market,100,500,25,68.4,28.2,2026-03-27 15:58:09
3104,Ayodhya Beach,123,Beach,150,2250,0,77.9,9.5,2026-02-25 11:34:02
3105,Ooty Wildlife Sanctuary,109,Lake,30,300,25,90.8,0,2025-04-21 00:37:50
3106,Spicy Haridwar Viewpoint,129,Viewpoint,30,150,50,66.1,27.5,2026-04-07 21:17:48
3107,Mysuru Market,49,Market,20,100,50,77.4,10.3,2025-10-31 16:48:53
3108,Mount Abu Bridge,100,Bridge,200,2000,0,58.4,24.2,2025-11-10 08:17:21
3109,Signature Pelling Museum,104,Museum,20,200,50,40.8,55.9,2025-05-22 10:56:38
3110,Signature Lachung Zoo,105,Zoo,50,400,0,73.0,7.4,2025-06-17 18:17:56
3111,Lucknow Church,119,Church,100,1500,0,83.8,1.0,2025-01-28 19:13:45
3112,Alibaug Museum,76,Museum,20,200,100,49.3,56.5,2025-09-22 22:47:13
3113,Spicy Mathura National Park,122,Monastery,20,100,0,56.4,32.1,2025-10-10 12:33:09
3114,Mawlynnong Bridge,81,Bridge,150,2250,0,66.1,22.3,2026-06-22 08:28:08
3115,Kalimpong Church,139,Church,200,1600,100,47.4,32.9,2026-02-02 14:34:28
3116,Siliguri Market,137,Market,200,1600,100,78.9,10.1,2025-12-30 03:37:30
3117,Festival Anjuna Palace,27,Palace,20,160,100,79.5,9.1,2025-04-25 09:18:18
3118,Dharamshala Museum,41,Museum,10,150,50,68.3,18.7,2025-05-12 10:45:08
3119,Itanagar Zoo,7,Zoo,50,250,50,61.7,17.6,2026-02-21 09:36:50
3120,Spicy Faridabad Beach,36,Beach,30,150,0,62.2,23.3,2025-06-09 21:50:41
3121,Guwahati Fort,10,Fort,20,300,0,76.7,6.9,2025-05-16 08:29:03
3122,Nizamabad Bridge,116,Bridge,150,750,25,73.3,19.3,2025-08-20 13:02:13
3123,Kovalam Dam,61,Dam,50,250,100,70.2,19.0,2026-05-08 02:47:20
3124,Guwahati Museum,10,Museum,50,250,0,68.8,28.4,2025-05-22 03:21:24
3125,Vijayawada Zoo,2,Zoo,0,0,25,76.6,14.1,2025-05-28 04:58:59
3126,Imphal Temple,77,Temple,50,750,25,46.3,44.7,2025-03-09 17:20:03
3127,Manali Fort,40,Fort,10,80,25,66.0,34.1,2025-03-19 13:55:14
3128,Mount Abu Garden,100,Garden,20,100,25,74.9,13.8,2025-10-14 15:37:01
3129,Rajahmundry Dam,5,Dam,150,1500,0,47.4,57.1,2026-01-01 06:53:10
3130,Local Favourite Jamshedpur Garden,46,Garden,0,0,0,92.4,0,2025-01-25 15:46:25
3131,Jorhat Heritage Walk,12,National Park,20,200,0,63.4,18.3,2026-03-02 05:17:15
3132,Pelling Cave,104,Cave,20,300,0,43.3,33.0,2025-03-20 12:47:33
3133,Shimla Market,39,Market,150,1200,0,75.4,16.2,2025-05-07 16:35:32
3134,Udupi Cave,53,Cave,30,300,100,75.1,7.4,2025-01-22 14:08:56
3135,Nashik Waterfall,72,Waterfall,20,100,100,51.9,59.5,2025-01-20 16:52:07
3136,Hyderabad Church,114,Church,100,1500,0,77.6,10.9,2025-02-22 15:40:19
3137,Patiala Lake,94,Lake,100,800,25,71.1,18.4,2025-07-10 08:29:26
3138,Gwalior Garden,65,Garden,100,1500,0,80.2,3.1,2025-03-27 00:12:00
3139,Extra Cheesy Margao Monastery,24,Monastery,200,1600,0,46.0,58.0,2025-02-17 20:41:03
3140,Nagpur Beach,71,Beach,150,2250,0,74.5,18.9,2025-10-02 00:35:16
3141,Royal Jaipur Wildlife Sanctuary,95,Monastery,10,80,0,87.1,0,2025-05-27 02:06:09
3142,Ranchi Museum,45,Museum,50,750,0,69.5,25.8,2025-07-24 13:23:41
3143,Udaipur (Tripura) Bridge,118,Bridge,100,1000,25,73.6,8.9,2025-02-21 22:18:58
3144,Digha Wildlife Sanctuary,136,Waterfall,30,150,25,53.5,53.9,2025-08-11 15:15:14
3145,Authentic Panipat Heritage Walk,38,Fort,200,3000,25,69.2,20.3,2025-10-22 13:14:20
3146,Nagpur Cave,71,Cave,20,100,0,76.2,8.8,2025-11-06 13:29:07
3147,Bhopal Dam,62,Dam,50,750,0,61.1,39.9,2025-09-07 03:16:22
3148,Lucknow Zoo,119,Zoo,100,1000,25,75.3,12.2,2026-05-05 02:34:43
3149,Traditional Nalanda Temple,18,Temple,200,1600,100,76.3,5.7,2026-05-15 16:35:21
3150,Lonavala Lake,74,Lake,150,1500,100,73.3,19.7,2025-01-16 17:38:17
3151,Premium Shillong National Park,79,Heritage Walk,30,450,50,53.1,49.4,2025-06-19 16:29:30
3152,Chilika Garden,90,Garden,0,0,50,52.7,52.4,2026-06-11 06:29:33
3153,Pelling Zoo,104,Zoo,10,100,0,60.9,26.8,2025-07-17 15:49:05
3154,Festival Madurai Zoo,107,Zoo,30,450,0,72.5,16.0,2026-03-11 15:42:04
3155,Khajuraho Palace,64,Palace,50,250,0,80.5,7.5,2025-07-19 15:31:08
3156,Royal Rishikesh Waterfall,128,Waterfall,0,0,0,60.7,21.4,2025-04-29 17:00:37
3157,Bodh Gaya Hill Station Point,17,Church,20,300,25,62.6,37.2,2025-03-12 00:53:31
3158,Khajuraho Viewpoint,64,Viewpoint,20,200,50,75.9,13.7,2025-06-15 15:33:54
3159,Jagdalpur Hill Station Point,22,Palace,100,500,50,85.7,0,2025-10-15 15:44:25
3160,Kalimpong Beach,139,Beach,50,500,25,58.2,24.3,2025-04-20 19:21:40
3161,Agartala Fort,117,Fort,10,100,50,68.1,19.1,2026-01-23 05:36:05
3162,Rajgir Fort,19,Fort,100,500,0,55.3,21.4,2026-04-26 11:41:37
3163,Jaipur Viewpoint,95,Viewpoint,10,100,100,73.2,18.5,2025-06-10 15:58:39
3164,Pachmarhi Fort,67,Fort,10,100,0,48.0,57.1,2026-04-26 17:51:43
3165,Deluxe Lucknow Church,119,Church,0,0,25,61.8,24.1,2025-12-16 08:03:57
3166,Shantiniketan Hill Station Point,138,Museum,100,500,25,73.5,14.8,2025-05-02 21:11:50
3167,Local Favourite Nalanda Dam,18,Dam,200,1000,0,66.0,25.4,2026-01-19 03:14:18
3168,Khajuraho Church,64,Church,20,300,100,94.3,0,2025-03-09 11:53:35
3169,Gangtok Museum,103,Museum,0,0,0,50.4,35.7,2025-05-03 02:51:39
3170,Signature Jaisalmer National Park,98,Waterfall,150,750,25,89.6,0,2025-10-16 04:40:21
3171,Rajgir Waterfall,19,Waterfall,100,500,50,80.3,3.0,2025-07-03 12:29:12
3172,Village-style Ajmer Hill Station Point,102,Garden,20,160,100,53.5,39.7,2025-12-01 11:37:51
3173,Kalimpong Palace,139,Palace,20,100,0,68.5,22.4,2025-04-09 19:26:50
3174,Margao Beach,24,Beach,10,100,50,90.6,0,2026-02-05 10:56:59
3175,Deluxe Nagpur Waterfall,71,Waterfall,200,1000,50,46.4,54.2,2026-05-23 21:26:51
3176,Mangaluru Lake,51,Lake,30,450,100,88.6,0,2025-08-23 12:08:24
3177,Spicy Gir Hill Station Point,34,Church,100,1500,100,52.8,55.4,2025-12-14 02:36:33
3178,Jamshedpur Museum,46,Museum,50,750,0,85.2,0,2026-04-04 05:48:40
3179,Dehradun Dam,127,Dam,20,300,100,69.3,11.3,2025-12-30 03:14:49
3180,Ayodhya Temple,123,Temple,0,0,0,73.7,16.2,2026-06-08 00:30:24
3181,Dwarka Fort,32,Fort,20,300,50,70.4,19.1,2026-04-05 08:26:41
3182,Mount Abu Palace,100,Palace,20,300,25,75.5,10.0,2026-04-03 20:49:45
3183,Kanyakumari Fort,110,Fort,0,0,0,60.7,28.0,2026-05-27 04:19:23
3184,Deluxe Kakinada Garden,6,Garden,50,500,0,83.8,2.0,2025-06-20 05:37:02
3185,Street-side Mangaluru Dam,51,Dam,100,1000,0,86.8,0,2025-05-29 07:15:20
3186,Visakhapatnam Lake,1,Lake,0,0,0,50.8,48.9,2025-04-05 09:17:50
3187,Margao Garden,24,Garden,0,0,50,82.4,3.1,2025-07-03 19:44:16
3188,Ooty National Park,109,Palace,200,1000,0,71.6,13.4,2025-05-13 11:40:47
3189,Anjuna Fort,27,Fort,30,240,50,73.7,17.2,2025-09-06 06:03:38
3190,Grandma's Kozhikode National Park,59,Beach,50,250,25,41.3,46.8,2026-01-27 14:49:33
3191,Champhai Cave,83,Cave,30,240,50,74.0,12.4,2026-05-11 19:16:36
3192,Mangaluru Museum,51,Museum,150,2250,50,56.4,38.2,2025-06-24 17:34:59
3193,Extra Cheesy Jorhat Cave,12,Cave,20,200,100,80.8,5.8,2025-07-23 10:43:26
3194,Vasco da Gama Church,25,Church,10,100,100,60.5,16.3,2025-06-27 12:59:56
3195,Chef's Digha Museum,136,Museum,10,80,100,77.7,11.5,2025-03-12 19:31:58
3196,Quick-bite Varanasi Fort,121,Fort,50,750,25,81.7,3.2,2026-04-01 18:11:12
3197,Itanagar Heritage Walk,7,Cave,30,300,50,40.4,69.9,2026-01-03 13:15:32
3198,Kalimpong Temple,139,Temple,10,150,50,65.4,29.8,2026-05-01 08:16:55
3199,Kanpur Waterfall,125,Waterfall,50,750,25,71.4,20.0,2026-04-12 07:32:48
3200,Tirupati Waterfall,3,Waterfall,50,500,100,91.2,0,2025-08-28 13:11:32
3201,Amritsar Heritage Walk,91,National Park,30,300,25,74.5,14.7,2025-07-12 10:29:13
3202,Calangute Zoo,26,Zoo,10,100,0,95.5,0,2026-04-05 16:25:06
3203,Kohima Zoo,84,Zoo,150,1200,100,53.2,33.6,2025-11-22 17:37:04
3204,Roadside Kochi Wildlife Sanctuary,55,Beach,10,80,100,75.3,7.4,2025-04-06 23:06:58
3205,Tirupati Bridge,3,Bridge,150,750,0,83.3,2.1,2026-04-24 03:36:17
3206,Chandigarh Heritage Walk,92,Lake,200,2000,0,89.4,0,2025-07-22 10:36:05
3207,Coimbatore Temple,108,Temple,0,0,100,91.7,0,2025-02-16 00:08:21
3208,Aurangabad Waterfall,73,Waterfall,150,750,50,82.3,4.2,2025-01-22 09:57:38
3209,Bhopal Palace,62,Palace,30,240,50,71.3,18.0,2025-08-31 08:37:05
3210,Warangal Viewpoint,115,Viewpoint,100,500,0,85.9,0,2026-01-11 01:53:33
3211,Bodh Gaya Garden,17,Garden,150,2250,50,69.6,27.1,2025-01-06 23:24:57
3212,Dalhousie Wildlife Sanctuary,44,Waterfall,200,2000,0,82.3,3.4,2025-05-21 13:44:42
3213,Surat Lake,29,Lake,30,150,50,66.3,21.0,2025-06-18 23:36:11
3214,Ayodhya Beach,123,Beach,200,2000,100,86.5,0,2026-02-08 18:48:54
3215,Nainital Church,130,Church,50,500,0,87.6,0,2025-12-06 03:10:34
3216,Rajgir Lake,19,Lake,10,80,0,81.0,6.5,2025-12-23 07:15:14
3217,Chef's Margao Palace,24,Palace,20,200,100,45.8,41.2,2025-06-01 20:46:39
3218,Thiruvananthapuram Market,56,Market,100,500,100,66.0,31.3,2025-10-20 04:14:43
3219,Kalimpong Bridge,139,Bridge,10,50,50,78.2,9.2,2026-04-07 02:53:20
3220,Mangaluru Zoo,51,Zoo,100,800,0,73.8,11.6,2025-10-16 16:57:50
3221,Wayanad Temple,60,Temple,50,400,100,62.8,18.4,2026-05-22 21:33:06
3222,Ujjain Church,66,Church,100,1000,100,64.1,24.4,2026-05-14 21:25:28
3223,Bodh Gaya Garden,17,Garden,10,150,25,78.0,6.4,2025-03-03 07:32:48
3224,Jodhpur Lake,97,Lake,100,500,100,48.3,56.0,2026-04-03 03:49:44
3225,Patna National Park,15,Heritage Walk,20,100,50,56.9,35.5,2025-11-21 23:37:05
3226,Dibrugarh National Park,11,Waterfall,50,250,0,57.3,38.6,2025-06-03 17:48:00
3227,Haridwar Waterfall,129,Waterfall,0,0,0,63.3,16.1,2025-12-14 21:42:25
3228,Dharamshala Dam,41,Dam,30,450,0,74.9,14.2,2025-05-11 05:04:47
3229,Village-style Udaipur (Tripura) Hill Station Point,118,Palace,150,1200,25,72.3,21.3,2026-05-08 03:45:11
3230,Nagpur Cave,71,Cave,30,300,25,90.6,0,2025-10-29 11:59:06
3231,Family Recipe Mahabaleshwar Market,75,Market,50,750,50,83.5,2.1,2026-05-23 01:32:20
3232,Homestyle Thanjavur Viewpoint,113,Viewpoint,50,400,0,87.3,0,2025-06-23 04:47:35
3233,Coorg Hill Station Point,52,Heritage Walk,10,100,0,42.9,60.3,2026-05-21 06:14:12
3234,Mysuru Market,49,Market,30,300,100,84.6,0.7,2025-06-05 07:13:17
3235,Special Dalhousie Lake,44,Lake,200,1600,0,55.7,46.9,2025-03-03 00:52:51
3236,Kanpur Hill Station Point,125,Cave,100,1500,100,75.2,12.8,2026-06-03 04:24:57
3237,Dwarka National Park,32,Garden,200,1000,0,66.2,18.2,2026-05-24 13:46:32
3238,Kaziranga Wildlife Sanctuary,13,Bridge,50,250,0,70.5,16.3,2025-09-22 22:42:23
3239,Special Agartala National Park,117,Monastery,200,2000,100,77.4,7.7,2026-01-05 10:27:37
3240,Kurukshetra Museum,37,Museum,10,150,100,81.9,5.5,2026-05-29 18:45:45
3241,Nagpur Museum,71,Museum,100,1000,0,68.9,12.6,2025-10-12 07:40:02
3242,Extra Cheesy Ranchi Monastery,45,Monastery,0,0,0,75.6,15.6,2025-01-02 20:19:39
3243,Roadside Indore Zoo,63,Zoo,10,80,100,68.5,10.2,2025-11-13 08:54:35
3244,Surat Lake,29,Lake,100,500,0,62.9,26.3,2026-03-06 01:21:49
3245,Roadside Rajkot National Park,31,Garden,30,450,0,82.3,2.5,2025-04-16 01:30:55
3246,Ajmer Waterfall,102,Waterfall,100,500,0,51.7,55.5,2025-02-26 23:32:58
3247,Pelling Heritage Walk,104,Fort,10,80,0,86.8,0,2025-11-15 18:14:24
3248,Spicy Kanyakumari Cave,110,Cave,30,300,0,69.4,28.0,2025-03-19 23:49:01
3249,Guntur Lake,4,Lake,200,3000,0,81.3,5.4,2025-05-15 18:58:31
3250,Kanyakumari Zoo,110,Zoo,10,100,25,77.3,10.1,2025-07-27 22:05:06
3251,Authentic Jagdalpur Viewpoint,22,Viewpoint,30,300,25,66.7,32.9,2025-11-02 06:42:42
3252,Spiti Bridge,43,Bridge,30,240,0,80.9,3.4,2026-01-13 06:50:34
3253,Dwarka Monastery,32,Monastery,150,1500,100,76.7,12.2,2025-07-25 04:36:37
3254,Vasco da Gama National Park,25,Viewpoint,100,500,50,77.9,9.4,2025-06-08 02:06:19
3255,Manali Wildlife Sanctuary,40,Heritage Walk,200,3000,0,55.1,46.9,2025-09-27 11:37:13
3256,Patiala Market,94,Market,20,160,100,82.7,4.1,2026-04-16 11:13:25
3257,Calangute Beach,26,Beach,150,1500,50,78.8,10.2,2025-02-20 07:19:37
3258,Amritsar Dam,91,Dam,100,1000,50,83.3,1.3,2025-08-13 07:27:22
3259,Kaziranga Beach,13,Beach,10,150,50,53.6,32.0,2026-03-13 09:33:01
3260,Mangaluru Garden,51,Garden,100,800,100,73.3,13.2,2025-08-10 23:49:38
3261,Gangtok Cave,103,Cave,100,1500,100,69.7,22.1,2026-06-25 07:14:47
3262,Ajmer Church,102,Church,0,0,50,70.4,12.8,2025-06-14 23:40:04
3263,Bengaluru Lake,48,Lake,20,100,0,65.3,14.0,2025-08-30 12:59:17
3264,Grandma's Chilika Heritage Walk,90,Church,0,0,0,83.0,1.3,2025-06-12 21:01:54
3265,Pelling Wildlife Sanctuary,104,Heritage Walk,20,100,0,64.7,31.5,2026-01-27 09:28:06
3266,Kanpur Beach,125,Beach,200,1000,25,67.5,15.6,2025-02-23 15:58:49
3267,Moirang Museum,78,Museum,10,150,0,73.8,19.7,2026-01-21 21:57:52
3268,Special Kanpur Palace,125,Palace,0,0,100,64.8,14.6,2026-04-26 22:25:15
3269,Spicy Aizawl Cave,82,Cave,20,200,50,90.7,0,2026-01-03 14:13:48
3270,Deluxe Mount Abu Heritage Walk,100,Fort,0,0,0,79.7,3.7,2025-11-07 03:05:07
3271,Chilika Lake,90,Lake,50,400,25,41.0,26.8,2025-09-29 17:57:53
3272,Jagdalpur Temple,22,Temple,0,0,0,40.4,29.5,2025-01-17 07:06:31
3273,Royal Hampi Dam,50,Dam,10,100,0,51.5,57.1,2026-03-09 23:00:34
3274,Bhubaneswar Garden,86,Garden,30,300,0,45.3,66.0,2026-03-16 03:07:44
3275,Pushkar Palace,99,Palace,20,160,100,55.7,21.1,2026-06-25 05:35:16
3276,Bhubaneswar Garden,86,Garden,30,300,50,79.6,7.7,2026-01-05 18:03:00
3277,Somnath Lake,33,Lake,150,750,0,88.5,0,2025-05-19 08:57:11
3278,Spiti National Park,43,Palace,0,0,0,54.3,43.6,2026-01-10 22:48:48
3279,Premium Coimbatore Church,108,Church,150,1500,0,56.0,48.8,2025-06-11 15:03:13
3280,Spiti Waterfall,43,Waterfall,30,240,0,56.7,18.7,2026-04-08 05:43:13
3281,Classic Nalanda Hill Station Point,18,Cave,30,240,50,82.3,4.0,2026-02-27 06:35:14
3282,Vijayawada Wildlife Sanctuary,2,Fort,100,500,50,53.7,31.6,2025-11-07 07:27:16
3283,Family Recipe Panaji Garden,23,Garden,0,0,25,51.2,35.1,2025-12-08 13:06:48
3284,Alleppey Bridge,58,Bridge,150,750,0,54.8,25.1,2025-04-23 11:17:51
3285,Extra Cheesy Puri Monastery,87,Monastery,100,1000,100,71.3,10.9,2025-02-26 12:02:05
3286,Traditional Kohima Bridge,84,Bridge,200,1000,0,76.4,7.4,2026-01-24 21:58:46
3287,Rajahmundry Monastery,5,Monastery,10,100,0,78.5,6.9,2026-03-16 02:00:02
3288,Shimla Fort,39,Fort,200,3000,50,94.1,0,2026-02-19 03:36:30
3289,Roadside Bilaspur Temple,21,Temple,20,200,100,71.9,12.9,2025-07-11 02:01:21
3290,Manali Waterfall,40,Waterfall,30,450,0,63.7,37.4,2025-12-26 03:16:33
3291,Premium Pushkar Garden,99,Garden,10,80,0,68.0,28.0,2025-12-26 03:44:10
3292,Ziro Palace,9,Palace,100,800,100,67.6,23.9,2026-05-25 19:05:34
3293,Kohima Heritage Walk,84,Hill Station Point,100,800,25,60.0,34.0,2025-05-11 01:24:49
3294,Pelling Fort,104,Fort,30,240,100,82.0,4.7,2025-03-03 07:05:14
3295,Signature Shantiniketan Monastery,138,Monastery,100,1500,0,54.1,33.5,2025-08-21 04:51:52
3296,Guwahati Viewpoint,10,Viewpoint,10,150,100,70.9,12.9,2026-02-08 16:09:55
3297,Extra Cheesy Indore Garden,63,Garden,150,750,100,83.1,1.8,2025-08-28 19:03:43
3298,Grandma's Konark Temple,88,Temple,200,2000,25,65.4,16.6,2025-01-22 12:54:23
3299,Lachung Beach,105,Beach,200,2000,100,82.2,4.3,2025-12-11 17:09:30
3300,Jodhpur Church,97,Church,100,500,100,49.4,50.0,2025-02-20 16:56:48
3301,Kochi Church,55,Church,10,100,100,89.9,0,2026-05-03 16:34:42
3302,Gurugram Monastery,35,Monastery,10,100,25,78.5,9.2,2025-04-05 04:27:48
3303,Khajuraho Dam,64,Dam,10,100,0,78.9,7.4,2025-09-25 20:27:26
3304,Homestyle Spiti Garden,43,Garden,200,1600,100,78.7,7.4,2025-09-10 13:44:36
3305,Tirupati Temple,3,Temple,200,1000,50,54.6,28.3,2025-10-30 20:28:32
3306,Kochi Hill Station Point,55,Dam,10,100,25,66.8,22.4,2025-05-24 16:17:03
3307,Bilaspur Church,21,Church,20,200,0,90.1,0,2025-10-11 18:24:06
3308,Dehradun Bridge,127,Bridge,20,300,50,70.4,10.6,2025-11-11 07:15:54
3309,Street-side Ajmer Palace,102,Palace,30,150,25,79.3,3.7,2025-08-25 11:59:37
3310,Kanyakumari Wildlife Sanctuary,110,Dam,100,800,0,94.5,0,2025-07-17 16:14:17
3311,Special Ludhiana Temple,93,Temple,150,1500,50,77.1,8.8,2025-09-23 11:21:22
3312,Madurai Museum,107,Museum,200,1000,50,84.0,1.6,2026-05-04 15:30:48
3313,Classic Somnath National Park,33,Museum,20,160,0,48.3,29.7,2025-07-10 14:38:11
3314,Kohima Lake,84,Lake,200,1600,50,68.5,10.6,2025-08-23 18:43:41
3315,Auli Palace,132,Palace,50,250,50,71.8,22.4,2025-07-29 17:48:07
3316,Chilika Temple,90,Temple,0,0,25,88.8,0,2025-11-25 08:54:51
3317,Varanasi Cave,121,Cave,30,240,0,74.2,15.2,2026-06-26 03:30:10
3318,Homestyle Pushkar Lake,99,Lake,0,0,0,75.3,13.4,2025-05-26 15:32:02
3319,Ujjain National Park,66,Palace,10,50,25,82.2,4.7,2026-06-13 20:41:54
3320,Digha Garden,136,Garden,20,200,50,77.0,9.9,2025-07-04 21:51:17
3321,Agartala Palace,117,Palace,10,100,0,72.5,11.0,2026-05-11 12:42:21
3322,Bikaner Bridge,101,Bridge,30,240,25,71.1,13.8,2026-03-14 12:55:34
3323,Lachung Heritage Walk,105,Hill Station Point,200,1600,25,47.2,26.3,2025-11-16 22:53:07
3324,Family Recipe Gurugram Garden,35,Garden,150,1500,50,61.7,20.0,2026-01-14 18:40:22
3325,Bodh Gaya Bridge,17,Bridge,150,750,50,62.1,26.7,2025-07-21 18:18:43
3326,Classic Patna Museum,15,Museum,50,250,25,75.9,13.6,2026-03-02 23:31:06
3327,Raipur Hill Station Point,20,Wildlife Sanctuary,200,1600,100,66.2,19.4,2025-10-17 08:27:05
3328,Aurangabad Palace,73,Palace,50,750,100,42.5,30.4,2026-05-26 11:04:34
3329,Lucknow Waterfall,119,Waterfall,150,1500,25,80.7,2.9,2025-12-22 17:16:22
3330,Mangaluru Museum,51,Museum,0,0,100,63.9,35.5,2025-10-13 16:21:35
3331,Itanagar Church,7,Church,0,0,0,57.8,23.3,2026-05-17 18:44:35
3332,Silchar Museum,14,Museum,0,0,100,82.6,2.4,2025-10-28 13:00:33
3333,Nainital Cave,130,Cave,0,0,0,81.5,6.0,2025-11-02 13:46:12
3334,Roadside Kakinada Museum,6,Museum,50,250,100,69.7,16.2,2025-07-26 02:31:46
3335,Jaipur Waterfall,95,Waterfall,200,3000,50,93.1,0,2026-06-04 19:40:47
3336,Mathura Garden,122,Garden,200,3000,0,56.7,29.1,2026-01-25 00:31:14
3337,Mount Abu Garden,100,Garden,10,100,50,91.2,0,2025-02-03 21:43:18
3338,Local Favourite Tawang Museum,8,Museum,30,450,0,69.3,13.6,2025-07-24 12:33:37
3339,Family Recipe Dharamshala Dam,41,Dam,50,400,25,63.9,17.4,2025-04-22 01:05:06
3340,Family Recipe Siliguri Palace,137,Palace,50,400,50,38.4,38.0,2026-03-06 03:03:39
3341,Indore Viewpoint,63,Viewpoint,30,240,50,84.7,0.5,2026-04-20 13:52:00
3342,Chandigarh Museum,92,Museum,10,80,25,65.3,12.6,2025-04-24 15:10:34
3343,Kaziranga Dam,13,Dam,200,1600,0,76.1,15.6,2026-01-10 16:41:44
3344,Nalanda Zoo,18,Zoo,0,0,0,69.0,19.5,2026-05-07 03:56:28
3345,Classic Mathura Viewpoint,122,Viewpoint,0,0,0,42.9,56.1,2025-12-31 07:35:46
3346,Rajahmundry Bridge,5,Bridge,50,250,50,74.2,11.2,2025-06-22 11:51:26
3347,Prayagraj Palace,124,Palace,0,0,50,75.8,10.5,2026-06-09 07:37:54
3348,Kolkata Museum,134,Museum,0,0,100,62.1,28.7,2025-11-21 22:01:15
3349,Alibaug Waterfall,76,Waterfall,150,750,0,82.9,1.5,2026-06-27 14:31:57
3350,Gir Zoo,34,Zoo,10,80,50,48.1,53.2,2025-07-01 23:33:52
3351,Premium Haridwar Beach,129,Beach,100,800,0,76.6,8.7,2025-12-20 13:44:22
3352,Mumbai Fort,69,Fort,20,200,25,81.4,5.6,2025-01-22 13:36:54
3353,Kozhikode Garden,59,Garden,30,300,0,83.4,1.6,2025-08-31 02:01:06
3354,Extra Cheesy Lucknow National Park,119,Church,0,0,0,67.7,29.6,2025-09-24 06:26:54
3355,Extra Cheesy Lonavala Museum,74,Museum,50,250,100,88.7,0,2026-04-24 04:03:35
3356,Patiala Bridge,94,Bridge,10,80,0,44.8,62.1,2026-05-09 19:25:49
3357,Kakinada Garden,6,Garden,100,800,50,67.8,24.1,2025-12-27 22:17:40
3358,Dalhousie Fort,44,Fort,150,1200,100,71.2,20.8,2025-09-16 20:00:43
3359,Ujjain Waterfall,66,Waterfall,0,0,25,82.3,3.8,2025-09-17 02:19:11
3360,Agartala Zoo,117,Zoo,150,1200,0,80.2,2.9,2026-02-26 12:07:43
3361,Aizawl Wildlife Sanctuary,82,National Park,50,250,25,73.6,13.6,2025-09-12 08:51:54
3362,Homestyle Guntur Waterfall,4,Waterfall,200,1600,50,93.2,0,2025-09-02 07:05:22
3363,Festival Haridwar Garden,129,Garden,20,160,0,76.4,8.7,2025-10-04 23:02:05
3364,Nalanda Zoo,18,Zoo,50,750,25,81.0,3.6,2025-01-13 02:16:07
3365,Lonavala Market,74,Market,200,2000,0,65.9,24.4,2025-02-28 07:13:11
3366,Shillong Temple,79,Temple,50,750,100,54.4,22.9,2026-04-05 07:18:19
3367,Kurukshetra Beach,37,Beach,10,80,100,80.7,6.8,2026-01-16 08:24:37
3368,Traditional Jaisalmer Beach,98,Beach,50,750,0,84.8,0.2,2025-06-29 22:52:53
3369,Varanasi Temple,121,Temple,0,0,100,65.1,13.1,2025-08-07 08:21:51
3370,Calangute National Park,26,Beach,100,1000,50,81.1,4.3,2026-01-21 02:38:07
3371,Jaipur Museum,95,Museum,10,50,0,78.2,8.4,2025-10-29 22:40:03
3372,Kanyakumari Lake,110,Lake,0,0,50,51.6,46.8,2025-09-20 06:39:58
3373,Local Favourite Dehradun Hill Station Point,127,Museum,0,0,25,69.9,21.1,2025-05-12 07:47:01
3374,Dehradun Monastery,127,Monastery,20,300,25,78.3,10.6,2026-04-28 17:32:43
3375,Orchha Bridge,68,Bridge,150,1200,0,86.1,0,2026-06-02 13:00:36
3376,Calangute Viewpoint,26,Viewpoint,100,800,100,86.1,0,2025-12-02 02:48:20
3377,Nainital Beach,130,Beach,50,250,100,49.2,31.5,2025-04-25 22:28:08
3378,Chandigarh Museum,92,Museum,150,1500,0,67.7,21.4,2025-01-12 19:53:59
3379,Street-side Ajmer Monastery,102,Monastery,50,400,0,86.2,0,2026-02-07 13:13:51
3380,Jorhat Palace,12,Palace,10,100,0,81.2,4.7,2026-03-20 18:29:51
3381,Surat Fort,29,Fort,100,1000,25,78.6,4.8,2025-11-18 12:25:25
3382,Lonavala Church,74,Church,100,1000,0,72.2,18.6,2025-02-24 22:20:48
3383,Patiala Heritage Walk,94,Temple,100,1000,25,90.1,0,2025-12-27 02:11:23
3384,Bilaspur Monastery,21,Monastery,150,2250,25,92.4,0,2026-04-24 09:00:52
3385,Agra Dam,120,Dam,0,0,0,90.9,0,2025-04-15 19:55:07
3386,Panaji Monastery,23,Monastery,50,500,50,54.5,43.9,2026-04-01 23:03:34
3387,Homestyle Visakhapatnam Museum,1,Museum,20,300,0,88.4,0,2025-03-08 18:58:54
3388,Quick-bite Cuttack National Park,89,Viewpoint,100,500,0,62.0,36.4,2025-09-08 12:02:05
3389,Authentic Patiala Dam,94,Dam,10,50,50,68.6,25.8,2026-01-17 23:12:53
3390,Faridabad Temple,36,Temple,150,750,0,42.3,43.1,2025-04-28 20:06:46
3391,Prayagraj Wildlife Sanctuary,124,Museum,20,300,50,61.6,30.7,2026-05-01 07:01:56
3392,Authentic Auli Museum,132,Museum,150,1500,100,55.2,33.1,2026-05-01 03:06:43
3393,Udaipur Cave,96,Cave,150,1500,25,68.6,10.8,2025-02-24 02:39:58
3394,Dharamshala Market,41,Market,100,1000,100,52.0,32.4,2025-01-21 04:52:59
3395,Kakinada Waterfall,6,Waterfall,0,0,50,75.0,11.2,2026-04-29 16:10:16
3396,Lachung Lake,105,Lake,150,1500,50,89.5,0,2025-05-06 02:35:58
3397,Thanjavur Bridge,113,Bridge,100,500,0,59.4,33.6,2025-03-08 00:42:24
3398,Mysuru Heritage Walk,49,Hill Station Point,100,800,100,73.2,14.2,2025-02-03 03:50:31
3399,Jorhat Market,12,Market,20,100,25,53.0,35.9,2026-01-25 09:24:41
3400,Gurugram Church,35,Church,100,800,50,69.3,23.6,2025-12-20 14:12:31
3401,Vadodara Heritage Walk,30,National Park,30,300,0,51.0,26.8,2026-05-07 13:42:54
3402,Siliguri Monastery,137,Monastery,30,150,0,39.6,51.5,2025-03-04 06:31:00
3403,Panipat Palace,38,Palace,30,150,0,48.6,63.4,2026-06-13 17:26:51
3404,Classic Raipur National Park,20,Museum,50,500,50,80.8,3.5,2026-05-06 13:13:27
3405,Pelling Lake,104,Lake,30,240,25,64.3,30.2,2025-06-27 00:15:18
3406,Varanasi Garden,121,Garden,150,2250,100,40.3,78.3,2026-05-16 04:01:38
3407,Ludhiana Heritage Walk,93,Fort,100,1000,25,66.8,15.3,2026-01-07 21:13:19
3408,Tawang Market,8,Market,50,750,100,82.1,2.5,2025-09-06 04:03:30
3409,Mussoorie Fort,131,Fort,150,1200,0,69.3,19.2,2026-02-20 11:57:07
3410,Quick-bite Raipur Wildlife Sanctuary,20,Waterfall,50,750,25,83.3,1.2,2025-02-20 02:06:18
3411,Margao Waterfall,24,Waterfall,150,2250,100,56.4,22.6,2026-03-28 02:18:57
3412,Family Recipe Auli Lake,132,Lake,200,1600,50,58.9,45.0,2026-01-13 21:19:36
3413,Moirang Bridge,78,Bridge,50,400,50,67.4,17.4,2025-05-25 22:08:23
3414,Panipat Palace,38,Palace,20,200,0,68.1,21.0,2025-08-11 13:15:09
3415,Village-style Kolkata Lake,134,Lake,50,500,50,61.0,42.1,2025-08-24 01:01:00
3416,Nainital National Park,130,Monastery,20,100,0,79.1,6.9,2026-01-08 09:39:40
3417,Darjeeling Palace,135,Palace,0,0,0,71.9,17.8,2025-10-24 08:36:02
3418,Street-side Guntur Church,4,Church,150,2250,50,76.6,14.3,2026-04-06 15:00:09
3419,Jim Corbett Lake,133,Lake,150,1200,100,46.6,27.4,2026-05-30 22:58:39
3420,Festival Shillong Cave,79,Cave,200,1000,50,78.8,7.5,2026-04-16 13:31:29
3421,Mahabalipuram Dam,112,Dam,0,0,0,54.0,48.8,2025-05-28 07:40:16
3422,Premium Ooty Dam,109,Dam,200,2000,0,65.2,16.7,2025-08-06 18:44:43
3423,Dalhousie Zoo,44,Zoo,20,200,50,80.5,4.9,2026-03-13 18:01:02
3424,Chef's Mount Abu Cave,100,Cave,200,1600,0,74.7,12.3,2025-07-31 05:23:29
3425,Pachmarhi Bridge,67,Bridge,10,80,25,57.5,37.2,2025-07-30 00:02:33
3426,Cherrapunji Bridge,80,Bridge,30,300,100,70.4,18.9,2026-04-11 07:36:14
3427,Chef's Alibaug Church,76,Church,10,50,100,90.0,0,2025-03-29 00:11:49
3428,Orchha National Park,68,Museum,0,0,100,79.6,5.5,2025-03-06 09:26:31
3429,Thiruvananthapuram Dam,56,Dam,200,1600,0,66.2,26.8,2026-06-20 03:39:36
3430,Homestyle Madurai Cave,107,Cave,0,0,100,61.1,41.6,2025-09-02 17:24:31
3431,Hampi Hill Station Point,50,National Park,100,800,0,72.7,11.7,2026-03-08 06:08:54
3432,Gwalior National Park,65,Cave,30,300,50,62.3,39.4,2025-04-29 03:03:25
3433,Dimapur Fort,85,Fort,50,500,0,65.5,13.2,2026-01-12 17:02:12
3434,Spicy Spiti Viewpoint,43,Viewpoint,0,0,25,74.9,13.4,2025-05-18 06:20:22
3435,Extra Cheesy Haridwar Church,129,Church,10,80,0,51.7,32.5,2026-05-29 05:54:53
3436,Khajuraho Beach,64,Beach,200,1600,50,51.9,42.7,2025-09-13 09:39:44
3437,Gwalior Hill Station Point,65,Hill Station Point,10,100,100,64.8,15.1,2026-03-04 19:08:15
3438,Spiti Garden,43,Garden,50,250,100,65.8,27.0,2025-01-25 23:22:36
3439,Silchar Hill Station Point,14,Monastery,100,1000,100,86.9,0,2025-06-26 23:10:20
3440,Chef's Indore National Park,63,Market,0,0,25,59.1,24.6,2025-09-17 07:04:38
3441,Agartala Monastery,117,Monastery,30,150,25,78.8,7.9,2025-11-25 17:57:36
3442,Amritsar Museum,91,Museum,20,300,0,70.6,22.3,2026-01-08 22:36:21
3443,Calangute Church,26,Church,150,750,0,73.0,14.2,2025-09-28 20:42:25
3444,Village-style Kaziranga Dam,13,Dam,50,400,0,77.0,9.2,2025-12-08 22:23:10
3445,Street-side Thiruvananthapuram Zoo,56,Zoo,30,450,50,52.4,44.9,2026-01-31 20:42:56
3446,Dalhousie National Park,44,Museum,30,240,25,42.9,75.0,2025-08-04 10:53:21
3447,Udaipur (Tripura) Beach,118,Beach,20,200,100,81.8,4.6,2025-02-24 03:32:43
3448,Traditional Moirang Church,78,Church,10,100,100,75.1,9.0,2026-03-26 20:45:09
3449,Somnath Palace,33,Palace,100,800,100,81.5,3.4,2026-01-17 22:08:49
3450,Dalhousie Wildlife Sanctuary,44,Hill Station Point,100,1000,0,48.5,34.0,2025-02-28 12:56:38
3451,Chef's Pushkar Fort,99,Fort,30,300,0,47.5,51.3,2025-03-30 02:05:00
3452,Mysuru Fort,49,Fort,20,300,50,66.1,26.4,2026-03-03 09:22:26
3453,Ludhiana Viewpoint,93,Viewpoint,0,0,50,66.6,13.4,2025-12-01 23:29:03
3454,Gangtok Palace,103,Palace,20,200,50,89.1,0,2025-10-12 09:59:32
3455,Deoghar Lake,47,Lake,100,500,25,58.8,26.6,2025-04-10 21:06:37
3456,Aizawl Fort,82,Fort,150,750,0,57.9,22.6,2025-09-03 00:43:12
3457,Gurugram Zoo,35,Zoo,20,160,50,56.5,39.4,2025-10-23 14:23:08
3458,Rajgir Temple,19,Temple,200,2000,0,78.9,8.3,2025-07-18 04:08:38
3459,Bhubaneswar Zoo,86,Zoo,150,1200,0,58.8,23.2,2026-06-13 21:34:46
3460,Mahabalipuram Wildlife Sanctuary,112,Zoo,0,0,0,67.5,19.5,2025-10-19 09:15:54
3461,Classic Kaziranga Hill Station Point,13,Zoo,100,1500,50,61.5,28.0,2026-03-27 08:36:11
3462,Extra Cheesy Ranchi Zoo,45,Zoo,10,50,0,65.9,26.7,2025-01-01 05:59:30
3463,Authentic Thanjavur Lake,113,Lake,100,1500,0,54.0,53.4,2025-08-10 22:44:17
3464,Kaziranga Lake,13,Lake,20,160,0,65.3,18.4,2025-10-03 18:27:48
3465,Grandma's Guwahati Palace,10,Palace,10,80,0,39.2,77.5,2026-02-23 14:58:41
3466,Panaji Cave,23,Cave,50,500,50,58.8,33.9,2025-04-08 04:51:37
3467,Mathura Hill Station Point,122,Viewpoint,10,50,100,76.6,12.5,2025-10-20 22:12:16
3468,Udaipur (Tripura) Garden,118,Garden,10,80,0,53.8,49.2,2026-05-23 13:13:23
3469,Village-style Rishikesh Wildlife Sanctuary,128,Fort,150,2250,50,82.7,1.8,2025-01-16 07:00:47
3470,Spicy Bhopal National Park,62,Church,50,250,100,74.2,14.5,2026-01-19 21:05:19
3471,Mysuru Museum,49,Museum,200,2000,50,78.1,11.8,2025-01-09 04:01:29
3472,Premium Khajuraho Wildlife Sanctuary,64,Heritage Walk,150,750,0,85.5,0,2026-01-28 17:34:14
3473,Bodh Gaya National Park,17,Beach,30,240,50,84.3,0.9,2025-10-02 06:02:23
3474,Premium Pelling Hill Station Point,104,Garden,150,1500,100,76.3,9.9,2025-04-14 10:06:05
3475,Dibrugarh Cave,11,Cave,30,450,25,60.6,18.5,2025-04-23 08:38:16
3476,Jodhpur Lake,97,Lake,10,100,25,80.6,5.5,2025-06-02 10:24:43
3477,Vadodara Fort,30,Fort,50,500,25,85.8,0,2026-06-14 02:04:08
3478,Haridwar Waterfall,129,Waterfall,150,1500,100,67.9,19.0,2025-10-22 19:40:15
3479,Cherrapunji Church,80,Church,200,3000,25,94.5,0,2025-09-17 19:19:03
3480,Nashik Church,72,Church,100,1500,50,77.4,7.8,2026-06-23 01:07:11
3481,Kurukshetra Lake,37,Lake,10,100,0,82.9,2.7,2025-12-03 16:20:41
3482,Kanyakumari Monastery,110,Monastery,10,80,0,82.2,3.8,2025-07-05 20:34:34
3483,Festival Bikaner Dam,101,Dam,100,800,25,90.6,0,2025-09-06 17:27:23
3484,Royal Dehradun Waterfall,127,Waterfall,50,500,100,81.8,4.8,2026-05-09 07:55:11
3485,Bikaner Garden,101,Garden,30,300,0,71.4,23.1,2025-11-29 06:26:31
3486,Roadside Ooty Garden,109,Garden,0,0,100,78.2,7.3,2025-11-01 07:41:12
3487,Orchha Fort,68,Fort,30,150,0,65.6,16.1,2026-02-21 02:29:19
3488,Hubballi Temple,54,Temple,150,2250,0,74.5,7.3,2026-06-06 21:07:33
3489,Kozhikode National Park,59,Beach,50,750,100,59.2,37.4,2026-02-20 17:12:45
3490,Noida Temple,126,Temple,10,50,100,53.6,46.0,2025-08-01 03:39:04
3491,Thiruvananthapuram Fort,56,Fort,30,450,0,76.0,13.7,2025-09-09 22:21:35
3492,Authentic Jorhat Wildlife Sanctuary,12,Dam,0,0,25,59.9,21.8,2025-12-10 12:15:21
3493,Alibaug Monastery,76,Monastery,10,50,0,44.7,25.6,2025-09-18 06:30:49
3494,Extra Cheesy Agartala Market,117,Market,50,500,50,70.2,19.3,2025-11-16 20:16:21
3495,Kakinada Church,6,Church,20,300,100,42.0,54.1,2025-09-20 15:17:55
3496,Coimbatore Garden,108,Garden,200,3000,0,81.5,4.9,2025-03-07 14:07:46
3497,Jamshedpur Church,46,Church,100,1000,50,59.9,19.4,2026-04-14 02:02:44
3498,Homestyle Pushkar Fort,99,Fort,30,240,25,72.5,17.5,2026-02-12 15:34:20
3499,Family Recipe Udupi Temple,53,Temple,50,750,50,44.4,52.1,2026-04-29 13:22:36
3500,Signature Panaji Lake,23,Lake,30,450,25,80.9,4.3,2026-01-01 04:08:51
3501,Signature Vijayawada Dam,2,Dam,50,750,100,60.6,37.1,2025-10-25 12:11:18
3502,Nashik Dam,72,Dam,20,200,0,50.2,54.6,2025-09-11 08:21:45
3503,Village-style Moirang Zoo,78,Zoo,20,200,50,62.9,20.3,2026-02-16 12:27:46
3504,Varanasi Church,121,Church,10,50,50,73.4,9.4,2025-06-11 21:51:52
3505,Quick-bite Nagpur Wildlife Sanctuary,71,Dam,50,250,50,55.8,41.5,2025-06-19 01:42:22
3506,Ranchi Hill Station Point,45,Palace,100,1500,0,88.8,0,2025-10-03 00:21:13
3507,Street-side Surat Palace,29,Palace,30,450,0,79.4,7.7,2026-04-09 18:00:04
3508,Darjeeling Zoo,135,Zoo,50,400,25,54.6,22.2,2025-08-21 07:15:20
3509,Pachmarhi Waterfall,67,Waterfall,0,0,50,73.0,11.0,2025-05-11 22:26:39
3510,Village-style Ludhiana Cave,93,Cave,0,0,50,70.1,24.5,2026-06-26 03:06:22
3511,Special Munnar Monastery,57,Monastery,0,0,25,47.7,38.7,2026-05-25 19:06:25
3512,Nalanda Fort,18,Fort,200,1000,50,69.6,23.3,2026-03-11 06:36:50
3513,Udaipur Dam,96,Dam,200,2000,0,59.8,26.8,2025-12-21 15:07:18
3514,Shantiniketan National Park,138,Cave,0,0,25,79.3,7.3,2026-01-27 23:44:52
3515,Homestyle Mathura Museum,122,Museum,0,0,100,77.5,6.5,2025-11-20 07:12:38
3516,Lachung Garden,105,Garden,20,100,100,84.4,0.7,2025-01-15 21:31:24
3517,Lachung Cave,105,Cave,50,750,50,61.3,22.6,2026-02-23 09:10:04
3518,Mahabaleshwar Temple,75,Temple,0,0,0,60.7,25.0,2025-12-11 04:06:38
3519,Family Recipe Kalimpong Temple,139,Temple,30,450,0,57.4,47.2,2025-07-23 10:00:08
3520,Royal Rameswaram Hill Station Point,111,Wildlife Sanctuary,50,750,0,57.1,47.6,2025-06-12 11:20:22
3521,Deluxe Nainital Lake,130,Lake,20,100,100,61.1,26.1,2026-02-17 07:14:41
3522,Gaya Heritage Walk,16,Heritage Walk,100,500,0,56.7,34.5,2025-06-16 10:04:08
3523,Coorg National Park,52,Lake,50,500,25,81.0,2.9,2025-08-12 16:56:56
3524,Nalanda Monastery,18,Monastery,20,200,50,77.4,12.1,2025-12-02 17:00:34
3525,Homestyle Tawang Museum,8,Museum,0,0,0,57.7,42.0,2025-07-01 09:32:28
3526,Traditional Patiala Monastery,94,Monastery,150,1200,0,68.3,27.6,2026-05-25 20:17:49
3527,Vadodara Temple,30,Temple,0,0,25,48.9,24.0,2025-02-07 23:18:29
3528,Anjuna Church,27,Church,20,200,0,60.3,42.1,2025-09-21 03:12:58
3529,Gir Wildlife Sanctuary,34,Market,10,50,100,50.9,30.3,2025-01-04 13:21:18
3530,Ayodhya National Park,123,Bridge,10,80,50,55.0,26.0,2026-06-14 22:50:46
3531,Local Favourite Ziro Heritage Walk,9,Temple,10,150,50,77.5,11.3,2025-07-13 11:48:18
3532,Family Recipe Deoghar Temple,47,Temple,20,160,25,79.9,4.3,2025-10-15 18:32:47
3533,Spicy Ayodhya Lake,123,Lake,100,1000,0,81.4,3.5,2025-09-16 10:54:32
3534,Bhopal Church,62,Church,50,250,25,71.6,15.7,2025-07-10 12:07:38
3535,Indore Hill Station Point,63,Beach,200,3000,0,60.8,37.2,2025-12-02 19:51:47
3536,Dibrugarh Lake,11,Lake,50,250,0,52.2,47.9,2025-07-06 04:52:00
3537,Special Alibaug Dam,76,Dam,0,0,25,72.5,9.8,2026-04-04 09:31:31
3538,Dharamshala Zoo,41,Zoo,20,160,25,79.2,3.6,2025-09-05 11:47:49
3539,Extra Cheesy Ooty Church,109,Church,150,1200,25,65.1,14.8,2026-02-03 21:46:03
3540,Gir Fort,34,Fort,100,800,100,76.1,15.8,2025-06-28 01:56:32
3541,Ahmedabad Viewpoint,28,Viewpoint,30,450,50,80.4,3.4,2025-11-12 07:11:04
3542,Kozhikode Lake,59,Lake,50,400,50,65.0,13.8,2025-12-29 20:56:25
3543,Aizawl Monastery,82,Monastery,20,100,0,80.8,3.0,2026-04-28 05:47:33
3544,Gwalior Monastery,65,Monastery,100,800,100,77.8,11.8,2025-08-02 09:40:27
3545,Jagdalpur Lake,22,Lake,150,1500,0,42.8,60.2,2025-01-23 01:30:35
3546,Village-style Anjuna Temple,27,Temple,50,400,100,48.2,56.5,2025-06-13 15:04:47
3547,Alleppey Fort,58,Fort,50,400,25,42.3,76.6,2025-01-25 15:30:39
3548,Coimbatore Dam,108,Dam,150,1500,100,61.0,21.3,2025-11-10 10:50:07
3549,Patna Palace,15,Palace,0,0,0,82.0,2.3,2025-07-03 01:54:00
3550,Udaipur (Tripura) Temple,118,Temple,200,1600,0,78.4,10.3,2025-04-02 18:16:10
3551,Chennai Beach,106,Beach,0,0,0,93.0,0,2025-10-09 01:58:58
3552,Kurukshetra Palace,37,Palace,200,1000,50,94.6,0,2025-04-24 06:04:25
3553,Indore Hill Station Point,63,Monastery,150,1200,0,57.9,22.8,2025-05-29 14:02:25
3554,Bikaner Museum,101,Museum,50,500,0,56.0,46.7,2025-07-29 06:29:58
3555,Dehradun Church,127,Church,30,450,50,76.3,11.0,2026-05-08 02:05:16
3556,Street-side Siliguri Temple,137,Temple,100,1500,100,79.1,8.2,2025-12-31 05:21:11
3557,Mussoorie Viewpoint,131,Viewpoint,20,200,0,76.6,11.3,2026-05-07 13:49:00
3558,Spicy Jamshedpur Garden,46,Garden,50,400,50,67.4,13.8,2026-02-09 05:50:37
3559,Digha Monastery,136,Monastery,10,80,0,49.7,49.0,2025-06-16 21:03:20
3560,Village-style Vasco da Gama Cave,25,Cave,10,100,100,76.3,5.2,2026-02-21 16:07:38
3561,Itanagar National Park,7,National Park,0,0,0,70.8,25.0,2025-01-21 09:07:06
3562,Quick-bite Agartala National Park,117,Dam,10,150,0,50.2,36.4,2025-01-16 07:47:35
3563,Darjeeling Wildlife Sanctuary,135,Bridge,20,100,0,72.1,20.5,2025-07-12 08:31:43
3564,Kurukshetra Museum,37,Museum,150,2250,0,39.0,66.0,2025-12-30 12:55:08
3565,Puri Hill Station Point,87,Bridge,20,300,0,63.0,39.2,2026-06-11 08:13:12
3566,Roadside Indore Monastery,63,Monastery,10,50,0,55.9,17.8,2026-01-14 08:11:14
3567,Manali Market,40,Market,10,100,0,94.3,0,2025-04-11 09:00:36
3568,Aurangabad Bridge,73,Bridge,10,80,0,83.7,1.6,2025-12-17 06:28:31
3569,Anjuna Beach,27,Beach,20,300,0,79.8,6.0,2026-03-22 23:48:33
3570,Mawlynnong Cave,81,Cave,100,800,0,52.0,48.4,2025-12-01 20:35:35
3571,Rajahmundry Bridge,5,Bridge,10,80,50,74.9,7.0,2025-12-18 09:21:11
3572,Traditional Patiala Dam,94,Dam,150,2250,0,60.8,41.3,2026-05-14 03:54:50
3573,Jorhat Viewpoint,12,Viewpoint,20,100,0,61.8,17.8,2025-07-16 22:04:09
3574,Haridwar Beach,129,Beach,10,80,25,87.5,0,2026-02-07 14:34:05
3575,Deluxe Hampi Bridge,50,Bridge,50,750,100,45.9,49.0,2025-11-11 18:04:12
3576,Coorg Market,52,Market,20,160,100,86.6,0,2026-03-10 22:33:51
3577,Signature Ayodhya Garden,123,Garden,100,500,25,69.9,9.9,2026-01-19 02:43:19
3578,Premium Jaipur Market,95,Market,30,150,100,68.4,24.1,2025-07-07 00:40:08
3579,Dalhousie Museum,44,Museum,200,2000,0,69.2,21.7,2025-01-03 17:48:57
3580,Authentic Cherrapunji Museum,80,Museum,0,0,100,85.2,0,2025-07-05 00:18:49
3581,Street-side Jamshedpur Beach,46,Beach,50,250,0,75.0,7.1,2025-10-31 17:58:56
3582,Puri Cave,87,Cave,20,200,0,60.0,30.1,2026-03-25 11:07:19
3583,Agartala Heritage Walk,117,Waterfall,50,250,25,95.0,0,2025-12-10 00:15:47
3584,Signature Ayodhya Fort,123,Fort,0,0,25,95.2,0,2026-03-11 19:46:41
3585,Gurugram Heritage Walk,35,Monastery,20,300,50,78.3,4.4,2026-06-07 20:57:23
3586,Orchha Lake,68,Lake,0,0,25,77.0,5.2,2025-04-10 09:06:25
3587,Kullu Museum,42,Museum,150,750,100,83.6,2.5,2025-12-30 14:54:03
3588,Pachmarhi Wildlife Sanctuary,67,Lake,10,100,25,70.9,12.1,2025-01-02 14:28:29
3589,Grandma's Munnar Heritage Walk,57,Zoo,150,1500,0,70.7,11.6,2026-04-25 02:57:23
3590,Agartala Museum,117,Museum,100,500,0,73.8,7.1,2025-11-10 04:24:18
3591,Dharamshala Market,41,Market,100,800,50,63.7,26.1,2025-11-07 07:05:05
3592,Nainital Hill Station Point,130,Lake,30,300,100,77.8,6.1,2026-06-12 19:30:22
3593,Pelling Cave,104,Cave,100,1000,0,55.8,52.3,2025-03-12 05:41:03
3594,Noida Museum,126,Museum,50,750,100,91.6,0,2025-05-25 10:32:15
3595,Nainital Monastery,130,Monastery,30,240,50,65.9,18.9,2025-07-20 03:44:41
3596,Signature Jaisalmer Temple,98,Temple,20,160,100,82.2,2.8,2026-01-31 14:52:21
3597,Chilika Garden,90,Garden,150,1200,0,75.0,8.3,2025-06-18 21:56:09
3598,Kullu Waterfall,42,Waterfall,100,800,100,94.5,0,2025-06-20 07:55:41
3599,Rajgir Monastery,19,Monastery,30,450,25,60.1,20.8,2025-12-25 03:41:52
3600,Orchha Waterfall,68,Waterfall,150,750,0,79.7,6.6,2025-11-27 03:35:06
3601,Village-style Kakinada Viewpoint,6,Viewpoint,150,750,25,75.0,9.3,2025-04-28 06:27:27
3602,Mangaluru Dam,51,Dam,150,1500,0,61.3,20.4,2025-12-29 23:14:16
3603,Rajkot Church,31,Church,0,0,0,44.5,35.9,2025-08-02 13:08:09
3604,Vasco da Gama Bridge,25,Bridge,200,2000,50,92.2,0,2025-09-26 07:14:55
3605,Lonavala Waterfall,74,Waterfall,150,2250,0,69.8,21.8,2026-05-05 15:42:28
3606,Chilika Cave,90,Cave,100,800,25,80.1,6.9,2025-10-18 23:24:00
3607,Panaji Waterfall,23,Waterfall,50,400,0,82.8,3.5,2025-06-18 12:51:07
3608,Munnar Hill Station Point,57,Beach,150,1500,0,75.8,14.7,2025-01-18 07:25:43
3609,Kakinada Wildlife Sanctuary,6,Bridge,200,2000,100,91.3,0,2025-08-05 17:48:38
3610,Mangaluru Hill Station Point,51,Heritage Walk,10,80,25,75.0,13.6,2025-08-17 22:31:11
3611,Signature Udaipur (Tripura) Lake,118,Lake,100,1500,25,53.3,33.0,2025-03-02 13:11:16
3612,Calangute Monastery,26,Monastery,10,100,0,88.5,0,2025-07-20 21:19:19
3613,Kochi Zoo,55,Zoo,100,1500,0,76.9,7.0,2025-02-13 04:02:15
3614,Classic Kalimpong Wildlife Sanctuary,139,Waterfall,10,80,25,57.7,32.2,2026-01-05 08:48:19
3615,Rajgir Church,19,Church,10,150,25,70.9,17.8,2025-04-15 16:36:03
3616,Aurangabad Hill Station Point,73,Lake,30,300,100,72.2,17.8,2026-01-16 11:58:27
3617,Kanyakumari Fort,110,Fort,150,1500,0,42.2,27.4,2025-03-01 14:10:01
3618,Rameswaram Church,111,Church,10,150,0,57.1,23.8,2025-02-27 13:53:55
3619,Itanagar Palace,7,Palace,50,750,25,69.5,15.1,2026-04-08 23:03:58
3620,Varanasi Zoo,121,Zoo,20,100,100,56.8,28.5,2025-06-25 04:35:49
3621,Jim Corbett Heritage Walk,133,Heritage Walk,200,2000,50,89.2,0,2026-04-01 02:41:23
3622,Dehradun Fort,127,Fort,20,100,0,49.5,48.1,2025-09-24 11:39:29
3623,Cherrapunji Viewpoint,80,Viewpoint,30,150,0,69.4,27.3,2025-06-20 09:36:36
3624,Nagpur Dam,71,Dam,100,500,0,71.3,24.2,2026-03-06 02:04:28
3625,Deluxe Ranchi Waterfall,45,Waterfall,150,750,25,65.9,24.2,2026-05-13 15:03:06
3626,Mathura Garden,122,Garden,150,750,0,72.8,10.2,2026-03-03 18:23:13
3627,Deluxe Mysuru Garden,49,Garden,10,100,100,78.5,4.5,2025-07-19 08:13:58
3628,Classic Coimbatore Beach,108,Beach,30,300,100,73.1,15.3,2025-01-08 02:37:14
3629,Kohima Viewpoint,84,Viewpoint,30,150,25,83.1,3.4,2026-06-24 08:11:08
3630,Deluxe Jamshedpur National Park,46,Fort,30,300,100,75.5,13.7,2025-01-03 14:20:56
3631,Gangtok Lake,103,Lake,100,500,25,85.1,0,2026-05-28 04:22:01
3632,Gir Dam,34,Dam,100,1000,25,73.8,12.1,2026-02-06 20:01:51
3633,Dwarka Beach,32,Beach,10,50,50,72.1,19.6,2026-01-18 16:48:55
3634,Champhai Heritage Walk,83,Church,200,1000,50,62.0,34.9,2025-11-20 06:00:44
3635,Grandma's Wayanad Zoo,60,Zoo,150,2250,50,76.3,11.9,2025-02-12 10:07:38
3636,Patna Bridge,15,Bridge,10,50,50,72.5,15.9,2025-05-08 08:00:14
3637,Indore National Park,63,Beach,20,200,25,65.7,29.8,2026-03-18 06:11:25
3638,Classic Coorg Museum,52,Museum,30,300,25,64.9,22.7,2025-02-11 09:32:11
3639,Bilaspur Hill Station Point,21,Waterfall,50,400,25,82.8,3.3,2026-05-15 12:31:08
3640,Anjuna Fort,27,Fort,100,1000,100,81.2,2.9,2026-06-02 13:23:39
3641,Roadside Lonavala Market,74,Market,30,150,0,59.5,26.6,2025-10-14 21:00:57
3642,Kochi Heritage Walk,55,Heritage Walk,200,2000,50,83.1,3.0,2026-02-08 19:47:37
3643,Faridabad Temple,36,Temple,150,1500,25,70.1,9.4,2026-04-19 09:22:39
3644,Kanyakumari Waterfall,110,Waterfall,50,750,0,67.8,13.4,2025-03-28 14:29:22
3645,Patna Church,15,Church,100,1500,100,53.7,23.1,2025-10-05 16:03:23
3646,Pelling Viewpoint,104,Viewpoint,50,500,50,81.7,4.0,2025-08-12 11:28:06
3647,Jamshedpur Heritage Walk,46,Bridge,150,750,0,84.5,0.9,2025-01-07 02:38:23
3648,Mawlynnong Wildlife Sanctuary,81,Museum,0,0,0,82.3,3.3,2026-06-09 22:56:32
3649,Kanpur Cave,125,Cave,20,100,100,63.1,18.0,2026-05-21 06:03:04
3650,Special Vijayawada Wildlife Sanctuary,2,Dam,200,1600,0,47.1,27.2,2025-06-09 14:29:21
3651,Guntur National Park,4,Cave,100,800,0,87.8,0,2026-06-12 09:18:44
3652,Dibrugarh Dam,11,Dam,150,750,100,49.1,60.4,2026-06-03 16:54:37
3653,Roadside Kozhikode National Park,59,Cave,200,3000,50,94.4,0,2025-08-11 16:01:09
3654,Agra National Park,120,National Park,150,750,0,67.9,16.4,2025-02-21 05:11:03
3655,Chilika Garden,90,Garden,30,450,0,70.5,15.9,2026-01-08 19:40:14
3656,Nizamabad Fort,116,Fort,30,300,50,58.7,27.3,2025-11-15 19:29:11
3657,Spicy Gaya Zoo,16,Zoo,150,1200,50,78.9,6.5,2025-07-07 06:58:24
3658,Festival Raipur Cave,20,Cave,100,500,25,43.5,46.5,2026-06-25 21:23:10
3659,Deluxe Nagpur Hill Station Point,71,Monastery,150,750,0,77.6,6.2,2026-06-03 08:24:08
3660,Cuttack Market,89,Market,200,1000,25,92.4,0,2026-05-22 09:19:50
3661,Kakinada Zoo,6,Zoo,10,150,25,85.6,0,2026-01-02 22:32:57
3662,Thiruvananthapuram Temple,56,Temple,10,150,0,60.4,20.5,2025-08-30 11:45:25
3663,Coorg Lake,52,Lake,200,2000,0,65.7,29.2,2025-11-26 09:39:12
3664,Classic Puri Zoo,87,Zoo,20,200,100,77.4,6.7,2025-07-14 14:25:10
3665,Festival Alibaug Beach,76,Beach,30,240,0,85.0,0,2025-09-14 18:07:34
3666,Homestyle Mysuru Museum,49,Museum,150,1500,0,76.2,14.6,2025-12-17 13:36:57
3667,Gir Church,34,Church,20,160,25,68.0,22.9,2026-03-29 06:05:37
3668,Premium Tirupati Market,3,Market,20,160,100,86.9,0,2025-04-12 16:38:00
3669,Roadside Darjeeling Heritage Walk,135,Bridge,200,3000,100,77.3,7.7,2025-02-17 03:04:29
3670,Authentic Bodh Gaya Heritage Walk,17,Temple,10,80,25,53.8,33.1,2025-02-16 22:50:01
3671,Homestyle Ludhiana Beach,93,Beach,200,1600,50,57.0,30.0,2026-01-17 22:35:55
3672,Kurukshetra Monastery,37,Monastery,200,1000,0,53.7,20.9,2025-04-02 15:18:41
3673,Bilaspur Lake,21,Lake,10,80,25,93.1,0,2025-02-19 04:49:23
3674,Bilaspur Hill Station Point,21,Market,0,0,50,80.6,6.6,2025-04-10 16:42:20
3675,Rameswaram Bridge,111,Bridge,100,500,50,65.8,21.1,2025-06-02 13:02:31
3676,Ayodhya Cave,123,Cave,200,3000,0,89.5,0,2025-12-16 04:48:11
3677,Deoghar Temple,47,Temple,0,0,50,72.9,12.1,2026-02-06 05:11:03
3678,Dehradun Dam,127,Dam,150,1500,50,69.7,10.3,2026-02-23 14:04:31
3679,Somnath Monastery,33,Monastery,150,750,0,75.4,12.7,2025-01-29 22:11:36
3680,Thiruvananthapuram Garden,56,Garden,0,0,50,93.6,0,2026-04-05 19:12:02
3681,Vadodara Waterfall,30,Waterfall,150,1500,0,55.5,22.4,2025-06-18 12:35:31
3682,Village-style Dwarka Wildlife Sanctuary,32,Viewpoint,10,80,25,45.2,25.5,2025-06-12 04:15:58
3683,Agra Beach,120,Beach,0,0,0,74.8,12.8,2025-11-26 14:52:02
3684,Jim Corbett Palace,133,Palace,10,50,0,90.4,0,2026-05-26 12:30:58
3685,Family Recipe Agra Dam,120,Dam,100,1500,25,63.4,15.6,2025-02-24 20:47:26
3686,Mahabalipuram Bridge,112,Bridge,200,1600,100,83.8,1.9,2025-09-12 19:08:50
3687,Lachung Lake,105,Lake,20,300,50,72.0,13.2,2025-10-27 17:31:46
3688,Bhopal Fort,62,Fort,100,1500,0,70.7,11.1,2025-04-01 20:34:12
3689,Hampi Market,50,Market,20,160,100,81.5,3.6,2026-06-02 10:46:35
3690,Rajkot Cave,31,Cave,0,0,25,66.1,29.1,2026-01-07 15:26:58
3691,Gir Bridge,34,Bridge,100,500,0,79.6,4.4,2026-04-03 20:22:40
3692,Shillong Wildlife Sanctuary,79,Fort,200,1000,0,69.9,21.3,2025-12-18 14:52:21
3693,Kovalam Museum,61,Museum,50,500,0,77.1,5.6,2025-07-16 06:09:20
3694,Chilika National Park,90,Museum,50,250,50,88.2,0,2026-04-29 17:34:50
3695,Jim Corbett Museum,133,Museum,20,200,100,79.1,8.4,2025-04-04 16:39:35
3696,Cuttack Fort,89,Fort,50,750,100,73.8,10.0,2025-01-26 19:57:19
3697,Agra Monastery,120,Monastery,30,240,0,52.5,40.4,2025-06-27 01:38:53
3698,Vijayawada Viewpoint,2,Viewpoint,0,0,0,80.6,3.4,2025-08-08 03:09:28
3699,Varanasi Fort,121,Fort,150,2250,50,84.5,0.6,2025-04-04 14:18:11
3700,Nalanda Heritage Walk,18,Garden,10,50,0,69.7,9.6,2026-03-18 08:12:23
3701,Chandigarh Bridge,92,Bridge,50,500,25,75.4,16.6,2026-03-13 16:23:43
3702,Classic Ujjain Garden,66,Garden,10,80,25,86.6,0,2025-07-29 07:58:48
3703,Nagpur Hill Station Point,71,Hill Station Point,10,50,25,59.8,45.1,2025-07-19 14:12:49
3704,Kanpur Viewpoint,125,Viewpoint,10,150,50,78.3,6.0,2025-04-09 01:54:23
3705,Margao Temple,24,Temple,150,750,100,77.0,14.0,2026-04-06 14:57:56
3706,Deluxe Anjuna Zoo,27,Zoo,150,1500,0,93.9,0,2025-04-01 19:17:18
3707,Kochi Dam,55,Dam,0,0,25,45.4,34.9,2026-05-16 08:44:22
3708,Ranchi Temple,45,Temple,0,0,50,94.0,0,2026-02-12 14:31:33
3709,Chennai Cave,106,Cave,20,100,0,68.9,19.7,2026-02-28 14:12:06
3710,Vasco da Gama Zoo,25,Zoo,50,500,0,70.4,18.5,2025-09-22 03:23:48
3711,Lachung Fort,105,Fort,50,750,25,80.6,5.8,2025-07-12 16:52:32
3712,Vadodara Museum,30,Museum,100,800,0,80.0,8.3,2026-05-15 04:30:09
3713,Classic Thanjavur Viewpoint,113,Viewpoint,30,150,0,76.0,15.7,2026-03-04 07:35:06
3714,Thiruvananthapuram Museum,56,Museum,0,0,0,68.9,20.7,2026-01-27 11:27:59
3715,Festival Dalhousie Cave,44,Cave,50,400,50,84.1,0.6,2025-11-30 18:19:35
3716,Rameswaram Garden,111,Garden,20,160,0,45.0,34.0,2025-03-26 14:35:29
3717,Agra Beach,120,Beach,30,240,0,46.5,49.0,2026-05-24 14:33:58
3718,Kovalam Hill Station Point,61,Beach,10,80,100,82.8,2.6,2025-08-23 01:06:10
3719,Patiala Waterfall,94,Waterfall,200,1000,0,78.2,7.4,2025-10-12 02:05:46
3720,Dwarka Zoo,32,Zoo,30,300,0,46.9,67.1,2025-06-20 17:55:34
3721,Coimbatore Monastery,108,Monastery,150,750,100,82.1,2.9,2025-07-07 08:16:32
3722,Classic Dwarka Heritage Walk,32,Market,30,240,25,55.2,36.8,2025-02-13 08:48:36
3723,Dehradun Cave,127,Cave,10,100,100,78.2,4.3,2026-01-14 02:11:17
3724,Bilaspur Church,21,Church,150,750,0,79.1,5.7,2026-01-26 14:22:38
3725,Udaipur (Tripura) Lake,118,Lake,150,750,25,93.3,0,2025-07-29 10:07:34
3726,Homestyle Jorhat Wildlife Sanctuary,12,Church,100,1000,0,56.9,49.0,2025-08-15 02:18:30
3727,Royal Prayagraj Bridge,124,Bridge,0,0,50,76.1,6.1,2025-03-15 03:06:32
3728,Rishikesh Viewpoint,128,Viewpoint,20,200,100,54.0,55.5,2025-07-08 11:54:05
3729,Gir Lake,34,Lake,200,1000,0,77.2,11.5,2025-12-30 13:23:52
3730,Gwalior Hill Station Point,65,Garden,100,1500,0,85.6,0,2026-06-07 17:51:53
3731,Siliguri Bridge,137,Bridge,200,1000,100,46.3,40.5,2025-04-18 05:37:04
3732,Deluxe Khajuraho Beach,64,Beach,10,50,100,85.1,0,2026-02-10 20:04:30
3733,Kalimpong Wildlife Sanctuary,139,National Park,0,0,0,86.8,0,2026-02-06 19:09:23
3734,Itanagar Heritage Walk,7,Palace,0,0,50,76.7,9.8,2025-08-09 14:47:02
3735,Deoghar Fort,47,Fort,30,150,100,48.8,37.6,2025-09-23 21:47:17
3736,Darjeeling Dam,135,Dam,30,150,100,75.1,8.4,2026-04-21 08:55:31
3737,Bodh Gaya Monastery,17,Monastery,10,150,25,60.2,29.7,2025-06-02 10:33:57
3738,Nainital Monastery,130,Monastery,10,100,0,73.0,17.3,2025-09-30 05:27:48
3739,Ahmedabad National Park,28,Bridge,150,1500,100,59.5,32.6,2025-05-03 17:45:57
3740,Mahabaleshwar Cave,75,Cave,20,300,0,77.6,5.5,2025-05-28 19:39:24
3741,Mahabalipuram Bridge,112,Bridge,50,250,0,82.3,2.4,2026-03-14 13:25:15
3742,Anjuna Museum,27,Museum,100,1000,50,79.7,3.6,2025-02-01 04:37:45
3743,Panaji Bridge,23,Bridge,200,1600,0,68.1,13.6,2025-05-26 08:38:07
3744,Visakhapatnam Wildlife Sanctuary,1,Cave,150,2250,50,69.6,14.2,2025-04-10 08:09:46
3745,Jorhat Wildlife Sanctuary,12,Lake,0,0,25,78.0,5.1,2026-06-23 09:42:50
3746,Imphal Bridge,77,Bridge,30,150,50,73.1,18.0,2025-09-24 12:16:30
3747,Ziro Beach,9,Beach,30,150,100,64.7,25.1,2025-09-30 19:45:53
3748,Champhai Waterfall,83,Waterfall,100,1500,0,82.6,3.7,2025-10-25 01:36:26
3749,Agartala Market,117,Market,50,750,25,63.5,22.9,2025-05-15 12:38:55
3750,Khajuraho Monastery,64,Monastery,200,1600,0,72.1,22.3,2025-03-16 17:22:00
3751,Jaisalmer Heritage Walk,98,National Park,30,240,50,43.1,56.5,2025-08-27 10:05:31
3752,Visakhapatnam Palace,1,Palace,50,750,50,78.5,6.8,2026-03-17 23:24:37
3753,Roadside Jagdalpur Beach,22,Beach,100,500,25,90.5,0,2026-02-19 19:04:35
3754,Traditional Panaji Viewpoint,23,Viewpoint,10,80,50,77.2,14.0,2025-07-17 09:08:34
3755,Family Recipe Mussoorie Bridge,131,Bridge,100,1500,0,73.6,19.8,2025-11-05 08:31:08
3756,Chennai Viewpoint,106,Viewpoint,20,100,25,84.7,0.2,2026-06-28 19:09:27
3757,Rajkot Market,31,Market,100,1500,0,58.8,16.6,2025-03-31 00:09:05
3758,Deluxe Raipur Lake,20,Lake,100,1000,100,82.3,2.4,2025-12-20 08:30:34
3759,Patna Monastery,15,Monastery,200,2000,25,59.9,17.7,2025-10-17 15:34:26
3760,Thanjavur Monastery,113,Monastery,100,1000,50,92.9,0,2025-02-12 11:14:53
3761,Rameswaram Waterfall,111,Waterfall,10,50,0,68.6,13.2,2025-01-25 09:03:48
3762,Champhai Zoo,83,Zoo,30,450,25,43.4,47.9,2025-10-05 11:58:58
3763,Ranchi Palace,45,Palace,30,300,50,95.2,0,2025-08-28 05:02:10
3764,Chennai Cave,106,Cave,30,150,0,94.9,0,2025-07-21 10:32:30
3765,Rishikesh Fort,128,Fort,20,100,25,86.8,0,2025-12-15 21:13:47
3766,Jim Corbett Hill Station Point,133,Heritage Walk,20,200,25,74.6,16.9,2026-06-26 08:51:57
3767,Manali Temple,40,Temple,200,1000,0,95.9,0,2025-12-03 15:14:04
3768,Thiruvananthapuram Wildlife Sanctuary,56,Wildlife Sanctuary,10,150,25,81.6,3.3,2025-05-31 06:01:03
3769,Cherrapunji Market,80,Market,100,800,0,53.8,45.1,2026-06-25 13:44:33
3770,Jorhat Hill Station Point,12,Church,50,750,50,81.0,6.8,2025-04-28 13:05:11
3771,Grandma's Rishikesh Hill Station Point,128,Museum,10,80,25,57.2,20.8,2025-06-03 21:44:01
3772,Festival Visakhapatnam Monastery,1,Monastery,30,450,25,51.9,37.3,2026-03-29 09:31:53
3773,Khajuraho Lake,64,Lake,30,240,0,41.1,72.1,2025-04-11 14:31:41
3774,Mount Abu Zoo,100,Zoo,0,0,0,51.4,23.0,2025-01-03 19:20:57
3775,Raipur Viewpoint,20,Viewpoint,200,1000,100,79.8,8.5,2025-07-16 17:36:40
3776,Local Favourite Faridabad Hill Station Point,36,National Park,50,750,0,50.8,43.2,2025-04-28 12:14:38
3777,Imphal Monastery,77,Monastery,10,80,0,82.7,4.1,2026-01-05 02:51:10
3778,Chef's Ooty Museum,109,Museum,10,150,0,54.5,42.2,2025-12-08 22:21:57
3779,Pachmarhi Market,67,Market,30,300,100,68.7,20.6,2026-04-13 12:29:26
3780,Aurangabad Palace,73,Palace,150,2250,50,75.5,11.5,2026-06-13 21:18:54
3781,Kolkata Zoo,134,Zoo,20,200,0,78.7,7.7,2026-04-26 04:52:00
3782,Rishikesh Wildlife Sanctuary,128,Viewpoint,0,0,50,81.7,2.9,2025-10-11 20:42:27
3783,Homestyle Pushkar Fort,99,Fort,0,0,0,67.4,29.9,2025-09-20 05:03:23
3784,Jaipur Wildlife Sanctuary,95,Wildlife Sanctuary,50,400,0,66.5,18.2,2026-05-29 12:59:31
3785,Kovalam Viewpoint,61,Viewpoint,0,0,100,60.2,25.9,2025-09-23 21:24:16
3786,Orchha Church,68,Church,100,1000,0,63.5,30.6,2026-04-03 21:25:11
3787,Dwarka Museum,32,Museum,0,0,0,72.8,8.2,2026-04-17 21:13:45
3788,Vasco da Gama Viewpoint,25,Viewpoint,150,1500,0,60.8,18.2,2026-01-09 13:44:10
3789,Siliguri Museum,137,Museum,200,1600,0,76.8,7.1,2025-05-11 00:16:12
3790,Vijayawada Bridge,2,Bridge,200,1000,25,68.8,16.3,2025-06-01 05:11:27
3791,Festival Tawang Lake,8,Lake,0,0,0,68.8,17.1,2025-01-01 19:53:15
3792,Grandma's Shantiniketan Waterfall,138,Waterfall,0,0,0,67.2,17.7,2025-11-24 20:53:26
3793,Traditional Kalimpong Waterfall,139,Waterfall,20,200,50,76.9,6.0,2025-08-12 18:57:01
3794,Patna Zoo,15,Zoo,200,1600,25,49.0,50.0,2025-11-26 20:23:15
3795,Grandma's Visakhapatnam Palace,1,Palace,10,80,100,56.1,33.6,2026-03-10 02:00:45
3796,Alibaug National Park,76,Wildlife Sanctuary,10,150,0,53.2,20.1,2026-06-27 20:00:33
3797,Premium Imphal Church,77,Church,30,450,100,53.8,48.2,2026-04-20 23:50:23
3798,Alibaug Cave,76,Cave,150,2250,100,82.9,3.1,2026-06-22 15:58:57
3799,Rameswaram Beach,111,Beach,150,2250,0,74.7,9.6,2026-03-15 07:14:32
3800,Alibaug National Park,76,Viewpoint,20,100,0,49.0,57.5,2026-03-23 09:12:02
3801,Dimapur Cave,85,Cave,150,2250,0,81.5,5.1,2025-03-16 17:52:23
3802,Bhopal Monastery,62,Monastery,50,400,100,68.7,26.7,2025-11-15 22:49:27
3803,Authentic Hyderabad Garden,114,Garden,50,400,0,72.7,20.2,2025-12-14 05:41:24
3804,Ujjain Beach,66,Beach,150,1500,50,54.7,19.6,2025-05-17 16:05:49
3805,Hyderabad Heritage Walk,114,National Park,200,1600,0,37.3,75.5,2025-08-06 01:22:04
3806,Authentic Lonavala Viewpoint,74,Viewpoint,0,0,25,53.2,48.6,2025-01-14 04:18:59
3807,Special Jorhat Palace,12,Palace,200,1600,0,78.0,10.3,2025-06-11 00:27:21
3808,Chilika National Park,90,Viewpoint,100,1000,25,85.1,0,2026-06-02 02:00:28
3809,Faridabad Dam,36,Dam,150,1500,50,67.6,24.3,2025-09-22 01:21:19
3810,Visakhapatnam Museum,1,Museum,200,1000,0,77.4,10.4,2025-01-08 21:51:00
3811,Udaipur (Tripura) Waterfall,118,Waterfall,100,800,0,66.4,22.2,2025-05-07 08:00:43
3812,Local Favourite Dehradun Market,127,Market,50,750,50,71.2,20.2,2026-06-19 11:41:49
3813,Jaisalmer Bridge,98,Bridge,200,1600,100,87.9,0,2025-01-31 05:26:52
3814,Itanagar Zoo,7,Zoo,150,750,25,93.4,0,2026-03-18 06:08:28
3815,Tirupati Monastery,3,Monastery,10,50,0,90.7,0,2026-04-20 05:29:42
3816,Kalimpong Lake,139,Lake,150,1200,0,79.6,5.6,2025-05-29 14:56:31
3817,Street-side Gwalior Cave,65,Cave,100,800,25,51.1,50.2,2025-06-13 02:08:27
3818,Lucknow Hill Station Point,119,Zoo,50,500,0,71.3,16.8,2025-04-10 10:03:21
3819,Coorg Market,52,Market,10,100,50,94.1,0,2026-03-18 06:37:27
3820,Quick-bite Shimla National Park,39,Heritage Walk,0,0,100,85.1,0,2025-08-22 15:46:17
3821,Nainital Wildlife Sanctuary,130,Beach,150,2250,0,85.4,0,2025-04-05 04:22:35
3822,Deoghar Market,47,Market,0,0,100,36.8,51.7,2026-05-09 13:17:19
3823,Local Favourite Ayodhya Fort,123,Fort,20,100,25,80.8,4.3,2025-06-07 09:00:27
3824,Agra Garden,120,Garden,200,3000,50,80.1,5.5,2026-03-27 10:50:50
3825,Grandma's Darjeeling Beach,135,Beach,10,150,100,65.3,12.1,2025-07-10 12:44:01
3826,Ranchi Dam,45,Dam,30,150,0,55.5,50.4,2025-08-24 16:11:02
3827,Signature Chilika Heritage Walk,90,Lake,100,1000,0,74.7,11.6,2025-05-10 09:35:16
3828,Madurai Garden,107,Garden,50,250,25,70.9,17.0,2026-04-03 11:55:57
3829,Chandigarh Viewpoint,92,Viewpoint,150,2250,0,58.8,22.3,2025-08-03 12:43:49
3830,Patna Fort,15,Fort,100,500,0,87.8,0,2026-06-25 11:28:41
3831,Kochi Zoo,55,Zoo,50,250,100,81.5,4.5,2025-01-12 14:07:33
3832,Alibaug Heritage Walk,76,Heritage Walk,20,300,25,78.3,6.7,2025-11-07 15:36:07
3833,Tirupati Monastery,3,Monastery,0,0,100,52.0,54.7,2026-05-19 06:25:13
3834,Mathura Fort,122,Fort,100,1500,0,61.1,39.9,2025-03-27 20:48:51
3835,Aurangabad Temple,73,Temple,50,750,50,89.5,0,2026-02-20 06:50:19
3836,Mumbai Beach,69,Beach,0,0,25,52.6,38.1,2025-08-17 01:42:47
3837,Aurangabad Viewpoint,73,Viewpoint,0,0,100,87.8,0,2025-05-14 19:07:39
3838,Ranchi Heritage Walk,45,Museum,100,500,25,91.9,0,2025-01-04 22:38:20
3839,Shantiniketan National Park,138,Monastery,150,1200,0,54.5,46.8,2025-11-20 03:57:13
3840,Ziro Hill Station Point,9,Lake,200,1000,50,68.1,13.1,2025-12-04 04:34:08
3841,Ziro Bridge,9,Bridge,200,1600,0,91.7,0,2025-10-20 08:46:38
3842,Pelling Lake,104,Lake,30,450,0,85.7,0,2026-04-27 23:05:59
3843,Kanyakumari National Park,110,Beach,100,1500,100,43.6,30.8,2025-05-31 03:14:23
3844,Dwarka Palace,32,Palace,50,750,50,67.7,15.9,2025-12-25 12:55:25
3845,Special Ahmedabad Palace,28,Palace,200,1000,0,53.3,36.7,2025-05-09 08:25:28
3846,Lachung Heritage Walk,105,Hill Station Point,30,240,0,65.6,31.3,2026-04-13 09:22:57
3847,Rajgir Garden,19,Garden,50,500,0,93.8,0,2026-03-20 14:22:58
3848,Itanagar Garden,7,Garden,20,160,25,72.2,11.4,2025-05-17 15:13:04
3849,Authentic Siliguri Cave,137,Cave,0,0,100,79.9,3.3,2025-12-25 05:54:08
3850,Lachung Zoo,105,Zoo,50,250,50,73.0,10.8,2025-01-30 09:18:40
3851,Dibrugarh Beach,11,Beach,100,1500,50,67.4,24.1,2026-03-29 18:16:16
3852,Roadside Kanpur Garden,125,Garden,30,150,50,81.5,2.8,2026-01-20 15:25:54
3853,Jagdalpur Waterfall,22,Waterfall,150,1200,50,63.0,19.0,2025-12-13 02:20:03
3854,Lonavala Cave,74,Cave,30,240,50,76.1,6.6,2025-10-27 23:23:30
3855,Mahabalipuram Palace,112,Palace,200,1600,50,85.4,0,2026-04-19 10:39:14
3856,Kovalam Bridge,61,Bridge,200,3000,50,66.1,11.6,2025-08-02 20:34:43
3857,Chef's Hyderabad Zoo,114,Zoo,150,2250,50,76.0,12.1,2026-03-14 06:58:17
3858,Deoghar Palace,47,Palace,50,500,0,80.9,5.8,2025-10-15 15:15:33
3859,Vasco da Gama Fort,25,Fort,0,0,100,59.4,41.6,2025-10-31 07:16:18
3860,Spicy Guwahati Cave,10,Cave,0,0,0,57.9,18.1,2026-04-24 09:03:02
3861,Gwalior Garden,65,Garden,200,1600,100,44.3,53.2,2026-01-18 20:51:08
3862,Royal Bengaluru Heritage Walk,48,Museum,200,3000,25,80.3,3.1,2025-06-23 22:02:13
3863,Local Favourite Faridabad Museum,36,Museum,30,150,25,65.5,14.7,2026-06-25 21:06:29
3864,Alibaug Lake,76,Lake,30,240,100,59.3,31.7,2025-07-23 20:46:02
3865,Jaisalmer Museum,98,Museum,30,300,0,64.8,12.6,2025-01-15 17:54:43
3866,Village-style Gwalior Hill Station Point,65,Museum,30,450,50,54.9,47.7,2025-10-27 23:59:41
3867,Noida Bridge,126,Bridge,200,1600,25,53.2,19.5,2025-03-15 21:47:46
3868,Udaipur (Tripura) Bridge,118,Bridge,20,200,0,65.6,26.9,2025-06-13 07:59:52
3869,Champhai Dam,83,Dam,100,1500,50,88.2,0,2025-05-03 04:36:30
3870,Chandigarh Dam,92,Dam,100,1000,50,57.3,25.1,2025-01-15 14:33:27
3871,Deoghar Lake,47,Lake,20,100,25,47.6,33.0,2025-02-10 09:33:15
3872,Mysuru Fort,49,Fort,100,1500,50,80.2,5.3,2025-02-15 17:28:59
3873,Madurai Museum,107,Museum,0,0,50,76.0,13.2,2026-01-15 11:46:50
3874,Agartala Bridge,117,Bridge,10,50,0,67.4,26.6,2026-05-18 19:30:13
3875,Mangaluru Dam,51,Dam,100,1000,50,85.8,0,2025-03-06 01:05:21
3876,Manali Heritage Walk,40,Market,200,1600,0,76.2,9.7,2025-12-26 07:33:43
3877,Royal Mawlynnong Market,81,Market,50,750,100,57.0,20.4,2025-08-27 02:28:00
3878,Bilaspur Market,21,Market,200,2000,0,91.0,0,2025-05-09 00:39:01
3879,Rameswaram Heritage Walk,111,Zoo,10,50,0,93.7,0,2026-02-04 08:44:40
3880,Somnath Museum,33,Museum,10,50,100,92.5,0,2025-04-22 03:14:38
3881,Kanpur Zoo,125,Zoo,200,1600,0,83.8,1.5,2026-04-11 18:42:34
3882,Nalanda Wildlife Sanctuary,18,Beach,10,80,25,84.6,0.5,2026-03-26 01:24:23
3883,Pushkar Church,99,Church,30,300,0,77.4,9.4,2025-05-11 05:45:36
3884,Signature Pelling Heritage Walk,104,Fort,0,0,25,68.4,26.9,2025-08-12 12:53:34
3885,Local Favourite Vasco da Gama Beach,25,Beach,100,800,50,56.4,35.8,2025-04-07 04:00:43
3886,Warangal Palace,115,Palace,20,160,50,60.7,17.7,2025-07-21 12:21:04
3887,Jodhpur Museum,97,Museum,200,1600,0,59.6,44.9,2026-06-29 23:22:59
3888,Imphal Lake,77,Lake,100,800,100,68.3,12.1,2026-06-08 10:18:34
3889,Agartala Hill Station Point,117,Wildlife Sanctuary,10,80,25,50.4,37.4,2025-02-07 04:21:04
3890,Munnar Zoo,57,Zoo,30,240,25,76.3,7.6,2025-06-03 19:33:35
3891,Village-style Chennai Museum,106,Museum,30,150,0,60.3,23.0,2025-03-12 17:25:29
3892,Alleppey Viewpoint,58,Viewpoint,100,800,0,84.9,0.1,2025-01-26 01:11:48
3893,Kurukshetra Church,37,Church,10,80,50,54.1,21.0,2025-07-19 17:02:39
3894,Jaisalmer Waterfall,98,Waterfall,0,0,0,60.1,18.5,2026-03-15 03:19:55
3895,Bengaluru Market,48,Market,10,150,0,73.5,9.2,2025-12-22 03:39:13
3896,Premium Panaji Bridge,23,Bridge,0,0,0,51.2,58.7,2025-09-15 11:49:48
3897,Ranchi Church,45,Church,50,250,0,78.2,4.5,2026-04-05 00:34:58
3898,Pelling Monastery,104,Monastery,20,200,100,75.0,8.7,2026-03-24 07:24:51
3899,Spiti National Park,43,Garden,0,0,25,47.7,32.5,2025-05-23 14:01:41
3900,Dibrugarh Market,11,Market,200,3000,25,54.3,50.8,2026-01-21 23:14:22
3901,Khajuraho Dam,64,Dam,200,2000,25,73.0,15.0,2025-04-28 10:24:57
3902,Mangaluru Garden,51,Garden,10,100,25,79.0,9.7,2026-01-27 07:04:17
3903,Imphal Fort,77,Fort,100,800,0,75.0,17.8,2025-05-05 20:27:34
3904,Kanyakumari Viewpoint,110,Viewpoint,10,150,0,81.3,6.1,2026-03-06 01:19:12
3905,Rajkot Temple,31,Temple,200,1600,50,85.6,0,2025-04-16 17:25:34
3906,Vasco da Gama Beach,25,Beach,20,160,100,74.3,17.3,2025-05-21 12:16:43
3907,Lonavala Church,74,Church,50,250,50,48.0,53.4,2025-10-28 11:06:23
3908,Homestyle Shillong Waterfall,79,Waterfall,150,1200,100,57.1,45.2,2026-04-11 00:03:41
3909,Jamshedpur Monastery,46,Monastery,100,1000,100,95.6,0,2025-01-02 09:35:50
3910,Udupi Wildlife Sanctuary,53,Lake,20,200,100,72.3,13.6,2025-05-28 11:18:02
3911,Festival Ooty Waterfall,109,Waterfall,100,1000,0,72.2,9.3,2025-03-07 19:35:30
3912,Classic Darjeeling Museum,135,Museum,10,150,50,71.4,10.7,2025-08-21 17:02:31
3913,Kochi National Park,55,Market,200,2000,25,78.9,10.5,2025-08-07 09:34:15
3914,Chennai National Park,106,National Park,100,1000,100,67.1,26.7,2026-01-14 01:48:32
3915,Classic Bodh Gaya National Park,17,Garden,100,500,0,54.7,34.4,2025-11-10 04:56:23
3916,Extra Cheesy Mahabalipuram Zoo,112,Zoo,20,100,50,75.0,11.3,2025-05-20 18:37:57
3917,Ajmer Monastery,102,Monastery,0,0,0,50.4,33.7,2025-01-20 01:43:53
3918,Nizamabad Museum,116,Museum,30,150,25,73.3,7.2,2025-05-19 15:05:43
3919,Dharamshala Monastery,41,Monastery,150,2250,50,48.2,47.5,2025-05-16 20:43:12
3920,Kolkata Monastery,134,Monastery,200,3000,50,44.4,28.1,2025-02-28 10:41:00
3921,Hampi Temple,50,Temple,20,100,0,62.6,16.9,2026-05-31 03:40:13
3922,Special Haridwar Palace,129,Palace,150,2250,25,73.1,14.6,2025-11-29 17:56:05
3923,Authentic Mangaluru Museum,51,Museum,50,750,100,62.5,34.8,2025-05-17 09:42:47
3924,Classic Mysuru Palace,49,Palace,150,750,100,79.9,8.0,2025-02-10 04:09:04
3925,Indore Cave,63,Cave,20,160,100,85.2,0,2026-05-23 16:31:13
3926,Royal Patiala Temple,94,Temple,50,750,0,57.3,43.4,2025-11-16 07:11:57
3927,Roadside Visakhapatnam Palace,1,Palace,10,100,50,88.9,0,2026-02-25 22:18:41
3928,Family Recipe Vasco da Gama Palace,25,Palace,10,50,50,82.8,3.0,2026-03-06 10:43:11
3929,Orchha Viewpoint,68,Viewpoint,100,1000,50,69.3,27.6,2025-09-02 07:09:35
3930,Kochi Lake,55,Lake,100,1500,0,65.6,24.3,2026-02-03 20:29:22
3931,Local Favourite Khajuraho Cave,64,Cave,30,240,25,74.9,13.0,2025-10-25 12:19:33
3932,Mangaluru Bridge,51,Bridge,50,250,25,65.8,20.3,2025-08-31 22:37:15
3933,Kalimpong Dam,139,Dam,150,1200,100,81.9,3.7,2025-09-23 22:24:13
3934,Gurugram Monastery,35,Monastery,50,400,0,91.6,0,2025-01-04 11:08:37
3935,Ajmer Wildlife Sanctuary,102,Dam,200,3000,100,63.1,32.0,2025-09-19 03:42:08
3936,Chef's Jamshedpur Beach,46,Beach,150,1200,0,62.7,28.1,2026-04-26 00:27:24
3937,Ranchi Temple,45,Temple,0,0,100,73.3,18.1,2025-09-12 19:21:32
3938,Quick-bite Champhai Church,83,Church,150,2250,25,68.0,22.2,2025-03-22 22:28:34
3939,Special Amritsar Temple,91,Temple,100,500,0,83.1,3.0,2025-10-27 02:22:01
3940,Rameswaram Bridge,111,Bridge,50,400,0,61.1,34.6,2025-01-03 01:50:15
3941,Kanyakumari Dam,110,Dam,150,2250,100,66.3,28.6,2025-04-29 15:31:30
3942,Wayanad Wildlife Sanctuary,60,Monastery,10,50,25,74.0,16.9,2025-07-08 18:52:04
3943,Kanyakumari Beach,110,Beach,0,0,0,67.9,28.4,2025-08-22 00:13:58
3944,Dwarka Monastery,32,Monastery,30,450,50,60.6,33.7,2025-03-14 21:55:31
3945,Hampi Wildlife Sanctuary,50,Church,20,200,0,88.5,0,2025-02-17 11:26:16
3946,Royal Gwalior Wildlife Sanctuary,65,Fort,10,80,50,59.4,23.2,2025-05-18 11:54:53
3947,Shillong Fort,79,Fort,30,240,100,44.6,37.3,2026-03-05 22:18:36
3948,Authentic Gurugram Viewpoint,35,Viewpoint,30,450,50,80.7,5.8,2025-08-04 08:16:47
3949,Bikaner Palace,101,Palace,150,1500,0,73.1,20.7,2026-05-15 22:04:12
3950,Chef's Silchar Heritage Walk,14,Bridge,100,1000,100,91.4,0,2025-05-27 03:35:03
3951,Traditional Pelling Zoo,104,Zoo,20,300,25,63.5,31.0,2026-01-15 16:07:04
3952,Jaisalmer Dam,98,Dam,200,3000,50,46.7,56.1,2025-11-14 03:55:43
3953,Agartala Cave,117,Cave,50,250,50,83.0,3.2,2025-12-22 14:09:56
3954,Traditional Pushkar Palace,99,Palace,10,80,50,78.7,7.8,2025-11-12 15:12:20
3955,Roadside Jamshedpur Cave,46,Cave,0,0,25,65.5,24.7,2026-03-26 04:57:54
3956,Kochi Dam,55,Dam,200,3000,0,71.0,19.5,2025-09-03 06:55:12
3957,Shimla Wildlife Sanctuary,39,Lake,100,1500,25,77.9,4.4,2026-06-08 22:22:12
3958,Tirupati Wildlife Sanctuary,3,Museum,100,1500,100,71.5,11.9,2026-03-14 03:44:46
3959,Family Recipe Chennai Temple,106,Temple,30,450,50,74.5,14.9,2025-05-09 05:10:15
3960,Chef's Lucknow Market,119,Market,0,0,100,71.9,11.2,2026-01-05 19:53:06
3961,Special Ujjain Hill Station Point,66,Church,150,1500,25,47.0,53.0,2025-12-15 04:28:02
3962,Rishikesh Palace,128,Palace,10,150,0,77.2,13.1,2026-04-09 16:58:06
3963,Udupi Garden,53,Garden,200,1600,100,85.0,0,2026-04-29 04:43:46
3964,Grandma's Coimbatore Lake,108,Lake,150,1200,100,66.8,28.0,2025-11-09 22:42:45
3965,Aizawl Heritage Walk,82,Beach,100,1500,0,62.2,16.4,2026-02-14 11:04:10
3966,Village-style Mysuru Temple,49,Temple,50,500,0,96.8,0,2025-01-04 08:43:38
3967,Pushkar Beach,99,Beach,50,400,25,59.3,44.6,2026-03-05 19:26:14
3968,Prayagraj Market,124,Market,10,100,0,73.0,20.9,2025-05-06 12:00:40
3969,Mussoorie Fort,131,Fort,200,3000,100,80.2,5.7,2025-01-23 04:31:08
3970,Bhubaneswar Fort,86,Fort,100,500,0,76.8,14.3,2026-05-25 22:34:23
3971,Authentic Kozhikode Wildlife Sanctuary,59,Beach,50,250,25,60.1,27.4,2026-04-03 15:36:06
3972,Roadside Ziro Market,9,Market,10,100,0,80.5,7.3,2025-07-31 09:22:21
3973,Traditional Udaipur (Tripura) Zoo,118,Zoo,20,100,0,70.2,18.2,2026-02-17 20:00:22
3974,Orchha Museum,68,Museum,20,300,0,78.8,8.8,2026-01-12 11:34:57
3975,Prayagraj Cave,124,Cave,150,1500,0,44.8,27.5,2025-08-14 09:47:56
3976,Panaji Lake,23,Lake,200,1000,50,77.2,10.3,2025-12-29 06:38:17
3977,Family Recipe Jamshedpur Monastery,46,Monastery,10,50,25,88.7,0,2025-02-11 13:26:21
3978,Wayanad Church,60,Church,30,150,0,81.2,4.0,2025-06-19 23:09:18
3979,Kohima Church,84,Church,20,100,100,73.6,15.4,2026-03-27 03:58:02
3980,Kullu Hill Station Point,42,Waterfall,30,450,100,59.2,27.0,2026-06-09 22:47:48
3981,Lachung Garden,105,Garden,200,1600,50,73.2,19.5,2025-01-16 19:10:03
3982,Special Varanasi Viewpoint,121,Viewpoint,0,0,0,77.6,7.3,2026-05-31 20:40:02
3983,Deluxe Lucknow National Park,119,Dam,30,450,0,76.5,7.7,2025-06-20 05:50:00
3984,Authentic Aurangabad Temple,73,Temple,0,0,50,91.9,0,2025-04-19 00:28:51
3985,Kakinada Viewpoint,6,Viewpoint,0,0,0,71.6,22.7,2025-03-18 02:40:20
3986,Authentic Amritsar Heritage Walk,91,Temple,100,1000,100,83.3,2.3,2025-07-07 16:25:46
3987,Spicy Surat Monastery,29,Monastery,50,250,50,66.3,22.3,2025-01-04 21:16:44
3988,Traditional Varanasi Zoo,121,Zoo,20,160,50,92.4,0,2026-01-13 14:15:43
3989,Traditional Hampi Museum,50,Museum,50,400,0,57.6,42.5,2026-02-19 12:09:08
3990,Dwarka Temple,32,Temple,30,150,100,63.7,19.1,2026-06-08 04:31:37
3991,Chef's Bikaner Viewpoint,101,Viewpoint,20,300,50,79.3,9.9,2025-03-29 23:17:01
3992,Family Recipe Manali Beach,40,Beach,200,3000,0,57.6,17.3,2025-04-27 20:50:04
3993,Family Recipe Khajuraho Temple,64,Temple,150,1200,100,73.2,17.8,2025-08-08 08:18:02
3994,Shillong Monastery,79,Monastery,100,800,0,76.0,10.3,2025-03-24 08:18:29
3995,Royal Nashik Zoo,72,Zoo,50,400,25,69.7,14.6,2026-05-16 16:40:36
3996,Chef's Dehradun Zoo,127,Zoo,30,300,100,52.1,20.5,2025-07-24 21:52:39
3997,Bhopal Heritage Walk,62,Garden,100,800,0,79.6,9.4,2025-02-16 11:25:50
3998,Festival Gir Garden,34,Garden,150,1200,0,63.6,25.4,2025-08-23 15:59:25
3999,Anjuna Market,27,Market,10,50,50,70.7,10.8,2026-03-23 15:57:40
4000,Spiti Temple,43,Temple,150,1500,0,88.7,0,2025-08-02 09:52:02
4001,Coimbatore Garden,108,Garden,50,500,0,66.8,24.5,2026-04-03 15:42:36
4002,Nagpur Waterfall,71,Waterfall,0,0,0,45.7,38.7,2025-11-19 05:30:48
4003,Patna Wildlife Sanctuary,15,Hill Station Point,100,1500,25,62.8,29.2,2025-07-07 21:56:22
4004,Special Kolkata Heritage Walk,134,National Park,100,1000,25,64.8,30.8,2026-04-05 00:40:41
4005,Rameswaram Museum,111,Museum,200,1600,25,78.4,7.3,2025-03-22 20:56:03
4006,Traditional Surat Cave,29,Cave,10,80,25,60.7,16.4,2026-04-22 21:59:58
4007,Faridabad National Park,36,Palace,100,1500,0,81.6,4.6,2025-06-11 13:58:53
4008,Coorg Beach,52,Beach,150,1500,0,80.7,2.8,2026-06-10 00:47:04
4009,Royal Kolkata Garden,134,Garden,200,3000,50,57.8,22.0,2025-12-20 18:10:41
4010,Royal Gangtok Lake,103,Lake,100,800,0,75.0,10.1,2026-03-30 16:19:51
4011,Patiala Monastery,94,Monastery,0,0,0,74.7,14.5,2025-05-24 13:17:45
4012,Gurugram Cave,35,Cave,10,80,25,45.8,53.8,2025-01-30 13:41:35
4013,Mawlynnong Waterfall,81,Waterfall,200,3000,50,72.5,18.3,2026-03-14 10:37:11
4014,Dibrugarh Lake,11,Lake,200,1600,25,92.6,0,2026-01-16 18:05:23
4015,Patna Bridge,15,Bridge,20,160,25,74.5,9.0,2026-02-06 03:15:53
4016,Gangtok Zoo,103,Zoo,200,1600,0,51.2,54.0,2025-10-24 03:22:21
4017,Spicy Imphal Hill Station Point,77,Temple,150,1200,0,44.6,40.1,2025-04-19 05:53:07
4018,Street-side Kohima Lake,84,Lake,150,1200,0,83.4,1.4,2026-03-12 10:59:45
4019,Chef's Thiruvananthapuram Bridge,56,Bridge,20,160,0,79.2,4.3,2025-09-23 03:36:51
4020,Extra Cheesy Konark Church,88,Church,100,800,0,77.8,12.7,2025-03-27 20:43:06
4021,Special Pune Palace,70,Palace,200,1600,25,66.5,27.3,2025-11-05 21:27:40
4022,Udaipur (Tripura) Dam,118,Dam,50,500,100,88.1,0,2025-12-18 21:47:10
4023,Guntur Fort,4,Fort,20,100,0,69.6,10.8,2025-05-11 23:00:20
4024,Nalanda Heritage Walk,18,Wildlife Sanctuary,10,50,25,75.8,11.7,2025-10-15 03:47:51
4025,Extra Cheesy Bengaluru Beach,48,Beach,200,1000,0,71.7,10.2,2026-04-02 06:31:41
4026,Anjuna Church,27,Church,10,50,0,88.2,0,2026-04-23 15:58:23
4027,Chef's Raipur Dam,20,Dam,100,500,50,62.4,18.5,2025-06-20 06:12:19
4028,Siliguri Hill Station Point,137,Garden,10,100,50,84.3,0.8,2025-09-20 18:38:29
4029,Orchha Museum,68,Museum,150,1200,50,86.4,0,2025-12-12 22:40:52
4030,Homestyle Nalanda Zoo,18,Zoo,150,750,100,45.4,39.5,2025-05-04 18:36:49
4031,Madurai Heritage Walk,107,Waterfall,200,2000,100,80.2,5.6,2025-11-20 21:40:49
4032,Moirang Cave,78,Cave,10,100,0,43.2,73.1,2025-04-30 17:11:34
4033,Kovalam Heritage Walk,61,Waterfall,200,1000,0,56.9,43.4,2026-06-22 07:43:21
4034,Deluxe Gaya Market,16,Market,100,800,100,57.7,44.9,2025-04-24 07:04:26
4035,Kolkata Waterfall,134,Waterfall,10,150,50,80.7,7.3,2026-03-09 19:09:15
4036,Mussoorie Zoo,131,Zoo,0,0,25,79.8,8.7,2025-08-15 03:09:29
4037,Classic Udaipur (Tripura) Church,118,Church,0,0,50,71.3,10.2,2025-09-24 23:00:57
4038,Varanasi Wildlife Sanctuary,121,Waterfall,100,500,100,84.0,1.3,2026-01-02 15:29:12
4039,Dharamshala Lake,41,Lake,150,1200,0,53.6,48.5,2025-01-10 02:37:32
4040,Premium Faridabad Beach,36,Beach,50,750,0,81.0,3.2,2025-05-17 21:01:26
4041,Nalanda Fort,18,Fort,20,200,50,70.2,8.9,2026-02-09 12:09:24
4042,Gangtok Heritage Walk,103,Monastery,0,0,100,69.3,18.4,2026-06-21 10:52:12
4043,Mathura Viewpoint,122,Viewpoint,20,100,100,48.8,60.2,2025-01-13 05:53:28
4044,Nizamabad Cave,116,Cave,150,2250,0,73.0,17.0,2026-04-04 05:48:38
4045,Grandma's Cuttack Wildlife Sanctuary,89,Zoo,0,0,100,53.2,26.4,2025-08-09 09:05:00
4046,Mount Abu Museum,100,Museum,200,3000,0,86.4,0,2025-01-23 22:29:42
4047,Tirupati Church,3,Church,10,100,50,80.0,6.5,2025-06-07 22:00:26
4048,Ayodhya Waterfall,123,Waterfall,0,0,0,75.2,10.1,2025-01-24 13:38:06
4049,Kanpur National Park,125,Garden,10,150,100,89.2,0,2025-05-17 15:48:36
4050,Kozhikode Palace,59,Palace,30,150,0,59.9,25.8,2025-01-18 23:22:18
4051,Faridabad Monastery,36,Monastery,50,500,25,75.8,13.8,2025-07-09 18:58:42
4052,Classic Kanpur Museum,125,Museum,0,0,100,70.8,20.6,2025-01-11 01:47:17
4053,Kolkata Market,134,Market,150,1200,0,76.6,9.7,2025-10-09 19:42:26
4054,Street-side Kaziranga Bridge,13,Bridge,30,150,100,73.0,7.5,2026-04-15 22:12:28
4055,Calangute Garden,26,Garden,50,500,0,68.8,11.7,2025-09-19 06:22:28
4056,Ziro Beach,9,Beach,30,150,0,47.8,61.1,2025-02-04 10:23:32
4057,Champhai Lake,83,Lake,50,750,50,78.5,11.6,2025-06-16 10:26:39
4058,Premium Mawlynnong Lake,81,Lake,0,0,0,73.3,19.6,2026-06-17 00:33:02
4059,Hampi Monastery,50,Monastery,50,400,0,92.0,0,2026-02-15 23:15:00
4060,Shillong Cave,79,Cave,150,2250,0,86.4,0,2025-11-15 02:10:20
4061,Pelling Palace,104,Palace,30,450,25,74.2,18.2,2025-08-07 15:07:24
4062,Nagpur Waterfall,71,Waterfall,20,300,25,64.2,19.0,2026-01-20 08:48:13
4063,Festival Ahmedabad Heritage Walk,28,National Park,20,200,100,85.3,0,2025-02-07 01:08:07
4064,Homestyle Hyderabad Heritage Walk,114,National Park,20,100,100,53.5,21.2,2026-01-09 07:24:57
4065,Guntur Dam,4,Dam,150,750,50,50.4,49.2,2025-01-27 10:28:31
4066,Roadside Haridwar Wildlife Sanctuary,129,Waterfall,200,1600,50,72.9,11.0,2026-01-26 04:26:13
4067,Dwarka Heritage Walk,32,Viewpoint,20,100,50,73.7,15.4,2025-10-05 03:10:17
4068,Rajkot Zoo,31,Zoo,10,150,100,89.9,0,2026-06-08 07:27:16
4069,Shillong Lake,79,Lake,20,100,25,82.8,2.4,2025-12-16 16:47:19
4070,Ranchi Wildlife Sanctuary,45,Fort,50,400,50,88.5,0,2026-06-25 08:46:27
4071,Signature Jagdalpur Museum,22,Museum,30,240,100,79.9,7.7,2026-06-09 22:16:17
4072,Anjuna Monastery,27,Monastery,20,100,0,82.4,4.6,2026-03-04 22:06:41
4073,Family Recipe Panaji Heritage Walk,23,Fort,0,0,25,62.3,17.1,2025-06-13 09:18:04
4074,Udaipur (Tripura) Zoo,118,Zoo,20,200,0,62.1,15.9,2025-02-24 02:05:10
4075,Aurangabad Beach,73,Beach,20,300,0,61.7,23.3,2026-06-13 00:05:03
4076,Bodh Gaya National Park,17,Fort,0,0,50,84.8,0.3,2025-03-25 08:14:07
4077,Nalanda Viewpoint,18,Viewpoint,0,0,100,89.7,0,2025-04-16 16:34:24
4078,Ahmedabad Fort,28,Fort,150,750,0,56.9,49.7,2026-06-30 19:34:20
4079,Bhubaneswar Waterfall,86,Waterfall,50,750,0,66.4,27.4,2025-03-21 23:09:43
4080,Hyderabad Hill Station Point,114,Zoo,50,750,50,74.7,9.1,2025-05-08 05:52:04
4081,Nashik Heritage Walk,72,Bridge,20,100,0,86.8,0,2025-08-14 19:18:12
4082,Rajkot Beach,31,Beach,0,0,0,69.0,28.6,2026-06-30 06:04:54
4083,Street-side Raipur Monastery,20,Monastery,20,300,0,80.2,4.6,2025-05-30 10:10:23
4084,Moirang Viewpoint,78,Viewpoint,200,3000,25,75.1,8.7,2026-04-17 07:57:13
4085,Nainital Beach,130,Beach,150,2250,100,49.1,36.6,2026-04-14 22:48:08
4086,Imphal Palace,77,Palace,10,50,100,81.3,2.8,2025-09-22 04:23:37
4087,Agartala Waterfall,117,Waterfall,30,300,0,60.4,36.3,2025-07-28 12:18:07
4088,Jim Corbett Lake,133,Lake,50,500,25,63.4,23.8,2026-02-23 05:06:43
4089,Kanyakumari Monastery,110,Monastery,0,0,25,70.7,16.9,2025-02-15 06:33:16
4090,Local Favourite Rameswaram Heritage Walk,111,Palace,50,400,100,46.3,43.9,2026-02-02 07:46:27
4091,Premium Madurai Monastery,107,Monastery,100,800,100,56.6,34.1,2026-05-29 01:41:43
4092,Nalanda Church,18,Church,20,160,100,85.3,0,2026-02-27 07:04:28
4093,Anjuna Cave,27,Cave,10,80,25,75.8,8.0,2026-01-03 06:59:50
4094,Chilika Hill Station Point,90,Church,150,1500,0,68.4,27.3,2025-07-31 11:10:50
4095,Quick-bite Hampi Museum,50,Museum,0,0,25,70.6,12.0,2025-09-27 06:03:04
4096,Rajahmundry Beach,5,Beach,0,0,25,89.6,0,2025-03-15 20:18:00
4097,Nagpur Viewpoint,71,Viewpoint,200,1000,0,72.9,13.5,2026-02-27 23:54:01
4098,Jaisalmer Cave,98,Cave,50,400,25,72.1,22.2,2026-02-08 13:42:14
4099,Manali Heritage Walk,40,Hill Station Point,100,1500,100,66.9,11.7,2025-06-11 16:51:08
4100,Premium Pelling Cave,104,Cave,30,450,0,63.0,24.9,2026-05-19 10:17:22
4101,Bikaner Lake,101,Lake,10,100,25,75.1,16.4,2025-04-27 14:02:07
4102,Mahabalipuram Bridge,112,Bridge,10,80,100,89.4,0,2026-06-14 13:25:59
4103,Quick-bite Dimapur Cave,85,Cave,200,2000,50,48.9,34.9,2025-09-11 12:50:08
4104,Grandma's Pachmarhi Waterfall,67,Waterfall,30,450,50,74.5,12.6,2025-02-07 16:53:37
4105,Signature Surat Wildlife Sanctuary,29,Bridge,10,50,0,63.0,14.8,2026-05-01 06:43:45
4106,Bilaspur Cave,21,Cave,30,300,25,64.2,14.2,2026-02-17 04:06:04
4107,Chandigarh Palace,92,Palace,150,1200,0,58.8,41.2,2025-09-02 00:11:43
4108,Bikaner Palace,101,Palace,200,2000,50,56.4,47.4,2025-02-21 04:26:45
4109,Tirupati Heritage Walk,3,Monastery,200,3000,0,69.5,23.2,2025-11-06 09:54:36
4110,Local Favourite Dibrugarh Temple,11,Temple,0,0,100,73.1,17.6,2025-03-19 12:48:01
4111,Street-side Ludhiana Fort,93,Fort,150,750,25,72.9,19.7,2025-02-28 00:28:24
4112,Patna Viewpoint,15,Viewpoint,150,2250,25,50.4,30.4,2025-06-30 22:51:15
4113,Champhai Heritage Walk,83,Temple,100,800,0,58.4,23.4,2025-04-30 08:54:50
4114,Munnar Garden,57,Garden,0,0,50,82.5,4.2,2025-10-27 16:18:25
4115,Mysuru Bridge,49,Bridge,20,160,25,87.4,0,2025-06-11 06:39:01
4116,Extra Cheesy Deoghar Waterfall,47,Waterfall,50,500,0,74.6,8.4,2025-03-24 11:40:58
4117,Rajahmundry Temple,5,Temple,10,150,0,72.9,14.8,2025-09-29 04:27:59
4118,Nainital Museum,130,Museum,100,1000,0,75.6,7.3,2026-06-24 14:06:41
4119,Lachung Lake,105,Lake,30,240,50,83.3,2.7,2025-12-07 21:39:04
4120,Kakinada Temple,6,Temple,20,160,0,73.6,8.1,2025-12-26 15:46:09
4121,Roadside Lachung Hill Station Point,105,Lake,100,1000,25,66.4,12.6,2025-05-21 20:55:59
4122,Authentic Rameswaram Bridge,111,Bridge,20,100,0,78.1,4.8,2025-10-08 16:50:53
4123,Panipat Cave,38,Cave,150,750,100,87.4,0,2025-10-22 10:44:38
4124,Lucknow Hill Station Point,119,Cave,20,300,25,74.2,16.9,2026-01-30 13:51:00
4125,Signature Hubballi Fort,54,Fort,150,750,50,72.1,21.8,2026-06-06 15:16:57
4126,Dibrugarh Fort,11,Fort,30,150,0,79.4,7.7,2026-02-28 18:13:33
4127,Wayanad Church,60,Church,200,1600,0,85.8,0,2026-01-22 22:15:31
4128,Varanasi Church,121,Church,50,250,0,73.1,11.2,2025-04-11 16:04:56
4129,Traditional Mahabalipuram Viewpoint,112,Viewpoint,50,400,0,85.8,0,2025-10-02 01:22:11
4130,Dharamshala Fort,41,Fort,150,2250,25,78.3,9.0,2025-12-08 22:14:54
4131,Ziro National Park,9,Viewpoint,10,100,0,78.1,11.4,2025-02-24 05:31:52
4132,Chef's Mahabalipuram Waterfall,112,Waterfall,100,1000,25,76.5,14.4,2025-08-05 05:28:36
4133,Kovalam Market,61,Market,200,1000,100,82.2,3.1,2025-01-27 06:12:24
4134,Roadside Prayagraj Hill Station Point,124,Market,20,300,100,72.6,13.0,2025-09-21 18:27:54
4135,Tawang Viewpoint,8,Viewpoint,150,2250,0,69.9,21.9,2026-06-08 01:56:15
4136,Anjuna Viewpoint,27,Viewpoint,30,150,0,81.7,2.2,2026-01-06 19:11:11
4137,Munnar Zoo,57,Zoo,30,240,50,78.9,8.9,2026-05-20 15:57:10
4138,Spicy Mangaluru Monastery,51,Monastery,10,100,0,80.3,7.6,2025-11-24 20:12:06
4139,Kalimpong Hill Station Point,139,Wildlife Sanctuary,100,1500,0,72.8,19.4,2025-01-30 02:06:29
4140,Warangal Church,115,Church,20,300,25,67.3,16.5,2025-06-09 18:54:09
4141,Bengaluru Church,48,Church,30,150,50,79.6,5.7,2025-10-20 20:01:58
4142,Gaya Viewpoint,16,Viewpoint,30,150,50,77.0,10.3,2025-11-08 16:13:55
4143,Mahabaleshwar Beach,75,Beach,0,0,25,56.4,49.5,2025-04-14 07:10:35
4144,Mawlynnong Fort,81,Fort,10,150,100,63.6,24.7,2025-02-12 03:24:10
4145,Thanjavur Beach,113,Beach,0,0,100,73.7,15.1,2026-05-20 23:37:58
4146,Chef's Alleppey Cave,58,Cave,200,3000,50,60.2,32.9,2026-01-24 18:23:57
4147,Jamshedpur Museum,46,Museum,10,150,50,76.9,11.9,2025-03-18 08:52:20
4148,Dimapur Church,85,Church,50,750,50,67.1,28.0,2025-11-21 14:49:51
4149,Kozhikode Bridge,59,Bridge,150,750,100,70.8,18.9,2025-08-23 03:03:10
4150,Vijayawada Market,2,Market,50,400,25,82.9,3.8,2026-05-23 17:19:04
4151,Chennai Market,106,Market,30,240,0,89.1,0,2025-11-15 12:14:37
4152,Classic Guntur Monastery,4,Monastery,30,150,0,72.3,21.4,2025-08-12 09:06:38
4153,Agartala Beach,117,Beach,30,300,100,76.2,11.6,2026-01-31 19:14:00
4154,Darjeeling Hill Station Point,135,Viewpoint,10,100,0,49.2,38.3,2026-06-01 18:05:03
4155,Shimla Hill Station Point,39,Temple,20,300,100,74.0,7.3,2025-02-09 17:43:17
4156,Mussoorie Heritage Walk,131,Viewpoint,150,1500,0,53.5,28.1,2026-06-19 22:48:31
4157,Margao Cave,24,Cave,20,100,100,52.9,29.1,2025-11-09 07:19:37
4158,Champhai Museum,83,Museum,200,3000,25,91.9,0,2025-10-27 23:52:45
4159,Bengaluru Lake,48,Lake,100,1000,0,73.2,20.1,2025-03-01 03:37:00
4160,Family Recipe Anjuna Zoo,27,Zoo,20,160,25,79.3,9.6,2026-02-04 11:36:09
4161,Kurukshetra Bridge,37,Bridge,50,750,100,85.2,0,2025-05-09 06:46:17
4162,Mahabalipuram Hill Station Point,112,Lake,10,80,50,79.1,4.8,2026-05-29 04:12:13
4163,Spicy Digha Dam,136,Dam,10,100,0,66.0,33.4,2025-07-04 21:06:06
4164,Pachmarhi Lake,67,Lake,10,150,0,90.5,0,2025-01-15 14:09:01
4165,Kaziranga National Park,13,Heritage Walk,10,150,50,48.9,35.6,2026-04-22 18:12:19
4166,Special Kanpur Museum,125,Museum,150,1200,25,72.0,8.6,2026-01-28 12:05:59
4167,Local Favourite Ranchi Wildlife Sanctuary,45,Market,100,1500,0,59.3,39.9,2025-10-03 19:04:03
4168,Pachmarhi Wildlife Sanctuary,67,Temple,50,250,25,87.6,0,2026-05-04 14:51:15
4169,Shimla Palace,39,Palace,30,450,0,81.9,4.4,2025-01-13 22:15:42
4170,Festival Alleppey Heritage Walk,58,Museum,100,800,25,71.3,19.9,2025-02-28 04:41:03
4171,Gir Bridge,34,Bridge,20,300,0,57.4,39.4,2026-03-30 22:41:05
4172,Udupi Monastery,53,Monastery,200,1000,100,76.3,5.6,2025-09-15 19:37:23
4173,Mysuru Dam,49,Dam,0,0,25,76.6,7.5,2026-03-03 17:21:42
4174,Premium Patna Palace,15,Palace,150,1500,50,68.5,29.0,2025-08-08 12:44:24
4175,Ahmedabad Church,28,Church,0,0,50,79.2,4.9,2025-11-23 03:36:48
4176,Kaziranga Museum,13,Museum,100,500,100,58.0,39.0,2026-06-25 20:25:52
4177,Nashik Museum,72,Museum,0,0,0,72.8,20.6,2026-03-19 10:35:44
4178,Udupi Heritage Walk,53,Temple,150,1200,0,59.6,35.4,2026-02-22 08:41:27
4179,Bengaluru Bridge,48,Bridge,30,450,100,68.4,25.7,2026-01-09 01:21:38
4180,Pushkar Zoo,99,Zoo,50,500,0,83.8,1.3,2025-10-03 13:05:02
4181,Aizawl Garden,82,Garden,30,240,25,70.8,23.9,2025-05-31 13:19:54
4182,Traditional Ahmedabad Lake,28,Lake,200,1600,100,70.0,25.1,2025-05-02 02:01:51
4183,Kozhikode Market,59,Market,0,0,100,46.2,32.3,2025-07-29 05:41:53
4184,Dehradun Beach,127,Beach,0,0,0,83.1,1.7,2025-06-21 13:56:29
4185,Traditional Ayodhya Lake,123,Lake,150,1200,0,64.5,22.8,2025-07-31 13:44:27
4186,Special Dalhousie Cave,44,Cave,10,100,50,66.8,29.3,2026-03-06 21:23:53
4187,Lucknow Dam,119,Dam,150,1500,50,74.5,8.8,2026-05-05 06:55:22
4188,Bilaspur Dam,21,Dam,0,0,25,70.3,20.2,2026-02-07 08:43:46
4189,Village-style Ajmer Temple,102,Temple,50,750,50,72.0,14.0,2026-06-22 07:06:51
4190,Konark Zoo,88,Zoo,200,2000,25,82.1,4.3,2025-11-07 16:18:21
4191,Chef's Munnar Waterfall,57,Waterfall,150,1500,0,94.0,0,2026-05-06 20:02:35
4192,Jim Corbett Dam,133,Dam,100,500,0,75.5,13.1,2025-04-24 03:30:22
4193,Lachung Viewpoint,105,Viewpoint,30,300,100,93.5,0,2025-08-27 10:19:49
4194,Nizamabad Hill Station Point,116,Hill Station Point,100,1000,0,83.5,1.1,2025-05-29 04:46:49
4195,Dwarka Fort,32,Fort,30,240,0,62.9,30.7,2025-07-28 14:34:11
4196,Spicy Jamshedpur Temple,46,Temple,50,400,25,56.7,22.2,2025-04-07 01:18:29
4197,Lonavala Market,74,Market,100,500,25,62.0,17.7,2025-03-06 06:22:04
4198,Ziro Fort,9,Fort,150,2250,25,74.4,8.5,2025-12-21 17:29:20
4199,Lucknow Cave,119,Cave,50,750,25,59.3,23.6,2026-02-23 09:46:40
4200,Kovalam Garden,61,Garden,100,800,0,85.3,0,2025-01-22 18:23:43
4201,Pune Church,70,Church,0,0,100,81.1,4.9,2025-03-16 10:29:05
4202,Warangal Dam,115,Dam,100,1000,100,86.1,0,2025-11-04 13:19:27
4203,Jaipur Bridge,95,Bridge,0,0,0,65.9,23.8,2026-03-29 22:13:58
4204,Extra Cheesy Madurai Fort,107,Fort,10,50,50,86.2,0,2025-06-17 02:43:23
4205,Jorhat Hill Station Point,12,Bridge,100,1500,100,85.2,0,2025-04-12 07:41:28
4206,Mumbai Garden,69,Garden,20,200,100,69.6,17.9,2026-03-01 01:14:39
4207,Pachmarhi Market,67,Market,100,1500,0,51.6,31.0,2025-03-18 08:04:05
4208,Tirupati Zoo,3,Zoo,100,500,0,76.8,6.3,2026-04-08 02:34:28
4209,Ujjain Bridge,66,Bridge,0,0,50,79.3,9.4,2025-03-10 18:07:20
4210,Ayodhya Church,123,Church,10,150,0,88.2,0,2025-06-13 06:13:16
4211,Rajkot Garden,31,Garden,100,800,0,83.8,0.9,2025-12-12 05:07:12
4212,Patna Fort,15,Fort,150,1500,25,85.6,0,2026-02-14 12:13:02
4213,Rishikesh Viewpoint,128,Viewpoint,10,150,100,85.8,0,2025-09-26 02:31:15
4214,Hampi Wildlife Sanctuary,50,Viewpoint,100,500,25,85.3,0,2025-10-21 11:47:24
4215,Street-side Siliguri Zoo,137,Zoo,200,3000,0,69.0,21.3,2025-04-06 22:50:23
4216,Champhai Wildlife Sanctuary,83,Museum,30,150,50,58.2,42.3,2025-11-18 17:36:11
4217,Signature Orchha Dam,68,Dam,0,0,50,70.7,20.2,2025-07-21 22:30:28
4218,Hubballi Cave,54,Cave,150,2250,50,70.0,14.5,2025-02-12 04:14:28
4219,Lachung Palace,105,Palace,200,1600,25,63.9,26.8,2026-02-01 12:18:35
4220,Street-side Jaisalmer Zoo,98,Zoo,0,0,0,70.6,18.1,2025-11-04 12:19:46
4221,Konark Wildlife Sanctuary,88,Bridge,200,1000,100,60.1,32.0,2025-01-27 21:48:45
4222,Roadside Alibaug Dam,76,Dam,50,400,0,86.7,0,2025-01-29 01:49:20
4223,Roadside Cherrapunji Beach,80,Beach,30,150,50,69.0,22.7,2025-05-12 13:58:10
4224,Kozhikode Palace,59,Palace,20,160,100,63.3,36.4,2026-03-01 17:27:24
4225,Madurai Hill Station Point,107,Lake,100,800,0,81.1,5.3,2026-02-23 13:33:04
4226,Panaji Hill Station Point,23,Garden,150,1200,100,75.2,12.2,2026-02-13 19:16:46
4227,Warangal Museum,115,Museum,150,1200,25,68.8,14.7,2025-05-28 13:25:50
4228,Nashik Lake,72,Lake,0,0,0,90.4,0,2025-08-28 16:37:50
4229,Lachung National Park,105,Garden,200,3000,25,82.0,3.4,2025-05-15 12:36:22
4230,Kovalam Heritage Walk,61,Church,100,500,50,74.5,7.2,2025-03-02 12:50:07
4231,Indore Beach,63,Beach,10,80,0,69.6,27.0,2025-04-02 11:47:18
4232,Rajgir Waterfall,19,Waterfall,200,1000,0,88.0,0,2026-06-28 16:54:13
4233,Special Rajahmundry Museum,5,Museum,100,1000,100,58.5,38.8,2025-05-12 19:45:54
4234,Local Favourite Auli Monastery,132,Monastery,20,300,50,73.9,7.6,2025-10-18 02:02:47
4235,Roadside Nizamabad Garden,116,Garden,0,0,100,67.0,27.2,2025-06-29 03:40:47
4236,Royal Ziro Monastery,9,Monastery,100,1000,0,92.6,0,2025-07-10 14:19:31
4237,Dwarka National Park,32,Garden,30,150,0,80.7,3.9,2025-12-08 02:44:39
4238,Kohima Fort,84,Fort,150,750,0,86.9,0,2025-07-27 23:04:51
4239,Extra Cheesy Pelling Zoo,104,Zoo,30,240,0,72.5,14.2,2025-06-16 07:49:22
4240,Madurai Temple,107,Temple,0,0,50,80.1,4.4,2026-06-24 04:31:47
4241,Festival Lonavala Zoo,74,Zoo,30,300,0,91.9,0,2025-01-22 03:02:32
4242,Festival Mahabaleshwar Market,75,Market,20,100,25,69.2,19.6,2025-04-01 10:58:24
4243,Tawang Monastery,8,Monastery,150,1500,25,84.9,0.1,2025-01-29 10:42:29
4244,Kovalam Lake,61,Lake,10,50,50,55.8,30.0,2026-03-21 21:31:13
4245,Grandma's Kaziranga Waterfall,13,Waterfall,200,1600,100,38.5,32.3,2026-05-30 11:30:02
4246,Classic Dimapur Viewpoint,85,Viewpoint,50,250,0,81.5,3.0,2025-07-17 21:05:36
4247,Mumbai Monastery,69,Monastery,10,150,0,82.5,2.9,2025-08-13 15:49:48
4248,Bhubaneswar Museum,86,Museum,150,1200,50,77.9,11.8,2025-07-30 10:56:39
4249,Champhai Zoo,83,Zoo,0,0,0,66.2,15.1,2025-05-18 05:16:11
4250,Mahabaleshwar Zoo,75,Zoo,100,800,0,78.0,11.0,2025-01-09 15:32:52
4251,Festival Gir Church,34,Church,30,300,0,55.9,19.5,2025-06-11 03:40:39
4252,Authentic Coorg Heritage Walk,52,Wildlife Sanctuary,50,500,0,82.6,1.7,2025-02-17 01:00:49
4253,Local Favourite Thiruvananthapuram Cave,56,Cave,0,0,0,82.1,2.7,2026-04-20 05:37:09
4254,Chennai Church,106,Church,0,0,25,79.6,5.4,2025-12-21 16:45:34
4255,Hyderabad Viewpoint,114,Viewpoint,100,1000,50,55.6,23.2,2026-04-30 00:18:25
4256,Guwahati Lake,10,Lake,200,3000,0,56.3,45.9,2026-02-24 10:20:40
4257,Patiala Zoo,94,Zoo,100,1000,50,46.5,23.7,2025-12-14 21:26:21
4258,Pachmarhi Fort,67,Fort,20,160,25,60.4,17.4,2026-02-10 22:12:34
4259,Varanasi Garden,121,Garden,200,2000,0,83.2,3.1,2025-07-07 23:33:19
4260,Chilika Viewpoint,90,Viewpoint,150,2250,0,73.4,17.8,2026-04-06 10:40:52
4261,Family Recipe Cuttack Waterfall,89,Waterfall,50,750,100,77.7,12.8,2025-08-08 09:46:12
4262,Digha Fort,136,Fort,50,500,100,87.4,0,2025-12-16 12:14:24
4263,Chef's Chilika Waterfall,90,Waterfall,10,50,25,56.6,45.0,2025-09-11 01:50:51
4264,Digha Garden,136,Garden,30,240,0,63.7,21.2,2025-02-20 00:41:12
4265,Deluxe Bikaner Fort,101,Fort,30,300,50,86.8,0,2025-11-28 12:09:27
4266,Madurai Cave,107,Cave,0,0,50,56.3,18.2,2025-01-23 03:10:14
4267,Nizamabad Church,116,Church,100,500,100,77.3,10.7,2025-08-21 06:13:04
4268,Dwarka Zoo,32,Zoo,150,1200,25,45.0,42.1,2025-03-11 18:10:59
4269,Orchha Market,68,Market,150,2250,0,69.6,27.0,2026-02-16 22:32:33
4270,Orchha Beach,68,Beach,100,500,0,66.7,29.9,2025-05-09 00:10:15
4271,Nainital Beach,130,Beach,50,500,0,75.0,12.9,2026-03-30 17:27:44
4272,Quick-bite Kurukshetra National Park,37,Viewpoint,20,200,0,37.8,66.2,2025-08-21 02:03:15
4273,Gaya Heritage Walk,16,Market,150,1200,0,90.2,0,2026-05-17 21:44:00
4274,Extra Cheesy Jaipur Fort,95,Fort,150,1500,25,68.6,15.7,2025-04-04 07:20:24
4275,Rajgir Heritage Walk,19,Garden,150,1200,25,78.3,5.5,2026-06-16 16:21:13
4276,Dimapur Hill Station Point,85,Church,10,50,100,88.0,0,2026-02-10 13:45:51
4277,Extra Cheesy Guntur Heritage Walk,4,Palace,30,300,0,63.5,13.3,2025-06-21 17:07:09
4278,Warangal Palace,115,Palace,0,0,25,37.4,65.1,2025-08-13 15:44:54
4279,Haridwar Hill Station Point,129,Market,200,1600,50,85.7,0,2025-05-08 22:32:09
4280,Quick-bite Kolkata Market,134,Market,30,150,0,76.3,5.5,2025-11-18 23:55:55
4281,Hyderabad Beach,114,Beach,30,450,100,44.6,49.2,2025-01-25 15:30:54
4282,Grandma's Nainital Church,130,Church,30,150,25,67.4,27.2,2025-10-24 08:56:13
4283,Konark Church,88,Church,20,200,0,88.3,0,2026-04-19 02:42:55
4284,Kovalam Museum,61,Museum,100,1500,50,65.1,26.6,2026-05-10 05:21:46
4285,Varanasi National Park,121,Church,30,150,0,95.7,0,2026-05-25 01:48:32
4286,Festival Varanasi Temple,121,Temple,10,100,50,57.8,42.5,2025-10-29 23:08:17
4287,Gangtok Church,103,Church,20,300,25,78.4,7.9,2025-03-25 22:33:09
4288,Kozhikode Palace,59,Palace,150,750,0,54.1,26.1,2026-06-02 06:02:46
4289,Ajmer Beach,102,Beach,10,150,100,72.0,18.0,2025-10-03 05:41:55
4290,Lonavala Garden,74,Garden,20,160,50,65.9,17.1,2026-04-07 17:38:26
4291,Royal Shantiniketan Wildlife Sanctuary,138,Wildlife Sanctuary,50,750,0,62.6,29.7,2026-04-08 09:02:47
4292,Aizawl Viewpoint,82,Viewpoint,100,800,0,73.4,7.7,2025-11-28 11:55:07
4293,Street-side Bengaluru Garden,48,Garden,200,1000,25,76.9,9.4,2026-06-15 22:10:18
4294,Authentic Bengaluru Hill Station Point,48,Viewpoint,200,1000,25,73.8,9.7,2025-06-28 00:15:53
4295,Udaipur (Tripura) Beach,118,Beach,150,750,50,57.5,48.2,2026-06-10 15:15:08
4296,Ooty Church,109,Church,20,300,50,88.6,0,2026-02-16 18:49:53
4297,Signature Aurangabad Garden,73,Garden,0,0,100,68.0,19.1,2025-04-19 10:12:19
4298,Hampi Palace,50,Palace,50,250,100,82.2,4.9,2025-01-19 13:30:58
4299,Roadside Jodhpur Fort,97,Fort,100,800,0,82.4,3.0,2025-03-18 07:24:34
4300,Visakhapatnam Museum,1,Museum,10,50,25,58.2,38.5,2025-05-28 18:16:40
4301,Kovalam Church,61,Church,100,1500,100,86.3,0,2026-06-01 09:37:06
4302,Agra Zoo,120,Zoo,10,100,25,81.0,6.6,2026-01-12 00:49:33
4303,Nashik Dam,72,Dam,20,200,100,85.3,0,2025-11-29 20:19:38
4304,Agra Waterfall,120,Waterfall,50,250,100,55.2,32.8,2026-05-07 13:52:35
4305,Anjuna Heritage Walk,27,National Park,200,3000,50,58.8,37.8,2025-09-02 05:48:43
4306,Special Surat Waterfall,29,Waterfall,30,240,0,81.6,3.7,2025-06-09 22:55:51
4307,Special Mumbai Viewpoint,69,Viewpoint,100,800,25,70.6,24.5,2025-01-13 21:13:47
4308,Gangtok Beach,103,Beach,30,240,50,79.9,3.6,2025-03-26 00:42:34
4309,Rishikesh National Park,128,Fort,0,0,50,87.0,0,2025-05-13 14:56:36
4310,Anjuna Heritage Walk,27,Church,20,100,0,48.9,35.7,2025-08-11 02:55:07
4311,Deluxe Madurai Waterfall,107,Waterfall,50,750,100,68.8,18.2,2025-12-22 12:02:49
4312,Homestyle Mahabaleshwar Bridge,75,Bridge,0,0,0,64.2,31.7,2026-03-12 07:36:37
4313,Manali Cave,40,Cave,100,800,0,91.9,0,2025-03-02 10:16:20
4314,Gwalior Church,65,Church,20,200,0,63.4,37.1,2025-11-28 22:07:54
4315,Ziro Zoo,9,Zoo,100,500,0,79.5,4.3,2025-01-31 11:11:21
4316,Konark Bridge,88,Bridge,200,3000,25,77.3,11.4,2025-05-31 19:10:55
4317,Royal Gir Wildlife Sanctuary,34,Beach,30,150,50,48.3,23.2,2025-09-24 04:24:43
4318,Pelling Church,104,Church,30,450,0,83.0,3.4,2025-09-23 20:05:01
4319,Nalanda Zoo,18,Zoo,30,150,100,90.3,0,2025-09-02 16:16:05
4320,Village-style Jamshedpur Beach,46,Beach,150,1500,0,82.9,1.6,2026-02-11 22:27:51
4321,Nalanda Bridge,18,Bridge,200,2000,50,61.1,33.2,2025-08-30 06:36:35
4322,Bhubaneswar Cave,86,Cave,200,3000,0,58.8,42.6,2025-12-13 11:28:36
4323,Margao Market,24,Market,100,1000,0,55.0,38.5,2026-06-03 12:57:32
4324,Royal Raipur Fort,20,Fort,200,3000,100,61.1,18.1,2025-06-17 00:02:56
4325,Quick-bite Dibrugarh Lake,11,Lake,30,150,100,62.7,17.0,2025-05-13 07:53:29
4326,Classic Kanpur Temple,125,Temple,20,300,0,76.1,11.3,2025-10-25 08:32:13
4327,Anjuna Garden,27,Garden,100,500,0,54.6,34.2,2025-04-19 21:34:39
4328,Puri Palace,87,Palace,200,1600,25,79.5,6.8,2026-03-31 19:33:13
4329,Pelling Church,104,Church,150,1500,0,88.9,0,2025-05-23 12:26:23
4330,Nalanda Lake,18,Lake,30,240,0,71.6,21.1,2026-01-04 09:42:32
4331,Bodh Gaya Waterfall,17,Waterfall,20,160,25,62.6,26.5,2025-10-24 02:49:06
4332,Mawlynnong Market,81,Market,0,0,50,71.2,13.6,2025-05-12 05:48:59
4333,Nizamabad Beach,116,Beach,100,1000,50,63.8,32.9,2025-12-15 19:29:57
4334,Ziro Dam,9,Dam,150,750,50,65.3,33.4,2026-03-11 15:14:24
4335,Pachmarhi Fort,67,Fort,20,300,25,57.1,47.0,2025-07-05 22:04:21
4336,Coimbatore Heritage Walk,108,Viewpoint,0,0,0,64.1,21.9,2025-09-24 21:04:50
4337,Ahmedabad Cave,28,Cave,150,2250,100,61.7,29.4,2026-05-14 14:00:16
4338,Thanjavur Monastery,113,Monastery,0,0,25,51.3,32.6,2026-02-27 13:27:23
4339,Cherrapunji Palace,80,Palace,100,1000,0,48.6,52.0,2025-05-09 21:17:10
4340,Visakhapatnam Lake,1,Lake,200,3000,50,76.6,14.3,2026-01-09 12:29:24
4341,Street-side Lucknow Museum,119,Museum,200,1600,100,75.1,7.3,2025-09-02 13:39:59
4342,Roadside Agra Heritage Walk,120,Wildlife Sanctuary,100,1500,100,52.8,39.4,2025-03-21 07:44:56
4343,Jodhpur Temple,97,Temple,100,1500,100,42.9,41.8,2025-05-06 19:16:19
4344,Vijayawada Waterfall,2,Waterfall,150,1500,100,69.8,21.2,2025-06-22 20:57:56
4345,Auli National Park,132,Hill Station Point,200,2000,50,66.5,27.0,2026-06-09 22:36:49
4346,Spicy Dharamshala National Park,41,Hill Station Point,100,800,100,73.0,17.4,2026-02-24 17:30:57
4347,Agra Bridge,120,Bridge,0,0,100,74.5,9.8,2026-01-23 01:27:09
4348,Haridwar Monastery,129,Monastery,30,150,0,78.3,4.3,2026-05-31 01:59:03
4349,Silchar Fort,14,Fort,20,200,100,78.1,9.6,2025-11-19 21:45:49
4350,Siliguri Market,137,Market,200,1600,50,54.6,24.5,2025-03-31 23:41:05
4351,Kanyakumari Cave,110,Cave,10,50,0,70.9,8.9,2026-05-22 02:56:22
4352,Guwahati Wildlife Sanctuary,10,Temple,50,750,25,37.3,83.6,2025-10-11 03:46:37
4353,Deoghar Temple,47,Temple,200,1600,100,44.3,60.1,2026-01-15 00:49:17
4354,Quick-bite Anjuna Monastery,27,Monastery,10,150,100,86.4,0,2025-03-18 13:32:27
4355,Chennai Zoo,106,Zoo,50,250,50,88.6,0,2025-12-17 14:19:15
4356,Konark Wildlife Sanctuary,88,Beach,50,400,25,77.1,11.4,2026-02-17 04:09:08
4357,Thiruvananthapuram Dam,56,Dam,200,1600,50,60.2,33.8,2025-09-30 01:06:34
4358,Festival Alleppey Church,58,Church,20,200,50,83.6,1.7,2025-11-01 04:09:56
4359,Rajkot Palace,31,Palace,200,1600,100,86.7,0,2025-03-01 13:33:59
4360,Roadside Surat Monastery,29,Monastery,100,500,100,75.4,16.8,2025-07-07 22:16:16
4361,Amritsar Hill Station Point,91,Fort,150,1200,50,86.7,0,2025-04-08 07:22:18
4362,Dharamshala Viewpoint,41,Viewpoint,100,1500,0,76.7,9.1,2025-08-27 08:28:18
4363,Festival Orchha Fort,68,Fort,200,3000,0,65.8,16.4,2025-01-04 14:03:19
4364,Nainital Temple,130,Temple,50,250,0,80.7,7.6,2025-06-24 17:40:47
4365,Kochi Bridge,55,Bridge,30,150,50,83.3,2.5,2026-05-01 01:45:01
4366,Nainital Museum,130,Museum,50,750,50,60.0,37.8,2025-05-18 18:22:26
4367,Special Kanpur Museum,125,Museum,10,100,50,82.3,1.6,2025-08-16 10:56:48
4368,Rajkot Dam,31,Dam,150,1200,0,75.9,13.5,2025-12-15 09:22:47
4369,Agartala Cave,117,Cave,10,80,0,75.4,9.6,2025-01-20 05:43:05
4370,Deluxe Champhai Waterfall,83,Waterfall,100,800,100,83.7,1.5,2025-03-30 16:07:30
4371,Panaji Cave,23,Cave,30,240,0,54.4,28.7,2025-09-11 17:23:56
4372,Orchha Lake,68,Lake,150,750,0,81.7,3.2,2025-07-13 00:19:14
4373,Jamshedpur Waterfall,46,Waterfall,10,100,25,69.2,18.3,2025-10-14 03:20:19
4374,Guwahati Monastery,10,Monastery,10,50,0,53.8,23.6,2026-04-05 20:32:33
4375,Family Recipe Surat Zoo,29,Zoo,200,2000,0,78.7,8.6,2025-04-17 17:19:21
4376,Local Favourite Nashik Garden,72,Garden,100,1000,100,77.0,6.3,2026-06-15 22:40:01
4377,Deluxe Ujjain Church,66,Church,30,450,0,71.5,10.6,2025-09-14 19:51:28
4378,Dwarka Hill Station Point,32,Zoo,10,50,0,78.9,5.9,2025-04-12 17:12:09
4379,Ziro National Park,9,Viewpoint,50,750,50,76.7,11.4,2025-11-15 02:39:38
4380,Rajgir Market,19,Market,0,0,0,57.1,20.5,2026-05-22 07:29:57
4381,Bhubaneswar Fort,86,Fort,20,100,100,39.0,69.8,2026-03-17 22:26:26
4382,Panipat Temple,38,Temple,30,300,25,51.4,58.0,2026-04-02 15:08:51
4383,Jamshedpur Church,46,Church,0,0,0,76.4,9.6,2025-08-05 04:36:21
4384,Silchar Wildlife Sanctuary,14,Market,30,300,0,89.8,0,2025-12-27 13:57:37
4385,Authentic Deoghar Hill Station Point,47,Wildlife Sanctuary,100,800,50,76.2,14.5,2025-05-28 13:59:19
4386,Nizamabad Church,116,Church,0,0,0,62.7,33.4,2025-02-05 02:57:21
4387,Faridabad Garden,36,Garden,10,80,100,70.8,8.8,2026-01-20 19:28:17
4388,Dalhousie Dam,44,Dam,150,1200,25,71.5,21.0,2026-02-22 22:52:43
4389,Traditional Indore Lake,63,Lake,150,750,50,76.2,7.6,2026-05-12 23:54:56
4390,Authentic Ranchi Fort,45,Fort,150,2250,50,92.3,0,2025-12-24 04:40:00
4391,Dibrugarh Garden,11,Garden,0,0,100,41.2,65.3,2026-05-18 18:03:19
4392,Tawang Wildlife Sanctuary,8,Temple,10,50,25,69.6,17.4,2025-11-20 12:21:31
4393,Traditional Wayanad Dam,60,Dam,150,750,50,44.8,28.8,2025-09-27 04:33:44
4394,Jaisalmer Fort,98,Fort,200,1600,100,42.6,55.1,2025-09-24 00:58:16
4395,Anjuna Heritage Walk,27,Lake,10,150,25,89.8,0,2025-08-23 13:39:55
4396,Ooty Waterfall,109,Waterfall,20,300,50,57.7,32.9,2025-08-29 22:33:27
4397,Signature Agra Market,120,Market,100,800,0,83.6,2.2,2026-04-21 18:35:25
4398,Shimla Cave,39,Cave,100,500,100,81.9,4.5,2025-06-13 11:44:53
4399,Bilaspur Heritage Walk,21,Fort,10,150,25,53.0,56.6,2025-04-28 16:30:47
4400,Jim Corbett Beach,133,Beach,0,0,50,72.4,21.5,2026-04-20 17:17:54
4401,Alibaug Bridge,76,Bridge,30,450,50,60.2,39.1,2025-04-15 12:59:45
4402,Kaziranga Temple,13,Temple,50,250,25,74.2,11.8,2026-06-26 03:17:52
4403,Raipur Fort,20,Fort,150,1200,100,62.9,29.4,2026-03-07 09:47:08
4404,Local Favourite Thanjavur Wildlife Sanctuary,113,Hill Station Point,50,400,50,87.0,0,2025-12-24 12:08:36
4405,Lonavala Temple,74,Temple,150,750,50,64.8,25.1,2025-07-09 17:53:33
4406,Rishikesh Viewpoint,128,Viewpoint,10,100,100,71.1,24.8,2025-08-01 02:58:20
4407,Homestyle Jodhpur Lake,97,Lake,30,150,25,64.1,26.6,2025-12-28 07:22:36
4408,Homestyle Rajahmundry Temple,5,Temple,200,2000,0,81.8,3.0,2026-03-22 08:08:05
4409,Mumbai Bridge,69,Bridge,10,50,0,92.6,0,2026-06-25 13:36:24
4410,Moirang Monastery,78,Monastery,150,1200,0,54.8,31.6,2026-04-23 19:10:24
4411,Quick-bite Orchha Wildlife Sanctuary,68,Cave,20,200,50,70.3,25.5,2026-02-09 18:03:40
4412,Varanasi Bridge,121,Bridge,20,300,0,69.8,22.8,2025-11-04 10:57:08
4413,Udaipur (Tripura) Dam,118,Dam,20,100,50,63.9,15.6,2025-05-21 18:55:09
4414,Hubballi Lake,54,Lake,200,3000,0,68.4,25.4,2025-06-10 22:10:14
4415,Extra Cheesy Rameswaram Bridge,111,Bridge,150,1500,50,77.2,11.5,2025-10-25 02:37:44
4416,Raipur Beach,20,Beach,150,2250,0,89.6,0,2025-04-28 02:24:00
4417,Ayodhya Garden,123,Garden,20,100,50,64.8,23.6,2025-11-25 07:34:19
4418,Quick-bite Ayodhya Market,123,Market,10,50,100,58.9,27.3,2026-03-29 11:40:15
4419,Ludhiana Lake,93,Lake,200,1600,25,72.1,21.2,2026-04-21 00:13:42
4420,Panaji Waterfall,23,Waterfall,50,400,50,92.3,0,2026-02-02 13:25:35
4421,Authentic Margao Lake,24,Lake,10,100,0,60.1,44.7,2025-05-31 01:53:09
4422,Ayodhya Monastery,123,Monastery,0,0,0,75.0,10.8,2026-05-21 03:53:16
4423,Bikaner Monastery,101,Monastery,150,2250,25,71.7,16.3,2026-03-24 02:32:41
4424,Kohima Heritage Walk,84,Palace,200,1600,0,88.1,0,2026-05-13 14:29:18
4425,Coimbatore Museum,108,Museum,0,0,0,79.7,3.9,2025-09-05 00:41:11
4426,Roadside Udaipur Beach,96,Beach,10,50,100,57.4,25.6,2026-02-10 05:32:45
4427,Shimla Bridge,39,Bridge,10,150,100,73.5,13.9,2026-06-07 08:57:08
4428,Madurai Beach,107,Beach,150,750,50,76.6,13.7,2025-10-11 07:49:53
4429,Surat Temple,29,Temple,0,0,50,62.5,18.0,2026-03-21 20:50:33
4430,Premium Mawlynnong Cave,81,Cave,50,500,100,79.5,3.6,2026-06-23 08:25:53
4431,Hampi Viewpoint,50,Viewpoint,150,750,100,48.5,27.3,2025-11-09 07:53:47
4432,Coorg Hill Station Point,52,Viewpoint,100,1000,50,73.8,13.7,2025-11-16 20:40:42
4433,Bhubaneswar Palace,86,Palace,200,1600,50,85.0,0,2025-04-14 19:12:35
4434,Auli Garden,132,Garden,100,1500,100,80.3,7.6,2025-05-12 08:10:02
4435,Authentic Jorhat Monastery,12,Monastery,150,2250,0,95.4,0,2025-01-19 02:33:01
4436,Hubballi Dam,54,Dam,50,750,25,76.1,8.4,2026-04-13 03:13:18
4437,Village-style Imphal Viewpoint,77,Viewpoint,150,750,0,76.0,8.6,2025-10-31 12:16:33
4438,Bodh Gaya Dam,17,Dam,30,150,0,92.1,0,2025-09-10 01:40:35
4439,Ahmedabad Monastery,28,Monastery,150,1200,100,76.2,14.7,2025-08-14 09:07:18
4440,Homestyle Gurugram Museum,35,Museum,150,1200,0,46.4,67.0,2025-11-20 13:45:40
4441,Street-side Ziro Zoo,9,Zoo,150,1500,0,84.8,0.2,2025-04-03 14:52:01
4442,Patna Lake,15,Lake,30,300,0,66.8,29.0,2025-06-18 15:46:26
4443,Khajuraho Temple,64,Temple,200,1600,0,43.4,38.4,2025-05-02 06:46:31
4444,Special Nalanda Beach,18,Beach,20,300,0,67.2,22.9,2025-11-01 00:20:09
4445,Deoghar Garden,47,Garden,20,300,25,84.7,0.5,2025-08-24 21:47:17
4446,Shantiniketan Lake,138,Lake,20,200,50,55.2,21.3,2025-09-20 12:06:57
4447,Dehradun Church,127,Church,100,800,0,60.8,32.1,2025-11-27 21:59:15
4448,Patiala Heritage Walk,94,Monastery,10,100,25,92.7,0,2025-05-21 15:56:40
4449,Khajuraho Cave,64,Cave,10,150,50,64.0,34.8,2026-03-03 23:44:16
4450,Ludhiana Bridge,93,Bridge,50,500,50,78.3,9.7,2026-03-01 02:47:29
4451,Chef's Faridabad National Park,36,Zoo,30,150,0,72.7,10.1,2026-01-26 09:30:04
4452,Shillong Palace,79,Palace,50,750,100,58.5,17.6,2025-06-13 22:01:11
4453,Alleppey Temple,58,Temple,30,240,25,73.8,9.9,2025-03-17 00:29:49
4454,Alibaug Palace,76,Palace,50,500,0,80.6,2.8,2026-02-13 00:37:31
4455,Thiruvananthapuram Temple,56,Temple,0,0,0,57.5,48.5,2025-03-13 04:23:37
4456,Kurukshetra Wildlife Sanctuary,37,Beach,200,1600,0,77.8,7.3,2026-06-21 11:46:19
4457,Orchha Wildlife Sanctuary,68,Garden,20,160,0,47.0,64.5,2026-01-15 18:54:18
4458,Vasco da Gama Bridge,25,Bridge,30,150,0,60.9,29.8,2025-11-15 20:43:16
4459,Festival Ranchi Museum,45,Museum,10,100,100,82.2,4.0,2025-12-07 11:58:18
4460,Mahabaleshwar Zoo,75,Zoo,20,300,25,86.5,0,2025-08-02 02:46:56
4461,Kanpur Temple,125,Temple,30,240,25,55.5,30.1,2025-07-08 04:03:32
4462,Homestyle Rishikesh Church,128,Church,50,250,0,87.8,0,2026-02-24 02:42:43
4463,Street-side Nagpur Church,71,Church,10,50,25,82.8,3.3,2025-10-12 14:04:27
4464,Traditional Mangaluru Wildlife Sanctuary,51,Cave,20,160,50,77.6,7.1,2026-01-08 12:46:41
4465,Rishikesh Zoo,128,Zoo,0,0,100,92.5,0,2025-05-14 19:19:31
4466,Puri Wildlife Sanctuary,87,Bridge,200,1600,0,78.6,8.1,2025-04-09 05:58:14
4467,Signature Spiti Dam,43,Dam,100,1000,0,67.0,20.1,2025-05-28 20:57:13
4468,Roadside Udupi Garden,53,Garden,30,300,0,93.7,0,2025-05-22 17:38:17
4469,Patiala Bridge,94,Bridge,0,0,100,78.8,8.7,2026-01-11 21:23:27
4470,Nalanda Market,18,Market,0,0,50,95.3,0,2025-01-02 23:07:09
4471,Bhubaneswar Wildlife Sanctuary,86,Beach,150,750,100,72.2,19.2,2025-07-14 00:46:21
4472,Royal Ranchi Cave,45,Cave,0,0,25,82.3,2.0,2025-09-07 21:33:43
4473,Tawang Market,8,Market,50,750,0,76.4,12.4,2025-02-20 01:28:45
4474,Wayanad Zoo,60,Zoo,30,450,100,55.7,41.4,2025-06-19 18:42:02
4475,Traditional Bhubaneswar Waterfall,86,Waterfall,150,2250,0,63.8,34.7,2025-07-04 17:34:30
4476,Chennai Hill Station Point,106,Waterfall,150,1200,0,83.7,0.9,2025-03-29 03:36:23
4477,Spiti Palace,43,Palace,20,200,25,86.5,0,2025-05-02 09:14:39
4478,Local Favourite Patna Church,15,Church,200,2000,25,79.2,10.1,2025-07-03 11:00:44
4479,Shillong Viewpoint,79,Viewpoint,100,500,50,72.7,22.1,2025-11-04 13:51:29
4480,Agartala Beach,117,Beach,200,3000,100,56.2,42.8,2025-03-12 05:55:46
4481,Chandigarh Dam,92,Dam,200,2000,100,69.1,22.4,2026-06-14 22:56:57
4482,Agra Temple,120,Temple,50,250,100,60.8,23.2,2026-01-01 03:27:59
4483,Guwahati Market,10,Market,0,0,100,53.0,28.7,2026-03-07 16:44:17
4484,Roadside Udupi Garden,53,Garden,20,160,0,73.5,16.6,2026-02-01 08:54:51
4485,Calangute National Park,26,Zoo,20,300,0,78.6,4.2,2025-04-25 12:40:44
4486,Indore Beach,63,Beach,100,1000,0,69.7,25.7,2025-03-21 02:24:36
4487,Premium Bengaluru Museum,48,Museum,100,1500,100,73.7,12.0,2025-02-05 13:08:43
4488,Puri Waterfall,87,Waterfall,0,0,0,57.2,25.1,2026-05-07 13:08:42
4489,Siliguri Lake,137,Lake,0,0,50,53.3,57.1,2026-04-24 07:35:13
4490,Udupi Beach,53,Beach,0,0,0,90.9,0,2026-03-15 01:20:27
4491,Konark Cave,88,Cave,0,0,0,83.9,1.9,2025-03-03 19:33:01
4492,Patiala Beach,94,Beach,200,1000,0,78.7,8.6,2026-05-29 07:50:33
4493,Dimapur Monastery,85,Monastery,200,2000,0,67.4,27.9,2026-03-28 12:35:33
4494,Festival Haridwar Museum,129,Museum,100,1000,0,87.6,0,2025-01-17 03:17:22
4495,Pune Lake,70,Lake,50,500,100,82.3,3.4,2025-03-13 12:12:34
4496,Traditional Ziro Cave,9,Cave,10,50,50,74.0,19.6,2026-01-29 17:31:03
4497,Bilaspur Cave,21,Cave,150,1500,0,90.3,0,2026-04-28 20:26:51
4498,Gwalior Fort,65,Fort,200,1000,100,79.8,6.9,2026-05-17 11:18:16
4499,Ahmedabad Museum,28,Museum,10,80,50,83.4,2.6,2026-03-21 10:53:21
4500,Imphal Cave,77,Cave,200,3000,0,82.4,1.6,2025-01-01 23:19:15
4501,Munnar Church,57,Church,150,1200,50,65.6,33.1,2025-06-15 16:05:28
4502,Signature Vijayawada Garden,2,Garden,100,1500,50,77.5,5.9,2025-08-31 13:48:59
4503,Nizamabad Bridge,116,Bridge,50,400,0,79.1,6.9,2025-01-09 11:07:58
4504,Traditional Jamshedpur Market,46,Market,10,50,25,73.2,11.0,2026-03-07 01:44:12
4505,Classic Gaya Museum,16,Museum,150,2250,50,82.9,1.6,2026-04-15 16:43:39
4506,Hampi Lake,50,Lake,50,400,100,70.3,14.7,2026-03-10 11:23:45
4507,Hampi Beach,50,Beach,20,200,25,83.1,1.3,2025-06-21 21:24:53
4508,Jorhat National Park,12,Monastery,200,2000,0,52.7,37.1,2025-05-10 00:27:16
4509,Ujjain Beach,66,Beach,10,50,0,52.8,49.8,2025-07-31 23:07:44
4510,Authentic Vijayawada Zoo,2,Zoo,200,1600,25,81.4,4.7,2025-03-21 06:43:33
4511,Traditional Lachung Waterfall,105,Waterfall,30,150,0,72.4,12.7,2025-07-03 19:32:23
4512,Premium Udupi Cave,53,Cave,30,300,50,60.9,26.7,2025-11-24 23:11:09
4513,Homestyle Kurukshetra Temple,37,Temple,30,450,50,44.0,37.6,2025-07-01 09:20:59
4514,Anjuna Church,27,Church,30,300,0,91.5,0,2025-09-21 06:14:57
4515,Roadside Imphal Palace,77,Palace,10,50,100,60.7,25.3,2026-06-09 17:56:31
4516,Chilika Wildlife Sanctuary,90,Zoo,50,400,0,88.0,0,2026-01-04 14:05:23
4517,Gurugram Lake,35,Lake,10,80,100,73.2,16.2,2025-01-02 13:34:05
4518,Gir Lake,34,Lake,0,0,25,81.3,4.4,2025-02-05 02:30:08
4519,Dharamshala Market,41,Market,50,250,0,59.2,46.3,2025-06-11 02:16:31
4520,Traditional Tawang Heritage Walk,8,Hill Station Point,100,1500,25,63.4,15.5,2026-02-16 01:49:51
4521,Vadodara Fort,30,Fort,10,100,25,37.9,74.1,2025-11-14 03:44:12
4522,Darjeeling Fort,135,Fort,10,100,25,70.0,15.4,2026-03-09 06:56:35
4523,Roadside Jaipur Fort,95,Fort,0,0,0,65.8,13.5,2026-02-14 10:20:11
4524,Spiti Zoo,43,Zoo,100,800,0,75.0,16.3,2025-02-01 19:35:38
4525,Varanasi Monastery,121,Monastery,30,150,50,83.0,3.1,2025-12-30 10:38:27
4526,Panaji Garden,23,Garden,100,800,25,64.6,28.1,2026-01-09 18:55:58
4527,Wayanad Wildlife Sanctuary,60,Hill Station Point,100,1500,25,81.5,3.9,2025-06-07 19:34:41
4528,Royal Rajkot Fort,31,Fort,10,100,0,41.9,39.0,2025-11-16 00:09:37
4529,Vasco da Gama Lake,25,Lake,20,100,25,79.0,5.8,2025-12-02 14:32:29
4530,Shimla Museum,39,Museum,10,50,25,58.0,36.6,2025-04-23 14:53:35
4531,Bodh Gaya Garden,17,Garden,200,3000,25,63.8,22.6,2025-05-05 10:28:05
4532,Kanpur Market,125,Market,200,1600,25,49.1,64.1,2026-02-20 20:16:02
4533,Homestyle Coorg Viewpoint,52,Viewpoint,0,0,50,78.6,10.3,2026-01-03 18:44:55
4534,Street-side Alleppey Market,58,Market,20,100,100,66.0,16.2,2026-03-04 00:03:09
4535,Shantiniketan Heritage Walk,138,Temple,0,0,0,83.1,3.0,2026-05-25 01:52:18
4536,Extra Cheesy Dharamshala Palace,41,Palace,30,450,0,81.7,4.0,2026-03-12 15:05:26
4537,Panaji Church,23,Church,20,100,50,78.0,10.3,2025-01-25 21:55:21
4538,Authentic Ahmedabad Fort,28,Fort,100,800,100,93.4,0,2025-12-20 18:58:38
4539,Shimla Church,39,Church,150,1200,50,78.0,11.7,2025-04-25 11:39:53
4540,Ranchi Viewpoint,45,Viewpoint,150,750,0,80.6,7.1,2026-03-01 12:35:46
4541,Margao National Park,24,Temple,200,1600,100,62.2,21.5,2025-06-10 22:55:57
4542,Mathura Lake,122,Lake,20,100,50,82.3,4.8,2025-09-15 21:36:13
4543,Premium Alibaug Viewpoint,76,Viewpoint,10,150,0,70.5,12.6,2025-11-10 13:58:40
4544,Khajuraho Waterfall,64,Waterfall,10,80,0,67.2,22.9,2026-02-13 13:20:36
4545,Premium Puri Hill Station Point,87,National Park,0,0,0,81.5,3.1,2025-02-08 17:22:39
4546,Ayodhya Waterfall,123,Waterfall,50,750,0,82.7,3.8,2026-02-09 01:38:19
4547,Traditional Jamshedpur Monastery,46,Monastery,200,2000,100,90.8,0,2026-06-25 22:31:56
4548,Classic Alleppey Dam,58,Dam,100,500,0,38.8,54.7,2026-05-04 06:34:02
4549,Aurangabad Garden,73,Garden,20,100,0,60.1,17.5,2025-10-04 04:06:14
4550,Gangtok National Park,103,Lake,200,3000,25,72.7,16.5,2025-03-16 18:03:12
4551,Puri Dam,87,Dam,150,750,0,61.8,20.4,2026-02-08 22:03:58
4552,Lachung Waterfall,105,Waterfall,50,750,0,61.9,31.7,2026-03-18 22:44:04
4553,Margao Bridge,24,Bridge,20,100,50,70.0,20.0,2025-05-16 03:23:08
4554,Bengaluru Waterfall,48,Waterfall,100,800,0,64.2,34.2,2026-05-29 15:29:06
4555,Dehradun Fort,127,Fort,50,500,25,74.6,18.7,2025-06-04 14:53:33
4556,Alleppey Fort,58,Fort,150,1500,25,82.5,2.9,2025-11-17 10:51:50
4557,Mumbai Church,69,Church,200,3000,25,93.3,0,2025-07-31 06:26:10
4558,Lonavala Temple,74,Temple,30,150,50,75.3,8.7,2026-02-05 02:52:10
4559,Festival Udaipur Waterfall,96,Waterfall,10,150,50,67.0,27.6,2025-03-07 20:10:28
4560,Roadside Anjuna Monastery,27,Monastery,10,50,25,83.8,1.9,2025-07-14 20:32:52
4561,Traditional Panipat National Park,38,Zoo,50,750,0,81.3,4.6,2025-10-15 11:42:34
4562,Aurangabad Temple,73,Temple,100,800,100,82.7,1.9,2026-04-01 05:54:44
4563,Chef's Moirang Temple,78,Temple,50,500,100,92.6,0,2026-04-08 11:16:01
4564,Cherrapunji Heritage Walk,80,Fort,0,0,100,80.1,4.6,2025-06-23 10:27:06
4565,Bikaner National Park,101,Beach,150,1200,0,60.1,25.6,2025-11-04 05:38:51
4566,Ujjain Garden,66,Garden,200,1000,0,72.2,17.6,2025-01-20 15:09:16
4567,Jaisalmer Dam,98,Dam,200,1600,0,61.7,31.4,2025-06-02 08:16:11
4568,Auli Waterfall,132,Waterfall,150,1200,0,39.9,73.1,2025-08-26 05:18:21
4569,Homestyle Itanagar Viewpoint,7,Viewpoint,50,500,0,55.3,18.7,2025-02-19 03:40:07
4570,Aurangabad Wildlife Sanctuary,73,Monastery,20,300,25,43.4,27.0,2025-01-29 21:25:46
4571,Shillong Lake,79,Lake,0,0,25,48.7,34.9,2026-06-12 10:05:20
4572,Haridwar Lake,129,Lake,10,80,25,62.6,36.4,2025-03-14 17:14:08
4573,Gir Bridge,34,Bridge,200,1000,50,91.8,0,2025-05-11 17:29:14
4574,Alleppey Bridge,58,Bridge,10,150,50,72.8,9.2,2026-05-21 07:01:48
4575,Vijayawada Lake,2,Lake,30,450,0,73.5,7.0,2025-09-12 11:28:49
4576,Guntur Wildlife Sanctuary,4,Cave,200,3000,0,73.2,15.2,2025-09-30 20:02:12
4577,Spiti Cave,43,Cave,150,1500,0,69.9,25.1,2025-12-03 13:32:05
4578,Guntur Dam,4,Dam,100,1000,100,85.6,0,2026-03-28 09:24:36
4579,Vasco da Gama Temple,25,Temple,100,1500,100,50.3,23.8,2026-03-10 00:15:37
4580,Vadodara Wildlife Sanctuary,30,Wildlife Sanctuary,50,750,0,68.3,19.2,2025-02-21 11:34:43
4581,Somnath Market,33,Market,50,400,0,87.4,0,2026-04-13 14:21:02
4582,Mathura Bridge,122,Bridge,10,150,0,85.8,0,2025-08-30 21:44:47
4583,Homestyle Tirupati Fort,3,Fort,0,0,0,69.8,25.6,2026-04-21 18:01:55
4584,Margao Zoo,24,Zoo,30,450,100,91.8,0,2026-06-17 03:18:50
4585,Mysuru Hill Station Point,49,Cave,10,150,50,54.8,41.2,2025-12-13 00:48:50
4586,Roadside Haridwar Viewpoint,129,Viewpoint,50,750,100,58.0,31.2,2026-05-03 03:33:59
4587,Shantiniketan National Park,138,Heritage Walk,10,100,0,81.8,2.6,2026-01-27 19:48:00
4588,Quick-bite Pune Heritage Walk,70,Market,20,160,25,75.6,10.4,2025-03-15 23:28:24
4589,Cherrapunji Church,80,Church,200,1000,0,76.4,10.5,2026-04-28 03:55:21
4590,Orchha Lake,68,Lake,100,1500,50,77.1,5.2,2026-05-08 17:05:28
4591,Pune Monastery,70,Monastery,200,1000,100,57.1,33.3,2026-05-11 21:58:16
4592,Deluxe Mathura Bridge,122,Bridge,20,160,100,77.4,10.4,2025-09-07 01:26:13
4593,Nalanda Temple,18,Temple,100,1000,100,80.5,7.8,2025-08-07 06:31:03
4594,Kaziranga Garden,13,Garden,30,150,100,65.8,25.7,2025-07-16 19:52:36
4595,Cuttack Monastery,89,Monastery,20,160,50,84.4,0.8,2025-09-13 19:28:15
4596,Premium Madurai Church,107,Church,10,50,0,54.8,44.6,2026-03-24 19:14:15
4597,Lachung Hill Station Point,105,Garden,10,50,0,66.2,31.7,2025-04-29 03:15:35
4598,Alibaug Garden,76,Garden,50,250,25,91.1,0,2025-10-05 19:21:15
4599,Nagpur Palace,71,Palace,20,200,50,78.4,6.5,2025-08-24 03:25:05
4600,Signature Kanpur Waterfall,125,Waterfall,0,0,100,94.6,0,2025-01-29 17:06:33
4601,Extra Cheesy Ayodhya Temple,123,Temple,200,3000,50,68.0,27.4,2025-11-29 11:12:24
4602,Gaya Beach,16,Beach,20,300,100,81.7,2.8,2026-04-19 22:10:17
4603,Deluxe Deoghar Palace,47,Palace,20,200,100,66.5,30.9,2025-10-23 03:57:04
4604,Madurai Market,107,Market,200,3000,50,71.4,8.6,2025-03-13 21:56:34
4605,Festival Nalanda National Park,18,Temple,150,750,0,86.4,0,2026-01-28 04:57:08
4606,Mathura Beach,122,Beach,150,750,50,66.2,23.4,2025-04-08 12:12:05
4607,Bengaluru Wildlife Sanctuary,48,Market,50,400,0,44.8,31.3,2026-02-12 05:30:45
4608,Lucknow Market,119,Market,0,0,100,53.5,29.1,2025-12-09 23:18:39
4609,Kolkata Church,134,Church,200,3000,0,81.1,3.1,2025-03-21 04:33:33
4610,Classic Manali Palace,40,Palace,10,150,50,73.4,14.5,2025-08-30 14:09:03
4611,Traditional Jodhpur Waterfall,97,Waterfall,10,100,50,89.5,0,2025-04-16 22:07:31
4612,Munnar Church,57,Church,200,1600,25,90.8,0,2025-04-15 23:01:53
4613,Extra Cheesy Shillong Market,79,Market,50,400,25,66.8,11.0,2025-01-24 10:13:22
4614,Roadside Patna Fort,15,Fort,100,1500,100,74.2,7.4,2025-06-06 08:22:44
4615,Chennai Church,106,Church,0,0,100,82.3,4.1,2026-02-28 04:09:05
4616,Vasco da Gama Zoo,25,Zoo,20,200,50,77.9,8.4,2025-02-02 13:08:29
4617,Guntur Bridge,4,Bridge,30,450,50,94.1,0,2025-12-30 07:03:38
4618,Ludhiana Market,93,Market,0,0,0,84.5,0.5,2025-02-08 23:52:01
4619,Kovalam Zoo,61,Zoo,200,1600,100,83.0,3.3,2025-02-07 06:27:01
4620,Vasco da Gama Waterfall,25,Waterfall,50,500,0,88.3,0,2026-04-18 05:55:50
4621,Premium Anjuna Lake,27,Lake,30,240,25,48.3,50.2,2026-03-22 17:25:53
4622,Surat Heritage Walk,29,Waterfall,0,0,100,41.0,75.2,2025-04-12 15:16:28
4623,Pushkar Cave,99,Cave,100,1000,25,68.0,28.1,2026-02-16 03:45:32
4624,Ujjain Market,66,Market,150,2250,100,79.8,4.3,2025-08-27 21:18:09
4625,Silchar Lake,14,Lake,100,1000,50,61.3,34.9,2025-12-03 05:02:13
4626,Visakhapatnam Cave,1,Cave,50,400,25,74.3,9.1,2025-01-11 23:43:54
4627,Chilika Hill Station Point,90,Hill Station Point,0,0,100,84.4,0.9,2025-07-12 19:47:18
4628,Quick-bite Dwarka Beach,32,Beach,50,500,0,57.2,20.4,2025-03-04 22:54:53
4629,Dibrugarh Monastery,11,Monastery,200,2000,100,71.9,18.5,2025-06-17 12:40:38
4630,Signature Gaya Hill Station Point,16,Heritage Walk,50,750,25,57.1,33.3,2025-03-15 20:11:53
4631,Roadside Moirang Zoo,78,Zoo,200,3000,100,68.1,27.4,2025-07-10 22:56:02
4632,Village-style Ludhiana Viewpoint,93,Viewpoint,20,100,50,71.4,21.3,2025-04-26 23:51:26
4633,Bilaspur Viewpoint,21,Viewpoint,30,450,25,55.1,44.1,2026-05-03 19:42:07
4634,Kohima Wildlife Sanctuary,84,Wildlife Sanctuary,50,250,50,59.2,16.6,2025-12-04 09:46:06
4635,Chennai National Park,106,Hill Station Point,30,450,100,68.9,15.8,2025-07-03 16:49:12
4636,Jodhpur Hill Station Point,97,Dam,20,160,25,57.1,46.0,2025-02-28 05:59:08
4637,Quick-bite Hampi Fort,50,Fort,50,500,100,65.5,16.1,2026-01-25 09:20:27
4638,Rameswaram Market,111,Market,150,1500,50,89.3,0,2025-01-31 20:47:00
4639,Authentic Siliguri Fort,137,Fort,150,750,0,71.8,10.0,2025-01-27 04:27:36
4640,Street-side Tawang Garden,8,Garden,30,240,25,77.3,7.0,2025-06-01 21:47:01
4641,Pushkar Monastery,99,Monastery,20,100,100,61.5,21.5,2025-08-21 05:14:36
4642,Haridwar Viewpoint,129,Viewpoint,10,100,50,64.2,31.8,2025-10-09 14:56:13
4643,Special Udaipur (Tripura) Zoo,118,Zoo,20,100,50,76.2,7.4,2025-02-16 21:25:31
4644,Village-style Imphal Bridge,77,Bridge,10,80,0,47.6,43.1,2025-07-27 11:24:38
4645,Roadside Thiruvananthapuram Temple,56,Temple,50,750,0,46.2,69.5,2026-06-23 00:56:20
4646,Siliguri Wildlife Sanctuary,137,National Park,30,150,0,81.9,5.3,2026-06-14 12:14:30
4647,Family Recipe Pushkar Beach,99,Beach,50,500,100,55.8,52.3,2026-01-22 21:19:08
4648,Traditional Jim Corbett Dam,133,Dam,30,450,0,47.2,55.3,2026-04-01 07:06:31
4649,Kanyakumari Waterfall,110,Waterfall,150,750,100,49.1,59.7,2026-06-26 02:13:26
4650,Gaya Temple,16,Temple,20,200,0,85.4,0,2026-05-08 05:36:58
4651,Bodh Gaya Beach,17,Beach,150,1500,0,55.7,45.1,2025-06-03 16:20:41
4652,Ayodhya Wildlife Sanctuary,123,Bridge,150,750,0,60.6,15.9,2026-03-25 23:40:58
4653,Mussoorie Temple,131,Temple,200,1600,100,92.9,0,2025-04-11 10:29:15
4654,Anjuna Dam,27,Dam,50,400,25,75.4,13.5,2026-05-08 13:08:24
4655,Quick-bite Coorg Church,52,Church,200,2000,25,68.0,12.7,2025-09-14 07:42:50
4656,Ziro Lake,9,Lake,100,500,0,78.9,5.0,2025-01-24 08:48:21
4657,Lachung Zoo,105,Zoo,50,400,0,69.7,16.1,2026-06-25 10:02:34
4658,Premium Jaipur Beach,95,Beach,50,750,100,61.3,38.6,2025-07-07 10:40:56
4659,Surat Beach,29,Beach,10,150,0,77.5,5.0,2025-08-08 05:42:55
4660,Gangtok Heritage Walk,103,Wildlife Sanctuary,20,100,25,66.5,25.5,2025-03-21 10:57:52
4661,Royal Ahmedabad Waterfall,28,Waterfall,50,250,50,65.8,12.0,2025-12-18 06:51:34
4662,Local Favourite Guntur Temple,4,Temple,200,2000,50,58.0,22.3,2025-12-17 22:15:28
4663,Mathura Heritage Walk,122,Bridge,20,160,0,69.2,28.4,2026-04-26 05:02:07
4664,Extra Cheesy Mawlynnong Wildlife Sanctuary,81,Market,30,240,0,59.1,32.2,2025-09-19 03:44:27
4665,Quick-bite Mahabalipuram Lake,112,Lake,10,50,25,47.7,34.1,2025-03-31 12:56:14
4666,Village-style Mathura Hill Station Point,122,Temple,100,1000,100,54.3,34.2,2026-05-05 00:33:43
4667,Bikaner Zoo,101,Zoo,200,2000,0,72.8,21.5,2026-02-06 12:20:05
4668,Deluxe Jodhpur Temple,97,Temple,10,50,50,75.8,11.4,2025-12-07 12:01:44
4669,Local Favourite Kullu Heritage Walk,42,Hill Station Point,10,50,0,76.5,14.7,2026-03-31 06:16:12
4670,Gir Zoo,34,Zoo,30,300,0,78.1,10.8,2025-04-18 08:11:38
4671,Classic Ujjain Viewpoint,66,Viewpoint,100,1000,0,71.7,20.4,2025-09-10 19:53:55
4672,Jodhpur Museum,97,Museum,150,1500,50,91.5,0,2026-06-23 23:52:32
4673,Signature Moirang Zoo,78,Zoo,10,100,50,53.5,39.8,2026-01-20 00:49:55
4674,Jorhat Beach,12,Beach,200,3000,50,77.1,7.5,2025-06-08 01:51:09
4675,Mussoorie Church,131,Church,200,1600,0,74.5,12.5,2026-01-26 07:28:44
4676,Village-style Kakinada Waterfall,6,Waterfall,200,3000,100,72.3,16.0,2025-12-08 02:35:38
4677,Itanagar Zoo,7,Zoo,50,250,100,67.6,23.9,2025-03-23 16:03:39
4678,Nalanda Museum,18,Museum,30,450,0,89.3,0,2025-01-17 05:21:01
4679,Classic Dimapur Temple,85,Temple,0,0,25,75.4,9.6,2026-04-22 09:17:14
4680,Festival Imphal Viewpoint,77,Viewpoint,100,800,0,58.0,45.5,2025-11-05 05:52:28
4681,Classic Jorhat Dam,12,Dam,20,300,100,80.7,4.5,2025-08-30 23:56:52
4682,Jaipur Viewpoint,95,Viewpoint,0,0,0,83.4,2.6,2026-04-24 15:50:29
4683,Panaji Church,23,Church,200,1000,0,55.7,38.4,2026-05-05 20:46:15
4684,Mangaluru Church,51,Church,200,2000,25,56.3,35.9,2026-02-10 02:23:04
4685,Mahabaleshwar Cave,75,Cave,50,750,0,70.9,12.6,2026-01-20 00:15:18
4686,Signature Nashik Market,72,Market,30,450,0,62.2,39.0,2025-12-10 14:01:13
4687,Panipat Museum,38,Museum,30,300,25,45.9,40.7,2025-12-07 21:57:18
4688,Aurangabad Viewpoint,73,Viewpoint,0,0,0,66.0,17.5,2025-02-11 13:07:33
4689,Jagdalpur Wildlife Sanctuary,22,Market,100,1000,0,42.0,49.5,2026-03-23 12:25:45
4690,Bhopal Fort,62,Fort,10,50,100,60.7,24.5,2025-06-03 02:47:44
4691,Kovalam Beach,61,Beach,20,100,25,37.6,55.1,2025-11-17 22:13:40
4692,Roadside Puri Lake,87,Lake,50,750,50,72.5,12.9,2025-12-06 13:00:41
4693,Anjuna Museum,27,Museum,0,0,0,88.4,0,2025-12-27 02:22:49
4694,Kovalam Waterfall,61,Waterfall,50,750,25,83.4,2.1,2026-01-28 07:32:12
4695,Kochi Dam,55,Dam,100,1000,0,63.7,28.6,2025-11-11 05:11:33
4696,Ajmer Monastery,102,Monastery,0,0,50,76.4,14.6,2025-08-17 17:57:49
4697,Somnath Bridge,33,Bridge,10,50,0,39.9,63.6,2025-12-07 22:37:06
4698,Kohima Viewpoint,84,Viewpoint,50,500,100,60.0,31.1,2025-09-19 08:34:35
4699,Aizawl Palace,82,Palace,0,0,0,86.9,0,2025-11-28 15:04:49
4700,Signature Patna Hill Station Point,15,Beach,10,150,100,85.7,0,2026-06-05 16:44:57
4701,Rishikesh Palace,128,Palace,100,800,25,87.3,0,2026-03-02 11:36:04
4702,Chef's Tirupati Zoo,3,Zoo,200,1600,0,47.1,62.0,2025-12-08 19:25:44
4703,Traditional Manali Dam,40,Dam,30,150,100,57.9,38.7,2025-01-14 21:22:18
4704,Nainital Monastery,130,Monastery,150,1500,25,47.7,28.7,2025-03-07 00:43:00
4705,Spicy Thiruvananthapuram Dam,56,Dam,20,200,0,75.8,13.8,2025-02-26 17:19:37
4706,Shillong National Park,79,Church,50,250,25,85.2,0,2025-09-29 09:04:07
4707,Bodh Gaya Beach,17,Beach,200,3000,50,75.3,7.7,2025-07-15 11:54:26
4708,Tirupati Bridge,3,Bridge,20,160,0,58.0,20.0,2025-04-24 04:19:53
4709,Udaipur (Tripura) Viewpoint,118,Viewpoint,150,1500,0,64.5,36.2,2025-09-07 18:50:20
4710,Noida Wildlife Sanctuary,126,Palace,150,1200,0,67.4,20.9,2026-02-22 06:15:50
4711,Local Favourite Dehradun Wildlife Sanctuary,127,Palace,20,100,100,88.9,0,2025-07-28 07:56:01
4712,Dalhousie Temple,44,Temple,150,750,50,91.1,0,2025-06-23 17:30:54
4713,Street-side Jorhat Beach,12,Beach,0,0,0,71.3,15.5,2025-06-13 22:40:29
4714,Amritsar Dam,91,Dam,50,500,100,53.8,28.9,2026-02-10 13:44:32
4715,Royal Vijayawada Zoo,2,Zoo,150,1200,25,74.6,8.7,2025-08-02 01:36:07
4716,Authentic Kohima Lake,84,Lake,30,150,25,72.0,21.7,2025-08-18 20:09:49
4717,Ayodhya Market,123,Market,200,2000,100,90.0,0,2026-04-13 22:44:40
4718,Dibrugarh Lake,11,Lake,150,1500,25,80.5,6.4,2025-08-28 18:56:53
4719,Pune Wildlife Sanctuary,70,Bridge,150,2250,0,92.3,0,2025-01-25 13:02:44
4720,Homestyle Digha Bridge,136,Bridge,20,160,0,77.9,4.5,2026-04-07 15:46:16
4721,Roadside Orchha Wildlife Sanctuary,68,Bridge,50,400,0,73.4,12.4,2026-01-14 02:57:19
4722,Local Favourite Jaipur Cave,95,Cave,50,250,0,79.3,5.1,2025-06-14 08:35:35
4723,Homestyle Dehradun Wildlife Sanctuary,127,Monastery,100,1500,0,56.9,25.2,2025-05-31 17:07:13
4724,Premium Hyderabad National Park,114,Dam,100,500,25,67.5,29.1,2026-02-16 01:39:11
4725,Silchar Beach,14,Beach,20,200,0,94.9,0,2025-05-09 12:15:27
4726,Nashik Hill Station Point,72,Garden,20,300,100,55.5,20.8,2025-04-10 04:52:31
4727,Guwahati Cave,10,Cave,200,2000,50,73.0,17.4,2025-02-27 04:00:44
4728,Grandma's Agartala Dam,117,Dam,30,240,100,77.9,10.3,2026-05-22 23:54:27
4729,Mawlynnong Lake,81,Lake,50,250,0,72.3,8.8,2025-10-12 18:14:14
4730,Festival Ajmer Beach,102,Beach,100,1500,0,77.9,11.1,2025-08-01 07:22:08
4731,Aurangabad Wildlife Sanctuary,73,Temple,100,1500,0,54.3,30.9,2025-12-09 11:18:59
4732,Mussoorie Fort,131,Fort,200,2000,0,69.0,28.4,2025-02-15 11:39:01
4733,Deluxe Amritsar Cave,91,Cave,50,250,0,54.5,46.4,2025-10-12 04:30:41
4734,Puri Bridge,87,Bridge,100,500,0,79.3,8.9,2026-02-26 06:12:37
4735,Moirang Waterfall,78,Waterfall,10,150,25,76.3,11.8,2025-05-05 04:48:27
4736,Classic Mumbai Viewpoint,69,Viewpoint,10,50,0,83.9,0.7,2025-12-24 04:13:48
4737,Kanpur Lake,125,Lake,10,150,50,67.8,22.0,2025-07-28 06:42:12
4738,Ujjain Museum,66,Museum,50,250,0,78.8,6.5,2026-01-25 05:21:22
4739,Premium Jaisalmer Beach,98,Beach,30,240,100,88.9,0,2026-05-05 07:07:26
4740,Ludhiana Dam,93,Dam,200,1000,100,85.4,0,2026-03-03 23:23:10
4741,Bhopal Temple,62,Temple,10,150,25,72.5,10.9,2026-06-01 22:44:48
4742,Kovalam Zoo,61,Zoo,20,300,0,69.5,13.0,2025-10-31 10:08:09
4743,Mangaluru Wildlife Sanctuary,51,Bridge,10,50,0,80.5,5.8,2025-03-26 08:07:00
4744,Ayodhya Garden,123,Garden,100,800,100,83.5,2.2,2025-02-05 02:30:13
4745,Manali Cave,40,Cave,150,2250,50,51.6,36.9,2026-04-29 10:16:08
4746,Raipur Monastery,20,Monastery,50,500,0,77.6,6.6,2025-04-03 15:18:14
4747,Hampi Monastery,50,Monastery,20,300,100,40.7,53.8,2025-11-08 07:12:07
4748,Hubballi Market,54,Market,50,250,0,83.6,1.3,2026-03-20 05:40:37
4749,Ludhiana Zoo,93,Zoo,20,200,0,78.8,10.4,2026-06-21 06:21:05
4750,Special Munnar Museum,57,Museum,10,100,25,61.3,31.7,2025-08-29 12:53:38
4751,Warangal Bridge,115,Bridge,50,750,25,76.3,8.5,2025-01-06 16:26:58
4752,Quick-bite Jodhpur Beach,97,Beach,150,2250,25,74.6,11.0,2025-09-11 09:24:56
4753,Nagpur Monastery,71,Monastery,10,150,25,68.2,15.4,2025-09-01 17:43:06
4754,Rameswaram Monastery,111,Monastery,30,450,0,79.7,3.6,2026-05-07 09:17:25
4755,Signature Mangaluru Wildlife Sanctuary,51,Monastery,30,240,25,67.9,11.5,2026-04-29 00:40:38
4756,Festival Jaipur National Park,95,Palace,10,100,0,64.5,16.4,2026-04-18 06:41:53
4757,Chilika Fort,90,Fort,100,500,25,39.0,64.5,2026-04-25 23:55:21
4758,Bengaluru Temple,48,Temple,50,500,50,81.9,4.7,2025-05-03 01:48:23
4759,Bhubaneswar Market,86,Market,50,400,100,91.3,0,2025-10-18 09:46:28
4760,Signature Kullu Cave,42,Cave,30,240,50,57.5,47.0,2025-05-22 01:00:16
4761,Premium Gangtok Beach,103,Beach,20,160,50,79.1,8.5,2025-07-31 04:35:31
4762,Special Kolkata Beach,134,Beach,20,100,0,75.4,16.1,2025-12-17 01:01:13
4763,Prayagraj Heritage Walk,124,National Park,30,150,100,58.0,24.5,2025-11-17 16:54:36
4764,Jorhat Bridge,12,Bridge,20,300,0,81.9,2.8,2026-02-23 20:55:29
4765,Patna Hill Station Point,15,Waterfall,30,240,25,78.2,10.9,2025-01-27 20:40:41
4766,Street-side Mahabalipuram Wildlife Sanctuary,112,Heritage Walk,20,300,0,84.7,0.5,2025-05-23 00:16:43
4767,Chennai National Park,106,Monastery,100,800,50,46.9,64.3,2025-03-01 22:41:35
4768,Warangal Beach,115,Beach,50,400,0,45.1,30.9,2026-06-13 12:20:00
4769,Special Bodh Gaya Fort,17,Fort,30,150,0,45.1,64.6,2026-06-22 12:11:10
4770,Mumbai Viewpoint,69,Viewpoint,200,1600,25,75.0,14.2,2026-03-28 04:06:12
4771,Guntur Garden,4,Garden,10,100,25,85.7,0,2025-10-17 10:17:59
4772,Nagpur Heritage Walk,71,Beach,200,3000,100,64.8,28.9,2025-11-08 06:29:09
4773,Dalhousie Museum,44,Museum,0,0,25,49.8,33.4,2025-03-09 16:57:19
4774,Grandma's Gir Beach,34,Beach,200,1600,0,77.1,13.9,2025-11-04 18:42:21
4775,Amritsar Bridge,91,Bridge,20,100,0,88.6,0,2026-04-23 06:35:08
4776,Extra Cheesy Vadodara Garden,30,Garden,30,300,25,76.6,5.5,2025-05-18 04:18:36
4777,Pune Cave,70,Cave,0,0,0,72.9,16.6,2026-05-11 14:19:08
4778,Chandigarh Zoo,92,Zoo,30,450,0,91.1,0,2025-02-08 23:03:35
4779,Kakinada Bridge,6,Bridge,0,0,50,74.7,14.4,2026-04-10 02:28:42
4780,Grandma's Chennai Monastery,106,Monastery,50,250,100,69.7,24.7,2026-04-01 15:08:02
4781,Kakinada Monastery,6,Monastery,20,160,0,71.4,16.9,2025-01-27 21:58:29
4782,Classic Patiala Dam,94,Dam,0,0,25,67.6,30.4,2026-06-15 03:01:04
4783,Margao Monastery,24,Monastery,20,100,0,86.3,0,2026-04-04 05:53:44
4784,Family Recipe Gir Temple,34,Temple,150,1200,0,66.2,11.7,2025-01-19 08:16:57
4785,Patna Cave,15,Cave,150,1500,50,78.4,6.7,2025-10-03 23:19:14
4786,Coimbatore Waterfall,108,Waterfall,20,100,50,92.7,0,2026-01-06 07:49:32
4787,Chennai Garden,106,Garden,10,150,100,72.9,13.6,2025-02-09 13:00:35
4788,Family Recipe Prayagraj Beach,124,Beach,200,2000,0,67.3,30.4,2025-07-28 19:43:52
4789,Jorhat Cave,12,Cave,150,2250,50,53.0,34.7,2025-08-07 01:12:50
4790,Village-style Tawang Fort,8,Fort,0,0,50,78.5,4.1,2025-11-14 01:04:25
4791,Cuttack Viewpoint,89,Viewpoint,20,160,100,73.2,14.9,2025-01-17 10:56:24
4792,Village-style Gurugram Palace,35,Palace,200,2000,50,76.5,13.0,2025-12-23 00:47:19
4793,Puri Waterfall,87,Waterfall,50,250,25,74.4,7.6,2026-05-25 09:19:51
4794,Patna Waterfall,15,Waterfall,100,800,25,70.0,10.2,2026-06-15 11:37:09
4795,Vijayawada Palace,2,Palace,100,1000,25,83.4,1.1,2026-02-09 18:04:33
4796,Extra Cheesy Gurugram Cave,35,Cave,20,100,25,66.6,32.1,2026-02-07 02:02:31
4797,Pushkar Hill Station Point,99,Viewpoint,100,1000,0,70.8,23.7,2025-12-27 08:05:51
4798,Authentic Panaji Hill Station Point,23,Museum,30,240,0,71.7,10.0,2026-05-08 02:19:44
4799,Udupi Fort,53,Fort,200,3000,50,79.1,8.5,2025-12-10 00:42:02
4800,Royal Nizamabad Bridge,116,Bridge,200,3000,25,63.0,24.0,2026-04-24 08:45:00
4801,Roadside Pachmarhi Garden,67,Garden,50,250,100,70.4,21.8,2025-02-11 20:03:23
4802,Signature Auli Dam,132,Dam,0,0,100,48.6,30.2,2025-12-23 08:20:40
4803,Spicy Kozhikode Market,59,Market,150,1200,0,87.7,0,2025-04-11 17:36:37
4804,Anjuna National Park,27,Fort,30,450,100,71.9,11.9,2025-06-01 04:52:13
4805,Hampi Zoo,50,Zoo,200,3000,100,68.2,17.2,2025-01-10 01:05:26
4806,Premium Mangaluru Garden,51,Garden,10,100,0,65.0,14.5,2025-10-06 16:17:48
4807,Munnar Market,57,Market,100,1000,25,70.7,20.9,2026-03-11 22:27:35
4808,Premium Lucknow Hill Station Point,119,Zoo,0,0,50,57.4,18.6,2025-11-07 06:18:03
4809,Shantiniketan Viewpoint,138,Viewpoint,50,750,0,87.3,0,2026-04-03 22:13:33
4810,Street-side Gir Hill Station Point,34,Beach,150,1500,100,82.7,2.0,2026-01-18 05:25:56
4811,Royal Udaipur Hill Station Point,96,Heritage Walk,100,800,25,55.5,32.3,2025-01-28 13:15:42
4812,Shimla Palace,39,Palace,200,1600,25,47.3,53.2,2026-04-28 08:58:57
4813,Bodh Gaya Beach,17,Beach,30,150,0,57.0,19.5,2025-11-28 07:35:34
4814,Lachung National Park,105,Church,50,250,100,75.8,16.4,2025-07-04 00:46:06
4815,Spiti Bridge,43,Bridge,20,200,50,51.5,44.7,2025-08-17 00:47:27
4816,Cherrapunji Museum,80,Museum,100,800,0,87.7,0,2025-01-29 06:31:00
4817,Kolkata Cave,134,Cave,20,160,50,76.1,10.7,2026-01-10 14:23:58
4818,Warangal Waterfall,115,Waterfall,20,100,0,90.1,0,2026-02-18 09:56:28
4819,Traditional Vadodara Fort,30,Fort,10,150,100,68.3,16.6,2026-01-29 11:13:28
4820,Homestyle Haridwar Zoo,129,Zoo,200,1600,50,73.9,8.0,2026-05-15 04:58:48
4821,Rishikesh Heritage Walk,128,Bridge,30,240,25,78.5,10.4,2025-09-19 00:29:50
4822,Nashik Waterfall,72,Waterfall,200,3000,0,71.9,13.3,2025-07-16 13:31:06
4823,Bilaspur Temple,21,Temple,150,1500,100,66.4,28.9,2025-12-23 21:34:15
4824,Manali Monastery,40,Monastery,200,2000,25,41.4,46.8,2025-12-06 14:40:33
4825,Bhubaneswar Beach,86,Beach,10,100,0,63.4,27.0,2025-09-10 05:02:27
4826,Premium Surat Cave,29,Cave,0,0,0,83.7,0.9,2025-07-18 09:49:17
4827,Bhopal Beach,62,Beach,100,500,0,95.3,0,2025-04-20 17:06:29
4828,Udaipur (Tripura) Church,118,Church,30,240,0,78.3,7.9,2025-01-13 01:50:09
4829,Dalhousie Wildlife Sanctuary,44,Garden,10,50,100,69.1,22.5,2025-06-08 22:38:02
4830,Warangal Wildlife Sanctuary,115,Palace,10,100,50,61.8,37.1,2025-05-10 14:58:12
4831,Guwahati Zoo,10,Zoo,0,0,0,76.7,11.8,2025-09-21 23:11:43
4832,Panaji Bridge,23,Bridge,50,500,25,77.4,5.4,2025-03-17 06:36:03
4833,Mahabaleshwar Zoo,75,Zoo,50,750,25,55.3,43.5,2026-06-02 00:43:57
4834,Pushkar Wildlife Sanctuary,99,Market,0,0,100,42.5,54.4,2026-04-23 16:03:52
4835,Local Favourite Bhubaneswar Lake,86,Lake,30,450,0,65.6,26.5,2026-05-05 03:40:30
4836,Alleppey Palace,58,Palace,10,80,50,75.2,17.0,2025-11-15 10:46:03
4837,Margao Zoo,24,Zoo,0,0,0,79.0,5.8,2026-06-18 01:13:52
4838,Kanyakumari Garden,110,Garden,150,750,25,50.7,47.8,2025-05-22 08:35:01
4839,Moirang Hill Station Point,78,Wildlife Sanctuary,200,3000,50,57.2,45.4,2025-11-04 20:38:07
4840,Lucknow Church,119,Church,30,450,0,67.3,13.3,2026-05-24 03:54:46
4841,Jaisalmer Bridge,98,Bridge,150,2250,0,63.0,25.5,2026-05-05 04:21:52
4842,Patiala Fort,94,Fort,100,500,100,63.4,13.3,2025-12-18 03:52:56
4843,Mahabalipuram National Park,112,Cave,20,300,50,81.2,2.8,2026-02-01 19:52:27
4844,Nalanda Church,18,Church,50,750,0,66.8,20.2,2025-06-11 13:04:55
4845,Auli Waterfall,132,Waterfall,100,1500,25,75.4,6.7,2025-11-15 04:14:19
4846,Rajkot Palace,31,Palace,20,300,100,73.1,20.9,2026-05-30 05:37:46
4847,Special Kaziranga National Park,13,Bridge,150,1500,100,67.8,12.6,2025-06-19 12:23:16
4848,Kanpur Garden,125,Garden,50,400,0,51.3,26.4,2025-08-02 14:57:27
4849,Classic Nagpur National Park,71,Monastery,150,2250,0,79.5,9.9,2026-05-15 22:29:26
4850,Visakhapatnam Viewpoint,1,Viewpoint,30,450,0,62.0,39.8,2025-01-25 19:10:18
4851,Rishikesh Church,128,Church,50,250,25,86.3,0,2026-01-28 01:48:57
4852,Mumbai Viewpoint,69,Viewpoint,0,0,25,73.2,20.2,2026-03-20 14:05:54
4853,Silchar Heritage Walk,14,Bridge,150,750,0,45.7,43.3,2025-07-12 01:09:09
4854,Calangute Heritage Walk,26,Lake,0,0,0,67.3,31.5,2026-04-11 19:53:12
4855,Guwahati Museum,10,Museum,50,500,50,79.4,5.3,2025-10-28 19:33:03
4856,Nagpur Temple,71,Temple,10,150,0,82.5,1.8,2025-10-22 22:46:38
4857,Udaipur (Tripura) Cave,118,Cave,10,50,0,82.1,3.5,2026-04-07 07:33:12
4858,Visakhapatnam Viewpoint,1,Viewpoint,30,450,50,72.2,20.0,2025-12-20 17:10:05
4859,Gangtok Fort,103,Fort,30,450,0,43.3,65.5,2025-05-14 18:26:19
4860,Aizawl Viewpoint,82,Viewpoint,20,160,100,80.4,6.9,2026-04-20 10:03:13
4861,Mussoorie Zoo,131,Zoo,0,0,0,70.7,16.4,2025-10-19 16:24:44
4862,Dharamshala Cave,41,Cave,0,0,0,52.3,26.6,2025-06-21 20:52:55
4863,Ziro Garden,9,Garden,150,1200,100,51.9,42.2,2026-02-22 18:12:38
4864,Kanpur Church,125,Church,50,500,100,74.8,13.2,2025-06-28 03:37:51
4865,Kozhikode Lake,59,Lake,20,200,100,73.0,21.0,2025-05-10 01:02:47
4866,Madurai Viewpoint,107,Viewpoint,200,1000,0,82.9,3.3,2025-09-22 23:59:21
4867,Village-style Patiala Zoo,94,Zoo,150,2250,0,78.1,11.7,2025-01-17 21:33:35
4868,Shantiniketan Church,138,Church,150,2250,100,68.9,15.8,2026-02-14 02:57:50
4869,Dimapur Garden,85,Garden,30,240,25,58.1,35.2,2026-03-13 05:35:30
4870,Family Recipe Pachmarhi Waterfall,67,Waterfall,0,0,100,80.9,5.8,2025-02-24 14:41:08
4871,Jodhpur Temple,97,Temple,50,750,0,70.0,13.5,2026-06-24 21:48:32
4872,Mahabaleshwar Palace,75,Palace,20,200,100,60.7,40.8,2026-04-29 18:52:41
4873,Mawlynnong Museum,81,Museum,150,1500,25,81.8,4.6,2026-03-19 17:04:23
4874,Khajuraho Fort,64,Fort,50,400,50,53.7,28.4,2025-01-26 18:57:01
4875,Pelling Beach,104,Beach,0,0,0,82.0,3.8,2026-03-16 20:50:48
4876,Authentic Calangute Garden,26,Garden,150,2250,25,80.6,4.4,2026-05-07 09:14:50
4877,Family Recipe Kanpur Wildlife Sanctuary,125,Viewpoint,20,200,50,77.4,13.1,2025-09-23 20:33:36
4878,Visakhapatnam Museum,1,Museum,20,300,0,59.0,42.7,2025-04-22 08:24:59
4879,Spicy Gangtok Church,103,Church,50,400,100,63.9,14.0,2025-01-07 23:16:10
4880,Amritsar Garden,91,Garden,100,800,100,80.9,5.7,2025-02-23 02:37:55
4881,Guwahati Palace,10,Palace,30,300,100,80.6,5.3,2025-09-21 12:50:12
4882,Digha Viewpoint,136,Viewpoint,50,400,0,63.8,34.1,2025-12-13 09:57:29
4883,Thanjavur National Park,113,Hill Station Point,20,160,50,66.1,31.6,2026-06-28 04:16:18
4884,Family Recipe Gaya Temple,16,Temple,100,800,50,64.3,14.4,2025-06-30 09:17:18
4885,Chef's Udupi Monastery,53,Monastery,10,150,100,47.9,52.0,2025-07-23 02:21:14
4886,Panipat Lake,38,Lake,10,100,100,89.0,0,2025-05-31 01:09:26
4887,Jaipur Garden,95,Garden,10,50,100,96.7,0,2025-12-01 23:12:24
4888,Deluxe Ludhiana Garden,93,Garden,20,160,0,53.3,37.9,2025-10-04 23:27:51
4889,Faridabad Temple,36,Temple,20,100,25,70.2,15.2,2025-01-26 17:03:33
4890,Bhopal Dam,62,Dam,200,3000,50,93.1,0,2026-04-20 21:39:50
4891,Kozhikode Cave,59,Cave,200,2000,25,75.9,7.7,2025-06-13 12:25:43
4892,Mussoorie Church,131,Church,20,160,50,78.8,4.8,2026-05-01 02:03:57
4893,Kovalam Hill Station Point,61,Heritage Walk,30,450,25,83.7,1.8,2025-10-05 10:50:36
4894,Hyderabad Viewpoint,114,Viewpoint,10,80,50,91.7,0,2025-12-08 08:31:20
4895,Mussoorie Monastery,131,Monastery,150,2250,25,87.3,0,2026-05-13 21:12:17
4896,Dehradun Hill Station Point,127,National Park,50,250,100,64.8,14.3,2025-04-26 08:42:03
4897,Bilaspur Viewpoint,21,Viewpoint,0,0,0,68.5,10.7,2026-05-21 00:13:19
4898,Lucknow Hill Station Point,119,Temple,100,800,0,69.3,15.6,2026-01-04 05:13:38
4899,Ahmedabad Waterfall,28,Waterfall,50,500,100,51.2,55.6,2025-08-08 20:06:07
4900,Special Kanpur Beach,125,Beach,100,1000,100,52.8,35.9,2025-06-30 06:02:16
4901,Ranchi Heritage Walk,45,Church,30,240,0,71.4,16.0,2025-04-30 06:47:31
4902,Rishikesh Beach,128,Beach,150,1500,25,65.5,20.5,2026-01-13 11:05:13
4903,Nashik Garden,72,Garden,50,750,100,90.2,0,2025-08-28 02:03:20
4904,Ludhiana Church,93,Church,100,500,100,61.0,24.0,2026-01-15 05:49:21
4905,Authentic Gurugram Monastery,35,Monastery,30,240,50,69.8,17.2,2026-04-18 06:13:18
4906,Kullu National Park,42,Zoo,150,1200,0,80.2,6.3,2026-04-07 15:34:44
4907,Kakinada Bridge,6,Bridge,100,800,0,71.6,10.4,2025-11-26 22:28:54
4908,Authentic Nizamabad Garden,116,Garden,0,0,0,65.4,15.3,2025-07-05 13:45:09
4909,Jodhpur Heritage Walk,97,Zoo,0,0,0,59.9,39.1,2025-01-25 03:48:37
4910,Classic Alibaug Wildlife Sanctuary,76,Beach,10,100,0,56.0,40.7,2025-11-13 09:57:47
4911,Royal Tawang Bridge,8,Bridge,50,750,0,58.0,26.1,2025-12-19 16:30:35
4912,Street-side Gwalior Garden,65,Garden,200,1000,25,46.5,36.1,2025-12-16 17:02:53
4913,Guwahati Heritage Walk,10,Church,10,100,25,65.7,22.5,2026-03-15 05:19:53
4914,Street-side Hubballi Viewpoint,54,Viewpoint,100,800,25,82.7,3.2,2025-02-28 17:30:13
4915,Chef's Guwahati Market,10,Market,0,0,0,92.0,0,2025-03-24 07:44:27
4916,Indore Dam,63,Dam,0,0,0,55.3,29.0,2025-08-07 00:55:04
4917,Kalimpong Cave,139,Cave,10,80,50,78.2,4.6,2025-07-17 19:33:04
4918,Patna Fort,15,Fort,100,1500,100,56.6,48.6,2025-07-26 10:20:51
4919,Silchar Beach,14,Beach,0,0,0,80.2,5.3,2025-07-27 22:35:30
4920,Kochi Waterfall,55,Waterfall,0,0,25,43.4,57.6,2025-10-11 13:15:50
4921,Authentic Udaipur Fort,96,Fort,200,3000,0,81.7,3.6,2025-05-27 07:53:15
4922,Rajahmundry Garden,5,Garden,100,500,50,75.7,6.1,2025-07-05 15:51:42
4923,Chennai Waterfall,106,Waterfall,150,2250,0,43.7,73.8,2026-05-04 07:06:18
4924,Lonavala Beach,74,Beach,30,240,50,78.4,10.5,2025-07-20 12:06:54
4925,Dwarka Heritage Walk,32,Zoo,100,800,0,73.8,11.6,2025-02-06 21:34:38
4926,Alibaug Cave,76,Cave,150,750,25,76.7,7.3,2025-05-13 14:13:46
4927,Darjeeling Church,135,Church,30,300,25,69.5,19.6,2025-08-16 11:30:43
4928,Khajuraho Cave,64,Cave,0,0,0,53.1,55.2,2025-10-14 23:13:19
4929,Chilika Temple,90,Temple,20,160,50,74.8,7.3,2026-04-25 05:29:55
4930,Jim Corbett Cave,133,Cave,50,250,25,79.2,5.3,2025-08-27 00:56:06
4931,Nalanda Fort,18,Fort,100,500,50,85.5,0,2026-03-22 14:23:08
4932,Family Recipe Auli Bridge,132,Bridge,0,0,0,91.2,0,2025-07-30 19:03:38
4933,Ranchi Wildlife Sanctuary,45,Lake,50,500,50,52.3,39.7,2025-01-21 13:39:32
4934,Udaipur (Tripura) Wildlife Sanctuary,118,Heritage Walk,50,400,100,75.3,6.5,2026-04-22 18:07:01
4935,Shimla Fort,39,Fort,150,2250,100,58.6,43.4,2025-09-25 08:04:43
4936,Alleppey Monastery,58,Monastery,200,1600,25,71.8,12.7,2025-12-14 04:11:57
4937,Ranchi Bridge,45,Bridge,100,500,50,59.9,43.4,2026-03-08 17:11:26
4938,Bodh Gaya Waterfall,17,Waterfall,150,1500,0,65.4,27.0,2025-10-12 00:08:31
4939,Siliguri National Park,137,Monastery,50,750,25,79.6,3.3,2025-05-31 06:24:39
4940,Roadside Lucknow National Park,119,Garden,150,2250,100,67.1,21.4,2026-01-21 06:20:47
4941,Madurai Temple,107,Temple,30,240,50,71.1,16.1,2026-01-02 22:07:20
4942,Homestyle Surat Zoo,29,Zoo,50,400,0,65.0,31.6,2025-06-22 19:57:19
4943,Ujjain Church,66,Church,30,300,50,71.0,24.4,2025-10-12 16:56:26
4944,Tirupati Zoo,3,Zoo,30,450,50,72.6,13.3,2026-02-09 13:38:53
4945,Faridabad Museum,36,Museum,20,100,100,48.0,52.9,2025-07-21 12:35:44
4946,Wayanad Hill Station Point,60,Beach,30,300,100,89.2,0,2025-09-19 08:47:01
4947,Nagpur Cave,71,Cave,200,1000,100,78.5,7.1,2025-09-10 23:42:44
4948,Lonavala National Park,74,Hill Station Point,10,100,25,71.4,13.9,2025-02-12 10:11:02
4949,Shantiniketan Dam,138,Dam,200,1000,25,72.5,20.4,2026-04-25 16:33:13
4950,Kakinada Beach,6,Beach,30,300,100,83.5,1.3,2025-03-14 03:21:34
4951,Extra Cheesy Alibaug Palace,76,Palace,150,750,0,79.6,6.2,2025-12-13 01:49:35
4952,Traditional Vijayawada Viewpoint,2,Viewpoint,20,100,25,70.5,14.6,2026-03-20 18:08:17
4953,Gwalior Viewpoint,65,Viewpoint,10,50,100,63.1,27.4,2025-12-23 19:08:23
4954,Festival Spiti Zoo,43,Zoo,200,1000,100,65.6,15.3,2026-06-26 04:19:30
4955,Special Mount Abu Palace,100,Palace,150,1200,50,63.8,20.2,2025-10-21 01:54:21
4956,Traditional Auli Viewpoint,132,Viewpoint,10,150,0,64.3,21.7,2025-07-26 21:05:10
4957,Kovalam Heritage Walk,61,Palace,150,750,50,73.3,14.0,2026-04-19 22:41:11
4958,Thiruvananthapuram Zoo,56,Zoo,30,450,25,66.4,12.1,2025-11-18 10:10:49
4959,Pachmarhi Lake,67,Lake,50,400,50,64.4,21.9,2025-03-23 08:32:52
4960,Jim Corbett Church,133,Church,0,0,50,57.7,42.0,2025-04-08 09:36:06
4961,Aizawl Palace,82,Palace,100,1000,100,53.6,26.0,2026-03-28 19:44:22
4962,Digha Lake,136,Lake,200,1600,25,51.8,38.9,2025-03-04 17:31:33
4963,Classic Alibaug Bridge,76,Bridge,10,150,50,65.8,28.8,2025-12-03 16:06:34
4964,Chennai Waterfall,106,Waterfall,200,1000,25,44.0,25.0,2026-02-03 05:29:36
4965,Visakhapatnam Palace,1,Palace,0,0,25,55.2,44.1,2026-02-25 08:23:28
4966,Kovalam Fort,61,Fort,20,100,25,70.4,9.3,2026-05-06 08:40:51
4967,Spicy Shimla Waterfall,39,Waterfall,200,2000,0,90.0,0,2025-05-06 12:03:51
4968,Grandma's Digha Heritage Walk,136,Market,150,1200,0,60.1,26.9,2025-01-25 03:25:46
4969,Vijayawada Market,2,Market,200,1000,0,79.9,4.8,2026-05-14 04:43:51
4970,Aizawl Temple,82,Temple,30,450,0,55.7,26.9,2026-04-23 00:16:55
4971,Agartala Hill Station Point,117,Heritage Walk,0,0,100,87.1,0,2025-09-08 13:07:15
4972,Kohima Palace,84,Palace,200,3000,0,77.4,6.5,2026-04-20 09:29:39
4973,Alibaug Lake,76,Lake,50,400,0,72.5,13.7,2025-11-06 06:30:25
4974,Village-style Mount Abu Cave,100,Cave,20,100,25,76.8,7.7,2026-06-25 05:10:24
4975,Jorhat Museum,12,Museum,50,250,0,63.8,29.0,2025-10-20 17:02:34
4976,Manali Garden,40,Garden,20,300,25,93.5,0,2025-09-17 12:21:12
4977,Jodhpur National Park,97,Heritage Walk,150,1200,100,70.0,15.0,2025-11-25 22:33:54
4978,Bikaner Beach,101,Beach,20,300,100,78.1,6.8,2025-12-20 12:33:59
4979,Bikaner Bridge,101,Bridge,100,500,0,80.6,7.4,2025-09-26 15:14:12
4980,Kurukshetra Church,37,Church,100,1500,0,55.4,41.2,2025-05-26 14:48:20
4981,Siliguri National Park,137,Museum,200,2000,100,67.6,11.9,2026-03-19 16:55:45
4982,Noida Cave,126,Cave,200,2000,0,40.5,30.9,2025-11-12 02:27:18
4983,Homestyle Mangaluru Zoo,51,Zoo,30,300,0,66.1,33.4,2025-02-01 10:11:42
4984,Kochi Monastery,55,Monastery,50,500,0,89.3,0,2026-05-20 15:36:03
4985,Bikaner Church,101,Church,150,750,0,62.6,39.0,2025-12-28 10:31:07
4986,Vadodara Waterfall,30,Waterfall,50,400,0,73.0,9.1,2025-08-26 18:27:20
4987,Manali Church,40,Church,10,50,0,48.1,61.3,2025-03-31 23:11:52
4988,Gwalior Wildlife Sanctuary,65,Fort,20,100,25,63.5,21.6,2025-05-21 16:02:34
4989,Guwahati Fort,10,Fort,100,800,0,82.3,4.1,2025-10-29 22:53:24
4990,Rajahmundry Garden,5,Garden,30,150,0,88.2,0,2026-02-09 01:49:04
4991,Pelling Waterfall,104,Waterfall,100,1500,50,65.9,18.9,2025-10-22 01:37:40
4992,Jodhpur Monastery,97,Monastery,50,400,0,84.8,0.2,2026-02-22 05:10:56
4993,Thanjavur Temple,113,Temple,10,100,25,80.0,7.5,2026-02-02 09:46:48
4994,Thanjavur Fort,113,Fort,50,250,0,67.8,21.3,2026-04-29 18:44:39
4995,Auli Zoo,132,Zoo,0,0,0,73.3,17.8,2025-10-05 12:49:11
4996,Jorhat Bridge,12,Bridge,10,100,0,85.2,0,2025-06-02 21:49:47
4997,Premium Dharamshala Museum,41,Museum,30,150,100,90.7,0,2025-07-18 21:49:46
4998,Kanyakumari National Park,110,National Park,10,150,100,89.2,0,2026-01-03 02:05:24
4999,Orchha Fort,68,Fort,200,1000,0,63.9,34.8,2026-05-20 08:12:15
5000,Family Recipe Surat Temple,29,Temple,50,250,50,83.2,2.2,2025-09-28 09:27:31
5001,Udupi Dam,53,Dam,100,1000,0,35.5,38.3,2025-08-14 21:18:00
5002,Patiala Temple,94,Temple,150,2250,50,77.0,13.9,2025-11-07 13:59:12
5003,Special Dibrugarh Heritage Walk,11,Zoo,30,450,25,88.3,0,2025-10-01 08:36:30
5004,Tawang Market,8,Market,50,500,100,50.0,29.0,2025-04-26 04:40:45
5005,Ziro Church,9,Church,50,250,50,85.7,0,2025-08-22 00:54:48
5006,Hampi Garden,50,Garden,100,1500,0,89.8,0,2025-07-17 08:54:29
5007,Bhopal Monastery,62,Monastery,50,400,0,79.6,8.7,2026-02-09 20:55:29
5008,Gangtok Monastery,103,Monastery,150,750,0,69.2,20.5,2025-09-17 12:05:05
5009,Guntur Temple,4,Temple,150,750,25,55.6,22.7,2025-12-10 02:36:00
5010,Orchha Cave,68,Cave,150,1500,0,55.9,42.1,2025-07-05 01:20:43
5011,Local Favourite Vadodara Waterfall,30,Waterfall,150,750,0,85.5,0,2025-10-22 11:12:15
5012,Homestyle Ooty Market,109,Market,20,200,50,64.3,20.3,2025-05-01 14:51:14
5013,Extra Cheesy Coorg Lake,52,Lake,150,1500,0,76.1,14.6,2025-02-15 10:45:50
5014,Family Recipe Mysuru Market,49,Market,200,1000,0,60.7,27.5,2025-12-25 13:21:09
5015,Kochi Cave,55,Cave,0,0,100,78.8,3.9,2026-05-03 08:44:25
5016,Dehradun Church,127,Church,10,50,50,75.7,9.0,2026-05-15 04:21:01
5017,Jagdalpur Bridge,22,Bridge,20,100,50,49.3,37.2,2025-12-19 14:30:07
5018,Dehradun Museum,127,Museum,0,0,0,83.4,1.8,2026-01-12 18:13:21
5019,Spiti Church,43,Church,0,0,100,56.7,43.1,2025-05-14 18:36:25
5020,Hyderabad Zoo,114,Zoo,30,450,0,84.3,0.5,2026-04-07 03:31:24
5021,Mahabaleshwar National Park,75,Lake,50,750,100,69.6,18.7,2026-03-05 09:53:35
5022,Bhopal Bridge,62,Bridge,150,750,0,77.4,5.8,2025-09-08 11:45:05
5023,Coorg Hill Station Point,52,Bridge,150,1200,25,47.3,35.4,2025-11-03 10:03:30
5024,Puri Market,87,Market,150,1500,50,79.8,8.2,2026-06-16 09:02:29
5025,Homestyle Kohima Monastery,84,Monastery,30,240,0,78.9,3.8,2026-04-10 09:49:17
5026,Mawlynnong Lake,81,Lake,10,100,0,79.3,8.3,2025-08-12 01:55:47
5027,Chandigarh Church,92,Church,20,160,100,86.6,0,2025-11-02 00:25:54
5028,Vasco da Gama National Park,25,Heritage Walk,100,500,100,64.5,21.4,2026-06-28 13:26:59
5029,Village-style Varanasi Wildlife Sanctuary,121,Hill Station Point,100,1500,0,45.0,71.8,2025-07-02 15:23:57
5030,Signature Alleppey Fort,58,Fort,100,1000,100,92.7,0,2025-09-23 20:29:12
5031,Puri Zoo,87,Zoo,50,500,50,73.8,14.1,2025-06-27 06:28:34
5032,Cuttack Lake,89,Lake,20,300,0,89.4,0,2026-03-01 18:36:38
5033,Family Recipe Jagdalpur Museum,22,Museum,150,1200,25,62.8,22.2,2025-02-16 21:43:44
5034,Bilaspur Church,21,Church,30,300,0,83.8,1.9,2026-02-13 04:49:25
5035,Jorhat Lake,12,Lake,20,200,0,92.6,0,2025-05-06 19:35:33
5036,Roadside Ranchi Zoo,45,Zoo,20,200,25,59.2,25.9,2026-02-21 09:18:46
5037,Spicy Bikaner Wildlife Sanctuary,101,Church,150,750,100,77.1,8.8,2026-01-22 09:50:51
5038,Konark Bridge,88,Bridge,20,300,0,75.4,7.2,2025-04-26 17:21:24
5039,Premium Cuttack Palace,89,Palace,50,750,25,79.6,9.0,2025-07-15 00:35:46
5040,Indore Museum,63,Museum,50,250,100,72.6,11.1,2026-01-16 10:05:55
5041,Darjeeling National Park,135,Fort,30,450,0,79.6,9.3,2026-04-16 21:54:03
5042,Wayanad Market,60,Market,10,100,100,71.3,10.2,2025-09-14 22:34:56
5043,Kozhikode Market,59,Market,30,300,100,65.9,13.6,2025-12-19 07:56:30
5044,Roadside Manali Bridge,40,Bridge,30,450,100,74.4,14.3,2025-11-02 18:05:51
5045,Homestyle Kanpur Garden,125,Garden,50,400,0,69.4,23.9,2025-09-16 07:00:08
5046,Chef's Panaji Cave,23,Cave,50,400,0,68.1,13.3,2025-04-29 03:24:30
5047,Nizamabad Temple,116,Temple,30,240,50,85.9,0,2026-05-23 06:01:37
5048,Agra Palace,120,Palace,10,150,50,54.3,44.9,2025-04-19 06:01:56
5049,Deluxe Margao Waterfall,24,Waterfall,200,1600,25,73.4,17.5,2025-08-03 04:58:23
5050,Bhubaneswar Heritage Walk,86,Market,150,750,0,45.8,52.5,2025-06-03 11:50:39
5051,Roadside Manali Monastery,40,Monastery,10,150,0,71.9,13.2,2025-06-10 13:29:05
5052,Shillong Heritage Walk,79,Zoo,0,0,25,76.3,11.4,2025-01-28 06:29:37
5053,Ajmer Cave,102,Cave,30,240,50,86.3,0,2025-04-25 00:50:01
5054,Kanyakumari Waterfall,110,Waterfall,0,0,100,72.8,21.4,2025-01-17 07:03:35
5055,Mahabalipuram Beach,112,Beach,20,300,50,66.5,11.3,2025-12-30 17:36:42
5056,Silchar Lake,14,Lake,0,0,50,65.2,14.3,2025-10-23 22:47:36
5057,Vadodara Garden,30,Garden,200,2000,0,58.4,28.7,2025-09-17 05:07:23
5058,Anjuna Zoo,27,Zoo,10,80,0,81.5,3.0,2026-04-19 16:36:33
5059,Gwalior Garden,65,Garden,0,0,25,70.1,12.1,2025-10-23 12:52:10
5060,Lucknow Waterfall,119,Waterfall,30,300,50,91.9,0,2025-02-04 07:41:47
5061,Grandma's Jaisalmer Dam,98,Dam,200,3000,0,88.7,0,2026-04-17 22:31:49
5062,Patna Bridge,15,Bridge,200,3000,25,71.8,9.4,2025-03-01 13:25:45
5063,Faridabad Waterfall,36,Waterfall,30,150,50,93.0,0,2026-01-02 10:16:27
5064,Quick-bite Rajahmundry Wildlife Sanctuary,5,Bridge,30,450,0,83.0,1.4,2026-03-17 21:26:00
5065,Roadside Calangute Market,26,Market,150,1500,0,53.5,22.0,2026-01-12 18:57:53
5066,Special Cherrapunji Cave,80,Cave,20,300,0,85.8,0,2026-01-23 16:25:19
5067,Homestyle Rajahmundry Dam,5,Dam,100,500,25,50.1,47.6,2025-12-14 13:21:49
5068,Spicy Kolkata Beach,134,Beach,10,100,50,67.1,17.2,2025-07-16 23:38:50
5069,Dalhousie Market,44,Market,50,250,0,42.8,69.4,2026-02-18 10:47:37
5070,Kurukshetra Heritage Walk,37,Bridge,150,1200,100,79.9,8.8,2025-01-10 05:26:02
5071,Bhopal Zoo,62,Zoo,50,250,0,53.9,41.8,2025-09-19 20:27:09
5072,Panipat Temple,38,Temple,20,100,0,59.0,43.9,2025-02-26 01:41:35
5073,Tirupati National Park,3,Wildlife Sanctuary,100,1000,0,66.8,13.0,2025-12-24 11:44:24
5074,Traditional Alibaug Palace,76,Palace,200,2000,100,39.9,35.6,2026-05-23 19:06:53
5075,Extra Cheesy Gir Fort,34,Fort,10,50,50,70.1,19.1,2025-10-20 17:56:49
5076,Vasco da Gama Lake,25,Lake,50,250,25,83.7,1.7,2026-01-15 17:22:35
5077,Jamshedpur Church,46,Church,50,250,25,69.1,25.8,2025-08-08 21:17:08
5078,Deluxe Kozhikode Market,59,Market,100,500,25,70.9,10.3,2025-11-07 09:43:24
5079,Varanasi Hill Station Point,121,Museum,10,100,50,66.5,26.7,2025-12-15 14:16:35
5080,Local Favourite Kurukshetra Wildlife Sanctuary,37,Garden,150,750,25,69.4,18.3,2026-05-11 19:04:16
5081,Kaziranga Church,13,Church,20,300,0,63.9,33.0,2026-03-11 16:16:56
5082,Chilika Market,90,Market,0,0,100,66.8,28.5,2026-02-07 00:36:23
5083,Signature Spiti Temple,43,Temple,20,300,0,38.8,70.6,2025-05-28 07:13:47
5084,Margao Wildlife Sanctuary,24,Market,10,80,0,56.9,44.4,2026-01-31 16:17:29
5085,Premium Thanjavur Temple,113,Temple,10,150,100,69.8,15.5,2025-03-06 03:16:19
5086,Imphal Church,77,Church,10,50,50,91.4,0,2026-06-08 06:04:51
5087,Jorhat National Park,12,Cave,20,100,100,83.8,1.2,2025-03-27 01:52:51
5088,Ayodhya National Park,123,Zoo,0,0,0,57.5,26.4,2026-03-22 18:03:38
5089,Agartala Museum,117,Museum,10,50,100,66.6,21.5,2025-03-29 04:13:20
5090,Festival Shantiniketan Museum,138,Museum,30,450,100,69.3,14.4,2026-03-17 11:16:05
5091,Guntur Waterfall,4,Waterfall,30,240,0,49.9,23.5,2025-01-30 07:28:53
5092,Ujjain Museum,66,Museum,200,2000,50,71.8,15.8,2026-03-01 05:37:12
5093,Traditional Agra Dam,120,Dam,50,400,0,60.9,37.3,2026-04-11 15:12:53
5094,Vadodara Garden,30,Garden,200,1000,0,77.3,5.4,2025-10-31 18:55:48
5095,Faridabad Bridge,36,Bridge,30,450,50,74.1,18.2,2026-03-31 01:11:51
5096,Premium Kullu Temple,42,Temple,10,150,0,59.0,25.3,2025-02-27 10:11:00
5097,Varanasi Cave,121,Cave,20,200,25,58.8,23.7,2025-05-30 16:03:36
5098,Local Favourite Haridwar Fort,129,Fort,30,150,0,89.7,0,2025-05-10 10:47:36
5099,Kolkata Church,134,Church,30,240,50,60.4,25.8,2025-12-21 16:27:33
5100,Coimbatore Garden,108,Garden,50,750,50,56.3,28.8,2026-03-16 02:23:50
5101,Local Favourite Auli Church,132,Church,0,0,100,74.5,7.9,2025-03-02 14:37:38
5102,Gurugram National Park,35,Wildlife Sanctuary,0,0,100,78.2,9.7,2025-01-31 20:05:40
5103,Ujjain Beach,66,Beach,30,240,50,89.1,0,2025-02-19 07:32:25
5104,Panaji Waterfall,23,Waterfall,100,500,25,51.0,37.4,2025-04-04 20:03:19
5105,Gaya Dam,16,Dam,0,0,100,79.0,7.5,2025-12-06 03:31:09
5106,Vadodara Palace,30,Palace,20,100,0,49.2,34.5,2025-06-28 20:58:21
5107,Signature Ahmedabad Market,28,Market,0,0,25,87.5,0,2026-02-19 03:41:28
5108,Kozhikode Fort,59,Fort,0,0,0,78.0,10.1,2025-10-18 19:42:09
5109,Rajgir Monastery,19,Monastery,50,500,0,70.0,26.6,2025-04-26 13:44:08
5110,Tirupati Wildlife Sanctuary,3,Hill Station Point,20,200,0,79.8,6.5,2025-12-20 09:32:02
5111,Madurai Beach,107,Beach,0,0,25,72.5,15.2,2026-05-16 02:53:43
5112,Mawlynnong Zoo,81,Zoo,150,2250,0,60.1,41.7,2025-11-17 13:09:12
5113,Warangal Bridge,115,Bridge,150,1200,0,66.1,15.6,2026-05-12 04:04:14
5114,Vasco da Gama Church,25,Church,100,800,25,61.8,28.4,2025-06-03 08:35:31
5115,Panipat Cave,38,Cave,50,400,25,37.6,46.2,2025-08-14 21:37:57
5116,Shimla Garden,39,Garden,150,2250,25,55.8,33.3,2025-03-08 09:12:58
5117,Traditional Agartala Waterfall,117,Waterfall,20,300,100,88.1,0,2026-06-05 17:22:01
5118,Kakinada Viewpoint,6,Viewpoint,30,300,25,77.7,11.3,2025-06-11 23:13:32
5119,Guwahati Church,10,Church,30,300,50,59.1,16.0,2025-01-11 21:14:03
5120,Mumbai Garden,69,Garden,150,1200,25,71.9,21.7,2025-01-27 16:03:42
5121,Chennai Market,106,Market,30,300,25,64.1,22.7,2026-05-05 17:52:09
5122,Noida Palace,126,Palace,150,750,0,87.5,0,2026-06-17 08:43:06
5123,Jagdalpur Heritage Walk,22,Waterfall,20,100,0,52.3,45.2,2026-03-14 12:14:27
5124,Signature Guntur Palace,4,Palace,50,500,100,81.4,3.0,2026-03-08 10:48:08
5125,Spicy Kurukshetra Cave,37,Cave,200,1600,50,58.2,17.1,2025-02-21 17:14:21
5126,Kanpur Heritage Walk,125,Waterfall,30,240,50,76.2,8.4,2025-10-04 19:45:39
5127,Calangute Cave,26,Cave,200,1000,25,84.5,0.5,2026-03-27 10:11:56
5128,Dwarka Museum,32,Museum,50,500,0,67.0,27.7,2025-09-06 09:16:53
5129,Street-side Kolkata Temple,134,Temple,200,1000,100,79.3,5.2,2025-05-20 06:32:37
5130,Deluxe Agartala Zoo,117,Zoo,200,3000,50,78.2,6.9,2025-10-02 00:25:02
5131,Udaipur Market,96,Market,10,100,100,84.1,1.5,2025-05-31 02:09:12
5132,Grandma's Jaisalmer Bridge,98,Bridge,20,100,25,75.3,12.7,2025-09-19 23:23:28
5133,Grandma's Kovalam Dam,61,Dam,30,450,0,90.9,0,2025-10-15 13:02:41
5134,Amritsar Wildlife Sanctuary,91,Waterfall,0,0,100,88.3,0,2026-01-31 08:22:42
5135,Royal Warangal National Park,115,Market,50,500,100,37.1,34.4,2025-02-21 14:53:43
5136,Anjuna Zoo,27,Zoo,50,400,0,75.9,12.6,2025-02-09 13:34:14
5137,Rajahmundry Hill Station Point,5,Zoo,50,750,50,74.3,12.9,2026-06-09 09:12:37
5138,Shantiniketan Cave,138,Cave,0,0,100,51.8,46.1,2025-04-25 06:34:54
5139,Vasco da Gama Museum,25,Museum,0,0,0,78.8,4.5,2025-07-31 17:41:19
5140,Haridwar Bridge,129,Bridge,0,0,0,91.1,0,2025-07-14 21:16:05
5141,Orchha Heritage Walk,68,Fort,0,0,100,51.8,47.5,2026-05-05 04:34:33
5142,Royal Dibrugarh Viewpoint,11,Viewpoint,0,0,100,76.9,6.4,2025-08-20 21:20:21
5143,Amritsar Temple,91,Temple,20,100,0,89.9,0,2025-12-14 05:42:42
5144,Quick-bite Alibaug Hill Station Point,76,Heritage Walk,0,0,0,83.2,2.2,2025-03-26 13:20:10
5145,Jagdalpur Cave,22,Cave,200,2000,100,91.9,0,2025-04-19 00:33:44
5146,Spicy Surat Hill Station Point,29,Palace,50,250,100,77.4,9.6,2025-09-15 05:34:41
5147,Gurugram Wildlife Sanctuary,35,Beach,30,150,0,78.0,4.5,2026-05-24 17:20:53
5148,Indore Museum,63,Museum,0,0,100,63.0,18.3,2025-06-07 00:11:52
5149,Roadside Panipat Museum,38,Museum,200,3000,25,70.9,21.1,2025-12-24 02:09:10
5150,Amritsar Lake,91,Lake,10,100,50,49.3,51.7,2026-06-08 18:45:54
5151,Orchha Viewpoint,68,Viewpoint,50,250,100,41.8,35.6,2025-04-18 03:06:24
5152,Nalanda Museum,18,Museum,50,400,0,92.1,0,2025-05-15 20:06:06
5153,Deluxe Champhai Monastery,83,Monastery,30,240,50,70.4,24.5,2025-04-08 22:44:18
5154,Gwalior Church,65,Church,100,1000,25,52.7,54.7,2025-06-05 20:22:21
5155,Festival Rajkot Museum,31,Museum,200,3000,25,87.7,0,2025-05-24 08:12:29
5156,Authentic Amritsar Palace,91,Palace,200,2000,0,89.3,0,2025-08-12 00:01:24
5157,Tirupati Zoo,3,Zoo,30,300,50,74.4,16.0,2025-11-28 19:50:55
5158,Extra Cheesy Bikaner Monastery,101,Monastery,20,200,50,75.3,12.6,2025-09-16 15:51:08
5159,Homestyle Mount Abu Temple,100,Temple,0,0,100,92.8,0,2025-08-25 16:27:40
5160,Moirang Hill Station Point,78,Monastery,200,2000,50,67.0,18.9,2025-03-13 19:37:32
5161,Ujjain Cave,66,Cave,0,0,100,92.5,0,2026-03-13 02:17:28
5162,Premium Itanagar National Park,7,Wildlife Sanctuary,0,0,100,73.6,14.0,2025-09-04 06:15:59
5163,Champhai Viewpoint,83,Viewpoint,50,250,0,81.6,6.1,2025-08-05 01:54:23
5164,Calangute Church,26,Church,0,0,100,90.3,0,2026-04-29 23:53:28
5165,Family Recipe Jim Corbett Wildlife Sanctuary,133,Church,50,500,25,83.6,1.1,2026-06-12 15:10:32
5166,Dwarka Market,32,Market,20,300,25,74.0,13.4,2025-05-29 02:16:16
5167,Patna Temple,15,Temple,0,0,0,76.2,11.2,2025-09-08 04:28:16
5168,Guwahati Church,10,Church,0,0,0,54.4,34.9,2025-09-25 05:55:11
5169,Gaya Wildlife Sanctuary,16,Lake,100,500,100,55.0,24.1,2025-08-21 11:31:38
5170,Rameswaram Hill Station Point,111,Fort,150,1500,100,93.8,0,2025-12-02 14:05:05
5171,Gwalior Museum,65,Museum,50,500,25,50.4,20.8,2026-06-08 19:39:45
5172,Ayodhya Fort,123,Fort,30,150,50,77.5,12.3,2025-01-05 00:33:12
5173,Mussoorie Temple,131,Temple,20,200,50,56.9,36.0,2026-02-17 21:57:18
5174,Royal Nashik Temple,72,Temple,100,1000,50,70.2,16.7,2026-02-03 00:18:09
5175,Spicy Gangtok Monastery,103,Monastery,200,1600,0,55.0,27.1,2026-01-09 09:52:03
5176,Aurangabad Garden,73,Garden,50,500,50,91.9,0,2026-01-14 10:52:40
5177,Manali Garden,40,Garden,30,150,100,82.0,2.0,2026-06-01 04:51:34
5178,Grandma's Pachmarhi Museum,67,Museum,10,80,0,68.4,15.6,2026-06-18 20:33:20
5179,Deluxe Itanagar Hill Station Point,7,Palace,50,400,50,53.4,55.1,2026-05-26 06:24:50
5180,Gwalior Beach,65,Beach,20,160,25,76.2,12.9,2025-08-17 21:22:48
5181,Agra National Park,120,Market,0,0,25,53.0,55.2,2026-01-25 05:43:22
5182,Grandma's Shillong Viewpoint,79,Viewpoint,50,500,0,89.1,0,2025-09-15 15:58:44
5183,Gurugram Viewpoint,35,Viewpoint,100,800,100,56.8,29.3,2026-05-06 20:27:31
5184,Calangute Fort,26,Fort,200,2000,0,83.2,1.7,2025-06-02 17:12:47
5185,Wayanad Market,60,Market,0,0,0,79.7,4.4,2025-07-13 00:08:09
5186,Pelling Museum,104,Museum,20,100,0,59.8,38.1,2026-01-09 15:43:58
5187,Village-style Hyderabad Garden,114,Garden,50,400,0,82.4,1.6,2026-04-14 08:58:36
5188,Rameswaram Garden,111,Garden,0,0,100,43.7,34.5,2025-03-08 16:31:51
5189,Quick-bite Dibrugarh Hill Station Point,11,Market,100,800,0,71.2,17.5,2026-01-29 13:07:38
5190,Mussoorie Viewpoint,131,Viewpoint,0,0,0,90.3,0,2026-04-08 12:50:50
5191,Faridabad Lake,36,Lake,0,0,100,88.7,0,2025-05-23 09:32:45
5192,Noida Garden,126,Garden,20,160,100,89.4,0,2025-11-13 01:22:01
5193,Tirupati Museum,3,Museum,100,1000,0,79.5,6.2,2025-08-01 00:56:32
5194,Surat Temple,29,Temple,200,3000,50,74.8,8.5,2025-07-15 19:37:06
5195,Deluxe Kanpur Church,125,Church,10,50,0,55.5,45.1,2025-11-26 13:30:35
5196,Mount Abu Wildlife Sanctuary,100,National Park,20,300,50,79.7,8.7,2026-02-22 16:25:13
5197,Udupi Beach,53,Beach,50,750,50,77.9,5.2,2026-01-20 14:38:37
5198,Coimbatore Dam,108,Dam,200,1600,50,63.4,37.9,2025-01-05 13:53:40
5199,Festival Shimla Monastery,39,Monastery,30,240,50,52.7,22.6,2025-05-16 05:58:47
5200,Panipat Beach,38,Beach,200,2000,25,53.7,44.9,2025-03-19 06:51:52
5201,Hampi Waterfall,50,Waterfall,20,160,50,75.4,7.8,2026-02-16 13:46:00
5202,Patiala Waterfall,94,Waterfall,100,1500,100,54.4,34.5,2025-07-04 13:11:23
5203,Nagpur Cave,71,Cave,50,500,100,67.7,13.4,2026-01-24 17:29:58
5204,Faridabad Bridge,36,Bridge,100,800,0,49.4,62.0,2026-03-05 05:37:38
5205,Rajkot Fort,31,Fort,0,0,0,71.7,16.3,2026-01-30 01:47:16
5206,Traditional Dibrugarh Hill Station Point,11,Viewpoint,50,250,0,66.8,31.1,2025-09-20 09:54:46
5207,Signature Dalhousie Fort,44,Fort,10,150,0,78.9,4.1,2025-06-20 01:13:59
5208,Ayodhya Hill Station Point,123,Beach,200,2000,0,70.0,19.2,2025-01-29 16:20:15
5209,Traditional Panipat Lake,38,Lake,50,250,25,71.0,23.8,2025-08-19 04:52:58
5210,Panaji Garden,23,Garden,50,250,100,72.3,10.4,2025-07-10 11:05:35
5211,Nagpur Garden,71,Garden,20,100,25,49.5,39.2,2026-04-03 03:42:45
5212,Chef's Jagdalpur Palace,22,Palace,20,300,100,60.8,40.7,2025-08-17 07:26:34
5213,Jodhpur Fort,97,Fort,50,250,0,67.2,16.3,2026-01-30 16:37:27
5214,Jaisalmer Temple,98,Temple,0,0,0,60.9,37.1,2026-05-30 09:39:54
5215,Special Dwarka Lake,32,Lake,0,0,25,81.1,5.6,2025-12-17 09:57:16
5216,Gwalior Lake,65,Lake,200,3000,50,68.0,13.9,2025-12-28 05:50:17
5217,Kochi Museum,55,Museum,30,150,100,75.8,9.9,2025-08-08 08:09:28
5218,Rameswaram Palace,111,Palace,50,500,50,55.3,48.1,2026-06-11 08:46:43
5219,Nizamabad Museum,116,Museum,50,400,0,57.8,47.3,2025-01-16 15:08:20
5220,Local Favourite Dimapur Heritage Walk,85,National Park,10,80,0,53.0,29.3,2025-06-18 04:38:50
5221,Kanyakumari Wildlife Sanctuary,110,Wildlife Sanctuary,0,0,25,80.7,7.4,2025-01-30 18:23:40
5222,Vijayawada Lake,2,Lake,30,150,0,69.3,20.0,2026-01-01 09:48:02
5223,Traditional Jagdalpur Viewpoint,22,Viewpoint,0,0,0,79.3,5.5,2025-11-03 15:41:37
5224,Ziro Temple,9,Temple,20,100,50,49.7,51.1,2026-03-18 21:12:46
5225,Noida Hill Station Point,126,Waterfall,10,100,0,74.8,7.7,2026-02-23 07:59:15
5226,Extra Cheesy Kaziranga Fort,13,Fort,150,2250,100,53.8,44.0,2025-04-21 00:42:19
5227,Hampi Museum,50,Museum,30,300,100,89.6,0,2026-01-22 03:36:34
5228,Homestyle Kovalam Church,61,Church,10,50,100,88.4,0,2025-12-03 10:10:00
5229,Udupi Temple,53,Temple,100,500,100,59.3,41.5,2025-07-04 22:04:58
5230,Extra Cheesy Puri Beach,87,Beach,0,0,0,78.9,5.6,2025-05-20 04:36:01
5231,Ujjain Beach,66,Beach,50,750,100,95.6,0,2026-02-09 06:17:08
5232,Prayagraj Viewpoint,124,Viewpoint,150,2250,0,73.4,16.9,2026-06-12 16:36:17
5233,Kovalam Market,61,Market,30,240,50,61.7,26.4,2025-12-31 15:21:34
5234,Nagpur National Park,71,Cave,150,1500,0,75.2,15.2,2025-02-05 23:26:17
5235,Pelling Zoo,104,Zoo,20,200,100,54.8,24.9,2026-06-14 23:36:00
5236,Haridwar Church,129,Church,30,450,25,76.3,8.8,2025-11-14 12:47:17
5237,Extra Cheesy Kochi Wildlife Sanctuary,55,Temple,100,1500,0,79.1,10.1,2025-02-13 01:01:47
5238,Ooty Heritage Walk,109,Temple,10,50,100,59.3,45.6,2025-03-17 23:29:07
5239,Family Recipe Chilika Hill Station Point,90,Fort,200,2000,100,64.9,31.0,2026-01-04 06:06:35
5240,Street-side Alibaug Cave,76,Cave,150,1200,0,75.6,14.9,2025-07-15 03:53:52
5241,Family Recipe Ahmedabad Temple,28,Temple,150,1200,100,78.3,9.3,2025-05-25 18:24:10
5242,Classic Spiti Temple,43,Temple,200,3000,0,79.5,7.1,2025-03-30 09:24:17
5243,Auli Garden,132,Garden,50,400,50,65.5,17.1,2025-06-10 15:13:22
5244,Chennai Viewpoint,106,Viewpoint,0,0,0,87.6,0,2025-03-08 05:53:55
5245,Quick-bite Pachmarhi Church,67,Church,30,240,100,45.8,60.3,2025-06-09 05:59:04
5246,Dharamshala Heritage Walk,41,Museum,50,250,25,79.8,6.1,2025-06-09 02:18:04
5247,Chandigarh Palace,92,Palace,100,1000,25,73.3,19.8,2026-04-26 20:36:19
5248,Traditional Coimbatore Monastery,108,Monastery,200,1000,0,84.1,1.5,2025-04-11 06:06:05
5249,Nagpur Waterfall,71,Waterfall,0,0,0,70.9,9.3,2025-06-18 15:15:39
5250,Noida Church,126,Church,50,400,0,58.7,44.9,2025-11-15 18:20:59
5251,Spicy Udaipur (Tripura) Waterfall,118,Waterfall,30,450,25,63.6,36.1,2025-06-21 06:02:02
5252,Rajgir Waterfall,19,Waterfall,150,1500,0,69.5,22.2,2025-07-06 05:40:44
5253,Premium Imphal Lake,77,Lake,50,400,0,83.8,2.1,2025-01-12 19:14:36
5254,Indore Beach,63,Beach,10,80,50,72.9,15.9,2025-02-01 15:04:04
5255,Thiruvananthapuram Monastery,56,Monastery,50,750,0,64.1,24.6,2025-12-24 06:18:58
5256,Mussoorie Lake,131,Lake,0,0,0,57.2,33.8,2025-05-28 02:40:04
5257,Champhai Lake,83,Lake,50,250,25,81.1,6.4,2025-04-05 14:05:22
5258,Special Shimla Hill Station Point,39,Beach,20,300,0,83.8,1.6,2026-04-13 06:51:57
5259,Ludhiana Wildlife Sanctuary,93,Market,0,0,50,79.2,10.1,2025-12-30 18:36:59
5260,Pune Temple,70,Temple,200,1600,25,71.5,24.1,2025-07-13 03:34:22
5261,Tirupati Viewpoint,3,Viewpoint,10,100,25,54.5,33.2,2026-04-17 19:24:00
5262,Extra Cheesy Lachung Heritage Walk,105,National Park,100,800,50,48.1,61.7,2025-12-29 11:48:23
5263,Nalanda Lake,18,Lake,150,1200,0,78.0,6.1,2025-08-28 19:10:12
5264,Visakhapatnam Cave,1,Cave,0,0,100,43.9,25.0,2026-01-30 08:23:09
5265,Haridwar Palace,129,Palace,50,500,25,62.9,35.7,2025-05-26 06:50:21
5266,Calangute Museum,26,Museum,0,0,0,79.7,7.9,2025-03-16 11:39:17
5267,Pelling Waterfall,104,Waterfall,0,0,100,74.1,11.9,2025-05-06 01:26:34
5268,Vadodara Lake,30,Lake,50,400,50,83.7,1.1,2025-06-17 10:58:58
5269,Homestyle Ayodhya Zoo,123,Zoo,30,240,25,75.5,14.0,2025-05-31 22:01:00
5270,Bikaner Beach,101,Beach,10,150,0,52.6,57.0,2025-03-31 21:25:04
5271,Jorhat Waterfall,12,Waterfall,30,150,0,72.9,17.0,2026-03-03 20:37:11
5272,Cuttack Museum,89,Museum,100,1000,100,62.1,22.2,2025-02-10 22:05:59
5273,Shillong Heritage Walk,79,Museum,200,1000,25,80.7,6.3,2026-03-11 07:20:18
5274,Varanasi Hill Station Point,121,Fort,0,0,25,77.0,8.8,2025-09-21 06:05:58
5275,Auli Bridge,132,Bridge,10,80,0,88.5,0,2026-05-29 10:38:11
5276,Gwalior Museum,65,Museum,30,450,50,85.7,0,2025-06-20 18:19:43
5277,Coorg Beach,52,Beach,10,150,0,57.1,42.1,2025-08-31 11:10:32
5278,Silchar Garden,14,Garden,200,1000,100,81.6,3.5,2025-05-04 01:24:22
5279,Kolkata Zoo,134,Zoo,200,3000,0,69.4,17.3,2025-05-31 15:24:36
5280,Pushkar Hill Station Point,99,Beach,100,1500,25,63.9,31.1,2026-03-24 00:28:48
5281,Chandigarh Cave,92,Cave,100,500,50,78.9,8.5,2025-03-10 15:07:32
5282,Manali Palace,40,Palace,100,500,25,81.6,2.8,2025-11-23 06:53:57
5283,Classic Udaipur Fort,96,Fort,0,0,0,41.9,70.4,2026-03-09 17:35:58
5284,Street-side Surat Fort,29,Fort,50,250,50,68.0,16.6,2025-08-22 16:09:33
5285,Raipur Temple,20,Temple,100,500,25,50.6,45.3,2025-11-05 02:57:26
5286,Grandma's Dalhousie Viewpoint,44,Viewpoint,100,500,0,54.2,37.5,2025-07-31 13:53:58
5287,Spicy Shantiniketan Waterfall,138,Waterfall,100,800,0,42.9,72.5,2025-06-13 18:36:30
5288,Signature Hampi Palace,50,Palace,0,0,50,72.4,10.0,2026-06-02 20:05:36
5289,Street-side Coimbatore Palace,108,Palace,50,250,50,45.8,65.9,2026-03-15 15:20:26
5290,Udaipur (Tripura) Waterfall,118,Waterfall,150,1500,0,67.5,27.9,2025-10-23 13:06:08
5291,Village-style Ajmer Bridge,102,Bridge,10,50,0,50.6,43.8,2025-06-17 15:17:10
5292,Grandma's Margao Zoo,24,Zoo,30,300,50,54.5,27.9,2025-05-09 17:56:37
5293,Lonavala Monastery,74,Monastery,150,1500,0,51.0,54.1,2025-10-04 02:36:28
5294,Thiruvananthapuram Fort,56,Fort,10,100,0,54.1,23.3,2026-04-30 10:48:54
5295,Premium Raipur Wildlife Sanctuary,20,Beach,100,800,0,65.6,27.9,2025-06-30 17:16:12
5296,Spicy Spiti National Park,43,Zoo,100,500,100,62.5,17.4,2025-07-06 04:05:04
5297,Jaipur Beach,95,Beach,20,300,0,62.1,27.7,2025-07-10 19:52:52
5298,Royal Udaipur (Tripura) Zoo,118,Zoo,150,1200,0,83.4,1.0,2026-05-22 11:54:13
5299,Traditional Panaji Cave,23,Cave,0,0,100,76.8,10.5,2025-01-01 17:33:18
5300,Kolkata Monastery,134,Monastery,200,1000,0,67.5,10.7,2025-08-20 16:29:53
5301,Auli Beach,132,Beach,10,50,25,55.9,29.2,2025-09-09 04:01:10
5302,Noida Zoo,126,Zoo,0,0,0,75.9,14.5,2025-05-06 12:12:42
5303,Authentic Orchha Viewpoint,68,Viewpoint,0,0,0,83.5,1.1,2026-02-20 18:04:46
5304,Gaya Palace,16,Palace,30,150,50,67.4,19.2,2025-01-18 16:39:37
5305,Kozhikode Church,59,Church,200,1000,0,78.1,8.8,2026-02-26 03:21:59
5306,Khajuraho Garden,64,Garden,100,1000,0,50.6,46.3,2025-03-03 23:11:02
5307,Vadodara Dam,30,Dam,20,160,100,68.5,11.3,2025-03-29 06:24:22
5308,Dibrugarh Waterfall,11,Waterfall,10,80,25,65.3,19.6,2025-01-05 01:20:57
5309,Orchha Cave,68,Cave,0,0,0,57.3,41.8,2025-02-11 16:46:48
5310,Agra Heritage Walk,120,Fort,150,2250,25,79.4,9.3,2026-05-15 12:37:51
5311,Quick-bite Mahabaleshwar Church,75,Church,10,80,50,55.2,27.3,2025-07-07 23:37:44
5312,Raipur Monastery,20,Monastery,200,3000,50,79.9,3.4,2026-01-01 16:56:23
5313,Auli Cave,132,Cave,100,1000,100,63.8,36.9,2025-02-09 17:57:57
5314,Jaipur Viewpoint,95,Viewpoint,50,750,25,87.4,0,2025-08-10 05:24:38
5315,Traditional Jaipur National Park,95,Beach,150,750,100,83.2,2.3,2025-07-12 02:05:32
5316,Bengaluru Wildlife Sanctuary,48,Monastery,50,750,0,76.5,10.3,2026-05-07 05:39:21
5317,Patiala Lake,94,Lake,50,750,25,37.9,73.9,2025-03-03 19:20:21
5318,Aurangabad Museum,73,Museum,150,750,100,53.8,27.4,2025-11-10 06:42:12
5319,Quick-bite Indore Museum,63,Museum,150,1500,50,56.8,35.6,2026-05-26 23:58:15
5320,Silchar Market,14,Market,150,1500,25,71.1,22.8,2025-10-02 10:07:05
5321,Vijayawada Fort,2,Fort,200,3000,0,87.0,0,2026-03-20 15:22:28
5322,Puri Fort,87,Fort,0,0,0,92.6,0,2026-04-15 04:49:52
5323,Kakinada Lake,6,Lake,0,0,25,81.1,5.6,2025-09-25 19:42:52
5324,Ahmedabad Dam,28,Dam,200,1000,0,78.3,7.0,2026-04-30 01:07:41
5325,Village-style Faridabad Temple,36,Temple,50,400,25,74.8,6.7,2026-06-19 23:06:57
5326,Alibaug Beach,76,Beach,10,80,0,62.3,33.4,2026-05-17 17:34:17
5327,Village-style Chandigarh Church,92,Church,200,3000,50,86.3,0,2025-09-28 17:30:48
5328,Dwarka Beach,32,Beach,200,1600,0,67.9,25.1,2026-06-13 01:56:14
5329,Warangal Museum,115,Museum,30,450,0,93.9,0,2025-02-21 19:19:02
5330,Dalhousie Cave,44,Cave,50,250,25,66.5,31.2,2026-04-16 11:26:17
5331,Agartala National Park,117,National Park,200,2000,100,83.9,1.8,2026-01-07 10:24:30
5332,Alibaug Fort,76,Fort,20,100,0,66.8,30.3,2025-12-01 06:17:22
5333,Quick-bite Jim Corbett Dam,133,Dam,30,240,100,74.0,11.9,2025-07-04 03:11:36
5334,Signature Mawlynnong Market,81,Market,100,800,100,91.8,0,2026-01-19 18:42:58
5335,Surat Church,29,Church,20,200,0,45.4,43.2,2026-06-28 11:19:26
5336,Jagdalpur Bridge,22,Bridge,150,1200,100,75.7,8.7,2025-10-17 13:21:16
5337,Kohima Hill Station Point,84,Lake,20,300,25,63.1,28.6,2025-09-01 15:27:11
5338,Bhopal Temple,62,Temple,20,160,0,71.2,10.6,2026-01-19 13:31:36
5339,Jaipur National Park,95,Bridge,50,500,0,83.7,1.6,2025-07-01 09:07:38
5340,Thiruvananthapuram Palace,56,Palace,100,1000,0,50.5,60.0,2026-06-08 20:05:03
5341,Pachmarhi Palace,67,Palace,50,250,100,70.9,15.9,2025-12-23 15:56:07
5342,Ajmer Palace,102,Palace,0,0,50,91.7,0,2026-06-19 18:29:46
5343,Roadside Gwalior Dam,65,Dam,100,1500,0,85.3,0,2026-05-27 03:38:19
5344,Panaji Market,23,Market,0,0,0,57.7,27.5,2026-05-01 08:39:12
5345,Kanyakumari Monastery,110,Monastery,200,2000,50,73.6,12.1,2026-05-03 06:52:40
5346,Jorhat Wildlife Sanctuary,12,Museum,10,80,0,66.7,29.9,2025-08-29 12:05:33
5347,Mumbai Fort,69,Fort,200,2000,100,54.0,52.5,2026-02-14 00:39:24
5348,Noida Wildlife Sanctuary,126,Church,200,3000,100,71.8,13.2,2025-09-14 04:18:57
5349,Deluxe Pune Cave,70,Cave,20,160,0,94.8,0,2026-02-02 15:09:12
5350,Ranchi Museum,45,Museum,10,80,0,85.8,0,2026-03-07 22:37:09
5351,Quick-bite Kullu Church,42,Church,30,150,25,67.2,22.4,2025-06-26 15:35:00
5352,Dwarka Beach,32,Beach,10,80,100,56.7,48.3,2025-08-31 12:28:59
5353,Chef's Dharamshala Market,41,Market,200,1000,100,49.5,42.2,2026-06-05 19:39:05
5354,Traditional Rajahmundry Bridge,5,Bridge,10,50,0,63.0,21.5,2026-05-03 20:35:05
5355,Gangtok Garden,103,Garden,150,1500,100,86.3,0,2025-01-18 22:04:27
5356,Imphal Hill Station Point,77,Church,100,800,0,68.5,24.8,2025-04-20 20:14:15
5357,Udaipur (Tripura) Viewpoint,118,Viewpoint,20,160,0,69.8,13.4,2025-08-30 04:58:57
5358,Ludhiana Monastery,93,Monastery,10,100,0,50.2,27.8,2025-06-04 22:02:22
5359,Gurugram Cave,35,Cave,150,1200,100,69.5,24.4,2026-06-26 06:30:30
5360,Royal Gaya Viewpoint,16,Viewpoint,100,1500,100,64.7,35.6,2025-02-01 08:04:02
5361,Warangal Beach,115,Beach,20,100,0,61.1,31.2,2025-06-17 05:52:36
5362,Deluxe Calangute Palace,26,Palace,200,3000,100,88.7,0,2026-01-19 16:50:29
5363,Gaya Market,16,Market,200,3000,50,84.4,0.5,2025-08-03 08:34:20
5364,Prayagraj Fort,124,Fort,100,1000,50,51.9,52.9,2026-05-09 00:03:32
5365,Somnath Church,33,Church,100,500,50,83.1,2.5,2026-05-25 03:09:27
5366,Nagpur Viewpoint,71,Viewpoint,0,0,0,90.9,0,2025-07-11 21:48:59
5367,Alibaug Wildlife Sanctuary,76,National Park,10,80,50,79.9,3.1,2025-06-24 00:21:29
5368,Champhai Temple,83,Temple,150,750,0,88.0,0,2025-09-05 18:35:02
5369,Coorg Waterfall,52,Waterfall,100,1500,0,55.9,27.0,2025-08-02 13:16:58
5370,Jaisalmer Museum,98,Museum,30,300,50,58.7,44.5,2026-03-24 20:31:11
5371,Kozhikode National Park,59,Market,20,100,100,82.1,2.6,2026-04-15 13:06:50
5372,Thiruvananthapuram Beach,56,Beach,0,0,0,87.7,0,2025-02-14 13:06:46
5373,Roadside Bilaspur Market,21,Market,150,750,100,69.7,22.3,2026-06-26 05:56:28
5374,Mahabalipuram Cave,112,Cave,150,2250,25,70.0,17.3,2026-03-21 18:49:30
5375,Rishikesh Market,128,Market,100,800,0,70.6,22.2,2026-06-21 22:50:19
5376,Ranchi Heritage Walk,45,Cave,30,450,50,83.9,1.9,2026-02-20 19:54:22
5377,Gwalior Fort,65,Fort,100,800,25,64.4,31.2,2025-08-17 20:03:05
5378,Authentic Lonavala National Park,74,Waterfall,30,240,0,74.6,10.0,2025-05-13 19:28:30
5379,Guwahati National Park,10,Hill Station Point,200,2000,50,53.7,34.8,2026-03-18 06:51:07
5380,Homestyle Bhopal Lake,62,Lake,0,0,50,73.8,14.6,2026-01-21 20:23:00
5381,Deluxe Coorg Heritage Walk,52,Heritage Walk,10,100,100,66.7,13.0,2025-12-17 04:10:45
5382,Dharamshala Viewpoint,41,Viewpoint,50,500,100,73.7,17.1,2025-01-11 03:41:35
5383,Premium Chennai Market,106,Market,100,1000,0,53.2,23.9,2026-05-23 07:42:48
5384,Prayagraj Bridge,124,Bridge,50,250,0,79.8,8.8,2025-05-10 05:10:38
5385,Surat Market,29,Market,20,300,0,62.8,31.2,2025-07-04 22:38:01
5386,Village-style Dharamshala National Park,41,Palace,30,300,0,73.3,16.1,2025-09-11 03:04:30
5387,Village-style Lachung Temple,105,Temple,150,1500,100,51.4,30.0,2025-05-05 04:01:13
5388,Kohima Cave,84,Cave,50,400,50,72.5,8.9,2026-04-07 06:22:01
5389,Nashik Temple,72,Temple,50,400,0,63.3,20.3,2026-05-03 18:20:49
5390,Classic Shantiniketan Bridge,138,Bridge,20,300,0,86.3,0,2026-04-01 06:55:37
5391,Vadodara Beach,30,Beach,10,100,0,66.7,17.7,2025-08-27 22:55:18
5392,Jamshedpur Zoo,46,Zoo,10,150,50,85.2,0,2026-04-14 01:31:26
5393,Jim Corbett Heritage Walk,133,Museum,20,200,0,84.4,0.8,2025-06-27 16:23:45
5394,Pelling Cave,104,Cave,0,0,0,86.7,0,2026-02-03 07:36:55
5395,Panipat Museum,38,Museum,200,2000,50,66.3,24.3,2026-01-19 19:13:47
5396,Ziro Zoo,9,Zoo,100,1500,0,92.0,0,2025-03-27 02:47:40
5397,Street-side Coimbatore Hill Station Point,108,Temple,10,100,25,83.4,2.7,2025-04-09 04:57:14
5398,Cuttack Church,89,Church,10,80,0,92.6,0,2025-07-17 00:03:43
5399,Mathura Garden,122,Garden,30,450,50,87.1,0,2025-07-20 02:50:20
5400,Kanyakumari National Park,110,Museum,50,400,100,61.6,36.3,2025-10-02 05:32:38
5401,Festival Coimbatore Waterfall,108,Waterfall,20,100,100,70.4,14.2,2026-06-22 12:01:27
5402,Family Recipe Rameswaram Zoo,111,Zoo,0,0,25,75.1,13.4,2025-03-06 10:45:04
5403,Dharamshala Temple,41,Temple,100,800,25,76.6,12.6,2026-04-06 15:37:22
5404,Classic Panipat Zoo,38,Zoo,50,500,50,90.1,0,2025-10-16 04:04:22
5405,Kanpur Cave,125,Cave,10,150,0,58.2,46.9,2025-11-29 01:51:25
5406,Kalimpong National Park,139,Garden,200,1600,50,62.4,28.8,2025-12-15 14:57:06
5407,Ayodhya Hill Station Point,123,Hill Station Point,200,2000,25,80.3,5.8,2026-02-27 06:50:20
5408,Noida Fort,126,Fort,100,1500,0,53.8,53.5,2026-06-15 09:35:19
5409,Aurangabad Fort,73,Fort,20,300,50,68.8,10.2,2025-08-31 06:31:02
5410,Digha Beach,136,Beach,0,0,50,82.2,2.9,2025-11-08 12:01:40
5411,Classic Tawang Market,8,Market,20,300,25,43.2,33.3,2026-05-18 07:23:58
5412,Puri Museum,87,Museum,100,500,0,45.2,41.0,2025-03-28 19:18:00
5413,Shillong Viewpoint,79,Viewpoint,10,100,0,69.8,20.2,2025-04-30 08:09:23
5414,Moirang Waterfall,78,Waterfall,50,400,25,56.1,26.4,2025-08-12 07:47:21
5415,Calangute Beach,26,Beach,200,2000,25,48.0,28.8,2026-03-28 19:51:49
5416,Guwahati Viewpoint,10,Viewpoint,100,1500,0,84.6,0.6,2025-05-02 22:40:22
5417,Festival Bhopal Hill Station Point,62,Lake,10,80,25,71.0,23.1,2026-05-08 04:10:47
5418,Champhai Market,83,Market,30,450,50,76.3,9.4,2026-06-07 14:31:06
5419,Spicy Jamshedpur Temple,46,Temple,20,300,0,57.5,40.4,2026-05-22 22:02:05
5420,Classic Calangute Waterfall,26,Waterfall,50,400,25,85.4,0,2025-12-24 23:07:47
5421,Vadodara Market,30,Market,10,80,100,56.2,25.8,2025-02-01 13:19:44
5422,Gir Market,34,Market,30,450,0,81.6,4.0,2025-03-25 16:14:57
5423,Madurai Garden,107,Garden,150,1200,25,67.0,20.2,2025-12-03 21:02:54
5424,Jodhpur Waterfall,97,Waterfall,150,1500,0,71.5,12.4,2025-09-20 13:35:53
5425,Traditional Mawlynnong Fort,81,Fort,20,160,100,59.8,35.5,2025-09-10 08:17:59
5426,Family Recipe Panipat Lake,38,Lake,30,450,25,63.8,19.6,2026-05-19 02:46:46
5427,Manali Lake,40,Lake,100,1500,0,62.6,32.9,2025-10-29 03:38:50
5428,Siliguri Fort,137,Fort,150,1500,0,54.3,49.1,2026-06-17 09:46:16
5429,Nalanda Church,18,Church,0,0,0,52.6,40.3,2025-01-07 17:51:44
5430,Guwahati Zoo,10,Zoo,0,0,100,65.8,12.4,2026-05-15 10:13:07
5431,Moirang Church,78,Church,0,0,25,68.4,27.9,2025-05-13 08:33:23
5432,Chandigarh Lake,92,Lake,200,3000,50,56.4,48.8,2026-03-22 06:47:27
5433,Aizawl Wildlife Sanctuary,82,Beach,200,3000,25,58.0,29.7,2026-04-13 09:25:29
5434,Nashik Beach,72,Beach,150,1200,25,93.5,0,2026-03-08 22:08:45
5435,Festival Wayanad Palace,60,Palace,20,160,0,50.9,59.5,2026-03-20 08:13:58
5436,Munnar Church,57,Church,50,750,25,50.4,46.8,2026-05-20 01:07:46
5437,Surat Temple,29,Temple,50,750,0,65.4,17.3,2025-02-16 07:53:19
5438,Coorg Hill Station Point,52,Beach,200,1000,0,63.9,36.2,2025-05-01 02:53:27
5439,Shantiniketan Monastery,138,Monastery,30,300,0,49.2,44.1,2025-12-19 01:02:59
5440,Festival Deoghar Temple,47,Temple,0,0,0,61.8,21.4,2026-01-09 03:49:10
5441,Patiala Hill Station Point,94,Palace,150,2250,50,90.8,0,2025-05-10 02:11:53
5442,Deluxe Ujjain Garden,66,Garden,100,800,100,73.2,16.5,2025-11-07 19:32:48
5443,Grandma's Dharamshala Hill Station Point,41,Museum,10,50,0,84.3,1.1,2025-12-29 00:00:30
5444,Dehradun Temple,127,Temple,200,2000,0,87.1,0,2026-02-11 17:15:06
5445,Hampi Monastery,50,Monastery,30,450,0,62.4,27.3,2025-10-12 14:25:46
5446,Manali Dam,40,Dam,50,250,50,81.7,2.9,2025-05-22 03:01:19
5447,Pune Monastery,70,Monastery,50,250,50,86.5,0,2025-09-07 15:01:57
5448,Hubballi Beach,54,Beach,10,100,100,62.7,23.4,2025-11-15 02:01:42
5449,Gurugram Waterfall,35,Waterfall,150,2250,25,64.6,32.6,2025-03-21 16:27:57
5450,Kochi Market,55,Market,30,150,0,73.2,11.8,2025-11-05 07:00:01
5451,Authentic Wayanad Waterfall,60,Waterfall,0,0,25,76.8,11.6,2026-06-13 02:46:34
5452,Rishikesh Cave,128,Cave,100,1000,25,86.7,0,2026-01-01 18:29:21
5453,Hampi Monastery,50,Monastery,20,160,50,80.7,4.0,2025-02-28 13:40:52
5454,Vijayawada Viewpoint,2,Viewpoint,30,300,50,75.5,15.2,2025-06-07 04:41:41
5455,Chef's Khajuraho Monastery,64,Monastery,150,1200,50,57.7,43.8,2026-03-17 13:28:40
5456,Deoghar Zoo,47,Zoo,30,300,25,78.0,9.4,2025-07-26 14:01:06
5457,Agartala Museum,117,Museum,50,750,0,57.8,20.6,2025-08-28 06:44:26
5458,Spicy Agra Zoo,120,Zoo,50,400,0,62.7,19.0,2025-09-08 02:39:08
5459,Jagdalpur Church,22,Church,30,450,100,54.8,46.4,2025-01-14 04:05:18
5460,Street-side Konark Heritage Walk,88,National Park,100,800,0,49.4,34.9,2025-05-12 01:27:37
5461,Festival Kakinada Museum,6,Museum,200,1000,0,42.0,30.0,2025-10-16 00:02:05
5462,Kozhikode Zoo,59,Zoo,100,1500,50,49.1,24.0,2025-03-06 22:13:39
5463,Ajmer Viewpoint,102,Viewpoint,50,750,25,45.5,58.6,2025-05-06 23:38:21
5464,Traditional Dwarka Dam,32,Dam,150,750,0,59.1,19.0,2026-03-28 14:26:37
5465,Jim Corbett National Park,133,National Park,100,500,25,51.2,20.4,2026-02-25 00:11:27
5466,Authentic Bengaluru Church,48,Church,10,80,0,67.5,22.0,2025-09-09 19:25:49
5467,Nashik Monastery,72,Monastery,10,80,0,73.3,9.4,2025-09-08 23:57:22
5468,Jamshedpur Monastery,46,Monastery,150,1200,100,75.9,6.6,2025-03-21 01:58:44
5469,Panaji Zoo,23,Zoo,150,1500,0,67.2,27.5,2025-04-15 21:11:26
5470,Jaisalmer Palace,98,Palace,100,500,50,76.7,9.9,2026-04-21 06:45:21
5471,Rameswaram Palace,111,Palace,200,1000,100,60.6,36.5,2026-03-17 03:01:01
5472,Spicy Champhai Hill Station Point,83,Market,0,0,25,56.0,46.2,2025-07-24 06:20:32
5473,Traditional Raipur National Park,20,Market,0,0,100,76.5,10.4,2026-01-28 12:26:02
5474,Chennai Museum,106,Museum,200,2000,50,68.1,13.9,2026-01-10 09:26:15
5475,Jagdalpur Cave,22,Cave,50,400,25,62.8,14.1,2025-03-05 11:21:04
5476,Chennai Monastery,106,Monastery,30,300,0,40.4,79.8,2025-04-23 19:41:11
5477,Extra Cheesy Thiruvananthapuram Monastery,56,Monastery,200,1600,0,53.1,46.7,2026-02-19 21:46:17
5478,Shimla Dam,39,Dam,200,1000,0,74.5,7.9,2025-11-11 00:08:29
5479,Kohima Museum,84,Museum,0,0,0,72.3,10.5,2026-05-24 20:32:54
5480,Kurukshetra Dam,37,Dam,10,100,0,60.9,35.4,2025-08-26 12:12:03
5481,Jaisalmer Lake,98,Lake,10,150,100,65.5,33.1,2026-04-24 21:55:54
5482,Traditional Thanjavur Zoo,113,Zoo,100,800,50,71.4,13.1,2025-03-08 15:07:49
5483,Extra Cheesy Guntur Waterfall,4,Waterfall,100,800,0,78.9,3.8,2025-05-24 03:48:30
5484,Mahabalipuram Dam,112,Dam,0,0,50,88.0,0,2026-03-18 01:27:42
5485,Somnath Museum,33,Museum,50,500,0,78.9,7.2,2025-10-31 01:43:01
5486,Authentic Spiti Garden,43,Garden,30,150,100,87.5,0,2026-02-16 21:05:02
5487,Coorg Market,52,Market,20,200,50,91.6,0,2025-07-02 04:39:43
5488,Alibaug Hill Station Point,76,Church,0,0,100,61.7,32.3,2025-02-01 12:12:42
5489,Authentic Tawang Beach,8,Beach,100,1000,0,69.9,9.8,2025-04-27 10:40:12
5490,Khajuraho Viewpoint,64,Viewpoint,200,1600,50,74.9,14.9,2025-10-29 05:57:12
5491,Kakinada National Park,6,Cave,50,400,50,72.0,9.6,2025-04-14 01:59:38
5492,Deluxe Thiruvananthapuram Garden,56,Garden,20,100,100,64.3,12.6,2025-06-13 06:30:55
5493,Darjeeling Garden,135,Garden,100,500,25,66.0,23.4,2025-10-10 21:49:06
5494,Silchar National Park,14,Lake,100,800,0,75.4,10.9,2025-02-24 08:27:55
5495,Kozhikode Hill Station Point,59,Bridge,150,1500,0,75.6,7.3,2025-01-13 14:36:29
5496,Rishikesh Temple,128,Temple,30,240,25,94.4,0,2025-08-28 03:50:55
5497,Chennai Zoo,106,Zoo,150,1200,25,51.1,24.1,2025-08-12 14:37:28
5498,Festival Moirang National Park,78,Wildlife Sanctuary,200,3000,25,81.3,5.2,2025-07-15 06:32:50
5499,Gaya Museum,16,Museum,10,150,100,51.7,32.7,2025-03-23 03:40:58
5500,Kurukshetra Bridge,37,Bridge,100,1500,25,86.2,0,2025-05-21 14:07:10
