dish_id,dish_name,city_id,category,price_min_inr,price_max_inr,trust_score,scam_markup_pct,timestamp
1,Extra Cheesy Pongal,113,Local Eatery,68,164,42.5,53.7,2026-04-03 01:19:07
2,Masala Dosa,57,Street Food,49,67,87.1,0,2025-02-25 00:52:36
3,Aloo Paratha,132,Local Eatery,129,172,79.3,9.5,2026-03-24 13:21:49
4,Aloo Paratha,122,Local Eatery,72,106,77.3,7.9,2025-11-16 07:30:06
5,Royal Chole Bhature,120,Sweet Shop,116,181,61.0,19.9,2025-12-15 10:45:45
6,Family Recipe Kachori,36,Local Eatery,171,299,49.3,56.0,2026-03-04 10:48:26
7,Vada Pav,26,Street Food,50,81,68.2,19.8,2025-11-08 11:55:58
8,Local Favourite Litti Chokha,16,Fine Dining,771,2386,81.5,3.3,2026-06-26 01:24:24
9,Chef's Paneer Tikka,125,Street Food,27,132,64.1,13.8,2026-01-06 07:58:55
10,Family Recipe Nihari,129,Roadside Stall,20,53,48.6,24.8,2025-07-02 16:31:06
11,Quick-bite Thukpa,104,Roadside Stall,17,106,49.9,48.7,2026-03-16 00:35:36
12,Roadside Aloo Posto,134,Sweet Shop,110,242,61.8,17.6,2026-05-17 09:00:24
13,Zan,77,Street Food,21,89,76.0,11.5,2025-03-19 15:47:08
14,Chef's Pitha,19,Local Eatery,179,233,85.7,0,2025-10-15 00:29:03
15,Dhokla,73,Sweet Shop,107,387,39.6,71.8,2025-08-21 12:49:27
16,Authentic Kolhapuri Mutton,27,Street Food,39,83,62.6,19.1,2025-09-24 07:45:06
17,Village-style Bisi Bele Bath,53,Street Food,31,122,68.9,15.0,2025-01-03 18:05:47
18,Chhena Poda,86,Mid-range Restaurant,232,621,69.6,22.3,2026-03-12 16:03:42
19,Filter Coffee,3,Sweet Shop,68,357,44.9,41.8,2026-03-06 03:48:51
20,Authentic Kachori,38,Mid-range Restaurant,170,546,58.9,23.5,2025-03-21 20:12:43
21,Malai Kofta,91,Sweet Shop,69,200,84.9,0.2,2025-05-18 12:29:43
22,Masala Dosa,106,Mid-range Restaurant,360,497,61.9,35.7,2025-03-25 23:02:54
23,Signature Chole Bhature,98,Fine Dining,858,1493,83.0,3.3,2025-06-23 03:35:46
24,Chef's Fish Tenga,7,Mid-range Restaurant,185,690,81.1,4.0,2026-01-31 16:00:36
25,Festival Fish Tenga,103,Street Food,34,77,57.0,49.1,2025-07-26 04:39:06
26,Premium Thukpa,10,Sweet Shop,110,343,75.5,11.5,2025-10-27 04:33:47
27,Bisi Bele Bath,49,Street Food,45,101,69.2,27.5,2025-09-14 11:22:29
28,Fish Tenga,81,Mid-range Restaurant,409,577,77.5,7.4,2026-06-26 12:54:24
29,Authentic Bhel Puri,76,Sweet Shop,127,226,75.8,8.8,2026-03-02 14:17:23
30,Deluxe Rava Kesari,1,Roadside Stall,53,104,64.5,23.2,2026-06-09 18:36:16
31,Pongal,55,Sweet Shop,73,126,62.7,31.1,2026-04-26 23:51:29
32,Macher Jhol,86,Local Eatery,163,223,55.0,19.7,2026-01-05 01:11:00
33,Chingri Malai Curry,19,Roadside Stall,27,86,71.6,12.0,2026-05-25 13:48:27
34,Spicy Filter Coffee,2,Sweet Shop,162,290,46.7,34.4,2025-04-05 06:17:17
35,Bamboo Shoot Curry,117,Roadside Stall,53,83,90.1,0,2026-04-21 20:40:01
36,Festival Kachori,130,Local Eatery,155,286,69.9,22.7,2026-05-11 06:52:14
37,Village-style Bebinca,71,Local Eatery,95,217,49.5,33.5,2025-07-31 01:08:12
38,Festival Aloo Posto,86,Local Eatery,89,197,78.4,9.6,2025-02-19 21:18:45
39,Classic Mysore Pak,107,Fine Dining,563,996,83.5,1.6,2026-03-30 16:01:45
40,Local Favourite Kothu Parotta,6,Mid-range Restaurant,302,697,67.5,29.2,2025-11-22 11:07:22
41,Dalma,138,Local Eatery,122,188,62.2,27.0,2025-10-30 00:49:25
42,Litti,87,Fine Dining,1441,1712,93.1,0,2025-11-03 01:04:11
43,Spicy Thukpa,7,Fine Dining,686,798,61.5,23.3,2025-12-20 04:12:35
44,Local Favourite Axone,84,Fine Dining,758,2477,49.9,21.9,2026-02-23 23:29:59
45,Axone,14,Sweet Shop,40,65,90.0,0,2025-01-16 19:54:39
46,Authentic Aloo Paratha,40,Street Food,47,116,78.5,9.9,2025-05-11 07:48:58
47,Bebinca,30,Street Food,23,72,74.5,17.7,2025-10-19 12:13:43
48,Special Tandoori Roti,102,Sweet Shop,92,154,78.5,6.3,2026-06-16 11:30:46
49,Bebinca,31,Mid-range Restaurant,422,651,77.3,5.3,2026-05-18 23:04:52
50,Rosogolla,88,Street Food,75,131,76.5,13.6,2025-04-29 19:57:42
51,Chettinad Chicken,112,Mid-range Restaurant,425,682,70.5,23.1,2026-04-06 04:31:38
52,Puran Poli,69,Street Food,55,122,60.7,28.1,2026-04-20 01:24:27
53,Homestyle Lassi,98,Mid-range Restaurant,243,502,59.0,40.5,2025-09-22 08:22:33
54,Kolhapuri Mutton,72,Mid-range Restaurant,155,694,89.9,0,2025-11-12 16:22:09
55,Malai Kofta,126,Sweet Shop,212,347,69.8,9.4,2025-08-17 12:56:55
56,Traditional Vada Sambar,57,Roadside Stall,38,108,73.7,11.4,2026-03-04 11:59:05
57,Extra Cheesy Axone,85,Mid-range Restaurant,268,339,79.3,5.6,2026-02-21 05:13:41
58,Appam with Stew,48,Mid-range Restaurant,418,572,93.0,0,2025-08-19 02:26:03
59,Family Recipe Curd Rice,59,Sweet Shop,166,208,62.3,40.2,2026-03-06 19:21:31
60,Goan Fish Curry,75,Fine Dining,605,2402,40.8,41.6,2026-01-07 19:52:46
61,Pesarattu,113,Mid-range Restaurant,394,462,83.0,2.2,2025-02-27 12:59:30
62,Bamboo Shoot Curry,14,Mid-range Restaurant,193,330,52.9,48.7,2026-04-16 22:34:48
63,Local Favourite Pongal,58,Fine Dining,804,2019,94.5,0,2026-04-28 08:47:18
64,Dahi Vada,16,Local Eatery,140,204,61.8,16.2,2025-07-06 07:24:39
65,Special Pitha,45,Fine Dining,961,2382,75.1,9.4,2025-06-29 19:01:47
66,Goan Fish Curry,74,Fine Dining,572,1989,60.1,22.8,2026-05-01 11:55:32
67,Royal Mysore Pak,51,Sweet Shop,68,214,83.2,1.2,2025-05-09 21:01:29
68,Bebinca,79,Fine Dining,627,1596,78.2,9.8,2025-07-31 11:02:12
69,Signature Malai Kofta,129,Roadside Stall,17,82,79.7,7.0,2025-01-21 02:09:23
70,Quick-bite Thepla,24,Street Food,54,137,45.4,59.7,2026-01-01 10:46:15
71,Roadside Chaat Papdi,133,Roadside Stall,42,114,91.8,0,2025-11-14 04:09:36
72,Aloo Posto,86,Mid-range Restaurant,360,623,62.9,38.3,2026-03-04 06:32:38
73,Special Zan,10,Mid-range Restaurant,209,614,68.1,20.6,2025-01-01 21:27:26
74,Spicy Chingri Malai Curry,139,Roadside Stall,38,111,76.2,13.3,2025-06-08 02:36:02
75,Bhel Puri,69,Fine Dining,1401,2403,53.1,56.4,2026-04-18 22:11:25
76,Deluxe Dal Bafla,62,Roadside Stall,41,62,59.7,40.7,2025-03-30 03:04:06
77,Authentic Amritsari Kulcha,119,Sweet Shop,104,374,78.7,6.9,2026-01-10 18:26:38
78,Extra Cheesy Aloo Paratha,121,Fine Dining,695,1932,72.1,21.4,2025-02-24 05:21:15
79,Spicy Bebinca,71,Roadside Stall,32,42,62.7,21.4,2026-04-01 21:18:43
80,Extra Cheesy Paneer Tikka,126,Mid-range Restaurant,320,612,80.7,4.5,2025-09-07 22:21:52
81,Quick-bite Puttu Kadala,49,Fine Dining,544,1205,80.1,7.1,2025-10-24 02:39:49
82,Paneer Tikka,99,Local Eatery,124,285,65.0,14.4,2025-12-08 23:54:09
83,Extra Cheesy Bhel Puri,26,Local Eatery,112,289,91.8,0,2025-07-25 20:22:57
84,Dahi Vada,87,Mid-range Restaurant,423,627,90.4,0,2026-01-15 00:00:01
85,Premium Rosogolla,139,Sweet Shop,205,288,96.2,0,2025-12-04 01:48:52
86,Royal Bebinca,26,Sweet Shop,106,130,46.2,60.3,2025-08-16 20:46:18
87,Spicy Mutton Rogan Josh,92,Roadside Stall,41,74,56.5,19.8,2025-10-25 03:08:33
88,Quick-bite Kadhi Bafla,62,Fine Dining,1153,1683,70.3,20.6,2025-12-28 08:56:57
89,Festival Modak,74,Fine Dining,1467,2184,94.1,0,2025-11-26 13:41:30
90,Deluxe Kadhi Bafla,65,Fine Dining,1373,2372,52.0,34.9,2025-10-06 19:29:01
91,Deluxe Goan Fish Curry,76,Sweet Shop,131,281,39.7,74.2,2025-02-08 02:15:03
92,Kadhi Chawal,128,Mid-range Restaurant,262,597,57.7,24.6,2026-05-28 00:02:04
93,Street-side Amritsari Kulcha,36,Fine Dining,534,1730,66.4,14.1,2025-08-18 05:15:27
94,Spicy Pitha,84,Local Eatery,160,263,72.9,20.5,2025-05-08 19:19:49
95,Kadhi Bafla,66,Mid-range Restaurant,208,457,91.2,0,2025-06-25 05:45:45
96,Grandma's Malai Kofta,102,Fine Dining,514,1065,73.1,13.6,2026-06-07 14:25:48
97,Grandma's Chila,68,Local Eatery,120,136,76.0,15.6,2025-09-12 18:28:48
98,Uttapam,57,Mid-range Restaurant,359,428,54.5,52.9,2025-08-25 09:46:01
99,Royal Amritsari Kulcha,127,Roadside Stall,23,82,70.1,20.9,2026-06-25 23:24:09
100,Shorshe Ilish,139,Local Eatery,173,236,77.1,12.6,2026-04-24 04:35:20
101,Jadoh,105,Local Eatery,116,239,90.1,0,2025-03-19 04:06:15
102,Grandma's Malai Kofta,95,Mid-range Restaurant,247,319,90.0,0,2025-03-13 04:54:59
103,Homestyle Payasam,55,Mid-range Restaurant,274,348,81.6,2.9,2026-03-07 11:10:55
104,Kothu Parotta,54,Local Eatery,102,149,81.7,4.3,2025-08-04 08:46:39
105,Festival Paneer Tikka,38,Local Eatery,74,253,85.0,0,2025-10-06 06:07:12
106,Classic Kothu Parotta,61,Mid-range Restaurant,176,315,80.0,6.2,2025-02-19 08:48:27
107,Grandma's Chaat Papdi,122,Street Food,77,115,89.7,0,2026-05-27 18:50:36
108,Sandesh,134,Street Food,27,98,84.1,1.0,2025-03-25 20:33:15
109,Chaat Papdi,126,Mid-range Restaurant,225,268,53.5,42.5,2026-03-31 15:59:19
110,Premium Smoked Pork,84,Fine Dining,1017,2266,69.1,24.7,2025-03-30 20:49:58
111,Mysore Pak,56,Fine Dining,847,1785,67.9,25.2,2025-08-31 18:19:24
112,Roadside Pesarattu,110,Local Eatery,147,278,48.5,58.3,2025-03-14 09:56:06
113,Filter Coffee,111,Roadside Stall,18,103,90.6,0,2026-06-05 09:57:09
114,Misal Pav,32,Fine Dining,1388,1503,91.7,0,2025-10-01 03:09:36
115,Village-style Khandvi,27,Sweet Shop,153,220,84.1,0.9,2026-03-09 01:32:24
116,Roadside Amritsari Kulcha,95,Fine Dining,1365,1428,75.6,13.1,2026-06-23 15:14:23
117,Family Recipe Vada Pav,69,Mid-range Restaurant,323,512,39.1,75.5,2026-03-16 20:59:25
118,Thukpa,103,Street Food,31,136,72.9,12.7,2025-12-19 08:34:13
119,Grandma's Litti Chokha,88,Mid-range Restaurant,193,655,46.9,30.1,2026-04-25 21:20:18
120,Special Fish Tenga,13,Sweet Shop,138,272,75.6,10.3,2025-06-17 10:29:48
121,Grandma's Amritsari Kulcha,132,Mid-range Restaurant,399,678,77.5,4.9,2025-11-04 00:14:37
122,Chef's Rosogolla,15,Local Eatery,158,203,80.8,4.0,2025-04-04 04:40:13
123,Spicy Meen Curry,2,Fine Dining,1045,2496,60.0,31.8,2026-06-03 21:19:13
124,Rajma Chawal,91,Street Food,75,87,70.3,10.2,2025-09-01 03:52:23
125,Kothu Parotta,110,Fine Dining,796,1041,68.1,29.7,2025-05-14 11:56:53
126,Grandma's Pitha,118,Street Food,51,116,74.9,12.4,2025-11-04 09:37:33
127,Classic Pitha,80,Local Eatery,69,209,76.4,10.6,2025-05-31 14:37:37
128,Authentic Aloo Posto,90,Local Eatery,92,152,56.7,22.2,2026-05-25 03:34:25
129,Signature Dal Bafla,20,Roadside Stall,63,110,69.9,25.8,2026-03-15 10:53:22
130,Classic Fish Tenga,83,Street Food,80,118,76.4,13.4,2026-04-05 08:51:48
131,Village-style Aloo Posto,15,Fine Dining,962,1049,47.4,60.1,2025-03-01 14:22:10
132,Premium Khandvi,24,Fine Dining,1094,2239,90.4,0,2025-02-01 20:43:07
133,Chef's Kothu Parotta,116,Fine Dining,1013,1331,90.7,0,2025-09-24 18:08:38
134,Street-side Dal Bafla,22,Fine Dining,949,2032,72.6,9.8,2025-10-17 14:27:52
135,Misal Pav,73,Sweet Shop,183,206,81.7,4.5,2025-02-21 04:41:09
136,Thukpa,85,Mid-range Restaurant,279,659,84.3,1.2,2026-04-14 03:09:26
137,Special Lassi,39,Local Eatery,177,231,64.0,29.1,2026-05-30 07:05:38
138,Paneer Tikka,101,Street Food,59,140,66.9,28.1,2025-04-10 06:14:54
139,Spicy Macher Jhol,135,Street Food,66,115,57.1,23.9,2026-01-13 16:44:49
140,Authentic Puttu Kadala,50,Mid-range Restaurant,201,470,81.0,6.4,2026-02-13 23:15:39
141,Fish Tenga,10,Roadside Stall,23,109,66.9,14.4,2026-06-23 03:34:43
142,Street-side Chaat Papdi,43,Sweet Shop,214,284,91.8,0,2025-12-15 16:37:25
143,Traditional Idiyappam,60,Fine Dining,1425,1832,66.6,32.0,2025-12-09 05:19:51
144,Local Favourite Kadhi Chawal,119,Fine Dining,1489,1664,82.8,3.4,2025-04-18 11:56:08
145,Poha Jalebi,65,Roadside Stall,21,97,84.3,0.7,2025-05-05 12:26:18
146,Village-style Sol Kadhi,70,Fine Dining,593,2467,59.5,29.1,2025-09-29 12:44:17
147,Street-side Smoked Pork,7,Mid-range Restaurant,270,477,95.4,0,2025-01-22 21:27:14
148,Thukpa,82,Local Eatery,64,147,87.8,0,2025-04-18 19:16:59
149,Premium Chaat Papdi,121,Street Food,22,64,59.2,20.1,2026-04-18 22:20:51
150,Shorshe Ilish,136,Local Eatery,98,139,46.4,42.6,2026-04-29 18:01:49
151,Thukpa,118,Fine Dining,1111,2218,41.7,52.8,2025-07-07 22:03:13
152,Spicy Kadhi Chawal,37,Mid-range Restaurant,273,575,68.6,22.9,2025-03-08 11:57:35
153,Aloo Posto,135,Roadside Stall,47,59,67.5,20.4,2026-05-09 17:45:44
154,Mutton Rogan Josh,100,Mid-range Restaurant,184,370,60.6,33.9,2025-03-22 12:26:04
155,Street-side Litti Chokha,86,Mid-range Restaurant,239,674,81.3,4.3,2026-06-25 02:59:42
156,Authentic Dal Makhani,123,Fine Dining,537,1147,58.4,41.2,2025-02-02 13:11:00
157,Village-style Jadoh,81,Roadside Stall,45,87,45.0,55.1,2025-08-11 05:29:37
158,Classic Chole Bhature,92,Mid-range Restaurant,373,587,80.0,8.4,2025-10-28 07:34:51
159,Litti Chokha,87,Mid-range Restaurant,415,561,82.2,4.1,2025-03-03 07:18:21
160,Family Recipe Payasam,111,Mid-range Restaurant,202,252,64.8,19.3,2025-12-13 08:28:20
161,Extra Cheesy Chettinad Chicken,110,Street Food,65,130,62.3,40.3,2025-02-14 13:13:54
162,Grandma's Chila,20,Sweet Shop,203,253,90.3,0,2026-04-17 21:58:47
163,Authentic Idli Sambar,113,Sweet Shop,123,318,67.2,22.8,2026-04-15 23:47:06
164,Grandma's Chaat Papdi,40,Street Food,37,114,66.5,18.1,2025-08-05 11:09:13
165,Bhutte ka Kees,64,Fine Dining,1030,1832,87.6,0,2025-07-22 04:09:10
166,Premium Appam with Stew,115,Fine Dining,704,965,54.2,21.2,2025-05-15 02:32:52
167,Uttapam,114,Sweet Shop,46,337,73.3,19.5,2025-05-03 08:06:38
168,Grandma's Chhena Poda,45,Street Food,45,72,60.3,29.5,2025-10-08 07:35:55
169,Festival Chaat Papdi,95,Street Food,28,77,67.8,25.1,2026-01-07 18:57:51
170,Shorshe Ilish,135,Street Food,36,86,76.7,9.5,2026-06-13 06:09:01
171,Mutton Rogan Josh,133,Roadside Stall,55,102,57.2,48.9,2025-12-03 00:35:21
172,Royal Chole Bhature,129,Mid-range Restaurant,234,326,64.6,29.6,2025-09-26 18:20:15
173,Special Kadhi Chawal,133,Sweet Shop,171,251,53.4,30.4,2026-02-19 08:45:04
174,Family Recipe Bhel Puri,24,Roadside Stall,24,55,77.2,11.4,2026-04-16 00:36:24
175,Quick-bite Kosha Mangsho,87,Street Food,30,45,89.9,0,2025-07-25 13:32:37
176,Kothu Parotta,54,Street Food,83,149,76.2,8.3,2025-08-23 15:26:32
177,Local Favourite Aloo Paratha,124,Street Food,27,57,69.5,18.3,2025-06-08 11:15:52
178,Authentic Dahi Vada,88,Sweet Shop,111,297,92.4,0,2025-10-15 19:22:11
179,Royal Malai Kofta,132,Fine Dining,625,1182,69.9,11.6,2025-02-09 07:21:03
180,Premium Misal Pav,75,Local Eatery,164,215,88.9,0,2025-05-28 10:45:50
181,Village-style Golgappa,41,Mid-range Restaurant,404,425,50.6,36.9,2025-12-22 03:23:48
182,Quick-bite Sabudana Khichdi,62,Street Food,56,129,75.2,15.8,2026-06-07 08:41:33
183,Festival Kadhi Chawal,121,Street Food,75,102,85.8,0,2025-11-10 05:12:02
184,Local Favourite Chole Bhature,94,Roadside Stall,27,83,73.7,7.8,2026-01-27 16:00:15
185,Idiyappam,116,Roadside Stall,58,107,52.9,56.8,2025-11-02 22:53:50
186,Lassi,96,Local Eatery,85,249,72.1,15.5,2025-02-05 04:30:56
187,Bamboo Shoot Curry,10,Roadside Stall,44,73,75.5,11.6,2025-09-12 17:43:35
188,Bamboo Shoot Curry,82,Sweet Shop,106,288,72.1,15.6,2026-01-16 11:24:12
189,Homestyle Zan,77,Sweet Shop,58,281,74.8,15.9,2026-06-19 10:03:47
190,Signature Bebinca,7,Sweet Shop,178,335,59.8,16.7,2026-01-09 04:12:52
191,Nihari,44,Fine Dining,651,2343,77.9,4.5,2026-06-29 02:39:22
192,Homestyle Thepla,29,Fine Dining,655,1510,78.3,7.3,2026-04-20 22:46:37
193,Authentic Chole Bhature,121,Roadside Stall,35,106,72.7,12.0,2025-05-15 12:21:15
194,Classic Naga Chutney,118,Sweet Shop,214,398,76.7,11.9,2026-04-19 20:39:06
195,Traditional Tandoori Roti,124,Mid-range Restaurant,265,427,81.0,5.8,2026-06-21 03:00:16
196,Signature Lassi,126,Sweet Shop,100,257,53.2,44.9,2025-10-22 22:00:45
197,Authentic Mutton Rogan Josh,102,Mid-range Restaurant,190,377,88.2,0,2026-01-08 02:41:05
198,Festival Appam with Stew,55,Roadside Stall,59,86,54.3,41.1,2026-04-01 19:18:48
199,Sabudana Khichdi,62,Roadside Stall,29,120,60.1,17.9,2025-09-14 13:07:09
200,Authentic Amritsari Kulcha,121,Roadside Stall,25,87,77.1,13.1,2026-01-05 11:41:02
201,Deluxe Tandoori Roti,123,Sweet Shop,45,100,77.0,7.0,2025-01-29 23:17:22
202,Shorshe Ilish,45,Street Food,70,143,57.5,41.2,2025-08-13 20:03:19
203,Deluxe Momos,10,Street Food,62,108,70.1,20.4,2026-02-12 06:00:21
204,Village-style Paneer Tikka,127,Local Eatery,163,201,64.9,29.7,2026-05-19 12:54:52
205,Dal Bafla,66,Mid-range Restaurant,248,347,75.7,12.7,2025-11-11 22:53:18
206,Classic Pongal,110,Sweet Shop,54,158,93.2,0,2025-07-12 15:55:58
207,Local Favourite Bisi Bele Bath,2,Mid-range Restaurant,318,482,74.7,13.3,2025-07-23 03:42:14
208,Aloo Paratha,93,Fine Dining,814,1151,68.1,20.3,2025-08-30 13:02:56
209,Deluxe Modak,31,Local Eatery,88,132,71.0,16.0,2026-04-16 11:47:32
210,Kachori,96,Roadside Stall,66,118,83.2,2.7,2026-06-13 10:29:33
211,Kadhi Bafla,21,Street Food,34,51,83.3,2.9,2025-06-07 00:28:31
212,Family Recipe Litti Chokha,138,Roadside Stall,43,67,77.9,10.4,2026-01-15 16:24:49
213,Village-style Kolhapuri Mutton,24,Street Food,78,96,72.3,14.6,2025-02-14 20:17:29
214,Homestyle Kadhi Chawal,119,Street Food,47,131,49.1,39.8,2026-06-29 00:07:13
215,Pitha,17,Street Food,80,92,62.9,18.0,2025-04-16 04:34:37
216,Local Favourite Curd Rice,108,Fine Dining,884,1058,78.0,9.8,2026-02-23 21:17:08
217,Royal Mutton Rogan Josh,35,Roadside Stall,40,117,53.6,55.7,2025-01-03 16:44:48
218,Rava Kesari,6,Roadside Stall,42,120,67.1,15.7,2025-12-24 18:40:39
219,Roadside Litti Chokha,89,Sweet Shop,58,84,82.5,2.8,2025-01-13 03:39:31
220,Special Sabudana Khichdi,62,Street Food,77,93,60.7,15.9,2025-12-07 22:51:35
221,Idiyappam,60,Street Food,37,111,95.1,0,2026-03-24 11:28:30
222,Bebinca,82,Mid-range Restaurant,271,435,85.5,0,2026-02-09 20:49:26
223,Deluxe Mysore Pak,57,Roadside Stall,52,118,79.7,4.3,2026-06-12 04:49:09
224,Signature Idiyappam,110,Mid-range Restaurant,345,623,64.4,22.7,2025-04-26 21:37:04
225,Smoked Pork,77,Fine Dining,746,2495,59.7,41.2,2025-04-23 02:54:41
226,Festival Chole Bhature,119,Fine Dining,1070,2165,54.1,27.5,2025-06-07 22:28:17
227,Fish Tenga,85,Mid-range Restaurant,197,481,79.4,4.6,2025-07-28 12:29:12
228,Special Chole Bhature,97,Roadside Stall,61,113,73.9,13.0,2025-09-16 14:54:16
229,Momos,78,Sweet Shop,60,315,87.6,0,2025-06-08 20:24:04
230,Festival Aloo Paratha,102,Mid-range Restaurant,344,592,73.0,12.4,2025-07-23 03:51:43
231,Signature Nihari,93,Sweet Shop,150,354,83.8,2.0,2025-10-15 22:26:26
232,Street-side Smoked Pork,81,Local Eatery,154,201,41.6,54.9,2026-03-30 15:08:37
233,Authentic Rava Kesari,107,Local Eatery,108,263,83.5,1.8,2026-05-24 10:46:36
234,Sandesh,87,Sweet Shop,155,282,56.3,44.6,2025-05-12 11:20:29
235,Signature Malai Kofta,36,Roadside Stall,56,69,72.7,19.8,2025-02-27 17:37:09
236,Homestyle Chak-hao Kheer,13,Sweet Shop,89,133,78.8,3.8,2026-01-28 19:32:41
237,Axone,117,Sweet Shop,187,320,77.3,4.8,2026-02-18 09:09:35
238,Homestyle Masala Dosa,106,Mid-range Restaurant,424,580,41.8,68.1,2026-06-08 12:53:05
239,Chettinad Chicken,111,Roadside Stall,24,64,57.8,33.5,2025-10-03 07:15:39
240,Local Favourite Bebinca,69,Fine Dining,970,2137,60.7,34.9,2025-08-21 23:55:57
241,Special Poha Jalebi,21,Fine Dining,1065,2049,47.3,23.0,2025-05-14 02:49:17
242,Kadhi Bafla,22,Mid-range Restaurant,198,666,72.8,7.9,2025-06-14 05:05:58
243,Sarson da Saag,122,Sweet Shop,101,389,74.1,7.0,2025-09-02 06:25:10
244,Quick-bite Appam with Stew,5,Sweet Shop,131,180,63.5,27.5,2026-03-17 03:58:39
245,Classic Malai Kofta,100,Sweet Shop,65,115,71.8,23.4,2025-02-11 16:58:26
246,Misal Pav,26,Mid-range Restaurant,353,530,44.0,38.0,2025-12-16 22:51:51
247,Grandma's Aloo Paratha,126,Fine Dining,942,1332,77.9,9.9,2025-03-08 13:27:14
248,Bebinca,76,Street Food,54,83,67.1,27.6,2025-04-30 19:55:46
249,Grandma's Lassi,100,Street Food,59,125,66.2,17.4,2025-04-13 22:06:34
250,Spicy Dhokla,23,Roadside Stall,47,109,51.7,23.6,2026-03-07 11:24:21
251,Khandvi,24,Fine Dining,512,1119,68.5,25.3,2026-03-11 14:31:01
252,Local Favourite Dal Bafla,63,Mid-range Restaurant,304,451,71.5,9.1,2025-12-04 14:57:10
253,Deluxe Misal Pav,71,Street Food,66,108,89.6,0,2026-01-21 02:25:38
254,Royal Rasam,51,Street Food,70,122,83.9,1.2,2025-09-13 23:06:10
255,Pesarattu,113,Sweet Shop,182,226,63.5,28.5,2026-06-25 01:11:16
256,Classic Meen Curry,52,Fine Dining,1491,1827,63.1,31.4,2026-01-17 09:02:22
257,Local Favourite Malpua,63,Fine Dining,873,1116,88.7,0,2026-02-28 19:15:48
258,Festival Litti,47,Sweet Shop,148,399,78.8,7.0,2025-08-15 06:48:26
259,Kosha Mangsho,18,Local Eatery,141,228,60.6,33.9,2025-11-25 15:40:36
260,Rajma Chawal,97,Fine Dining,1096,1926,73.0,20.5,2026-06-22 06:23:16
261,Idiyappam,108,Mid-range Restaurant,424,477,52.2,29.5,2026-06-01 06:47:31
262,Premium Dal Makhani,91,Sweet Shop,203,378,67.9,25.7,2025-12-01 08:16:22
263,Royal Vada Pav,28,Roadside Stall,62,105,73.9,15.8,2025-06-21 16:19:48
264,Local Favourite Curd Rice,115,Sweet Shop,180,366,71.8,13.4,2025-01-20 01:52:51
265,Deluxe Amritsari Kulcha,124,Street Food,34,150,89.4,0,2025-08-31 06:03:26
266,Chef's Chingri Malai Curry,88,Mid-range Restaurant,393,452,69.5,22.3,2025-09-05 16:54:12
267,Sandesh,18,Street Food,22,140,65.5,14.3,2025-05-08 15:46:56
268,Festival Dal Bafla,63,Roadside Stall,42,111,60.1,27.0,2025-05-24 06:25:49
269,Local Favourite Mysore Pak,48,Roadside Stall,27,94,75.1,10.6,2025-06-16 20:05:22
270,Special Bisi Bele Bath,53,Roadside Stall,26,82,64.7,23.3,2025-07-23 18:37:18
271,Classic Nihari,126,Roadside Stall,40,64,65.7,31.2,2026-04-25 12:28:28
272,Kosha Mangsho,45,Roadside Stall,20,116,54.0,23.0,2025-08-26 04:41:45
273,Dhokla,30,Roadside Stall,39,102,75.2,12.6,2025-11-25 14:00:52
274,Meen Curry,48,Sweet Shop,74,368,56.3,27.2,2025-05-26 07:46:13
275,Premium Zan,81,Mid-range Restaurant,154,660,54.2,48.6,2026-03-13 04:38:55
276,Golgappa,130,Fine Dining,1227,2146,71.4,9.5,2025-01-24 23:17:06
277,Street-side Rava Kesari,57,Roadside Stall,33,64,81.4,4.6,2026-01-20 17:18:35
278,Quick-bite Amritsari Kulcha,131,Roadside Stall,67,100,73.3,17.6,2025-12-09 19:40:09
279,Mysore Pak,56,Sweet Shop,93,255,85.4,0,2025-07-24 03:13:51
280,Special Kosha Mangsho,90,Street Food,50,86,82.6,3.1,2025-09-30 08:13:57
281,Premium Chettinad Chicken,110,Local Eatery,164,200,82.3,3.5,2026-02-18 10:25:59
282,Festival Khandvi,72,Sweet Shop,104,262,74.4,18.5,2026-02-04 13:23:25
283,Dhokla,25,Mid-range Restaurant,214,583,85.0,0,2025-09-08 04:19:04
284,Signature Chila,64,Sweet Shop,98,320,66.9,12.5,2025-03-14 07:24:45
285,Naga Chutney,104,Mid-range Restaurant,382,641,64.8,12.2,2025-03-14 08:17:10
286,Fish Tenga,118,Roadside Stall,40,77,91.7,0,2026-01-20 06:09:18
287,Deluxe Puran Poli,69,Roadside Stall,23,105,84.4,0.9,2026-06-15 03:41:24
288,Momos,13,Fine Dining,516,780,88.6,0,2025-12-21 14:06:53
289,Mysore Pak,1,Local Eatery,172,265,63.6,35.3,2025-08-01 20:05:34
290,Grandma's Modak,24,Mid-range Restaurant,234,270,67.8,16.6,2026-06-28 06:31:55
291,Mysore Pak,60,Street Food,47,118,49.5,46.6,2026-02-08 11:08:33
292,Masala Dosa,114,Street Food,74,100,71.0,12.2,2025-03-11 09:15:07
293,Classic Pav Bhaji,27,Mid-range Restaurant,220,425,81.1,5.9,2025-04-14 10:01:32
294,Village-style Rajma Chawal,37,Roadside Stall,56,76,69.5,22.7,2026-05-03 20:15:37
295,Kachori,39,Local Eatery,71,106,54.5,22.8,2025-10-26 06:52:25
296,Shorshe Ilish,90,Local Eatery,95,270,50.1,44.1,2026-04-12 00:57:26
297,Bebinca,73,Sweet Shop,107,222,72.5,15.1,2025-11-01 06:46:05
298,Modak,76,Local Eatery,123,231,52.5,39.0,2026-04-07 07:39:12
299,Pitha,19,Mid-range Restaurant,217,425,84.8,0.3,2025-10-11 19:46:55
300,Chhena Poda,45,Street Food,22,107,48.5,33.4,2025-01-31 22:25:35
301,Local Favourite Chhena Poda,16,Sweet Shop,212,350,80.9,4.5,2025-11-09 10:59:40
302,Roadside Dal Bafla,22,Street Food,85,108,92.3,0,2025-09-11 19:04:01
303,Rajma Chawal,101,Sweet Shop,91,130,60.7,41.5,2025-04-01 02:08:47
304,Premium Bebinca,117,Sweet Shop,198,397,56.8,17.3,2025-04-17 13:48:47
305,Chettinad Chicken,3,Roadside Stall,48,108,83.0,1.8,2025-10-16 20:08:55
306,Goan Fish Curry,33,Street Food,23,75,82.4,2.4,2025-02-19 14:39:36
307,Signature Bhutte ka Kees,68,Mid-range Restaurant,178,699,84.7,0.2,2025-05-03 04:28:14
308,Bhutte ka Kees,66,Street Food,49,124,37.6,77.3,2025-01-10 13:03:58
309,Signature Poha Jalebi,63,Local Eatery,82,101,73.7,19.2,2026-05-25 07:11:43
310,Classic Puttu Kadala,108,Sweet Shop,111,259,83.2,2.3,2025-04-03 17:47:40
311,Family Recipe Chole Bhature,129,Roadside Stall,17,78,48.7,42.0,2025-08-08 06:34:53
312,Special Axone,80,Street Food,67,102,63.1,33.8,2026-04-29 16:17:45
313,Grandma's Kadhi Bafla,63,Fine Dining,1291,1701,79.6,6.8,2025-07-10 09:29:46
314,Spicy Butter Chicken,39,Roadside Stall,37,48,90.1,0,2026-05-26 13:01:54
315,Royal Kadhi Chawal,97,Local Eatery,113,248,91.0,0,2025-04-21 14:02:02
316,Pav Bhaji,72,Roadside Stall,41,98,70.2,22.2,2026-03-28 02:20:57
317,Bhel Puri,25,Fine Dining,576,1798,74.2,12.1,2025-04-12 12:34:44
318,Rava Kesari,61,Fine Dining,1217,1895,64.4,19.1,2025-02-28 00:16:28
319,Quick-bite Hyderabadi Biryani,52,Street Food,41,108,70.5,15.8,2026-02-21 06:21:27
320,Extra Cheesy Tandoori Roti,92,Mid-range Restaurant,211,267,55.7,41.7,2026-06-26 06:44:49
321,Classic Pork with Bamboo Shoot,11,Sweet Shop,93,285,67.8,11.3,2025-08-21 02:47:40
322,Dal Bafla,67,Fine Dining,1069,2205,61.0,27.7,2025-04-19 13:55:52
323,Vada Pav,32,Local Eatery,76,136,83.1,2.0,2026-05-05 13:35:52
324,Special Bafla,22,Street Food,45,137,69.7,11.5,2025-09-15 12:32:16
325,Extra Cheesy Vada Pav,32,Roadside Stall,42,102,71.7,14.1,2025-11-28 09:35:37
326,Aloo Posto,45,Mid-range Restaurant,293,531,85.9,0,2026-04-26 22:17:14
327,Signature Bafla,63,Roadside Stall,45,62,50.4,36.7,2025-11-22 15:06:12
328,Pongal,52,Roadside Stall,65,76,94.3,0,2025-10-06 22:20:05
329,Signature Malai Kofta,123,Roadside Stall,47,98,67.4,14.4,2025-09-05 16:18:31
330,Roadside Masala Dosa,57,Fine Dining,1042,1784,80.9,7.4,2025-05-04 23:37:19
331,Traditional Thepla,26,Sweet Shop,44,166,74.5,18.7,2025-10-29 16:43:14
332,Family Recipe Dal Makhani,91,Mid-range Restaurant,333,645,43.7,59.5,2026-03-17 21:47:18
333,Signature Tandoori Roti,37,Local Eatery,122,141,50.6,30.2,2025-06-19 22:53:39
334,Signature Pongal,6,Roadside Stall,27,53,65.4,15.9,2025-09-09 08:07:57
335,Authentic Rosogolla,16,Local Eatery,159,197,84.1,1.5,2025-02-26 08:05:13
336,Quick-bite Litti Chokha,96,Mid-range Restaurant,315,394,92.5,0,2025-12-06 07:49:00
337,Lassi,125,Roadside Stall,59,108,81.6,3.0,2026-04-03 10:49:35
338,Shorshe Ilish,45,Mid-range Restaurant,215,315,79.5,9.6,2026-03-21 22:24:52
339,Chole Bhature,101,Roadside Stall,29,120,74.1,18.8,2025-04-20 05:46:56
340,Special Pitha,85,Mid-range Restaurant,235,570,86.0,0,2026-06-05 10:09:47
341,Homestyle Chingri Malai Curry,86,Local Eatery,148,175,65.8,29.7,2025-01-01 23:52:57
342,Smoked Pork,13,Local Eatery,173,235,71.5,14.2,2026-03-01 02:37:28
343,Amritsari Kulcha,97,Roadside Stall,56,114,78.1,5.5,2025-02-27 06:02:33
344,Homestyle Jadoh,9,Street Food,29,82,56.5,29.9,2025-02-28 06:08:47
345,Puran Poli,24,Fine Dining,1221,1294,69.2,21.9,2026-04-17 17:13:15
346,Street-side Chettinad Chicken,112,Local Eatery,84,198,78.5,9.5,2026-02-24 12:40:04
347,Deluxe Bafla,68,Street Food,70,150,83.8,0.9,2025-10-08 06:20:19
348,Special Mysore Pak,1,Sweet Shop,190,353,71.1,10.0,2025-06-10 17:52:59
349,Special Kadhi Chawal,44,Street Food,59,119,70.7,23.9,2025-07-25 20:02:24
350,Festival Modak,24,Mid-range Restaurant,345,544,57.5,18.0,2025-12-08 13:21:20
351,Sarson da Saag,120,Roadside Stall,18,47,80.3,6.6,2025-03-08 13:42:00
352,Festival Chhena Poda,89,Roadside Stall,29,109,47.9,39.5,2026-02-10 21:38:22
353,Signature Idiyappam,108,Local Eatery,120,206,49.6,59.6,2025-01-27 23:23:09
354,Nihari,129,Roadside Stall,24,49,90.0,0,2025-05-10 20:10:38
355,Authentic Appam with Stew,55,Street Food,75,110,96.1,0,2026-04-08 04:29:32
356,Special Malpua,67,Roadside Stall,40,120,64.7,18.9,2025-12-22 20:40:07
357,Quick-bite Payasam,4,Fine Dining,615,1473,55.1,38.3,2026-03-29 13:53:17
358,Royal Kolhapuri Mutton,26,Street Food,56,134,85.7,0,2025-07-25 03:51:49
359,Golgappa,99,Street Food,42,87,68.0,22.8,2026-06-13 19:16:17
360,Momos,103,Mid-range Restaurant,271,306,80.1,8.4,2025-10-17 06:47:52
361,Deluxe Pesarattu,6,Fine Dining,1378,1589,92.1,0,2025-08-22 09:21:41
362,Pesarattu,114,Roadside Stall,56,71,57.6,23.4,2025-11-13 06:12:20
363,Nihari,125,Roadside Stall,65,85,48.3,53.3,2025-11-10 07:38:38
364,Quick-bite Nihari,35,Local Eatery,172,288,58.3,17.9,2025-01-26 16:29:20
365,Momos,117,Mid-range Restaurant,338,585,72.0,17.7,2025-04-07 05:09:26
366,Grandma's Pork with Bamboo Shoot,8,Fine Dining,681,2473,70.9,17.8,2025-09-25 09:15:59
367,Special Sarson da Saag,42,Fine Dining,550,893,84.4,0.9,2025-06-16 11:11:16
368,Chef's Puttu Kadala,57,Fine Dining,1025,1076,84.9,0.2,2026-06-14 21:07:29
369,Meen Curry,3,Roadside Stall,66,76,59.6,33.8,2025-08-26 06:10:53
370,Misal Pav,71,Fine Dining,758,1214,70.6,20.3,2026-04-30 08:51:36
371,Homestyle Amritsari Kulcha,102,Sweet Shop,125,279,63.4,15.8,2025-02-19 14:00:32
372,Sandesh,87,Mid-range Restaurant,302,408,55.2,45.3,2025-02-14 02:21:23
373,Fish Tenga,104,Sweet Shop,36,381,71.7,12.7,2025-11-22 02:37:47
374,Street-side Smoked Pork,104,Roadside Stall,67,89,65.5,28.4,2026-06-18 01:53:48
375,Litti,137,Sweet Shop,121,390,63.5,17.3,2026-05-26 18:49:34
376,Royal Sandesh,47,Sweet Shop,96,392,80.7,3.5,2026-06-12 22:45:24
377,Special Litti,86,Local Eatery,155,243,68.7,27.1,2025-10-16 16:39:45
378,Bafla,67,Fine Dining,554,2338,76.5,11.0,2026-04-28 01:50:31
379,Chef's Chingri Malai Curry,19,Sweet Shop,127,289,68.5,27.1,2025-04-28 02:42:50
380,Classic Tandoori Roti,36,Roadside Stall,44,72,64.3,30.2,2025-03-04 18:26:05
381,Family Recipe Lassi,125,Street Food,20,87,62.2,34.5,2025-05-11 23:02:20
382,Special Golgappa,41,Fine Dining,1148,2037,68.1,29.7,2025-10-25 17:32:09
383,Festival Idli Sambar,2,Mid-range Restaurant,157,496,80.5,5.6,2025-01-14 21:58:50
384,Puttu Kadala,2,Mid-range Restaurant,309,385,51.7,40.1,2025-08-26 18:23:56
385,Street-side Rajma Chawal,43,Mid-range Restaurant,383,659,75.2,9.9,2026-06-18 10:30:35
386,Signature Lassi,35,Local Eatery,81,298,68.1,14.8,2025-04-12 21:51:10
387,Quick-bite Masala Dosa,55,Street Food,66,80,66.9,24.8,2026-02-20 08:09:13
388,Bebinca,13,Sweet Shop,35,69,78.2,7.5,2025-10-23 08:26:38
389,Roadside Bhel Puri,32,Local Eatery,86,273,78.1,4.2,2025-11-23 21:36:45
390,Village-style Modak,26,Roadside Stall,59,77,68.7,27.4,2026-02-02 08:37:53
391,Undhiyu,31,Fine Dining,703,1960,58.3,24.4,2026-02-11 08:09:00
392,Spicy Curd Rice,52,Street Food,83,106,78.2,8.0,2025-07-02 03:29:42
393,Masala Dosa,1,Roadside Stall,57,98,55.1,21.2,2026-02-02 10:52:44
394,Bhutte ka Kees,20,Fine Dining,1500,1813,61.7,15.4,2025-05-16 16:40:39
395,Jadoh,11,Mid-range Restaurant,368,437,51.0,51.3,2025-02-05 15:26:04
396,Family Recipe Hyderabadi Biryani,3,Fine Dining,1478,2124,62.0,34.0,2025-10-17 10:10:49
397,Royal Litti Chokha,88,Fine Dining,778,2499,67.3,28.7,2025-11-24 13:48:00
398,Amritsari Kulcha,43,Street Food,40,63,68.6,21.5,2026-03-18 21:52:27
399,Premium Chettinad Chicken,113,Mid-range Restaurant,164,307,71.2,16.4,2025-11-16 10:53:39
400,Special Idli Sambar,113,Mid-range Restaurant,156,395,92.7,0,2025-09-20 18:22:51
401,Premium Nihari,133,Sweet Shop,93,349,65.6,27.4,2025-10-26 22:37:12
402,Premium Malai Kofta,39,Sweet Shop,70,338,84.2,1.3,2025-05-09 11:21:06
403,Classic Kadhi Bafla,20,Mid-range Restaurant,175,413,73.6,12.0,2025-07-02 12:43:03
404,Kadhi Bafla,21,Fine Dining,590,2354,71.7,13.0,2026-01-22 07:42:40
405,Local Favourite Filter Coffee,5,Roadside Stall,50,60,83.2,2.8,2026-04-26 20:13:46
406,Festival Naga Chutney,78,Sweet Shop,146,399,65.4,31.2,2025-06-23 03:29:41
407,Axone,117,Roadside Stall,45,101,79.1,4.3,2026-05-27 18:58:38
408,Classic Masala Dosa,57,Sweet Shop,104,394,72.6,17.9,2025-02-05 13:21:56
409,Golgappa,43,Sweet Shop,214,328,52.0,44.0,2025-05-26 16:03:44
410,Local Favourite Kolhapuri Mutton,31,Local Eatery,151,247,52.1,36.1,2026-05-07 20:27:28
411,Extra Cheesy Bebinca,32,Roadside Stall,47,74,91.3,0,2025-02-07 17:26:25
412,Kothu Parotta,111,Local Eatery,148,202,79.6,4.1,2025-10-28 21:45:48
413,Local Favourite Naga Chutney,83,Roadside Stall,59,117,60.9,26.0,2025-09-24 07:21:04
414,Authentic Sol Kadhi,76,Roadside Stall,59,116,72.3,20.5,2026-03-02 11:50:36
415,Pitha,81,Local Eatery,86,255,79.0,8.5,2026-06-07 05:57:16
416,Family Recipe Goan Fish Curry,34,Sweet Shop,193,285,78.9,9.2,2026-03-13 17:39:46
417,Festival Kachori,123,Fine Dining,1327,1363,72.6,7.8,2025-04-23 21:05:10
418,Street-side Fish Tenga,14,Local Eatery,96,280,61.1,38.4,2026-06-21 09:37:15
419,Festival Thepla,76,Fine Dining,604,1875,85.1,0,2025-06-24 05:23:33
420,Aloo Paratha,100,Sweet Shop,103,137,88.4,0,2026-06-17 04:05:55
421,Street-side Naga Chutney,81,Mid-range Restaurant,253,580,85.1,0,2025-12-11 03:18:31
422,Quick-bite Curd Rice,58,Roadside Stall,27,61,63.2,17.7,2026-06-15 05:41:00
423,Dal Bafla,20,Street Food,68,83,69.1,20.2,2025-04-12 00:36:57
424,Homestyle Sarson da Saag,42,Sweet Shop,69,99,55.4,29.2,2025-02-09 12:00:50
425,Quick-bite Zan,78,Street Food,60,137,59.4,21.0,2025-02-22 22:54:05
426,Spicy Dal Makhani,130,Fine Dining,594,1319,59.5,21.8,2025-09-15 18:45:25
427,Deluxe Axone,85,Roadside Stall,48,88,95.9,0,2026-05-20 07:49:53
428,Grandma's Filter Coffee,3,Sweet Shop,187,356,60.7,15.7,2025-09-07 06:41:58
429,Local Favourite Amritsari Kulcha,98,Sweet Shop,102,124,87.4,0,2025-10-19 05:43:28
430,Extra Cheesy Nihari,132,Mid-range Restaurant,248,422,72.3,22.1,2025-05-11 00:27:55
431,Pitha,138,Local Eatery,145,209,85.0,0,2025-03-22 17:20:10
432,Idiyappam,53,Street Food,39,52,70.3,14.7,2025-03-09 23:30:28
433,Rosogolla,19,Roadside Stall,19,102,83.0,3.4,2025-11-13 14:49:32
434,Local Favourite Chaat Papdi,100,Street Food,69,94,73.1,16.3,2026-04-26 06:52:03
435,Quick-bite Chhena Poda,17,Street Food,65,139,52.0,51.0,2025-08-23 01:35:03
436,Extra Cheesy Undhiyu,23,Sweet Shop,37,289,55.6,25.4,2025-10-31 16:37:46
437,Authentic Modak,76,Sweet Shop,195,300,90.7,0,2026-03-08 03:15:00
438,Street-side Amritsari Kulcha,37,Roadside Stall,40,118,73.5,8.1,2025-06-13 03:40:10
439,Momos,89,Roadside Stall,24,54,57.3,37.1,2025-07-16 07:26:53
440,Filter Coffee,50,Roadside Stall,18,98,70.3,18.5,2025-08-14 18:09:30
441,Royal Sandesh,18,Roadside Stall,46,98,66.1,26.6,2025-07-02 04:00:33
442,Premium Undhiyu,26,Local Eatery,100,234,69.9,20.2,2025-08-26 10:12:14
443,Mutton Rogan Josh,40,Local Eatery,60,150,60.8,21.0,2026-05-13 18:05:46
444,Grandma's Bisi Bele Bath,112,Sweet Shop,114,369,70.4,15.0,2025-08-26 06:24:25
445,Royal Malai Kofta,125,Roadside Stall,20,65,84.7,0.2,2026-02-23 08:34:04
446,Bisi Bele Bath,51,Street Food,84,134,44.2,53.0,2025-11-11 16:15:13
447,Festival Idli Sambar,55,Roadside Stall,45,74,66.5,16.1,2026-04-03 22:57:16
448,Extra Cheesy Dhokla,75,Street Food,70,126,71.9,18.3,2026-04-22 22:27:36
449,Authentic Nihari,43,Local Eatery,132,286,77.3,13.6,2026-01-11 13:09:24
450,Chole Bhature,92,Local Eatery,68,145,66.6,12.0,2025-06-10 14:32:53
451,Local Favourite Mutton Rogan Josh,133,Fine Dining,1402,1507,45.4,54.6,2025-03-22 04:15:13
452,Litti,134,Mid-range Restaurant,239,441,77.1,8.2,2026-05-23 11:04:33
453,Bafla,20,Local Eatery,126,239,65.9,31.3,2026-01-14 03:45:26
454,Butter Chicken,124,Fine Dining,669,1150,49.5,48.7,2025-06-14 06:57:52
455,Family Recipe Dal Makhani,39,Sweet Shop,60,187,68.5,16.4,2025-03-30 00:47:11
456,Signature Golgappa,124,Local Eatery,142,257,42.8,27.5,2026-03-22 10:33:48
457,Village-style Paneer Tikka,42,Roadside Stall,24,41,56.2,49.2,2026-02-06 06:52:49
458,Bebinca,104,Sweet Shop,199,281,89.8,0,2026-04-17 02:27:43
459,Family Recipe Golgappa,121,Fine Dining,1115,1417,81.9,4.9,2025-05-22 06:33:58
460,Sarson da Saag,131,Mid-range Restaurant,382,697,75.0,8.8,2025-10-27 09:31:49
461,Homestyle Pav Bhaji,34,Roadside Stall,58,94,83.2,2.4,2025-05-18 19:23:21
462,Festival Chole Bhature,122,Street Food,31,102,77.3,13.0,2026-02-23 21:01:09
463,Village-style Mysore Pak,1,Street Food,74,113,89.2,0,2025-10-24 02:45:48
464,Quick-bite Dahi Vada,90,Local Eatery,92,224,80.8,7.1,2025-03-07 02:28:22
465,Festival Khandvi,73,Local Eatery,60,251,80.0,3.0,2026-02-10 20:51:48
466,Homestyle Bhel Puri,31,Local Eatery,148,238,68.3,12.2,2025-11-27 22:33:00
467,Festival Bafla,65,Mid-range Restaurant,291,649,67.8,14.5,2026-03-05 19:58:55
468,Grandma's Dal Makhani,124,Fine Dining,759,1397,74.6,15.9,2025-11-06 05:40:35
469,Traditional Amritsari Kulcha,36,Sweet Shop,71,132,59.1,28.0,2025-09-20 20:56:19
470,Bamboo Shoot Curry,14,Street Food,31,146,54.8,51.7,2025-12-05 04:01:25
471,Roadside Pav Bhaji,23,Street Food,24,126,67.3,31.5,2026-04-22 21:08:53
472,Premium Sandesh,134,Local Eatery,141,277,69.5,13.1,2026-05-26 05:12:33
473,Chef's Kadhi Chawal,133,Roadside Stall,47,86,75.8,13.0,2025-10-07 10:02:22
474,Family Recipe Poha Jalebi,62,Mid-range Restaurant,354,544,77.6,8.0,2025-06-05 14:03:22
475,Butter Chicken,133,Roadside Stall,33,114,87.7,0,2025-08-03 18:28:47
476,Chef's Payasam,58,Fine Dining,1088,1107,61.6,25.5,2025-03-24 16:39:02
477,Deluxe Pitha,19,Street Food,85,111,85.5,0,2026-03-23 12:47:55
478,Local Favourite Kadhi Bafla,65,Local Eatery,156,252,91.0,0,2025-12-24 20:27:05
479,Royal Zan,8,Fine Dining,1148,1609,77.8,6.3,2025-09-03 05:38:48
480,Village-style Curd Rice,106,Sweet Shop,97,234,62.9,23.8,2025-09-23 15:12:33
481,Signature Dal Bafla,20,Local Eatery,174,257,62.0,39.9,2026-06-15 14:02:35
482,Chef's Meen Curry,49,Local Eatery,171,214,58.7,22.2,2025-07-13 22:39:36
483,Royal Paneer Tikka,92,Street Food,83,132,39.2,74.6,2025-02-02 19:50:30
484,Premium Mutton Rogan Josh,124,Roadside Stall,32,104,57.3,42.0,2026-02-02 00:13:17
485,Misal Pav,72,Local Eatery,66,210,82.1,3.4,2026-02-25 00:38:42
486,Grandma's Naga Chutney,9,Sweet Shop,74,318,92.6,0,2025-12-24 08:20:14
487,Homestyle Pitha,81,Local Eatery,108,266,51.5,34.6,2025-07-21 17:10:23
488,Roadside Idiyappam,48,Fine Dining,1481,2118,65.5,16.0,2025-11-26 06:52:05
489,Grandma's Mysore Pak,54,Fine Dining,786,1719,57.1,21.1,2026-03-24 07:25:06
490,Filter Coffee,59,Roadside Stall,42,100,58.0,42.1,2025-04-27 03:46:40
491,Family Recipe Butter Chicken,122,Local Eatery,174,292,76.3,10.8,2025-09-03 05:34:56
492,Roadside Kadhi Chawal,125,Roadside Stall,18,78,51.4,26.7,2025-06-17 08:36:07
493,Royal Kadhi Bafla,66,Mid-range Restaurant,283,477,66.2,23.9,2025-07-20 04:09:09
494,Spicy Rosogolla,89,Sweet Shop,185,245,74.5,14.5,2026-02-23 05:12:59
495,Deluxe Chhena Poda,45,Sweet Shop,160,294,81.2,4.3,2025-03-02 21:37:19
496,Kadhi Chawal,98,Local Eatery,171,202,76.7,14.2,2025-11-24 15:13:45
497,Special Thukpa,104,Local Eatery,100,191,77.1,11.5,2026-04-16 05:11:37
498,Sarson da Saag,102,Mid-range Restaurant,416,656,68.5,13.5,2025-01-18 22:38:08
499,Goan Fish Curry,33,Sweet Shop,209,239,58.9,28.1,2025-03-16 05:15:01
500,Festival Chingri Malai Curry,17,Fine Dining,1036,1216,51.8,44.5,2025-03-07 11:40:33
501,Traditional Kadhi Chawal,100,Mid-range Restaurant,376,450,53.9,50.0,2025-01-23 04:36:27
502,Fish Tenga,9,Mid-range Restaurant,393,642,92.4,0,2025-07-31 14:10:22
503,Festival Hyderabadi Biryani,114,Roadside Stall,44,109,72.7,16.8,2025-08-29 12:30:19
504,Festival Chingri Malai Curry,89,Street Food,76,125,66.5,16.9,2025-08-24 19:00:33
505,Masala Dosa,3,Local Eatery,104,187,70.7,8.7,2026-01-18 02:16:14
506,Kadhi Chawal,123,Mid-range Restaurant,268,685,39.4,47.8,2025-11-16 19:18:46
507,Traditional Vada Sambar,112,Sweet Shop,195,304,83.3,1.5,2025-03-03 12:34:35
508,Puttu Kadala,109,Roadside Stall,66,120,78.1,6.5,2026-02-18 04:09:35
509,Misal Pav,69,Local Eatery,77,161,52.3,37.5,2025-12-18 16:11:34
510,Premium Goan Fish Curry,70,Mid-range Restaurant,159,324,46.6,47.7,2025-05-25 10:07:40
511,Roadside Undhiyu,27,Fine Dining,1244,1270,60.1,19.4,2026-01-19 08:59:23
512,Spicy Pesarattu,56,Fine Dining,880,1839,78.5,4.1,2025-03-04 07:28:00
513,Chole Bhature,38,Street Food,80,101,57.8,43.8,2025-10-24 09:07:06
514,Traditional Filter Coffee,4,Fine Dining,753,2273,95.4,0,2025-03-14 23:32:49
515,Chef's Litti,134,Sweet Shop,109,284,55.7,43.2,2026-03-03 20:54:45
516,Roadside Macher Jhol,134,Mid-range Restaurant,251,445,86.1,0,2025-06-19 03:52:01
517,Spicy Thepla,29,Local Eatery,161,241,74.8,11.0,2025-07-08 19:30:49
518,Idli Sambar,3,Fine Dining,1204,2435,55.5,45.0,2025-07-13 04:31:08
519,Golgappa,41,Mid-range Restaurant,180,220,66.0,14.9,2026-02-21 14:21:02
520,Signature Dhokla,28,Roadside Stall,65,116,80.5,7.0,2025-12-07 18:18:46
521,Local Favourite Masala Dosa,50,Local Eatery,92,112,71.3,15.4,2025-08-17 21:52:41
522,Signature Dalma,139,Local Eatery,129,228,64.6,23.7,2026-04-11 00:12:10
523,Village-style Rajma Chawal,42,Mid-range Restaurant,284,571,66.5,11.1,2026-05-11 13:40:04
524,Litti Chokha,130,Roadside Stall,38,78,64.5,13.9,2026-02-23 14:52:39
525,Tandoori Roti,100,Roadside Stall,24,112,62.7,24.3,2025-09-08 02:57:48
526,Pav Bhaji,29,Street Food,36,68,85.4,0,2026-01-12 23:57:28
527,Street-side Filter Coffee,50,Fine Dining,1173,2186,72.7,17.7,2025-07-18 19:02:24
528,Axone,13,Street Food,21,150,88.0,0,2025-03-04 02:30:10
529,Grandma's Chole Bhature,120,Fine Dining,1341,2106,81.9,2.1,2026-04-25 04:28:14
530,Bhel Puri,69,Mid-range Restaurant,189,682,59.2,31.6,2025-03-20 14:58:22
531,Local Favourite Idiyappam,60,Roadside Stall,57,82,74.3,18.6,2026-03-10 17:46:05
532,Quick-bite Filter Coffee,107,Fine Dining,1219,2103,85.8,0,2025-05-21 02:50:06
533,Naga Chutney,103,Roadside Stall,53,91,88.8,0,2026-03-04 06:15:33
534,Axone,84,Fine Dining,1345,2017,75.6,12.0,2025-06-16 03:54:34
535,Roadside Malai Kofta,97,Fine Dining,958,1781,35.7,31.6,2025-08-09 23:07:55
536,Pongal,5,Mid-range Restaurant,153,470,93.6,0,2025-09-02 14:14:55
537,Festival Bisi Bele Bath,6,Roadside Stall,51,70,51.0,39.2,2025-05-02 06:02:50
538,Sarson da Saag,36,Local Eatery,89,164,82.6,1.7,2025-11-07 12:46:46
539,Uttapam,56,Local Eatery,122,279,82.9,1.5,2026-05-14 20:29:38
540,Quick-bite Momos,77,Street Food,62,116,85.7,0,2025-04-04 15:02:17
541,Payasam,59,Sweet Shop,127,164,63.7,13.8,2026-02-24 09:01:10
542,Lassi,39,Local Eatery,66,248,79.6,5.8,2025-12-13 02:53:19
543,Traditional Rajma Chawal,130,Fine Dining,651,931,65.2,23.2,2025-02-08 07:13:31
544,Special Jadoh,103,Fine Dining,1292,1569,80.7,5.1,2025-06-03 21:00:38
545,Quick-bite Litti Chokha,125,Roadside Stall,62,105,60.8,16.6,2025-12-01 01:00:22
546,Quick-bite Fish Tenga,83,Sweet Shop,135,361,66.5,15.3,2025-09-25 14:24:35
547,Deluxe Chak-hao Kheer,7,Mid-range Restaurant,376,460,69.5,26.5,2025-07-01 08:33:41
548,Curd Rice,52,Street Food,34,138,47.2,65.7,2025-04-25 16:54:00
549,Vada Pav,74,Street Food,59,126,70.7,14.3,2026-02-22 21:08:55
550,Festival Appam with Stew,55,Mid-range Restaurant,397,479,78.4,9.3,2025-10-20 12:27:25
551,Roadside Rosogolla,135,Mid-range Restaurant,252,666,78.4,6.1,2025-12-28 03:29:52
552,Uttapam,3,Sweet Shop,198,300,84.9,0.1,2026-05-20 09:54:04
553,Local Favourite Aloo Paratha,99,Sweet Shop,55,226,71.2,18.2,2025-03-10 08:49:27
554,Appam with Stew,48,Roadside Stall,60,71,45.4,67.6,2025-08-25 20:15:39
555,Chingri Malai Curry,86,Street Food,64,119,66.0,18.3,2026-01-25 08:00:16
556,Bebinca,71,Fine Dining,1411,1481,89.6,0,2025-06-25 05:09:58
557,Lassi,39,Street Food,68,144,91.0,0,2026-05-01 20:37:25
558,Traditional Mysore Pak,59,Fine Dining,1493,1822,87.3,0,2026-02-26 03:58:11
559,Authentic Thepla,34,Sweet Shop,81,161,63.9,30.5,2026-02-11 20:26:30
560,Kachori,35,Roadside Stall,25,75,48.6,45.1,2025-04-02 22:53:56
561,Pesarattu,48,Mid-range Restaurant,361,581,63.7,31.8,2026-05-10 15:41:45
562,Chef's Dhokla,71,Local Eatery,63,268,93.8,0,2026-04-16 09:17:10
563,Traditional Payasam,60,Street Food,65,85,78.2,8.0,2026-01-26 04:00:32
564,Mutton Rogan Josh,121,Fine Dining,985,1276,56.1,25.2,2025-11-14 08:39:14
565,Spicy Bisi Bele Bath,4,Sweet Shop,81,195,48.4,62.7,2025-12-08 04:52:10
566,Lassi,126,Fine Dining,914,1009,75.6,14.9,2025-09-01 00:49:55
567,Malai Kofta,101,Sweet Shop,39,315,52.2,37.7,2025-02-02 22:41:23
568,Street-side Chila,63,Roadside Stall,63,113,91.1,0,2025-12-08 09:52:41
569,Deluxe Kadhi Chawal,102,Fine Dining,801,2066,87.9,0,2025-04-21 11:32:19
570,Chaat Papdi,119,Street Food,43,127,89.2,0,2025-04-16 02:17:57
571,Classic Kachori,101,Local Eatery,118,279,86.6,0,2025-12-20 03:54:33
572,Undhiyu,24,Sweet Shop,71,144,50.7,49.6,2026-05-08 11:57:59
573,Rajma Chawal,93,Sweet Shop,160,326,90.0,0,2025-10-23 15:01:44
574,Chak-hao Kheer,12,Roadside Stall,57,76,56.0,22.4,2025-02-09 20:29:48
575,Rava Kesari,108,Fine Dining,795,2087,57.1,46.8,2025-06-07 13:25:47
576,Roadside Payasam,1,Fine Dining,1375,2406,73.4,7.0,2026-01-19 06:53:16
577,Appam with Stew,61,Fine Dining,919,1833,49.7,46.6,2025-07-10 01:47:02
578,Khandvi,72,Local Eatery,66,123,55.0,41.5,2025-01-29 12:31:48
579,Chole Bhature,38,Mid-range Restaurant,319,373,46.5,42.4,2025-05-19 10:47:27
580,Kadhi Chawal,42,Sweet Shop,182,338,81.6,2.8,2025-12-20 16:06:44
581,Chole Bhature,93,Mid-range Restaurant,338,542,83.0,3.0,2026-03-04 13:31:29
582,Signature Sandesh,17,Sweet Shop,100,278,72.8,15.0,2026-06-25 11:12:07
583,Street-side Payasam,54,Sweet Shop,191,336,94.0,0,2026-06-19 21:26:46
584,Misal Pav,74,Mid-range Restaurant,419,610,88.4,0,2026-01-21 13:30:33
585,Signature Dalma,134,Local Eatery,173,261,60.1,23.6,2025-05-31 08:08:05
586,Homestyle Filter Coffee,1,Street Food,46,134,96.9,0,2025-09-17 06:20:19
587,Chef's Pitha,90,Local Eatery,148,230,61.3,16.1,2025-08-22 05:41:57
588,Malai Kofta,130,Street Food,62,115,67.8,22.1,2025-01-23 14:47:14
589,Momos,45,Sweet Shop,152,396,70.9,9.1,2025-04-16 10:38:09
590,Paneer Tikka,124,Roadside Stall,36,105,81.5,3.8,2025-02-13 12:19:51
591,Sandesh,134,Mid-range Restaurant,424,443,58.8,37.3,2025-10-02 15:29:55
592,Litti Chokha,17,Mid-range Restaurant,342,672,73.0,9.6,2026-04-16 10:51:46
593,Premium Dal Makhani,100,Mid-range Restaurant,311,684,44.3,44.6,2026-01-22 01:45:58
594,Curd Rice,61,Mid-range Restaurant,260,538,63.6,15.7,2025-01-30 01:05:38
595,Extra Cheesy Uttapam,52,Fine Dining,1426,2460,55.4,29.8,2026-01-11 12:34:12
596,Classic Sandesh,135,Street Food,36,72,79.4,6.4,2026-02-10 17:12:51
597,Vada Pav,30,Sweet Shop,182,214,65.0,33.3,2025-03-22 01:58:33
598,Deluxe Chhena Poda,134,Mid-range Restaurant,257,431,58.3,25.2,2026-02-18 10:20:24
599,Chak-hao Kheer,82,Mid-range Restaurant,226,316,62.2,14.1,2026-04-29 20:32:08
600,Chef's Amritsari Kulcha,132,Roadside Stall,35,79,54.6,43.9,2025-08-09 00:29:33
601,Special Dal Bafla,63,Mid-range Restaurant,377,412,53.8,36.3,2026-06-09 16:09:25
602,Local Favourite Thukpa,13,Fine Dining,901,1277,78.7,10.5,2026-05-04 22:11:02
603,Grandma's Payasam,115,Local Eatery,151,297,49.6,60.4,2025-12-28 17:11:26
604,Extra Cheesy Pav Bhaji,34,Mid-range Restaurant,388,638,60.1,21.6,2026-04-25 04:38:02
605,Local Favourite Malpua,67,Sweet Shop,114,290,70.0,9.5,2026-01-05 04:52:29
606,Signature Puran Poli,29,Local Eatery,96,195,75.5,7.2,2025-03-21 22:47:43
607,Royal Pitha,104,Sweet Shop,48,212,73.0,13.0,2025-11-18 03:06:56
608,Festival Sabudana Khichdi,62,Fine Dining,893,1038,65.4,30.9,2026-04-05 00:28:58
609,Mysore Pak,111,Roadside Stall,59,84,56.7,39.7,2026-03-22 23:38:43
610,Quick-bite Amritsari Kulcha,125,Mid-range Restaurant,199,629,69.7,14.8,2025-11-12 04:32:34
611,Dahi Vada,18,Roadside Stall,64,98,64.8,27.8,2025-02-17 18:06:42
612,Thepla,24,Sweet Shop,30,115,77.3,8.8,2025-08-15 10:00:52
613,Chef's Chaat Papdi,100,Mid-range Restaurant,303,604,81.9,4.4,2025-12-04 15:53:57
614,Quick-bite Macher Jhol,89,Roadside Stall,40,66,84.4,0.4,2026-03-03 07:57:37
615,Momos,14,Mid-range Restaurant,206,656,62.6,14.3,2025-12-02 07:45:36
616,Local Favourite Lassi,101,Fine Dining,1058,1500,77.4,8.9,2025-05-27 04:48:09
617,Spicy Mutton Rogan Josh,99,Sweet Shop,62,140,40.6,61.2,2025-04-22 20:16:40
618,Authentic Kachori,125,Sweet Shop,136,366,70.1,23.0,2026-04-15 11:22:57
619,Family Recipe Payasam,109,Fine Dining,1065,1996,67.3,15.4,2025-11-26 22:19:16
620,Kothu Parotta,2,Local Eatery,151,289,62.0,39.4,2026-03-24 15:59:11
621,Street-side Chole Bhature,94,Sweet Shop,124,191,74.6,18.2,2025-03-04 04:29:04
622,Roadside Nihari,37,Street Food,31,72,70.8,21.2,2026-06-04 09:47:27
623,Premium Bafla,20,Mid-range Restaurant,423,438,70.6,17.5,2025-12-31 11:07:32
624,Smoked Pork,85,Mid-range Restaurant,298,393,44.8,68.6,2025-08-25 04:17:28
625,Signature Poha Jalebi,67,Roadside Stall,18,112,94.5,0,2026-04-30 22:06:45
626,Signature Jadoh,7,Roadside Stall,19,64,61.1,32.0,2025-08-02 18:25:07
627,Poha Jalebi,66,Roadside Stall,62,81,77.3,8.0,2025-05-17 05:40:52
628,Signature Sabudana Khichdi,67,Roadside Stall,17,70,93.5,0,2026-04-08 13:44:47
629,Golgappa,40,Local Eatery,144,266,79.4,4.5,2026-03-25 18:10:42
630,Rosogolla,89,Street Food,26,57,70.5,17.0,2026-01-05 22:14:46
631,Momos,137,Fine Dining,985,1532,54.8,49.7,2025-01-10 05:08:35
632,Extra Cheesy Kolhapuri Mutton,74,Mid-range Restaurant,421,452,51.2,41.8,2025-10-02 19:50:01
633,Roadside Payasam,111,Mid-range Restaurant,200,340,77.1,8.4,2026-06-09 12:20:19
634,Village-style Sabudana Khichdi,62,Sweet Shop,76,246,73.5,16.2,2025-02-22 18:42:58
635,Royal Mysore Pak,4,Sweet Shop,144,243,59.4,24.1,2025-05-30 23:15:48
636,Premium Momos,9,Roadside Stall,57,120,59.2,34.0,2025-04-05 14:19:57
637,Premium Pav Bhaji,31,Sweet Shop,195,349,82.3,2.2,2025-03-28 02:18:07
638,Deluxe Bisi Bele Bath,48,Street Food,78,147,95.6,0,2026-06-22 15:56:37
639,Jadoh,83,Mid-range Restaurant,181,386,67.4,31.6,2025-07-20 13:54:59
640,Extra Cheesy Dal Bafla,68,Local Eatery,138,248,57.0,33.3,2025-04-22 17:58:46
641,Spicy Chhena Poda,139,Sweet Shop,57,293,79.1,4.3,2025-02-26 15:19:05
642,Dahi Vada,19,Street Food,83,102,77.1,4.7,2025-01-30 09:18:26
643,Sarson da Saag,100,Fine Dining,1088,1105,72.4,21.8,2026-01-17 02:55:40
644,Kachori,123,Street Food,48,58,67.3,25.3,2026-01-10 10:22:04
645,Khandvi,32,Mid-range Restaurant,320,679,63.6,14.3,2026-05-18 14:20:28
646,Puran Poli,24,Mid-range Restaurant,191,631,70.3,22.3,2026-05-19 03:43:43
647,Festival Chettinad Chicken,52,Fine Dining,1176,1577,63.5,23.0,2025-03-24 22:18:00
648,Golgappa,92,Fine Dining,1252,1650,54.5,25.4,2026-04-06 13:18:14
649,Local Favourite Kadhi Bafla,62,Roadside Stall,56,85,71.8,23.2,2025-12-15 23:41:40
650,Classic Idli Sambar,5,Sweet Shop,40,257,52.9,50.3,2026-06-03 07:40:46
651,Festival Chingri Malai Curry,134,Roadside Stall,29,48,45.0,30.8,2026-05-23 20:18:11
652,Premium Meen Curry,5,Sweet Shop,196,239,41.2,59.5,2025-08-27 17:10:59
653,Premium Sol Kadhi,25,Roadside Stall,19,42,52.6,42.6,2026-04-24 04:08:51
654,Chef's Uttapam,57,Sweet Shop,203,315,64.6,36.1,2026-03-24 08:48:11
655,Lassi,36,Roadside Stall,26,78,48.1,34.3,2025-11-19 11:02:15
656,Festival Mutton Rogan Josh,44,Local Eatery,178,262,45.5,28.4,2026-05-07 00:57:42
657,Dal Makhani,97,Street Food,20,30,57.0,19.8,2026-05-22 05:36:30
658,Misal Pav,73,Local Eatery,78,251,62.1,26.1,2025-07-05 20:00:47
659,Street-side Dahi Vada,45,Sweet Shop,157,323,90.1,0,2025-08-22 22:46:14
660,Homestyle Shorshe Ilish,90,Local Eatery,75,220,92.6,0,2026-02-24 05:09:45
661,Aloo Paratha,130,Sweet Shop,83,234,47.0,27.9,2025-04-26 21:36:51
662,Family Recipe Golgappa,122,Street Food,26,118,66.4,15.8,2025-07-15 06:05:45
663,Extra Cheesy Dahi Vada,86,Sweet Shop,43,328,56.8,43.5,2026-01-12 18:11:59
664,Amritsari Kulcha,132,Sweet Shop,143,304,74.6,11.5,2026-06-10 17:26:45
665,Royal Pork with Bamboo Shoot,84,Street Food,50,112,85.2,0,2025-06-21 09:27:07
666,Quick-bite Chingri Malai Curry,19,Fine Dining,648,1100,88.5,0,2025-10-28 20:21:36
667,Paneer Tikka,96,Sweet Shop,121,269,58.4,20.0,2026-06-22 15:44:22
668,Authentic Sandesh,16,Fine Dining,969,1835,56.5,28.9,2025-08-18 06:12:33
669,Dal Makhani,41,Local Eatery,71,186,84.6,0.5,2025-06-18 02:46:57
670,Roadside Chaat Papdi,122,Fine Dining,1253,1768,60.9,27.0,2025-06-22 17:57:34
671,Butter Chicken,39,Street Food,80,136,80.9,2.6,2026-02-17 12:49:35
672,Royal Golgappa,101,Local Eatery,70,222,80.4,6.6,2025-11-12 19:54:37
673,Grandma's Hyderabadi Biryani,56,Sweet Shop,53,71,71.1,13.4,2025-12-23 17:39:09
674,Zan,7,Sweet Shop,133,237,81.7,3.4,2025-12-27 15:06:02
675,Uttapam,1,Mid-range Restaurant,421,447,63.3,32.6,2026-06-27 04:41:16
676,Dahi Vada,139,Street Food,62,79,72.3,21.5,2025-10-10 17:16:30
677,Local Favourite Thukpa,14,Roadside Stall,17,73,66.5,25.5,2025-02-22 01:04:50
678,Classic Hyderabadi Biryani,53,Street Food,81,138,89.2,0,2026-06-30 21:57:16
679,Classic Puttu Kadala,54,Mid-range Restaurant,407,633,62.4,15.3,2025-09-26 03:29:23
680,Village-style Meen Curry,116,Street Food,80,135,73.0,19.1,2025-08-16 00:12:08
681,Payasam,116,Sweet Shop,46,152,86.3,0,2025-03-04 06:29:04
682,Dal Makhani,101,Street Food,33,64,62.3,32.6,2026-01-21 12:14:17
683,Tandoori Roti,39,Street Food,57,120,91.8,0,2025-04-13 13:10:06
684,Spicy Mutton Rogan Josh,122,Sweet Shop,35,194,57.6,17.2,2025-06-30 10:54:32
685,Classic Litti,134,Mid-range Restaurant,317,575,75.1,14.2,2026-03-03 00:11:52
686,Deluxe Rasam,114,Mid-range Restaurant,237,651,61.5,27.8,2025-08-12 19:26:10
687,Grandma's Bamboo Shoot Curry,13,Local Eatery,139,190,78.9,5.7,2025-05-17 04:56:06
688,Traditional Dal Makhani,40,Mid-range Restaurant,214,449,61.6,19.2,2026-03-13 21:31:19
689,Fish Tenga,9,Local Eatery,107,231,73.2,9.4,2025-08-23 05:28:53
690,Homestyle Kolhapuri Mutton,32,Fine Dining,1286,1593,89.9,0,2025-05-02 05:02:37
691,Village-style Idiyappam,2,Sweet Shop,105,357,86.6,0,2026-03-22 15:03:26
692,Chaat Papdi,38,Sweet Shop,152,392,45.4,56.0,2025-04-01 18:43:42
693,Momos,79,Local Eatery,117,218,50.8,22.8,2026-05-14 02:56:03
694,Village-style Kothu Parotta,50,Mid-range Restaurant,250,271,50.0,56.7,2026-06-10 21:22:34
695,Local Favourite Bhel Puri,23,Mid-range Restaurant,411,449,87.3,0,2025-04-25 21:54:43
696,Local Favourite Curd Rice,110,Mid-range Restaurant,326,515,63.9,23.9,2026-03-12 18:24:48
697,Thepla,23,Fine Dining,1322,2238,63.0,34.5,2025-11-26 04:48:17
698,Quick-bite Hyderabadi Biryani,107,Local Eatery,86,173,70.9,23.1,2025-09-18 12:37:16
699,Local Favourite Dahi Vada,17,Fine Dining,1154,1723,68.5,20.9,2026-03-18 02:43:39
700,Tandoori Roti,36,Mid-range Restaurant,401,432,83.1,1.8,2026-03-31 13:04:21
701,Zan,78,Local Eatery,63,275,37.6,43.4,2026-05-13 12:48:52
702,Deluxe Amritsari Kulcha,121,Fine Dining,1428,1939,43.8,62.5,2026-01-18 23:07:20
703,Grandma's Dahi Vada,18,Roadside Stall,42,85,76.2,10.3,2026-06-24 05:39:59
704,Puran Poli,31,Street Food,53,83,74.7,8.0,2025-12-25 02:28:56
705,Family Recipe Mutton Rogan Josh,35,Mid-range Restaurant,364,699,87.5,0,2025-08-14 03:18:40
706,Special Bhel Puri,75,Sweet Shop,76,134,75.3,7.8,2025-09-08 13:49:39
707,Deluxe Fish Tenga,81,Sweet Shop,206,308,51.1,43.9,2025-04-22 15:05:19
708,Village-style Hyderabadi Biryani,4,Fine Dining,921,1627,88.0,0,2025-06-19 05:30:25
709,Nihari,40,Roadside Stall,54,108,83.4,2.0,2026-02-18 06:58:54
710,Misal Pav,30,Street Food,36,48,71.0,13.6,2025-10-09 14:46:04
711,Premium Chaat Papdi,36,Mid-range Restaurant,238,611,63.7,31.8,2025-04-03 02:48:22
712,Hyderabadi Biryani,57,Mid-range Restaurant,214,331,53.8,21.7,2026-06-21 13:47:00
713,Pav Bhaji,29,Fine Dining,543,955,52.1,51.0,2026-02-03 19:56:45
714,Chingri Malai Curry,16,Street Food,28,76,77.5,11.3,2025-04-07 03:40:44
715,Chef's Kothu Parotta,53,Mid-range Restaurant,164,266,54.9,45.0,2025-08-04 10:39:25
716,Aloo Posto,90,Sweet Shop,186,257,72.0,8.9,2026-03-26 01:11:34
717,Pongal,4,Mid-range Restaurant,237,633,73.1,21.0,2025-03-18 15:38:06
718,Signature Pongal,55,Roadside Stall,26,92,77.7,5.3,2025-10-03 14:22:04
719,Chef's Kachori,98,Fine Dining,615,2184,93.6,0,2025-03-27 16:26:32
720,Litti Chokha,134,Sweet Shop,103,398,79.3,4.0,2026-01-19 11:28:25
721,Deluxe Misal Pav,30,Sweet Shop,109,346,59.7,27.5,2025-11-29 09:47:01
722,Uttapam,49,Mid-range Restaurant,241,257,96.7,0,2025-03-23 16:32:45
723,Chaat Papdi,102,Street Food,35,63,67.7,24.8,2025-03-21 00:14:18
724,Rajma Chawal,44,Mid-range Restaurant,252,566,84.0,1.1,2025-06-30 21:00:16
725,Meen Curry,109,Roadside Stall,52,79,80.5,7.0,2025-11-07 20:55:51
726,Golgappa,92,Fine Dining,1023,1604,55.0,34.4,2025-04-05 21:47:16
727,Signature Kadhi Bafla,65,Local Eatery,63,98,79.8,8.3,2026-01-22 21:54:27
728,Bamboo Shoot Curry,7,Mid-range Restaurant,228,393,76.0,6.4,2025-03-01 10:23:06
729,Chhena Poda,134,Local Eatery,97,276,71.7,16.0,2026-02-26 07:46:45
730,Festival Chhena Poda,88,Street Food,75,100,67.2,17.4,2025-10-20 07:25:19
731,Street-side Rasam,114,Roadside Stall,57,116,63.7,30.8,2026-01-17 17:50:38
732,Hyderabadi Biryani,111,Fine Dining,1282,1516,74.3,12.7,2026-03-07 03:16:48
733,Signature Dahi Vada,139,Local Eatery,124,148,67.6,20.8,2025-10-21 10:39:34
734,Classic Kadhi Chawal,91,Roadside Stall,17,43,83.7,1.3,2026-03-30 13:56:00
735,Classic Chak-hao Kheer,7,Fine Dining,853,1594,68.4,11.1,2025-07-09 16:45:23
736,Deluxe Sabudana Khichdi,64,Sweet Shop,46,212,52.6,26.0,2026-02-23 04:49:00
737,Momos,84,Fine Dining,1081,2145,86.9,0,2026-06-25 13:36:22
738,Classic Butter Chicken,121,Fine Dining,830,2012,51.3,40.0,2026-06-21 14:38:15
739,Signature Pesarattu,53,Sweet Shop,116,211,75.8,9.5,2025-12-05 15:27:49
740,Meen Curry,52,Roadside Stall,28,74,61.8,22.2,2026-03-22 11:12:02
741,Chak-hao Kheer,103,Street Food,32,117,65.2,13.5,2026-02-17 11:44:38
742,Chef's Kachori,122,Street Food,58,132,82.3,3.0,2026-02-24 09:21:08
743,Spicy Pork with Bamboo Shoot,81,Roadside Stall,47,115,77.7,9.2,2025-01-15 10:47:27
744,Quick-bite Dal Makhani,133,Sweet Shop,149,227,89.1,0,2026-04-23 05:39:42
745,Street-side Kothu Parotta,112,Mid-range Restaurant,386,471,60.5,36.6,2025-08-22 05:32:39
746,Mysore Pak,112,Street Food,46,108,61.9,21.8,2025-05-05 17:30:30
747,Local Favourite Sabudana Khichdi,66,Local Eatery,84,101,60.8,38.5,2025-12-27 12:33:50
748,Spicy Malai Kofta,125,Street Food,45,75,62.2,14.5,2025-08-04 18:02:42
749,Litti,46,Fine Dining,1301,1351,47.2,63.3,2025-09-01 19:36:32
750,Thukpa,77,Sweet Shop,198,231,67.8,27.7,2025-04-20 04:13:52
751,Filter Coffee,61,Street Food,52,125,85.9,0,2025-04-05 23:24:19
752,Axone,81,Sweet Shop,90,316,59.3,18.7,2025-06-16 07:16:27
753,Spicy Sol Kadhi,71,Roadside Stall,18,90,73.0,17.3,2025-03-29 17:45:07
754,Spicy Naga Chutney,82,Local Eatery,95,142,66.4,27.1,2025-08-28 08:43:52
755,Payasam,6,Sweet Shop,43,396,60.5,31.0,2025-08-29 05:10:57
756,Amritsari Kulcha,93,Fine Dining,897,923,87.3,0,2025-07-18 11:29:35
757,Traditional Thukpa,78,Local Eatery,177,243,76.4,14.2,2026-05-16 13:02:11
758,Street-side Chak-hao Kheer,105,Street Food,82,122,79.8,8.9,2025-09-16 10:23:29
759,Filter Coffee,109,Roadside Stall,19,74,68.8,23.9,2026-03-02 10:23:05
760,Zan,84,Sweet Shop,194,251,76.3,13.5,2025-04-16 16:56:34
761,Vada Sambar,1,Mid-range Restaurant,192,258,55.7,35.7,2026-05-20 05:36:10
762,Prawn Balchao,34,Mid-range Restaurant,381,635,85.4,0,2025-05-15 17:53:00
763,Deluxe Chak-hao Kheer,84,Fine Dining,876,1258,67.6,18.3,2026-03-20 00:51:02
764,Masala Dosa,58,Sweet Shop,186,356,59.9,17.7,2025-12-26 04:13:28
765,Family Recipe Bisi Bele Bath,51,Roadside Stall,42,85,55.1,52.3,2025-05-13 03:19:13
766,Village-style Vada Pav,31,Fine Dining,1347,2369,52.9,46.7,2025-05-29 00:00:02
767,Signature Undhiyu,69,Fine Dining,1376,1809,75.3,17.4,2025-08-08 18:53:30
768,Family Recipe Mysore Pak,49,Local Eatery,63,147,92.5,0,2025-12-17 06:48:53
769,Malpua,64,Fine Dining,587,618,70.6,23.7,2026-06-23 06:53:43
770,Tandoori Roti,102,Sweet Shop,182,257,49.1,45.5,2025-02-10 11:26:58
771,Momos,86,Roadside Stall,57,118,75.3,14.5,2025-02-05 08:24:10
772,Bisi Bele Bath,2,Mid-range Restaurant,352,551,53.9,52.0,2025-02-01 22:37:31
773,Family Recipe Sandesh,46,Mid-range Restaurant,389,466,50.6,50.0,2025-12-03 06:23:37
774,Royal Sarson da Saag,37,Local Eatery,123,204,80.2,8.2,2025-08-08 18:06:49
775,Village-style Bafla,68,Local Eatery,100,298,95.4,0,2025-04-28 11:46:45
776,Chef's Idli Sambar,113,Local Eatery,83,102,70.7,11.4,2025-12-29 19:59:14
777,Signature Filter Coffee,112,Mid-range Restaurant,398,642,71.5,21.8,2025-04-25 23:55:16
778,Special Puran Poli,32,Mid-range Restaurant,242,679,56.4,34.6,2025-07-31 21:12:11
779,Homestyle Kothu Parotta,55,Roadside Stall,26,89,88.0,0,2026-01-22 21:27:28
780,Classic Kolhapuri Mutton,25,Sweet Shop,204,245,67.7,22.6,2025-03-24 09:17:11
781,Homestyle Bamboo Shoot Curry,83,Sweet Shop,198,330,70.1,26.0,2026-04-07 12:46:12
782,Pesarattu,2,Fine Dining,832,2340,97.5,0,2026-03-19 01:52:56
783,Thepla,34,Mid-range Restaurant,315,353,80.0,6.3,2026-04-13 19:31:40
784,Local Favourite Rajma Chawal,98,Local Eatery,158,270,50.5,56.0,2025-05-07 13:26:04
785,Litti Chokha,100,Sweet Shop,69,140,63.4,33.7,2025-08-29 20:42:26
786,Puran Poli,34,Roadside Stall,27,99,69.7,16.3,2025-07-28 12:49:07
787,Uttapam,109,Roadside Stall,26,91,76.3,6.2,2026-02-03 17:22:42
788,Chingri Malai Curry,88,Sweet Shop,69,332,72.8,16.8,2025-03-07 05:18:58
789,Spicy Sol Kadhi,75,Fine Dining,807,1121,93.5,0,2025-08-22 08:01:23
790,Deluxe Chila,64,Roadside Stall,19,34,72.3,15.4,2025-11-17 19:14:23
791,Sol Kadhi,25,Mid-range Restaurant,280,589,49.9,42.3,2025-03-30 11:54:41
792,Dal Makhani,119,Street Food,30,93,85.5,0,2026-04-02 02:21:27
793,Chak-hao Kheer,117,Mid-range Restaurant,324,429,58.9,18.1,2026-04-15 04:21:42
794,Spicy Bhutte ka Kees,67,Street Food,70,94,41.0,61.0,2025-12-24 10:03:37
795,Fish Tenga,104,Mid-range Restaurant,334,697,77.7,10.4,2025-11-03 19:16:55
796,Authentic Thukpa,78,Local Eatery,74,292,41.6,76.6,2025-01-21 19:52:24
797,Meen Curry,54,Fine Dining,1362,2475,57.7,26.2,2025-12-26 22:52:42
798,Spicy Golgappa,38,Local Eatery,175,204,79.9,5.8,2026-01-12 17:55:42
799,Extra Cheesy Butter Chicken,121,Local Eatery,97,252,83.3,1.8,2025-09-17 07:24:58
800,Filter Coffee,3,Fine Dining,1254,2449,75.2,12.4,2025-08-14 20:25:48
801,Local Favourite Zan,10,Roadside Stall,61,110,89.0,0,2026-01-14 23:08:35
802,Village-style Idli Sambar,60,Roadside Stall,35,115,48.1,61.7,2025-11-21 00:00:20
803,Amritsari Kulcha,122,Sweet Shop,118,357,78.5,4.1,2025-08-12 16:54:36
804,Grandma's Meen Curry,50,Roadside Stall,29,114,87.3,0,2026-04-13 15:57:35
805,Paneer Tikka,120,Fine Dining,1482,1918,83.5,2.1,2025-10-07 19:39:01
806,Premium Dal Makhani,121,Sweet Shop,52,309,53.7,26.3,2026-04-16 11:58:47
807,Amritsari Kulcha,126,Fine Dining,810,1300,58.8,17.2,2025-01-15 01:58:43
808,Sarson da Saag,92,Local Eatery,165,285,86.5,0,2025-02-19 10:48:45
809,Shorshe Ilish,87,Street Food,48,120,61.4,23.8,2025-10-03 22:10:18
810,Festival Chak-hao Kheer,12,Local Eatery,169,267,85.4,0,2025-03-22 21:20:52
811,Zan,13,Street Food,33,143,75.7,14.3,2025-03-21 02:57:28
812,Royal Naga Chutney,11,Street Food,46,102,55.6,27.9,2025-12-09 22:29:25
813,Royal Golgappa,130,Mid-range Restaurant,321,401,53.3,26.7,2025-11-19 22:08:19
814,Signature Puttu Kadala,2,Roadside Stall,25,45,61.8,33.8,2025-11-19 08:19:16
815,Aloo Paratha,93,Roadside Stall,41,80,54.3,34.2,2025-11-14 22:04:43
816,Naga Chutney,118,Fine Dining,649,2236,40.2,70.2,2025-02-24 01:05:14
817,Classic Malpua,22,Local Eatery,115,140,67.6,11.2,2026-05-14 05:47:18
818,Chole Bhature,39,Fine Dining,911,2315,78.6,10.5,2025-09-01 15:42:10
819,Rosogolla,89,Roadside Stall,24,85,69.8,12.9,2026-02-27 20:49:22
820,Curd Rice,114,Mid-range Restaurant,193,221,73.2,12.6,2025-04-08 20:54:55
821,Deluxe Pitha,134,Roadside Stall,50,79,72.6,18.7,2025-05-05 07:07:33
822,Festival Masala Dosa,6,Local Eatery,166,275,63.7,23.6,2026-01-28 11:00:03
823,Goan Fish Curry,29,Mid-range Restaurant,409,600,53.3,47.8,2025-04-07 21:30:17
824,Rava Kesari,115,Fine Dining,847,1340,82.3,4.8,2026-03-16 07:29:47
825,Premium Kosha Mangsho,137,Mid-range Restaurant,295,646,81.5,5.1,2026-06-07 07:04:28
826,Litti Chokha,36,Street Food,61,137,74.7,16.4,2025-10-08 14:30:53
827,Thukpa,117,Fine Dining,583,781,48.0,61.6,2026-01-05 22:00:02
828,Special Rasam,55,Roadside Stall,40,116,81.3,6.1,2026-03-30 20:12:42
829,Kachori,128,Fine Dining,1249,2112,83.1,1.5,2025-04-09 17:45:45
830,Chaat Papdi,125,Roadside Stall,48,65,78.4,7.6,2025-01-26 07:50:44
831,Malai Kofta,41,Street Food,72,96,53.1,41.0,2025-02-01 06:54:48
832,Royal Litti Chokha,134,Mid-range Restaurant,305,465,71.3,21.2,2025-04-21 09:40:40
833,Idli Sambar,108,Local Eatery,83,282,71.4,10.2,2025-09-28 19:17:14
834,Street-side Kosha Mangsho,18,Roadside Stall,34,116,70.0,15.1,2025-10-21 01:29:12
835,Authentic Paneer Tikka,122,Fine Dining,1279,2210,77.5,5.8,2025-09-10 14:28:15
836,Bebinca,23,Fine Dining,896,1382,86.8,0,2025-02-05 14:08:28
837,Bisi Bele Bath,114,Sweet Shop,36,338,76.3,13.3,2025-08-28 21:20:43
838,Festival Modak,32,Roadside Stall,49,95,80.5,7.9,2026-02-10 06:11:44
839,Meen Curry,49,Street Food,43,55,62.3,19.2,2026-03-27 03:38:46
840,Uttapam,114,Fine Dining,1103,1205,71.5,23.2,2025-09-22 01:14:58
841,Spicy Chettinad Chicken,112,Roadside Stall,35,93,61.4,17.4,2025-03-19 03:42:47
842,Deluxe Litti Chokha,139,Mid-range Restaurant,195,283,63.8,23.1,2025-05-12 09:56:59
843,Classic Dahi Vada,16,Sweet Shop,44,206,67.5,17.2,2025-11-17 15:34:29
844,Jadoh,83,Street Food,26,61,60.5,32.3,2025-07-03 16:30:50
845,Village-style Nihari,127,Street Food,54,71,64.4,26.0,2025-02-20 20:13:46
846,Butter Chicken,124,Street Food,54,134,91.2,0,2025-07-11 07:39:53
847,Quick-bite Undhiyu,33,Street Food,84,107,81.5,2.7,2026-02-24 18:31:37
848,Aloo Paratha,44,Roadside Stall,43,58,36.6,56.0,2026-04-28 03:14:39
849,Family Recipe Modak,75,Fine Dining,779,2013,61.1,33.8,2025-09-30 22:54:17
850,Village-style Kothu Parotta,55,Local Eatery,154,300,74.1,10.5,2025-11-04 01:01:02
851,Prawn Balchao,32,Mid-range Restaurant,371,488,75.7,16.3,2025-09-05 05:36:55
852,Litti,88,Sweet Shop,145,224,60.8,43.1,2025-09-23 08:26:28
853,Premium Rasam,54,Sweet Shop,64,75,75.6,5.7,2025-01-08 10:33:29
854,Shorshe Ilish,45,Sweet Shop,155,360,67.6,12.1,2026-05-20 04:03:00
855,Poha Jalebi,20,Mid-range Restaurant,342,659,66.1,15.4,2026-06-26 09:35:00
856,Extra Cheesy Filter Coffee,3,Local Eatery,116,128,59.5,15.9,2025-08-07 08:43:35
857,Tandoori Roti,92,Sweet Shop,107,230,60.2,29.6,2025-10-09 22:47:42
858,Jadoh,10,Sweet Shop,185,248,39.4,81.2,2026-05-11 21:18:41
859,Roadside Amritsari Kulcha,102,Fine Dining,674,1814,57.9,40.3,2026-06-07 02:15:37
860,Quick-bite Macher Jhol,45,Street Food,36,79,88.9,0,2026-02-11 06:55:01
861,Thepla,71,Sweet Shop,203,349,75.8,13.0,2025-12-19 13:47:46
862,Mysore Pak,1,Mid-range Restaurant,371,589,62.2,32.3,2025-12-29 09:48:25
863,Mutton Rogan Josh,127,Sweet Shop,87,121,62.4,25.0,2025-12-15 15:23:05
864,Local Favourite Momos,81,Street Food,23,127,59.7,36.1,2025-02-27 19:40:08
865,Family Recipe Sabudana Khichdi,64,Street Food,32,45,71.1,21.8,2026-04-06 05:34:26
866,Roadside Kosha Mangsho,86,Fine Dining,744,1451,83.5,2.4,2026-02-08 15:26:41
867,Uttapam,61,Street Food,77,102,50.2,23.4,2025-01-26 21:34:16
868,Lassi,97,Street Food,76,93,63.6,28.9,2025-02-21 02:25:09
869,Street-side Modak,27,Mid-range Restaurant,345,560,51.1,50.9,2025-07-01 01:31:20
870,Local Favourite Rasam,3,Fine Dining,1401,1618,65.3,34.0,2025-01-21 04:09:16
871,Classic Naga Chutney,117,Street Food,33,44,75.2,6.7,2025-05-31 09:14:11
872,Village-style Modak,33,Fine Dining,992,2486,76.0,7.4,2025-04-17 22:24:18
873,Authentic Momos,12,Fine Dining,1025,2369,80.4,4.5,2026-02-25 07:38:59
874,Signature Paneer Tikka,38,Mid-range Restaurant,299,497,91.9,0,2026-05-26 19:59:03
875,Traditional Chole Bhature,38,Roadside Stall,18,82,65.5,34.6,2026-05-13 12:48:24
876,Classic Uttapam,52,Fine Dining,1211,2178,75.3,9.7,2026-03-26 06:21:28
877,Deluxe Dahi Vada,86,Local Eatery,73,199,85.5,0,2026-01-21 04:49:04
878,Masala Dosa,57,Fine Dining,1138,1584,60.4,36.4,2025-09-15 11:53:22
879,Local Favourite Tandoori Roti,97,Street Food,66,77,49.1,22.8,2025-03-31 11:17:02
880,Extra Cheesy Kadhi Chawal,37,Roadside Stall,63,96,45.9,24.9,2025-06-03 15:43:30
881,Dhokla,73,Sweet Shop,74,257,84.1,0.8,2025-06-02 05:28:22
882,Chettinad Chicken,6,Street Food,37,95,77.1,13.1,2025-09-20 19:55:17
883,Extra Cheesy Rava Kesari,54,Mid-range Restaurant,237,516,92.6,0,2025-12-03 21:05:26
884,Macher Jhol,17,Local Eatery,161,219,57.8,28.7,2025-10-18 16:37:28
885,Bebinca,82,Local Eatery,177,192,80.7,5.6,2026-02-20 21:51:12
886,Authentic Bebinca,76,Street Food,55,81,84.3,1.2,2026-01-15 19:26:46
887,Uttapam,54,Roadside Stall,19,50,72.1,19.4,2026-05-17 01:00:19
888,Signature Mutton Rogan Josh,131,Local Eatery,101,293,66.8,26.1,2026-01-20 07:35:30
889,Quick-bite Sarson da Saag,122,Roadside Stall,56,68,58.7,44.0,2025-12-18 03:22:59
890,Chef's Vada Sambar,61,Fine Dining,1085,1416,89.0,0,2026-03-04 15:01:57
891,Special Dal Bafla,22,Roadside Stall,37,76,74.8,11.8,2026-04-28 10:37:28
892,Extra Cheesy Shorshe Ilish,87,Fine Dining,876,1904,64.3,21.9,2025-05-20 11:20:52
893,Puttu Kadala,114,Mid-range Restaurant,192,352,83.9,1.3,2026-05-15 22:35:15
894,Traditional Bafla,21,Street Food,66,80,73.5,11.5,2026-06-09 08:54:45
895,Jadoh,85,Sweet Shop,100,207,78.7,11.3,2026-02-26 20:35:44
896,Deluxe Poha Jalebi,67,Mid-range Restaurant,356,573,83.0,3.0,2025-01-10 05:39:32
897,Nihari,121,Local Eatery,89,284,80.2,5.6,2026-02-05 15:40:53
898,Chaat Papdi,120,Mid-range Restaurant,246,475,81.0,5.8,2025-06-12 18:56:34
899,Festival Rasam,113,Local Eatery,133,175,63.8,31.5,2026-01-24 04:57:04
900,Traditional Lassi,91,Sweet Shop,133,296,64.7,12.7,2025-01-26 00:25:08
901,Classic Paneer Tikka,36,Roadside Stall,53,99,85.1,0,2025-06-08 14:38:59
902,Festival Rajma Chawal,101,Fine Dining,611,1294,74.3,12.2,2025-08-25 15:00:11
903,Dhokla,24,Local Eatery,64,285,78.2,8.1,2025-05-26 00:11:35
904,Local Favourite Uttapam,51,Local Eatery,97,275,72.7,14.1,2025-10-14 08:10:34
905,Family Recipe Butter Chicken,133,Fine Dining,900,1231,94.4,0,2025-11-21 23:47:14
906,Rajma Chawal,123,Local Eatery,76,138,64.0,33.2,2026-06-01 08:37:59
907,Premium Dal Makhani,122,Mid-range Restaurant,253,520,79.1,6.8,2025-06-06 16:00:41
908,Extra Cheesy Hyderabadi Biryani,2,Fine Dining,1119,1634,72.7,20.8,2026-01-17 08:07:55
909,Quick-bite Zan,118,Street Food,56,148,85.8,0,2026-06-28 22:50:47
910,Smoked Pork,77,Local Eatery,113,186,57.1,37.4,2025-12-02 14:29:30
911,Smoked Pork,118,Street Food,70,85,60.5,40.3,2025-08-01 15:33:34
912,Sandesh,138,Sweet Shop,85,347,68.4,25.1,2025-04-05 03:54:09
913,Royal Rajma Chawal,95,Mid-range Restaurant,359,599,56.1,24.5,2025-02-04 16:03:35
914,Butter Chicken,119,Sweet Shop,148,255,65.5,21.0,2025-05-31 23:56:43
915,Homestyle Chole Bhature,102,Sweet Shop,64,241,77.6,8.6,2025-12-25 08:19:04
916,Macher Jhol,18,Sweet Shop,142,187,70.7,13.4,2025-05-06 08:05:24
917,Premium Butter Chicken,44,Mid-range Restaurant,213,496,80.0,4.0,2026-06-06 11:39:24
918,Authentic Bisi Bele Bath,3,Local Eatery,87,279,44.7,56.8,2025-06-17 21:38:08
919,Idli Sambar,114,Sweet Shop,198,234,67.5,17.0,2025-02-10 17:05:28
920,Idli Sambar,2,Local Eatery,107,178,58.3,16.5,2025-01-22 16:55:01
921,Pesarattu,4,Street Food,48,70,82.0,4.8,2025-05-11 09:33:49
922,Spicy Chole Bhature,43,Mid-range Restaurant,315,612,76.2,11.9,2026-02-25 18:04:09
923,Royal Kachori,102,Street Food,65,116,56.7,30.6,2025-09-03 15:08:42
924,Chef's Vada Sambar,4,Street Food,55,148,76.1,5.8,2025-06-19 18:16:10
925,Premium Rava Kesari,106,Street Food,41,83,90.8,0,2026-05-06 00:20:32
926,Classic Paneer Tikka,100,Sweet Shop,111,367,48.5,22.7,2026-03-31 09:52:42
927,Vada Sambar,115,Local Eatery,124,284,78.7,3.9,2025-01-17 11:26:45
928,Undhiyu,32,Local Eatery,139,169,47.7,39.1,2025-08-19 09:17:57
929,Local Favourite Hyderabadi Biryani,52,Street Food,50,136,94.2,0,2025-09-13 07:13:22
930,Sarson da Saag,35,Street Food,73,119,80.3,4.1,2025-09-15 07:19:31
931,Chef's Momos,88,Sweet Shop,93,216,75.6,9.9,2025-09-07 19:44:53
932,Homestyle Chingri Malai Curry,47,Fine Dining,571,975,46.9,68.2,2025-06-08 14:56:13
933,Family Recipe Pav Bhaji,33,Local Eatery,90,229,49.6,52.0,2025-08-30 22:05:26
934,Traditional Tandoori Roti,43,Roadside Stall,30,78,62.8,25.3,2026-05-09 16:30:47
935,Signature Bisi Bele Bath,52,Mid-range Restaurant,353,556,56.3,32.4,2026-01-28 11:20:09
936,Signature Hyderabadi Biryani,111,Fine Dining,937,1117,80.6,7.5,2026-04-08 07:01:19
937,Litti Chokha,138,Mid-range Restaurant,344,591,63.8,19.9,2026-03-13 15:05:17
938,Classic Rajma Chawal,124,Fine Dining,700,1026,87.7,0,2026-01-24 21:43:15
939,Golgappa,96,Fine Dining,1493,2263,66.8,21.6,2026-05-13 22:00:51
940,Shorshe Ilish,19,Street Food,69,99,57.9,30.4,2025-07-18 06:21:42
941,Pitha,90,Mid-range Restaurant,179,583,88.4,0,2025-07-08 05:47:05
942,Chole Bhature,123,Sweet Shop,37,387,76.8,7.5,2025-12-20 18:35:25
943,Sarson da Saag,38,Sweet Shop,71,87,52.8,22.9,2025-10-26 12:45:39
944,Rajma Chawal,102,Fine Dining,669,2378,69.0,22.9,2026-01-24 20:43:59
945,Local Favourite Litti,137,Sweet Shop,135,190,52.2,42.2,2025-09-25 11:56:50
946,Sarson da Saag,37,Fine Dining,1215,1855,39.2,36.7,2026-01-17 22:23:09
947,Filter Coffee,1,Fine Dining,1037,1900,77.1,11.7,2025-05-13 12:51:11
948,Aloo Posto,46,Local Eatery,122,178,71.9,9.6,2026-03-17 11:21:48
949,Chef's Chettinad Chicken,55,Local Eatery,163,222,61.5,39.5,2025-11-14 12:26:33
950,Payasam,113,Local Eatery,70,155,50.2,26.1,2025-02-19 21:56:19
951,Quick-bite Rosogolla,88,Fine Dining,1188,1404,40.1,41.3,2025-01-06 14:42:52
952,Chef's Thukpa,11,Street Food,68,144,93.9,0,2026-01-13 10:19:12
953,Premium Lassi,122,Mid-range Restaurant,325,496,82.8,3.8,2026-06-01 13:57:28
954,Premium Smoked Pork,103,Mid-range Restaurant,319,380,37.9,77.5,2025-11-09 02:15:02
955,Premium Butter Chicken,36,Roadside Stall,32,73,66.6,24.7,2026-05-27 18:20:26
956,Nihari,122,Street Food,61,73,76.4,14.2,2025-09-10 20:13:46
957,Premium Puttu Kadala,114,Sweet Shop,186,399,49.8,39.2,2026-01-05 19:33:20
958,Local Favourite Goan Fish Curry,26,Local Eatery,151,197,85.2,0,2026-01-27 23:06:30
959,Bamboo Shoot Curry,9,Mid-range Restaurant,389,485,86.6,0,2026-01-10 12:16:23
960,Traditional Momos,139,Sweet Shop,209,241,51.9,59.3,2025-01-23 16:44:00
961,Lassi,42,Local Eatery,152,227,77.5,13.1,2026-06-05 20:54:49
962,Modak,32,Sweet Shop,215,350,50.7,49.1,2025-06-23 20:03:00
963,Classic Litti,17,Sweet Shop,215,322,77.1,12.2,2025-12-06 09:34:00
964,Roadside Puttu Kadala,60,Street Food,34,55,65.4,25.7,2025-05-27 03:29:20
965,Grandma's Khandvi,30,Mid-range Restaurant,344,649,79.8,5.1,2026-04-04 07:30:41
966,Momos,138,Mid-range Restaurant,336,693,88.9,0,2026-05-31 13:03:43
967,Local Favourite Filter Coffee,57,Fine Dining,823,1129,82.8,2.1,2025-06-20 00:40:14
968,Chaat Papdi,128,Local Eatery,155,173,75.3,9.4,2026-06-19 20:26:03
969,Quick-bite Undhiyu,32,Local Eatery,123,207,78.7,6.6,2025-09-16 18:15:52
970,Tandoori Roti,40,Street Food,42,114,79.5,5.3,2026-05-28 01:18:59
971,Festival Butter Chicken,41,Fine Dining,1194,2173,94.5,0,2025-10-31 17:56:40
972,Deluxe Pitha,19,Local Eatery,149,299,67.7,13.1,2026-03-27 19:08:09
973,Deluxe Pitha,14,Local Eatery,133,178,69.6,18.2,2025-04-23 11:41:39
974,Appam with Stew,54,Street Food,66,149,51.6,51.5,2025-04-25 15:33:54
975,Kachori,97,Street Food,65,135,57.1,18.5,2026-02-05 08:24:29
976,Dahi Vada,87,Sweet Shop,214,327,60.8,18.0,2025-11-05 01:59:41
977,Kadhi Chawal,126,Sweet Shop,126,181,81.3,6.1,2026-05-21 02:40:28
978,Extra Cheesy Sarson da Saag,98,Street Food,34,54,53.2,43.6,2026-01-31 22:24:02
979,Quick-bite Masala Dosa,58,Roadside Stall,45,90,78.4,4.7,2026-04-06 12:03:56
980,Shorshe Ilish,47,Sweet Shop,141,227,74.3,7.7,2025-02-19 07:41:38
981,Litti Chokha,138,Street Food,70,148,81.5,4.3,2025-02-19 15:46:21
982,Malai Kofta,133,Local Eatery,144,184,57.1,36.8,2025-05-20 18:16:45
983,Idiyappam,2,Street Food,25,51,74.5,14.5,2025-03-10 05:06:02
984,Poha Jalebi,66,Roadside Stall,34,90,91.5,0,2026-05-27 04:58:47
985,Deluxe Puttu Kadala,1,Roadside Stall,65,93,77.3,8.7,2026-03-25 05:23:30
986,Lassi,126,Mid-range Restaurant,425,696,58.8,18.8,2025-02-04 17:55:52
987,Chef's Idli Sambar,61,Local Eatery,77,241,73.7,14.8,2025-08-04 11:01:51
988,Premium Goan Fish Curry,33,Roadside Stall,31,74,67.2,30.0,2025-11-07 17:38:50
989,Thukpa,117,Sweet Shop,66,350,58.5,35.9,2025-07-29 05:58:26
990,Curd Rice,50,Roadside Stall,53,73,68.7,12.8,2025-12-03 19:23:44
991,Premium Butter Chicken,98,Mid-range Restaurant,213,495,52.3,41.1,2025-02-21 05:34:17
992,Special Fish Tenga,85,Mid-range Restaurant,289,373,85.1,0,2025-01-08 15:51:57
993,Traditional Misal Pav,26,Street Food,35,67,72.8,20.1,2026-04-03 08:31:54
994,Village-style Amritsari Kulcha,126,Roadside Stall,33,113,62.1,16.5,2025-02-07 06:06:01
995,Local Favourite Lassi,44,Sweet Shop,203,349,73.7,18.7,2025-11-09 17:57:48
996,Roadside Paneer Tikka,123,Roadside Stall,60,79,77.2,6.0,2026-03-17 20:05:58
997,Vada Pav,69,Local Eatery,146,263,78.8,5.1,2025-10-02 23:03:52
998,Deluxe Nihari,120,Fine Dining,1033,1511,63.8,34.5,2025-08-26 09:56:36
999,Chak-hao Kheer,105,Sweet Shop,50,99,79.6,9.4,2025-05-09 05:55:54
1000,Deluxe Macher Jhol,15,Fine Dining,1327,1358,91.1,0,2026-01-31 02:31:35
1001,Signature Golgappa,35,Sweet Shop,166,354,53.4,19.5,2025-05-28 17:17:12
1002,Mysore Pak,2,Local Eatery,154,299,78.0,4.6,2025-12-15 11:28:48
1003,Traditional Nihari,44,Mid-range Restaurant,218,491,65.9,12.6,2026-01-20 20:56:09
1004,Dal Makhani,98,Mid-range Restaurant,277,563,84.3,1.1,2025-08-14 07:11:55
1005,Deluxe Zan,77,Street Food,70,107,88.2,0,2026-05-15 09:53:50
1006,Chole Bhature,132,Fine Dining,558,1296,39.0,53.0,2025-08-20 17:39:33
1007,Homestyle Amritsari Kulcha,91,Sweet Shop,77,292,66.0,13.7,2026-01-18 04:24:16
1008,Village-style Uttapam,51,Local Eatery,112,153,87.5,0,2026-05-26 00:32:04
1009,Signature Sabudana Khichdi,65,Mid-range Restaurant,336,565,86.3,0,2025-07-29 07:30:09
1010,Extra Cheesy Sol Kadhi,28,Mid-range Restaurant,372,384,66.2,30.9,2025-06-04 03:38:55
1011,Deluxe Thepla,29,Fine Dining,931,2464,65.0,12.8,2026-06-02 10:57:28
1012,Roadside Meen Curry,51,Fine Dining,1063,2087,82.1,4.2,2025-09-10 08:20:44
1013,Local Favourite Naga Chutney,103,Street Food,22,48,55.5,35.4,2026-06-16 14:50:34
1014,Classic Idli Sambar,61,Roadside Stall,62,72,69.3,14.9,2026-01-13 10:22:39
1015,Chila,22,Sweet Shop,160,217,61.0,36.5,2025-07-24 16:34:07
1016,Chef's Chila,64,Street Food,84,133,57.2,49.8,2026-04-05 04:41:45
1017,Royal Aloo Paratha,39,Street Food,55,89,88.5,0,2026-04-24 19:47:04
1018,Street-side Uttapam,52,Roadside Stall,34,73,59.5,28.3,2025-02-17 15:38:30
1019,Street-side Kachori,131,Mid-range Restaurant,336,489,89.5,0,2025-07-11 19:49:44
1020,Family Recipe Momos,82,Street Food,61,98,62.8,20.8,2026-04-17 02:23:10
1021,Family Recipe Misal Pav,26,Fine Dining,872,1566,63.7,15.3,2025-01-11 14:40:13
1022,Puran Poli,34,Mid-range Restaurant,420,620,60.4,22.9,2026-03-30 20:38:55
1023,Royal Rajma Chawal,99,Sweet Shop,184,224,45.5,69.6,2026-05-24 06:03:51
1024,Appam with Stew,49,Street Food,63,111,79.4,10.0,2025-06-06 21:32:11
1025,Authentic Dalma,137,Local Eatery,113,263,78.9,10.2,2026-03-12 05:36:26
1026,Aloo Posto,89,Street Food,75,93,71.2,17.0,2026-01-27 08:48:24
1027,Premium Chettinad Chicken,6,Local Eatery,97,118,90.5,0,2026-06-23 21:25:53
1028,Vada Sambar,49,Roadside Stall,19,50,69.4,18.9,2026-03-13 21:44:01
1029,Premium Litti Chokha,100,Local Eatery,60,110,74.4,13.9,2025-01-07 21:11:13
1030,Chaat Papdi,132,Roadside Stall,31,79,84.4,0.6,2025-07-28 13:28:33
1031,Traditional Dhokla,31,Local Eatery,97,117,76.6,14.5,2025-08-04 17:45:23
1032,Sarson da Saag,35,Local Eatery,165,201,73.1,7.2,2025-09-27 21:09:33
1033,Lassi,95,Roadside Stall,31,58,68.3,22.3,2025-09-10 03:38:15
1034,Litti,15,Local Eatery,153,234,56.9,49.6,2026-02-22 09:39:04
1035,Goan Fish Curry,28,Mid-range Restaurant,255,683,69.6,15.2,2025-06-08 09:19:07
1036,Extra Cheesy Paneer Tikka,102,Sweet Shop,141,245,55.0,35.2,2026-01-21 05:23:11
1037,Chingri Malai Curry,47,Local Eatery,84,239,71.5,19.9,2026-05-18 23:28:22
1038,Deluxe Vada Pav,73,Local Eatery,164,224,78.2,5.6,2025-04-22 11:27:02
1039,Traditional Shorshe Ilish,19,Sweet Shop,133,194,79.4,4.3,2025-01-10 03:45:14
1040,Local Favourite Misal Pav,26,Street Food,25,51,60.9,16.9,2025-04-21 18:55:13
1041,Royal Masala Dosa,4,Mid-range Restaurant,193,306,54.4,46.3,2025-12-12 02:50:26
1042,Classic Kadhi Chawal,42,Local Eatery,67,216,78.3,9.1,2025-04-06 14:17:38
1043,Royal Idli Sambar,6,Street Food,85,148,68.5,9.9,2025-06-24 05:29:33
1044,Spicy Pork with Bamboo Shoot,7,Mid-range Restaurant,296,421,88.1,0,2026-06-18 10:15:05
1045,Sol Kadhi,29,Local Eatery,73,155,66.1,25.3,2025-04-02 22:13:19
1046,Rajma Chawal,93,Local Eatery,114,259,65.1,16.3,2025-11-27 07:07:58
1047,Kadhi Chawal,39,Mid-range Restaurant,203,351,87.7,0,2025-07-26 03:25:57
1048,Poha Jalebi,20,Local Eatery,100,147,67.5,25.6,2026-01-07 14:37:08
1049,Quick-bite Macher Jhol,18,Sweet Shop,101,185,50.7,61.5,2025-05-22 06:20:45
1050,Classic Mutton Rogan Josh,99,Fine Dining,1210,2067,75.4,13.1,2025-04-18 08:37:52
1051,Spicy Chila,63,Roadside Stall,49,90,73.0,19.0,2025-10-26 17:58:18
1052,Village-style Chila,22,Sweet Shop,86,140,60.2,15.0,2025-01-14 07:47:09
1053,Malai Kofta,93,Street Food,27,81,66.3,30.3,2025-04-19 05:39:31
1054,Sol Kadhi,76,Roadside Stall,41,82,58.9,22.7,2025-04-18 00:48:09
1055,Authentic Goan Fish Curry,31,Street Food,74,131,47.1,27.6,2026-03-28 17:56:30
1056,Chingri Malai Curry,19,Street Food,38,94,54.6,27.2,2025-01-10 16:36:04
1057,Family Recipe Hyderabadi Biryani,107,Local Eatery,155,300,78.5,6.2,2025-11-16 15:20:06
1058,Homestyle Chingri Malai Curry,87,Local Eatery,67,241,44.3,61.1,2026-01-26 22:06:24
1059,Butter Chicken,42,Sweet Shop,146,297,78.9,5.5,2026-03-21 08:04:01
1060,Traditional Kadhi Chawal,129,Local Eatery,94,127,72.6,22.0,2025-04-08 04:39:17
1061,Premium Vada Sambar,55,Fine Dining,688,2382,80.1,6.2,2025-03-01 23:17:04
1062,Golgappa,120,Fine Dining,1347,2136,56.1,45.2,2026-05-18 06:22:38
1063,Roadside Appam with Stew,109,Street Food,66,118,43.7,38.8,2026-02-25 15:33:27
1064,Chef's Pav Bhaji,28,Mid-range Restaurant,246,538,58.4,45.6,2025-07-06 16:10:19
1065,Quick-bite Pav Bhaji,69,Roadside Stall,65,105,46.1,38.0,2025-08-28 16:48:41
1066,Curd Rice,3,Roadside Stall,27,77,80.3,6.9,2025-04-11 14:22:11
1067,Puran Poli,25,Roadside Stall,21,95,82.4,2.0,2026-04-02 01:44:41
1068,Golgappa,98,Street Food,57,87,55.3,34.3,2026-05-02 04:36:16
1069,Goan Fish Curry,24,Sweet Shop,197,243,80.9,3.3,2026-01-25 14:52:22
1070,Classic Nihari,133,Local Eatery,103,187,66.2,30.6,2025-12-01 16:35:06
1071,Local Favourite Pitha,11,Roadside Stall,53,67,90.7,0,2026-01-22 10:29:51
1072,Homestyle Bebinca,25,Mid-range Restaurant,194,459,51.0,33.2,2025-08-18 14:32:09
1073,Roadside Rajma Chawal,42,Mid-range Restaurant,195,241,57.0,42.7,2025-07-20 08:25:35
1074,Sarson da Saag,122,Local Eatery,180,205,92.0,0,2025-10-10 07:36:40
1075,Misal Pav,74,Sweet Shop,63,298,66.5,29.9,2025-09-01 14:46:27
1076,Spicy Rajma Chawal,96,Mid-range Restaurant,171,239,79.9,4.6,2026-03-12 14:04:38
1077,Royal Hyderabadi Biryani,3,Local Eatery,132,244,84.4,0.5,2025-12-26 01:29:49
1078,Extra Cheesy Puran Poli,24,Roadside Stall,67,106,52.2,26.8,2025-03-26 03:45:33
1079,Chef's Kachori,102,Street Food,60,113,95.9,0,2026-06-30 11:39:00
1080,Roadside Amritsari Kulcha,122,Roadside Stall,24,94,54.9,25.8,2026-03-18 08:08:17
1081,Local Favourite Bebinca,9,Mid-range Restaurant,370,622,59.0,22.2,2025-01-18 19:41:00
1082,Bisi Bele Bath,109,Street Food,38,56,62.2,15.9,2025-12-17 15:05:45
1083,Pongal,108,Mid-range Restaurant,244,679,47.1,63.4,2025-11-29 20:27:29
1084,Deluxe Chhena Poda,88,Mid-range Restaurant,364,620,70.9,20.1,2025-05-05 19:27:46
1085,Quick-bite Curd Rice,112,Street Food,45,64,79.3,7.4,2025-04-23 07:51:38
1086,Classic Fish Tenga,83,Fine Dining,1456,1768,71.8,12.9,2026-06-08 11:15:04
1087,Jadoh,105,Fine Dining,1465,1732,76.5,11.6,2026-03-26 05:43:44
1088,Vada Pav,25,Local Eatery,113,262,81.1,5.2,2025-06-17 21:05:27
1089,Momos,90,Roadside Stall,15,72,82.7,1.4,2025-08-27 10:15:00
1090,Amritsari Kulcha,129,Fine Dining,923,1773,65.9,30.4,2025-11-27 18:24:15
1091,Classic Chhena Poda,134,Local Eatery,118,237,66.8,23.0,2025-05-07 08:08:55
1092,Local Favourite Shorshe Ilish,139,Sweet Shop,206,390,69.4,14.7,2026-04-27 20:39:21
1093,Royal Pav Bhaji,26,Street Food,72,95,71.7,20.0,2026-02-28 02:34:22
1094,Extra Cheesy Modak,26,Street Food,57,120,59.0,39.8,2026-03-05 10:20:38
1095,Amritsari Kulcha,98,Street Food,64,133,68.4,26.3,2025-11-04 10:24:22
1096,Traditional Curd Rice,2,Mid-range Restaurant,285,452,83.7,2.0,2025-11-19 02:52:34
1097,Spicy Poha Jalebi,62,Street Food,39,150,66.8,28.8,2026-04-11 23:47:52
1098,Axone,82,Fine Dining,747,1895,92.2,0,2026-05-16 13:07:37
1099,Quick-bite Chole Bhature,101,Sweet Shop,129,227,68.0,16.7,2025-05-04 01:36:13
1100,Puttu Kadala,112,Local Eatery,124,164,76.4,13.3,2026-05-03 06:03:43
1101,Classic Dal Bafla,67,Street Food,23,88,40.6,67.7,2025-04-29 21:01:58
1102,Bebinca,8,Street Food,68,81,80.0,3.8,2025-12-19 09:41:51
1103,Dal Makhani,92,Local Eatery,98,157,73.1,10.6,2025-10-21 16:25:28
1104,Roadside Poha Jalebi,67,Local Eatery,140,155,76.6,10.9,2025-03-22 07:52:27
1105,Premium Sol Kadhi,29,Local Eatery,96,173,86.5,0,2026-01-19 21:23:43
1106,Local Favourite Tandoori Roti,93,Street Food,72,91,71.3,18.5,2025-06-13 08:12:03
1107,Vada Sambar,108,Fine Dining,1327,1666,57.1,17.1,2025-05-19 18:46:55
1108,Thukpa,9,Fine Dining,1128,2366,73.5,9.1,2025-07-17 16:14:34
1109,Premium Thepla,32,Street Food,85,143,55.3,48.7,2025-03-31 03:48:42
1110,Classic Masala Dosa,56,Street Food,36,80,62.2,19.1,2025-03-13 10:26:31
1111,Dalma,90,Fine Dining,1263,2288,69.4,27.1,2025-05-30 22:47:30
1112,Dal Bafla,65,Sweet Shop,101,312,51.7,51.7,2026-04-02 09:15:51
1113,Bamboo Shoot Curry,80,Fine Dining,943,1866,68.9,24.1,2025-09-05 13:54:22
1114,Local Favourite Khandvi,28,Roadside Stall,37,94,86.7,0,2025-12-16 01:29:10
1115,Village-style Chole Bhature,43,Fine Dining,800,2046,83.2,2.5,2026-02-17 01:12:10
1116,Homestyle Litti Chokha,91,Mid-range Restaurant,369,474,66.1,13.0,2026-05-26 06:31:17
1117,Mutton Rogan Josh,96,Street Food,21,71,78.2,9.9,2025-06-16 01:00:24
1118,Traditional Lassi,120,Fine Dining,790,2032,59.0,22.4,2026-03-12 17:01:41
1119,Goan Fish Curry,72,Sweet Shop,49,352,86.4,0,2025-12-05 00:49:11
1120,Chef's Axone,82,Fine Dining,1010,1115,94.5,0,2025-04-07 09:15:18
1121,Premium Chettinad Chicken,116,Fine Dining,742,1932,42.6,26.3,2026-03-24 04:55:14
1122,Deluxe Rasam,2,Fine Dining,537,2381,73.0,14.8,2025-09-20 01:24:10
1123,Signature Uttapam,5,Fine Dining,1240,1866,62.3,34.2,2025-11-07 22:57:34
1124,Malpua,21,Fine Dining,805,2241,93.5,0,2026-05-13 22:55:00
1125,Prawn Balchao,32,Street Food,23,61,46.4,23.6,2025-03-23 15:52:16
1126,Spicy Pitha,83,Street Food,44,146,86.9,0,2026-02-22 12:48:51
1127,Idli Sambar,2,Street Food,34,50,89.8,0,2025-09-13 19:08:13
1128,Sarson da Saag,98,Roadside Stall,44,69,53.5,51.5,2026-03-30 16:58:40
1129,Royal Rasam,106,Local Eatery,133,265,77.3,13.6,2025-09-08 00:51:45
1130,Special Aloo Paratha,124,Mid-range Restaurant,192,382,73.9,18.3,2026-05-28 05:36:45
1131,Uttapam,53,Street Food,47,58,77.6,8.6,2025-10-27 02:02:34
1132,Royal Meen Curry,49,Roadside Stall,63,106,72.3,12.4,2025-08-31 04:50:50
1133,Fish Tenga,117,Street Food,36,74,87.8,0,2025-12-18 09:56:30
1134,Local Favourite Tandoori Roti,132,Mid-range Restaurant,366,460,78.1,12.0,2026-03-25 08:34:33
1135,Dhokla,27,Sweet Shop,58,191,41.7,49.9,2025-07-27 04:42:17
1136,Village-style Zan,8,Mid-range Restaurant,210,694,73.6,11.7,2025-06-14 17:11:50
1137,Village-style Litti Chokha,39,Mid-range Restaurant,177,638,62.2,16.4,2026-05-19 19:11:08
1138,Chef's Kachori,98,Fine Dining,680,1906,62.3,30.2,2026-02-07 19:44:55
1139,Filter Coffee,111,Street Food,48,72,47.0,24.4,2025-07-26 17:55:19
1140,Festival Bhutte ka Kees,62,Local Eatery,172,261,78.5,7.1,2025-11-02 03:54:54
1141,Roadside Thepla,26,Local Eatery,160,222,65.7,18.2,2026-04-09 04:05:14
1142,Homestyle Goan Fish Curry,74,Roadside Stall,59,108,70.9,13.6,2026-06-19 08:03:18
1143,Dal Bafla,62,Local Eatery,83,178,86.8,0,2025-01-10 21:23:39
1144,Classic Kachori,122,Mid-range Restaurant,189,286,77.9,11.5,2026-04-07 09:03:31
1145,Quick-bite Golgappa,91,Local Eatery,120,158,46.1,24.2,2026-06-13 04:58:51
1146,Traditional Prawn Balchao,75,Local Eatery,156,203,81.2,2.7,2025-09-18 17:28:45
1147,Meen Curry,116,Mid-range Restaurant,399,538,66.4,11.5,2025-10-01 21:25:55
1148,Pitha,78,Sweet Shop,182,315,52.5,46.2,2026-05-12 22:44:32
1149,Hyderabadi Biryani,6,Sweet Shop,66,258,71.7,11.9,2026-06-25 10:45:55
1150,Curd Rice,111,Local Eatery,177,235,76.6,14.8,2026-05-02 22:06:30
1151,Family Recipe Pongal,116,Sweet Shop,119,298,67.5,19.3,2025-08-03 13:37:11
1152,Street-side Pork with Bamboo Shoot,80,Sweet Shop,117,189,69.3,18.0,2025-09-27 12:30:29
1153,Homestyle Pav Bhaji,74,Sweet Shop,67,315,77.9,8.7,2025-08-14 01:55:25
1154,Signature Kadhi Chawal,42,Mid-range Restaurant,157,631,45.5,37.1,2026-04-06 15:39:22
1155,Signature Vada Pav,32,Fine Dining,860,2222,83.5,1.0,2025-04-17 23:15:51
1156,Sandesh,90,Roadside Stall,24,45,79.0,4.6,2025-06-02 19:15:53
1157,Special Kothu Parotta,111,Street Food,80,149,66.0,29.9,2026-05-10 19:22:22
1158,Kachori,99,Street Food,53,101,75.2,7.9,2025-12-05 12:12:14
1159,Quick-bite Chak-hao Kheer,83,Local Eatery,92,136,68.6,13.8,2025-08-25 21:32:21
1160,Bafla,22,Fine Dining,1058,1443,66.9,29.9,2025-12-06 08:16:20
1161,Village-style Dhokla,25,Mid-range Restaurant,407,600,70.6,16.0,2025-11-23 14:47:37
1162,Rasam,106,Street Food,73,94,80.5,6.0,2025-08-23 20:57:28
1163,Malpua,63,Roadside Stall,33,49,80.4,4.9,2025-11-09 23:23:08
1164,Village-style Rasam,2,Street Food,30,47,62.1,40.8,2025-03-25 03:32:11
1165,Dahi Vada,86,Roadside Stall,45,97,84.9,0.1,2026-03-31 02:03:35
1166,Chef's Chole Bhature,131,Roadside Stall,62,103,54.2,51.6,2026-05-12 20:16:41
1167,Kadhi Chawal,40,Street Food,82,131,78.2,5.0,2025-01-01 00:39:56
1168,Village-style Amritsari Kulcha,40,Local Eatery,73,204,43.2,50.5,2025-10-31 11:26:05
1169,Deluxe Macher Jhol,15,Local Eatery,164,204,83.9,1.4,2026-04-21 22:40:31
1170,Royal Payasam,113,Sweet Shop,35,139,54.6,45.4,2025-07-06 22:38:08
1171,Festival Nihari,44,Fine Dining,796,1398,77.5,13.1,2026-01-18 21:31:03
1172,Local Favourite Sarson da Saag,95,Street Food,79,115,82.7,1.8,2025-08-09 03:22:23
1173,Quick-bite Thukpa,118,Roadside Stall,34,48,76.8,13.7,2026-04-27 11:20:05
1174,Idli Sambar,114,Fine Dining,1403,2351,62.4,40.2,2025-10-05 20:53:59
1175,Chef's Nihari,129,Sweet Shop,164,273,72.3,10.3,2025-04-28 14:21:04
1176,Lassi,91,Local Eatery,95,300,77.2,13.3,2025-02-22 23:31:42
1177,Litti Chokha,124,Local Eatery,133,272,81.2,4.7,2025-04-11 12:36:01
1178,Quick-bite Bebinca,83,Roadside Stall,40,58,46.0,63.3,2025-05-04 15:19:27
1179,Royal Filter Coffee,60,Sweet Shop,151,243,80.6,7.8,2025-07-03 18:51:50
1180,Kolhapuri Mutton,27,Fine Dining,1273,2143,88.1,0,2025-07-14 13:21:26
1181,Special Vada Pav,30,Mid-range Restaurant,165,353,64.5,29.5,2025-10-21 07:30:49
1182,Chef's Malai Kofta,35,Fine Dining,948,2348,62.8,18.7,2025-05-06 21:34:07
1183,Chef's Pongal,112,Street Food,32,68,44.5,31.1,2025-01-05 01:36:41
1184,Quick-bite Kachori,93,Street Food,63,96,78.0,12.2,2026-05-14 20:04:45
1185,Chingri Malai Curry,136,Roadside Stall,67,107,71.8,13.6,2026-03-10 22:52:21
1186,Extra Cheesy Rajma Chawal,36,Fine Dining,1394,1549,74.3,8.1,2026-02-06 18:10:49
1187,Royal Thukpa,77,Street Food,62,74,59.6,43.9,2025-07-15 06:05:50
1188,Mutton Rogan Josh,100,Local Eatery,96,125,73.0,10.7,2026-02-07 03:44:28
1189,Kadhi Chawal,129,Roadside Stall,59,76,74.7,17.8,2025-07-24 07:39:52
1190,Classic Momos,8,Local Eatery,102,127,54.4,38.4,2025-09-14 00:21:36
1191,Signature Momos,16,Roadside Stall,54,108,83.6,2.2,2025-09-26 15:01:43
1192,Shorshe Ilish,19,Street Food,81,99,62.1,14.9,2025-01-28 15:38:01
1193,Nihari,128,Fine Dining,989,1620,81.4,5.9,2025-06-26 21:39:48
1194,Idli Sambar,6,Local Eatery,128,293,84.7,0.4,2025-01-15 01:18:45
1195,Chole Bhature,124,Sweet Shop,62,292,78.6,8.1,2025-03-31 18:37:37
1196,Filter Coffee,113,Mid-range Restaurant,330,439,65.5,33.2,2025-07-04 23:48:52
1197,Quick-bite Uttapam,60,Fine Dining,1265,2373,74.2,19.3,2025-01-12 13:43:45
1198,Special Poha Jalebi,64,Fine Dining,684,1272,45.9,39.9,2026-05-24 21:58:48
1199,Bafla,63,Fine Dining,1173,1433,77.2,5.4,2026-02-27 06:17:58
1200,Meen Curry,53,Local Eatery,116,203,89.4,0,2025-08-16 08:00:51
1201,Bafla,63,Roadside Stall,21,37,65.6,21.2,2026-04-29 00:31:48
1202,Special Sarson da Saag,125,Local Eatery,167,243,60.0,37.3,2025-06-13 17:01:50
1203,Authentic Puran Poli,32,Local Eatery,149,271,77.0,9.2,2025-03-30 17:33:45
1204,Street-side Meen Curry,6,Roadside Stall,39,87,83.2,1.3,2025-08-05 18:39:39
1205,Golgappa,99,Fine Dining,954,1054,59.7,26.7,2026-05-28 13:54:23
1206,Idiyappam,111,Street Food,64,77,87.4,0,2025-09-19 03:33:47
1207,Homestyle Sabudana Khichdi,68,Roadside Stall,42,106,81.4,6.2,2025-02-14 08:46:03
1208,Bhel Puri,28,Sweet Shop,103,386,70.4,18.8,2026-03-18 09:56:12
1209,Sarson da Saag,133,Fine Dining,1263,1760,53.9,19.2,2026-06-15 04:33:45
1210,Pav Bhaji,71,Mid-range Restaurant,322,624,67.7,23.2,2025-10-08 22:28:51
1211,Modak,69,Roadside Stall,15,40,63.8,29.5,2025-07-25 10:57:51
1212,Extra Cheesy Chingri Malai Curry,46,Street Food,79,91,91.4,0,2026-03-09 07:55:58
1213,Street-side Mysore Pak,56,Street Food,55,143,73.7,19.7,2025-12-09 02:23:15
1214,Roadside Sandesh,47,Fine Dining,630,1105,76.3,6.8,2026-04-25 23:24:35
1215,Pork with Bamboo Shoot,13,Local Eatery,147,286,84.7,0.4,2025-02-02 14:06:31
1216,Idli Sambar,59,Street Food,65,144,79.2,7.7,2025-09-29 15:25:59
1217,Village-style Pav Bhaji,28,Roadside Stall,19,59,58.5,34.0,2026-06-13 23:03:47
1218,Uttapam,107,Local Eatery,63,156,75.5,9.8,2025-11-14 00:14:07
1219,Golgappa,96,Local Eatery,107,128,63.1,17.1,2026-04-05 05:16:41
1220,Premium Thukpa,7,Mid-range Restaurant,411,681,81.5,5.1,2025-06-16 21:26:35
1221,Authentic Chole Bhature,97,Sweet Shop,50,99,90.8,0,2026-03-16 03:51:51
1222,Spicy Malai Kofta,129,Street Food,26,113,70.8,17.5,2025-12-09 13:09:37
1223,Jadoh,82,Mid-range Restaurant,274,452,60.7,37.0,2025-10-09 03:30:57
1224,Rasam,60,Street Food,50,116,79.7,8.8,2025-10-09 01:57:13
1225,Festival Malpua,21,Mid-range Restaurant,397,524,69.9,16.6,2026-03-19 05:18:31
1226,Festival Kolhapuri Mutton,33,Fine Dining,1190,2397,77.5,9.9,2025-08-11 19:55:39
1227,Royal Aloo Posto,88,Fine Dining,1017,1330,74.5,14.3,2025-06-03 20:55:48
1228,Homestyle Chingri Malai Curry,47,Fine Dining,769,2346,73.8,19.2,2025-03-20 10:41:24
1229,Prawn Balchao,33,Street Food,41,60,53.9,51.0,2025-10-29 10:58:18
1230,Authentic Curd Rice,109,Roadside Stall,30,77,53.0,53.7,2025-09-19 11:26:00
1231,Street-side Goan Fish Curry,28,Mid-range Restaurant,379,598,76.3,13.0,2025-12-05 09:51:10
1232,Bebinca,75,Sweet Shop,76,387,87.7,0,2025-03-07 01:56:57
1233,Quick-bite Butter Chicken,39,Sweet Shop,196,322,67.1,20.2,2026-01-31 02:14:37
1234,Royal Bebinca,72,Fine Dining,849,957,74.1,18.3,2026-03-27 08:46:52
1235,Deluxe Kachori,131,Mid-range Restaurant,241,324,45.7,68.1,2025-06-13 15:22:21
1236,Roadside Pongal,111,Roadside Stall,35,57,65.7,15.4,2025-08-12 13:47:07
1237,Extra Cheesy Sol Kadhi,71,Local Eatery,96,172,94.2,0,2025-06-29 22:43:38
1238,Royal Dhokla,72,Roadside Stall,63,83,43.6,69.7,2026-02-24 07:09:21
1239,Chef's Chhena Poda,138,Street Food,67,103,62.6,38.9,2025-11-28 06:35:02
1240,Pongal,114,Mid-range Restaurant,206,582,78.8,10.0,2025-12-12 04:18:38
1241,Roadside Meen Curry,111,Local Eatery,95,292,77.6,13.0,2025-03-03 09:55:01
1242,Classic Uttapam,57,Mid-range Restaurant,291,533,76.3,10.6,2025-02-27 13:06:35
1243,Spicy Momos,81,Sweet Shop,163,254,57.7,34.7,2026-05-02 06:59:31
1244,Homestyle Fish Tenga,10,Roadside Stall,39,77,77.7,6.7,2025-04-28 14:55:03
1245,Signature Dal Makhani,125,Local Eatery,141,173,90.1,0,2025-06-16 08:46:25
1246,Special Mysore Pak,1,Roadside Stall,28,60,45.3,56.6,2026-04-22 10:11:55
1247,Grandma's Aloo Paratha,98,Sweet Shop,76,239,83.8,2.0,2026-06-03 19:58:17
1248,Local Favourite Golgappa,125,Roadside Stall,45,92,51.2,24.8,2025-08-12 03:07:34
1249,Classic Rasam,108,Fine Dining,618,988,70.5,14.2,2025-03-30 04:28:11
1250,Dalma,89,Fine Dining,1360,2371,75.4,13.7,2025-01-23 11:54:03
1251,Village-style Undhiyu,75,Fine Dining,562,1723,81.0,3.7,2025-09-04 16:50:07
1252,Extra Cheesy Vada Sambar,106,Mid-range Restaurant,177,461,71.3,11.8,2026-05-10 04:51:41
1253,Extra Cheesy Jadoh,12,Roadside Stall,25,103,58.6,35.6,2026-04-22 08:48:52
1254,Premium Bamboo Shoot Curry,85,Sweet Shop,35,239,50.6,49.7,2025-10-01 22:48:58
1255,Street-side Litti,17,Mid-range Restaurant,424,535,93.7,0,2025-11-04 05:08:39
1256,Rava Kesari,59,Mid-range Restaurant,361,481,73.7,10.2,2025-01-11 14:17:04
1257,Village-style Momos,10,Fine Dining,1310,2313,45.7,36.9,2025-01-19 19:56:51
1258,Street-side Puttu Kadala,59,Street Food,68,129,53.9,46.3,2025-07-29 17:08:23
1259,Special Bhutte ka Kees,22,Sweet Shop,136,151,41.3,69.8,2026-04-15 19:37:43
1260,Amritsari Kulcha,39,Local Eatery,166,253,84.7,0.5,2025-11-27 05:25:15
1261,Deluxe Butter Chicken,132,Local Eatery,72,149,91.8,0,2025-10-20 11:58:24
1262,Special Misal Pav,75,Fine Dining,1074,1654,71.2,23.3,2026-02-19 03:38:28
1263,Local Favourite Aloo Paratha,130,Fine Dining,1245,2061,90.2,0,2025-03-26 02:56:18
1264,Puttu Kadala,116,Fine Dining,1289,1774,69.8,17.8,2025-03-26 14:56:46
1265,Axone,80,Street Food,32,113,56.4,46.8,2026-01-16 10:44:50
1266,Authentic Bhutte ka Kees,64,Fine Dining,1035,2205,80.6,3.0,2026-01-19 05:58:24
1267,Chila,65,Local Eatery,64,156,78.2,9.0,2025-01-05 07:51:55
1268,Goan Fish Curry,69,Fine Dining,1058,2091,64.1,28.9,2025-09-07 23:29:39
1269,Village-style Golgappa,119,Sweet Shop,50,113,69.0,11.1,2025-04-09 20:43:02
1270,Chettinad Chicken,4,Local Eatery,85,207,85.2,0,2025-11-26 11:19:47
1271,Village-style Dal Makhani,127,Sweet Shop,170,287,67.9,16.3,2025-12-05 05:55:27
1272,Roadside Goan Fish Curry,76,Roadside Stall,38,120,77.0,6.2,2026-02-11 10:06:36
1273,Grandma's Payasam,53,Mid-range Restaurant,391,637,58.9,26.0,2025-04-16 02:54:23
1274,Signature Nihari,43,Fine Dining,683,1000,70.7,25.6,2025-01-05 08:26:12
1275,Chef's Pitha,80,Street Food,78,109,51.0,45.9,2026-04-07 17:26:03
1276,Rajma Chawal,41,Local Eatery,104,274,41.2,36.4,2025-08-09 17:38:25
1277,Deluxe Kothu Parotta,110,Fine Dining,1456,1987,74.0,15.1,2025-06-07 08:30:58
1278,Dal Bafla,20,Mid-range Restaurant,241,385,74.1,8.2,2026-02-10 16:42:34
1279,Lassi,99,Roadside Stall,53,80,91.5,0,2026-04-24 08:58:09
1280,Family Recipe Tandoori Roti,122,Local Eatery,87,120,88.6,0,2025-04-22 07:55:37
1281,Homestyle Golgappa,43,Street Food,37,112,82.4,2.9,2026-01-02 08:55:18
1282,Jadoh,84,Local Eatery,131,241,67.0,19.1,2026-01-04 12:54:39
1283,Village-style Kadhi Chawal,91,Street Food,47,78,89.7,0,2025-04-21 23:33:02
1284,Extra Cheesy Idiyappam,112,Mid-range Restaurant,211,506,86.8,0,2025-05-19 06:23:30
1285,Axone,7,Mid-range Restaurant,367,486,75.9,15.0,2025-05-29 08:12:00
1286,Mutton Rogan Josh,98,Street Food,45,111,66.3,15.6,2026-04-01 07:20:38
1287,Axone,80,Mid-range Restaurant,407,423,75.5,6.1,2025-08-02 13:27:57
1288,Litti Chokha,123,Sweet Shop,94,244,76.2,15.5,2025-01-24 15:11:27
1289,Signature Chaat Papdi,121,Sweet Shop,195,397,73.4,8.4,2025-10-15 00:36:37
1290,Bebinca,8,Local Eatery,171,289,53.9,34.3,2025-04-03 18:16:34
1291,Street-side Chingri Malai Curry,15,Roadside Stall,32,66,77.1,11.7,2025-09-16 09:19:29
1292,Pitha,82,Roadside Stall,61,94,72.4,21.8,2025-11-10 03:41:27
1293,Special Idli Sambar,107,Roadside Stall,24,68,50.1,39.5,2025-08-03 00:10:00
1294,Spicy Pongal,51,Sweet Shop,30,199,62.2,23.3,2025-09-23 05:08:08
1295,Rajma Chawal,120,Street Food,34,55,57.2,19.6,2025-09-04 14:39:10
1296,Homestyle Chettinad Chicken,6,Mid-range Restaurant,385,436,85.6,0,2025-08-28 01:28:41
1297,Deluxe Hyderabadi Biryani,49,Sweet Shop,103,204,62.5,28.8,2025-11-18 13:11:53
1298,Appam with Stew,58,Local Eatery,97,173,78.5,6.0,2026-01-16 12:07:50
1299,Mutton Rogan Josh,91,Roadside Stall,43,74,45.0,64.1,2025-10-27 13:36:33
1300,Quick-bite Malai Kofta,40,Sweet Shop,141,239,76.8,11.6,2025-08-13 05:33:11
1301,Village-style Pesarattu,54,Sweet Shop,98,154,72.3,10.8,2025-06-19 12:33:59
1302,Sarson da Saag,120,Roadside Stall,57,107,57.5,21.1,2026-04-01 19:07:54
1303,Quick-bite Axone,83,Roadside Stall,17,68,78.6,8.7,2025-01-07 03:14:06
1304,Signature Kachori,41,Sweet Shop,55,160,87.5,0,2025-12-29 14:33:04
1305,Masala Dosa,48,Fine Dining,1107,2296,78.4,9.7,2026-01-03 20:01:23
1306,Bafla,63,Fine Dining,1194,2025,63.5,37.9,2025-07-01 23:43:31
1307,Spicy Amritsari Kulcha,130,Mid-range Restaurant,355,668,43.8,50.0,2025-08-22 11:16:07
1308,Momos,135,Local Eatery,144,239,81.7,2.2,2025-03-12 05:09:10
1309,Chak-hao Kheer,80,Fine Dining,905,1253,70.3,20.4,2025-06-05 15:50:54
1310,Deluxe Sandesh,45,Local Eatery,169,205,69.4,22.9,2025-04-30 17:20:21
1311,Signature Butter Chicken,96,Street Food,80,125,78.1,9.9,2026-01-02 20:25:15
1312,Chaat Papdi,97,Street Food,69,95,64.4,35.5,2025-11-07 14:22:11
1313,Spicy Jadoh,84,Roadside Stall,19,73,71.4,20.2,2026-04-01 11:49:41
1314,Premium Pork with Bamboo Shoot,7,Local Eatery,107,209,65.3,31.3,2026-04-20 05:47:05
1315,Traditional Rajma Chawal,102,Local Eatery,65,129,63.6,15.2,2025-10-26 07:31:08
1316,Authentic Shorshe Ilish,47,Fine Dining,1191,2185,44.7,70.5,2025-11-24 13:44:43
1317,Litti Chokha,46,Street Food,79,140,50.0,49.8,2025-03-20 18:19:40
1318,Homestyle Chak-hao Kheer,104,Local Eatery,133,272,67.3,20.3,2026-01-13 14:17:41
1319,Street-side Smoked Pork,103,Mid-range Restaurant,209,528,82.4,4.4,2026-01-25 23:06:22
1320,Golgappa,96,Mid-range Restaurant,207,619,57.0,31.0,2025-10-25 20:25:58
1321,Homestyle Dal Bafla,21,Sweet Shop,181,257,58.1,42.4,2025-12-20 09:36:59
1322,Extra Cheesy Idli Sambar,112,Street Food,82,121,66.5,30.8,2026-06-18 03:11:34
1323,Spicy Sarson da Saag,95,Mid-range Restaurant,162,445,57.0,28.8,2025-01-14 14:34:39
1324,Pesarattu,115,Roadside Stall,22,77,79.6,6.7,2025-11-04 17:58:29
1325,Special Dal Bafla,64,Local Eatery,153,200,76.4,9.6,2025-08-02 08:42:32
1326,Premium Chingri Malai Curry,89,Sweet Shop,164,319,70.2,10.2,2025-10-17 13:24:31
1327,Bamboo Shoot Curry,10,Sweet Shop,55,260,72.3,18.7,2025-09-20 08:32:24
1328,Local Favourite Smoked Pork,78,Sweet Shop,95,145,83.7,1.5,2025-04-01 10:19:38
1329,Kothu Parotta,50,Roadside Stall,47,88,78.4,4.3,2026-03-22 07:45:28
1330,Spicy Tandoori Roti,122,Sweet Shop,77,228,71.9,8.6,2025-11-06 15:45:33
1331,Deluxe Litti,47,Fine Dining,712,760,81.4,5.0,2025-08-02 10:03:32
1332,Sol Kadhi,69,Sweet Shop,111,170,59.5,15.9,2025-09-10 03:08:50
1333,Premium Uttapam,57,Sweet Shop,185,312,74.9,13.8,2025-09-13 08:22:54
1334,Shorshe Ilish,139,Street Food,63,116,64.4,32.7,2025-04-28 21:21:31
1335,Chef's Golgappa,119,Local Eatery,146,255,61.3,15.1,2026-03-20 18:03:05
1336,Kadhi Bafla,21,Street Food,46,123,66.6,17.5,2025-09-02 22:19:40
1337,Homestyle Rasam,116,Roadside Stall,25,114,65.9,21.4,2025-01-19 04:21:47
1338,Bhel Puri,73,Fine Dining,1443,1722,67.0,31.3,2025-04-06 22:05:42
1339,Chef's Misal Pav,25,Street Food,57,89,85.0,0,2025-11-08 13:21:13
1340,Chef's Axone,105,Roadside Stall,32,82,81.0,5.4,2026-05-31 22:13:47
1341,Festival Naga Chutney,82,Local Eatery,169,230,71.6,15.5,2025-12-16 02:27:56
1342,Local Favourite Dal Makhani,41,Roadside Stall,36,105,77.2,11.1,2025-03-18 08:52:30
1343,Spicy Kachori,99,Sweet Shop,37,363,59.6,33.8,2026-01-26 23:20:01
1344,Homestyle Chila,21,Local Eatery,81,236,76.2,12.5,2025-10-15 14:48:58
1345,Local Favourite Payasam,6,Local Eatery,168,294,55.9,30.3,2025-07-05 21:09:39
1346,Chef's Chingri Malai Curry,45,Mid-range Restaurant,183,650,44.1,52.9,2025-12-23 15:58:35
1347,Kadhi Bafla,63,Fine Dining,1012,2335,52.4,43.2,2025-09-15 07:07:10
1348,Aloo Paratha,41,Street Food,20,125,44.4,57.3,2026-02-08 17:10:07
1349,Litti Chokha,121,Mid-range Restaurant,425,496,79.1,7.8,2026-02-19 21:39:56
1350,Zan,7,Street Food,57,117,83.3,2.5,2025-01-31 23:54:37
1351,Litti Chokha,94,Fine Dining,938,1202,51.8,53.7,2026-03-27 08:28:43
1352,Family Recipe Goan Fish Curry,29,Sweet Shop,116,198,87.5,0,2025-06-13 04:16:04
1353,Bhutte ka Kees,68,Street Food,78,145,78.9,9.2,2025-07-21 22:44:34
1354,Extra Cheesy Sandesh,88,Fine Dining,1216,1754,74.2,14.2,2025-04-19 18:10:49
1355,Deluxe Nihari,38,Mid-range Restaurant,335,494,63.8,30.9,2026-03-17 21:34:30
1356,Zan,79,Local Eatery,155,197,54.9,28.6,2025-10-26 10:30:15
1357,Sabudana Khichdi,66,Roadside Stall,34,62,74.8,9.3,2026-01-31 00:50:01
1358,Litti Chokha,133,Local Eatery,104,278,55.5,47.9,2025-09-02 02:54:23
1359,Aloo Posto,134,Fine Dining,1163,1519,85.2,0,2026-01-11 22:23:04
1360,Special Butter Chicken,98,Mid-range Restaurant,255,379,55.2,39.6,2025-04-03 21:20:44
1361,Signature Curd Rice,51,Sweet Shop,33,311,86.7,0,2025-10-10 09:15:20
1362,Smoked Pork,9,Roadside Stall,19,63,73.7,14.0,2026-02-22 15:59:48
1363,Extra Cheesy Poha Jalebi,21,Local Eatery,91,166,82.0,2.5,2026-05-21 11:55:32
1364,Extra Cheesy Sabudana Khichdi,63,Roadside Stall,32,112,62.4,33.7,2025-02-19 10:52:29
1365,Deluxe Bhel Puri,34,Local Eatery,91,250,80.7,5.0,2025-03-18 07:53:23
1366,Street-side Chhena Poda,138,Sweet Shop,48,158,71.0,15.8,2026-01-05 17:57:02
1367,Festival Filter Coffee,51,Roadside Stall,46,94,74.3,13.9,2025-03-28 14:57:22
1368,Appam with Stew,114,Roadside Stall,63,102,94.9,0,2025-11-13 06:10:40
1369,Family Recipe Sol Kadhi,70,Fine Dining,1026,1617,90.2,0,2026-02-18 08:44:28
1370,Malpua,64,Roadside Stall,34,100,52.4,49.2,2025-05-22 12:05:11
1371,Butter Chicken,125,Roadside Stall,45,118,56.0,19.7,2025-12-02 13:20:30
1372,Extra Cheesy Thukpa,78,Sweet Shop,167,387,57.2,42.7,2025-06-30 01:07:02
1373,Village-style Rava Kesari,55,Roadside Stall,45,68,78.1,11.8,2025-06-13 08:07:32
1374,Family Recipe Lassi,40,Fine Dining,1304,1665,84.4,0.8,2025-05-03 01:09:54
1375,Naga Chutney,84,Fine Dining,1298,1859,59.9,23.0,2025-08-24 19:51:07
1376,Deluxe Paneer Tikka,95,Mid-range Restaurant,311,551,63.9,26.9,2025-11-20 23:44:53
1377,Vada Sambar,2,Mid-range Restaurant,221,464,80.9,2.6,2025-06-07 01:31:31
1378,Bisi Bele Bath,54,Street Food,61,125,81.8,3.2,2026-03-11 22:38:22
1379,Premium Appam with Stew,52,Mid-range Restaurant,204,252,60.7,24.1,2026-01-08 13:56:00
1380,Chole Bhature,121,Sweet Shop,154,227,62.5,29.9,2025-10-19 06:51:36
1381,Macher Jhol,16,Mid-range Restaurant,425,624,69.5,14.6,2026-01-02 11:45:04
1382,Rajma Chawal,35,Sweet Shop,135,222,85.4,0,2026-03-22 21:46:41
1383,Special Idiyappam,52,Mid-range Restaurant,283,578,72.9,11.5,2025-01-17 23:20:50
1384,Rajma Chawal,36,Mid-range Restaurant,378,497,57.3,32.2,2025-12-24 22:00:12
1385,Lassi,93,Sweet Shop,96,236,75.4,16.5,2025-04-19 22:49:16
1386,Spicy Modak,31,Fine Dining,1317,1425,83.4,1.1,2026-02-02 21:14:58
1387,Quick-bite Butter Chicken,96,Street Food,84,149,82.1,4.5,2026-01-18 03:43:16
1388,Khandvi,73,Sweet Shop,49,348,50.8,43.4,2025-03-29 06:04:29
1389,Litti Chokha,137,Street Food,79,128,77.0,6.6,2025-02-26 18:22:34
1390,Extra Cheesy Bisi Bele Bath,111,Sweet Shop,68,247,49.1,49.4,2025-09-21 22:30:44
1391,Naga Chutney,117,Fine Dining,1088,1699,39.1,73.2,2025-01-15 15:47:35
1392,Classic Puttu Kadala,3,Mid-range Restaurant,264,573,77.7,7.2,2025-12-22 13:08:25
1393,Kothu Parotta,52,Sweet Shop,177,226,57.6,21.3,2025-08-28 14:30:54
1394,Homestyle Macher Jhol,47,Street Food,36,115,65.7,13.2,2025-09-02 22:17:37
1395,Chef's Appam with Stew,59,Fine Dining,777,1264,89.0,0,2025-10-04 00:06:23
1396,Extra Cheesy Bamboo Shoot Curry,7,Fine Dining,526,1445,85.1,0,2025-06-12 00:17:38
1397,Extra Cheesy Chole Bhature,98,Local Eatery,86,293,67.1,28.2,2025-03-14 02:52:59
1398,Pitha,45,Street Food,40,146,58.8,45.3,2026-04-15 19:11:29
1399,Spicy Lassi,92,Street Food,84,117,71.0,16.9,2025-12-21 22:14:07
1400,Masala Dosa,5,Fine Dining,1484,2372,51.5,34.6,2025-08-29 18:28:41
1401,Deluxe Shorshe Ilish,17,Sweet Shop,51,394,76.8,8.8,2026-01-02 02:48:52
1402,Classic Bisi Bele Bath,5,Local Eatery,82,236,40.0,55.0,2025-04-19 21:53:49
1403,Street-side Chole Bhature,121,Local Eatery,170,274,77.3,8.1,2025-11-19 05:51:21
1404,Family Recipe Kachori,41,Roadside Stall,24,119,57.2,46.0,2025-03-26 23:12:24
1405,Signature Butter Chicken,42,Fine Dining,1140,1914,87.3,0,2025-09-07 09:13:46
1406,Homestyle Chak-hao Kheer,8,Fine Dining,535,2050,85.3,0,2025-02-06 02:48:45
1407,Shorshe Ilish,139,Local Eatery,80,115,41.4,73.1,2025-03-13 13:18:50
1408,Uttapam,108,Fine Dining,925,2034,69.5,25.2,2026-05-10 15:50:31
1409,Signature Rava Kesari,1,Mid-range Restaurant,215,390,77.2,8.1,2026-04-22 14:30:41
1410,Sol Kadhi,25,Roadside Stall,27,53,59.4,19.3,2025-04-21 18:10:24
1411,Uttapam,58,Mid-range Restaurant,203,340,59.8,20.7,2026-05-28 03:32:08
1412,Axone,78,Roadside Stall,48,94,94.1,0,2025-04-13 07:11:53
1413,Smoked Pork,84,Roadside Stall,62,74,80.2,7.5,2026-05-06 19:06:04
1414,Chak-hao Kheer,13,Street Food,38,129,44.6,62.8,2025-05-06 17:45:32
1415,Homestyle Lassi,102,Fine Dining,1378,2092,57.6,45.0,2026-03-25 07:48:55
1416,Chef's Zan,104,Mid-range Restaurant,375,445,80.1,6.8,2026-02-04 14:48:20
1417,Family Recipe Aloo Posto,87,Fine Dining,1290,2424,70.2,10.6,2025-09-23 22:19:58
1418,Sarson da Saag,133,Fine Dining,1157,1219,91.3,0,2025-06-26 09:55:04
1419,Royal Thukpa,118,Mid-range Restaurant,214,671,65.7,22.1,2026-03-06 18:13:56
1420,Dal Bafla,22,Roadside Stall,27,55,83.8,1.0,2025-01-13 23:40:09
1421,Curd Rice,51,Local Eatery,132,277,72.7,19.2,2025-10-09 16:24:02
1422,Village-style Momos,139,Local Eatery,72,256,56.2,39.2,2026-04-26 03:47:23
1423,Hyderabadi Biryani,58,Roadside Stall,42,77,62.5,39.4,2025-11-08 08:48:41
1424,Misal Pav,76,Fine Dining,979,1648,54.2,53.2,2025-01-01 06:35:30
1425,Bafla,20,Local Eatery,178,281,75.8,16.1,2025-02-15 23:58:56
1426,Authentic Hyderabadi Biryani,106,Local Eatery,157,229,67.6,13.8,2025-11-22 10:53:56
1427,Tandoori Roti,101,Street Food,48,93,54.5,33.0,2026-04-01 02:31:18
1428,Extra Cheesy Tandoori Roti,39,Mid-range Restaurant,317,332,76.5,10.4,2026-02-12 04:33:35
1429,Premium Bebinca,27,Sweet Shop,142,228,83.0,2.5,2026-04-19 19:53:22
1430,Bamboo Shoot Curry,117,Sweet Shop,117,266,90.0,0,2025-07-18 09:58:38
1431,Extra Cheesy Modak,29,Local Eatery,172,272,78.3,10.4,2025-08-15 02:37:35
1432,Royal Pongal,58,Sweet Shop,184,347,85.0,0,2026-06-01 10:49:55
1433,Spicy Kachori,127,Street Food,55,100,87.0,0,2025-09-13 09:49:45
1434,Grandma's Bisi Bele Bath,108,Street Food,82,107,74.8,8.8,2025-12-03 22:00:12
1435,Signature Pav Bhaji,69,Roadside Stall,39,115,85.2,0,2025-02-02 16:49:25
1436,Royal Khandvi,28,Street Food,50,106,74.6,15.1,2026-04-14 23:45:19
1437,Street-side Vada Sambar,108,Fine Dining,1372,2325,74.4,13.0,2025-11-06 16:10:16
1438,Chef's Masala Dosa,111,Street Food,62,84,63.1,24.0,2025-01-23 00:56:25
1439,Jadoh,117,Mid-range Restaurant,330,467,62.4,34.8,2025-09-10 01:20:58
1440,Pitha,118,Local Eatery,86,238,81.0,5.0,2025-09-08 00:17:58
1441,Chak-hao Kheer,103,Local Eatery,168,241,84.6,0.4,2026-04-24 18:34:46
1442,Traditional Dalma,138,Mid-range Restaurant,201,679,79.3,7.8,2025-09-01 01:19:57
1443,Local Favourite Dal Makhani,128,Sweet Shop,154,253,65.2,22.3,2025-10-08 18:09:45
1444,Classic Dal Makhani,41,Local Eatery,134,223,87.3,0,2026-03-12 08:12:11
1445,Festival Bebinca,76,Fine Dining,1133,1298,58.2,19.0,2026-04-10 10:57:25
1446,Jadoh,104,Roadside Stall,37,97,54.0,32.9,2025-08-17 06:55:17
1447,Traditional Malpua,22,Street Food,51,131,55.5,52.8,2025-01-21 11:22:15
1448,Traditional Aloo Paratha,127,Local Eatery,116,291,82.6,1.9,2025-08-19 12:37:30
1449,Premium Poha Jalebi,63,Fine Dining,924,2073,73.6,14.6,2025-11-17 06:16:06
1450,Quick-bite Pongal,48,Roadside Stall,39,82,78.8,11.0,2025-07-24 17:03:53
1451,Curd Rice,111,Local Eatery,100,248,66.1,33.1,2025-04-15 11:07:39
1452,Pitha,83,Roadside Stall,23,45,93.1,0,2026-01-30 03:37:30
1453,Classic Malai Kofta,122,Roadside Stall,29,83,79.1,8.1,2026-03-07 08:39:57
1454,Roadside Rasam,58,Street Food,78,127,69.4,20.4,2025-02-20 05:18:28
1455,Festival Butter Chicken,44,Sweet Shop,44,231,70.9,20.4,2025-02-19 12:53:10
1456,Roadside Rajma Chawal,91,Sweet Shop,37,353,71.5,19.5,2025-04-14 13:57:02
1457,Extra Cheesy Tandoori Roti,102,Sweet Shop,202,289,64.9,25.8,2026-01-30 12:57:58
1458,Bamboo Shoot Curry,105,Roadside Stall,35,45,91.9,0,2025-10-06 08:07:08
1459,Bebinca,31,Roadside Stall,41,71,79.6,4.9,2026-04-13 05:14:50
1460,Family Recipe Kosha Mangsho,46,Fine Dining,1246,1500,65.0,14.3,2025-11-10 10:48:56
1461,Kachori,100,Local Eatery,168,221,57.3,27.0,2025-05-18 19:10:47
1462,Signature Bisi Bele Bath,111,Mid-range Restaurant,355,467,59.8,44.9,2026-05-07 16:06:42
1463,Malpua,21,Roadside Stall,31,43,85.7,0,2026-03-09 17:37:33
1464,Grandma's Litti,16,Street Food,21,31,64.8,19.5,2026-03-18 05:45:13
1465,Family Recipe Rajma Chawal,96,Roadside Stall,46,79,73.1,21.1,2025-03-17 07:34:23
1466,Quick-bite Mutton Rogan Josh,40,Fine Dining,1223,1596,72.1,20.3,2025-12-12 17:23:08
1467,Bebinca,8,Street Food,59,106,52.1,46.7,2026-04-04 08:22:45
1468,Royal Dal Makhani,133,Roadside Stall,24,112,88.0,0,2026-05-27 11:06:21
1469,Chaat Papdi,100,Street Food,63,104,66.5,16.4,2026-01-17 04:34:53
1470,Street-side Vada Sambar,49,Fine Dining,1330,1542,84.2,0.6,2026-05-24 14:26:01
1471,Quick-bite Naga Chutney,83,Roadside Stall,48,83,80.5,6.2,2025-08-08 11:19:45
1472,Bamboo Shoot Curry,83,Mid-range Restaurant,368,584,69.3,11.0,2025-01-19 12:18:02
1473,Classic Amritsari Kulcha,126,Roadside Stall,39,88,71.7,20.5,2025-08-12 01:40:58
1474,Street-side Pitha,15,Street Food,59,144,80.2,6.2,2025-05-15 15:38:29
1475,Street-side Pitha,81,Street Food,58,117,57.6,48.1,2025-02-10 17:27:50
1476,Pongal,112,Roadside Stall,38,53,87.4,0,2025-05-25 05:47:57
1477,Pesarattu,57,Fine Dining,711,1890,76.7,5.1,2025-10-24 07:27:55
1478,Deluxe Filter Coffee,53,Local Eatery,144,238,93.6,0,2025-06-27 09:09:33
1479,Street-side Litti Chokha,96,Roadside Stall,30,119,77.6,12.3,2025-11-25 10:19:12
1480,Roadside Pork with Bamboo Shoot,80,Street Food,73,135,67.0,29.0,2025-05-28 04:28:15
1481,Premium Sarson da Saag,125,Sweet Shop,131,162,78.4,7.5,2026-05-30 22:31:35
1482,Royal Uttapam,58,Fine Dining,568,953,73.1,9.5,2025-07-19 05:29:27
1483,Festival Kadhi Chawal,102,Roadside Stall,31,54,80.6,4.7,2025-06-06 23:54:13
1484,Signature Bhel Puri,23,Roadside Stall,17,87,71.0,10.3,2025-01-30 12:57:14
1485,Dal Makhani,100,Street Food,50,115,75.8,10.4,2025-04-21 21:12:54
1486,Payasam,114,Roadside Stall,64,86,80.9,6.0,2025-02-03 23:42:22
1487,Hyderabadi Biryani,4,Mid-range Restaurant,239,428,70.4,24.6,2025-02-13 19:53:49
1488,Litti Chokha,101,Roadside Stall,19,57,57.3,23.1,2026-05-27 02:14:12
1489,Extra Cheesy Masala Dosa,113,Local Eatery,137,282,62.9,17.5,2026-03-01 23:07:06
1490,Momos,82,Fine Dining,1030,2134,41.9,63.1,2025-09-07 20:06:26
1491,Chole Bhature,95,Sweet Shop,89,102,67.1,22.8,2025-10-29 00:01:54
1492,Prawn Balchao,31,Street Food,29,41,76.9,13.7,2026-03-20 21:22:50
1493,Premium Kadhi Chawal,99,Sweet Shop,90,351,75.7,9.4,2026-05-10 12:54:10
1494,Authentic Zan,117,Mid-range Restaurant,264,347,62.9,32.6,2025-10-29 17:15:57
1495,Dal Bafla,66,Fine Dining,1324,1948,54.7,34.9,2026-02-25 14:15:50
1496,Vada Sambar,59,Mid-range Restaurant,256,473,68.8,17.8,2025-12-18 07:42:11
1497,Extra Cheesy Vada Sambar,114,Mid-range Restaurant,354,432,79.3,4.8,2025-06-18 12:24:52
1498,Kothu Parotta,49,Sweet Shop,198,366,66.4,21.5,2025-11-14 01:33:01
1499,Chef's Kadhi Chawal,96,Fine Dining,611,1732,77.0,7.7,2026-04-30 08:40:25
1500,Chef's Idli Sambar,106,Roadside Stall,25,119,67.3,21.6,2025-05-21 01:19:10
1501,Chef's Masala Dosa,114,Sweet Shop,74,223,93.5,0,2025-05-02 01:21:37
1502,Chef's Bebinca,103,Mid-range Restaurant,389,524,85.1,0,2026-01-14 00:27:56
1503,Premium Bebinca,81,Sweet Shop,39,395,51.2,22.9,2025-01-17 16:09:23
1504,Idli Sambar,3,Mid-range Restaurant,332,445,80.0,8.7,2025-08-27 21:22:05
1505,Aloo Posto,17,Roadside Stall,43,113,65.3,16.0,2025-08-24 12:48:44
1506,Festival Bebinca,26,Local Eatery,80,196,52.9,54.3,2025-11-15 04:59:12
1507,Malai Kofta,41,Sweet Shop,101,238,92.5,0,2025-04-24 21:41:05
1508,Street-side Filter Coffee,114,Fine Dining,984,1770,70.9,21.4,2026-04-01 07:06:03
1509,Quick-bite Chaat Papdi,93,Fine Dining,1415,1465,91.9,0,2026-03-17 05:36:03
1510,Aloo Posto,89,Street Food,42,69,76.1,12.6,2025-04-27 02:37:15
1511,Kolhapuri Mutton,29,Mid-range Restaurant,299,673,81.8,4.9,2025-10-03 12:18:29
1512,Butter Chicken,127,Fine Dining,673,1430,84.3,0.6,2025-08-06 16:09:39
1513,Signature Rosogolla,134,Local Eatery,66,242,60.4,23.8,2025-12-15 16:40:53
1514,Street-side Pesarattu,111,Sweet Shop,147,325,49.7,44.5,2025-04-12 11:29:23
1515,Homestyle Kothu Parotta,3,Local Eatery,175,245,67.1,11.5,2026-06-06 21:11:48
1516,Local Favourite Goan Fish Curry,70,Roadside Stall,65,102,68.2,17.0,2025-09-26 22:21:52
1517,Signature Sabudana Khichdi,67,Street Food,77,97,82.3,4.6,2026-01-31 04:33:24
1518,Vada Pav,30,Street Food,51,70,56.9,19.1,2026-03-21 05:09:10
1519,Special Uttapam,61,Street Food,63,82,55.6,39.7,2025-12-24 21:14:41
1520,Chak-hao Kheer,85,Street Food,37,72,87.8,0,2025-05-25 03:21:54
1521,Special Goan Fish Curry,24,Sweet Shop,89,206,46.6,26.7,2025-09-06 20:46:52
1522,Momos,136,Sweet Shop,156,320,78.8,7.2,2026-06-10 04:31:24
1523,Family Recipe Chingri Malai Curry,16,Street Food,42,77,61.7,38.5,2026-03-23 22:52:07
1524,Special Filter Coffee,49,Mid-range Restaurant,266,359,67.7,27.7,2025-08-19 11:15:08
1525,Deluxe Pongal,106,Mid-range Restaurant,326,459,72.9,16.8,2026-06-15 21:56:30
1526,Family Recipe Bafla,65,Street Food,83,115,86.9,0,2025-12-01 01:32:52
1527,Kadhi Bafla,21,Sweet Shop,52,225,74.9,17.2,2025-10-08 18:28:17
1528,Dahi Vada,17,Mid-range Restaurant,380,573,80.0,5.9,2026-01-24 02:59:19
1529,Signature Chak-hao Kheer,77,Sweet Shop,78,204,74.9,6.6,2025-10-02 02:26:20
1530,Extra Cheesy Zan,105,Fine Dining,974,1935,70.0,11.6,2025-10-27 11:26:13
1531,Masala Dosa,108,Fine Dining,1391,1706,67.9,10.5,2026-05-30 00:19:31
1532,Litti Chokha,45,Local Eatery,72,86,67.6,13.6,2025-09-20 00:00:41
1533,Signature Masala Dosa,51,Mid-range Restaurant,292,418,57.7,36.3,2026-01-23 16:35:09
1534,Family Recipe Mysore Pak,111,Sweet Shop,45,235,91.0,0,2025-09-09 02:25:21
1535,Authentic Kadhi Chawal,123,Fine Dining,1322,1775,68.6,10.1,2025-08-28 05:40:45
1536,Lassi,41,Fine Dining,1126,1385,75.3,12.0,2025-09-22 22:30:48
1537,Grandma's Paneer Tikka,96,Fine Dining,564,610,69.8,16.7,2025-06-12 16:32:33
1538,Pitha,84,Mid-range Restaurant,393,546,73.8,14.5,2025-09-15 03:25:08
1539,Hyderabadi Biryani,50,Roadside Stall,29,114,75.6,14.8,2025-07-13 11:32:35
1540,Homestyle Golgappa,126,Street Food,69,97,76.1,6.2,2026-01-17 07:47:37
1541,Special Sarson da Saag,119,Local Eatery,161,241,78.9,6.3,2025-02-15 20:14:09
1542,Aloo Paratha,122,Mid-range Restaurant,332,659,71.2,10.7,2025-07-31 20:34:10
1543,Zan,82,Roadside Stall,27,119,57.6,46.8,2026-04-15 23:32:06
1544,Undhiyu,31,Local Eatery,127,266,62.7,34.5,2025-11-25 13:07:47
1545,Roadside Rava Kesari,3,Mid-range Restaurant,162,201,77.0,12.1,2025-03-03 03:15:16
1546,Authentic Chaat Papdi,95,Fine Dining,1068,1399,75.1,15.0,2025-03-25 16:30:35
1547,Roadside Sol Kadhi,71,Roadside Stall,44,90,56.0,21.9,2025-01-14 04:05:12
1548,Classic Vada Pav,32,Mid-range Restaurant,222,393,83.4,1.7,2025-01-20 18:42:24
1549,Local Favourite Pesarattu,112,Roadside Stall,63,75,76.8,8.1,2026-03-18 14:09:37
1550,Naga Chutney,11,Sweet Shop,63,327,48.2,25.1,2025-04-28 17:28:05
1551,Bhel Puri,27,Local Eatery,71,274,66.2,19.3,2025-03-05 00:54:29
1552,Special Pesarattu,106,Roadside Stall,18,95,68.6,25.4,2026-06-24 12:01:58
1553,Malai Kofta,40,Fine Dining,662,908,80.7,7.1,2025-06-26 14:58:17
1554,Festival Poha Jalebi,62,Sweet Shop,208,275,71.0,9.1,2025-06-30 17:12:07
1555,Village-style Paneer Tikka,40,Fine Dining,1274,2094,42.2,65.0,2026-01-18 07:46:52
1556,Spicy Fish Tenga,7,Street Food,45,130,44.9,35.1,2026-01-17 17:34:21
1557,Special Curd Rice,2,Mid-range Restaurant,410,504,67.8,13.5,2025-01-06 17:00:46
1558,Festival Undhiyu,73,Fine Dining,663,2382,58.4,35.4,2025-09-17 19:15:58
1559,Roadside Pesarattu,51,Sweet Shop,103,344,43.8,54.6,2026-05-21 23:08:12
1560,Chef's Litti Chokha,132,Street Food,69,92,80.0,8.2,2025-06-05 10:55:44
1561,Pitha,77,Mid-range Restaurant,334,581,47.1,51.2,2026-03-17 06:47:10
1562,Village-style Sabudana Khichdi,65,Street Food,47,80,84.7,0.3,2025-10-29 19:30:06
1563,Zan,84,Local Eatery,177,249,71.1,18.3,2026-06-03 02:14:03
1564,Premium Bhutte ka Kees,64,Street Food,23,112,46.6,23.6,2025-08-02 00:02:32
1565,Extra Cheesy Rava Kesari,1,Roadside Stall,25,47,47.0,32.6,2025-05-29 04:29:54
1566,Special Curd Rice,109,Sweet Shop,35,197,81.0,6.7,2025-08-23 14:37:20
1567,Sarson da Saag,37,Local Eatery,75,247,80.0,7.1,2025-01-24 14:05:35
1568,Homestyle Dal Makhani,122,Sweet Shop,90,333,85.2,0,2026-03-09 23:31:28
1569,Undhiyu,70,Fine Dining,564,2071,78.3,5.8,2025-11-05 18:39:46
1570,Street-side Butter Chicken,97,Fine Dining,922,1290,92.2,0,2025-02-04 04:50:52
1571,Chhena Poda,17,Sweet Shop,152,213,82.2,1.8,2025-07-31 05:44:50
1572,Puttu Kadala,49,Sweet Shop,41,339,83.6,1.6,2026-06-30 23:52:50
1573,Street-side Aloo Paratha,126,Street Food,67,135,83.0,2.5,2025-10-17 22:12:35
1574,Festival Malai Kofta,96,Sweet Shop,193,291,68.2,21.8,2025-10-17 00:37:53
1575,Deluxe Mutton Rogan Josh,120,Sweet Shop,156,338,73.3,12.1,2025-12-02 07:40:57
1576,Khandvi,23,Mid-range Restaurant,333,673,70.6,21.7,2026-06-13 10:24:48
1577,Classic Chole Bhature,43,Sweet Shop,67,383,65.4,26.6,2025-05-04 19:57:09
1578,Local Favourite Tandoori Roti,36,Fine Dining,1401,1640,94.5,0,2026-02-08 13:27:55
1579,Homestyle Khandvi,27,Roadside Stall,57,77,79.9,7.2,2025-09-18 02:59:00
1580,Amritsari Kulcha,126,Mid-range Restaurant,352,629,77.2,8.4,2026-03-25 04:25:18
1581,Dalma,90,Street Food,48,139,76.8,6.5,2026-06-24 00:01:55
1582,Masala Dosa,49,Fine Dining,647,804,78.4,6.4,2025-11-12 10:37:23
1583,Pork with Bamboo Shoot,78,Local Eatery,63,77,44.2,30.4,2025-05-25 05:57:43
1584,Roadside Macher Jhol,19,Street Food,74,129,77.3,4.7,2026-04-10 03:20:30
1585,Local Favourite Axone,77,Mid-range Restaurant,369,696,75.0,11.7,2026-04-23 12:45:42
1586,Fish Tenga,11,Fine Dining,827,1556,44.2,58.8,2025-10-26 01:43:00
1587,Royal Chhena Poda,138,Roadside Stall,54,120,65.8,33.9,2026-01-16 20:00:43
1588,Smoked Pork,7,Street Food,80,106,73.4,8.1,2026-05-06 08:15:46
1589,Sol Kadhi,25,Local Eatery,137,267,44.6,39.3,2025-12-17 10:57:31
1590,Spicy Payasam,56,Sweet Shop,62,375,84.8,0.3,2026-01-29 06:00:51
1591,Village-style Uttapam,114,Mid-range Restaurant,348,632,77.1,5.2,2026-03-31 21:30:48
1592,Village-style Goan Fish Curry,31,Fine Dining,800,1143,45.4,52.3,2025-11-28 10:51:13
1593,Modak,29,Street Food,45,116,71.3,8.3,2026-05-23 21:02:55
1594,Local Favourite Chhena Poda,46,Local Eatery,88,185,85.0,0,2026-01-19 04:43:48
1595,Royal Rasam,59,Local Eatery,76,275,92.8,0,2025-01-19 09:23:37
1596,Meen Curry,113,Fine Dining,521,1981,72.7,17.6,2026-05-09 02:07:34
1597,Signature Misal Pav,28,Fine Dining,1070,1944,48.5,25.7,2026-06-01 06:56:57
1598,Local Favourite Golgappa,92,Local Eatery,176,298,54.3,19.3,2025-03-09 02:11:37
1599,Appam with Stew,48,Roadside Stall,38,119,61.7,15.8,2026-05-25 17:37:24
1600,Spicy Kothu Parotta,48,Street Food,49,84,55.0,22.8,2026-06-29 20:25:16
1601,Grandma's Butter Chicken,101,Street Food,34,111,77.5,9.8,2025-01-07 21:06:56
1602,Authentic Chak-hao Kheer,78,Local Eatery,170,241,82.2,2.3,2026-01-04 18:09:34
1603,Chef's Golgappa,123,Fine Dining,1066,2373,76.2,14.3,2025-02-25 02:01:02
1604,Village-style Paneer Tikka,38,Street Food,81,123,94.4,0,2025-05-08 22:50:25
1605,Chila,64,Mid-range Restaurant,358,398,80.3,3.1,2025-09-06 22:19:17
1606,Butter Chicken,102,Mid-range Restaurant,350,590,75.5,15.6,2025-04-09 21:32:06
1607,Nihari,123,Sweet Shop,70,203,75.3,9.2,2025-02-28 07:08:03
1608,Homestyle Payasam,111,Roadside Stall,20,120,86.3,0,2026-05-14 04:33:53
1609,Roadside Axone,11,Fine Dining,1165,1874,63.7,26.5,2025-09-12 01:21:28
1610,Village-style Zan,79,Sweet Shop,180,367,74.0,15.6,2026-04-11 12:32:32
1611,Classic Golgappa,36,Fine Dining,1498,1858,73.0,16.1,2025-02-18 21:10:54
1612,Bafla,65,Roadside Stall,47,86,64.1,35.3,2025-07-05 23:00:54
1613,Deluxe Curd Rice,49,Mid-range Restaurant,415,635,62.5,29.6,2026-06-05 03:49:34
1614,Payasam,49,Sweet Shop,105,212,78.1,7.1,2026-02-26 14:04:35
1615,Extra Cheesy Pork with Bamboo Shoot,83,Local Eatery,75,270,79.3,5.4,2025-07-11 20:55:10
1616,Classic Payasam,53,Sweet Shop,157,262,60.8,28.6,2025-07-30 06:58:06
1617,Classic Naga Chutney,118,Roadside Stall,19,61,53.4,33.2,2026-03-04 17:28:58
1618,Special Butter Chicken,101,Mid-range Restaurant,403,645,88.9,0,2025-08-04 05:21:46
1619,Chef's Kachori,131,Fine Dining,1143,2155,75.2,11.5,2025-10-28 12:03:12
1620,Authentic Thukpa,81,Mid-range Restaurant,177,229,84.1,0.8,2026-03-03 00:36:27
1621,Sandesh,138,Sweet Shop,205,323,58.6,44.1,2026-03-17 01:34:50
1622,Royal Rosogolla,16,Roadside Stall,61,88,62.7,19.8,2025-06-21 05:15:17
1623,Festival Kolhapuri Mutton,69,Local Eatery,79,94,73.7,11.1,2025-06-20 18:43:00
1624,Chef's Litti Chokha,44,Street Food,40,61,74.3,14.3,2025-07-29 12:06:57
1625,Royal Amritsari Kulcha,125,Fine Dining,726,1231,70.3,11.7,2025-05-15 19:04:40
1626,Royal Bisi Bele Bath,57,Sweet Shop,108,340,74.6,13.7,2025-10-28 08:40:18
1627,Traditional Appam with Stew,115,Street Food,72,138,69.6,22.9,2025-10-26 15:08:35
1628,Butter Chicken,98,Local Eatery,172,268,71.5,20.9,2026-02-11 22:51:48
1629,Homestyle Aloo Posto,88,Roadside Stall,39,105,75.5,10.0,2025-03-02 02:02:17
1630,Local Favourite Dal Makhani,97,Mid-range Restaurant,330,547,62.3,33.1,2025-06-29 08:12:13
1631,Golgappa,98,Roadside Stall,30,48,70.0,23.4,2025-10-30 01:03:35
1632,Local Favourite Aloo Posto,89,Fine Dining,1241,2163,87.3,0,2025-07-18 00:09:36
1633,Roadside Momos,90,Mid-range Restaurant,395,485,56.4,46.5,2026-05-16 23:50:17
1634,Nihari,133,Fine Dining,873,981,80.6,3.1,2025-05-04 07:22:58
1635,Festival Khandvi,24,Street Food,52,119,55.1,23.0,2025-12-05 13:38:55
1636,Family Recipe Prawn Balchao,72,Mid-range Restaurant,235,511,48.5,60.1,2026-04-28 07:14:50
1637,Family Recipe Bebinca,14,Fine Dining,1464,2340,86.5,0,2025-06-01 18:14:25
1638,Royal Bhutte ka Kees,20,Local Eatery,128,169,81.3,4.7,2025-10-14 13:21:52
1639,Litti Chokha,46,Local Eatery,160,172,64.7,16.4,2025-07-31 12:44:16
1640,Village-style Butter Chicken,132,Street Food,70,97,56.3,33.4,2025-04-13 18:04:57
1641,Malpua,62,Fine Dining,751,1692,56.8,20.6,2025-07-12 19:03:33
1642,Chole Bhature,42,Local Eatery,60,143,70.3,22.9,2026-06-11 05:59:20
1643,Malai Kofta,102,Roadside Stall,44,120,66.0,25.2,2025-11-11 17:26:58
1644,Family Recipe Chila,65,Fine Dining,629,2287,44.9,27.6,2025-10-13 10:43:12
1645,Thukpa,77,Fine Dining,884,1507,66.8,17.8,2025-06-04 08:05:22
1646,Appam with Stew,5,Local Eatery,117,278,81.8,4.8,2026-05-20 03:33:58
1647,Traditional Smoked Pork,78,Local Eatery,175,241,61.2,25.7,2025-12-28 08:02:39
1648,Extra Cheesy Tandoori Roti,96,Street Food,51,79,86.6,0,2025-08-18 10:59:32
1649,Grandma's Chole Bhature,96,Fine Dining,1408,2305,49.5,33.8,2026-02-03 02:50:20
1650,Signature Chole Bhature,123,Mid-range Restaurant,249,417,88.1,0,2025-03-20 16:25:11
1651,Roadside Malai Kofta,38,Roadside Stall,28,118,72.6,7.8,2025-11-10 08:08:44
1652,Premium Chhena Poda,86,Roadside Stall,35,81,66.6,28.7,2026-03-31 20:46:11
1653,Kolhapuri Mutton,32,Fine Dining,1281,2343,44.9,61.6,2026-03-16 21:32:23
1654,Rajma Chawal,130,Fine Dining,838,2200,79.0,8.9,2026-05-09 09:04:25
1655,Dhokla,69,Local Eatery,71,238,67.2,19.1,2025-02-02 12:55:01
1656,Jadoh,12,Local Eatery,113,268,57.9,42.3,2025-04-28 18:53:41
1657,Quick-bite Idiyappam,110,Local Eatery,60,86,56.0,18.7,2026-01-10 21:31:11
1658,Momos,17,Local Eatery,178,274,71.6,9.3,2025-12-23 23:40:55
1659,Dahi Vada,88,Mid-range Restaurant,319,652,77.4,9.4,2026-06-03 15:47:48
1660,Litti,134,Local Eatery,88,103,69.3,14.5,2026-01-31 05:22:20
1661,Local Favourite Zan,77,Roadside Stall,34,76,52.0,25.7,2025-06-23 16:40:33
1662,Puttu Kadala,57,Street Food,84,117,68.4,17.9,2026-03-17 01:41:01
1663,Special Jadoh,85,Roadside Stall,45,63,81.2,6.5,2025-02-14 04:44:58
1664,Spicy Vada Sambar,112,Fine Dining,531,1224,89.1,0,2025-07-03 01:26:12
1665,Local Favourite Golgappa,125,Fine Dining,940,1431,62.9,29.5,2025-05-09 01:51:17
1666,Premium Litti Chokha,87,Fine Dining,1373,1552,51.5,23.4,2025-01-07 14:15:45
1667,Spicy Malai Kofta,39,Street Food,39,55,37.4,38.7,2025-04-14 16:18:32
1668,Prawn Balchao,75,Sweet Shop,121,175,45.5,66.0,2025-09-14 10:17:17
1669,Quick-bite Vada Pav,26,Street Food,20,135,88.1,0,2025-10-31 14:14:09
1670,Roadside Amritsari Kulcha,126,Roadside Stall,48,62,83.4,1.5,2025-02-20 10:36:58
1671,Sarson da Saag,119,Sweet Shop,161,195,71.7,11.6,2025-08-09 08:29:45
1672,Smoked Pork,9,Sweet Shop,151,368,70.0,26.1,2025-08-26 23:41:12
1673,Local Favourite Modak,76,Local Eatery,161,250,77.5,6.4,2025-12-25 07:00:30
1674,Street-side Paneer Tikka,39,Roadside Stall,22,50,52.1,37.5,2025-04-26 23:39:13
1675,Sandesh,19,Roadside Stall,30,101,69.3,11.7,2026-05-16 10:49:40
1676,Pitha,78,Sweet Shop,38,234,55.6,24.4,2025-02-21 07:21:39
1677,Roadside Momos,13,Fine Dining,974,2332,91.5,0,2025-09-09 07:57:38
1678,Hyderabadi Biryani,116,Sweet Shop,138,316,64.2,35.3,2026-03-17 01:36:24
1679,Masala Dosa,48,Fine Dining,595,1602,85.5,0,2025-02-02 15:24:41
1680,Aloo Paratha,36,Mid-range Restaurant,253,632,57.1,18.0,2025-01-08 03:58:08
1681,Premium Lassi,93,Street Food,33,104,81.0,7.1,2025-06-06 16:12:25
1682,Hyderabadi Biryani,55,Sweet Shop,159,239,72.9,20.2,2026-04-04 15:29:25
1683,Street-side Mysore Pak,51,Sweet Shop,181,331,63.0,39.5,2025-12-21 12:35:26
1684,Classic Jadoh,12,Roadside Stall,55,115,48.0,59.0,2025-11-21 02:00:45
1685,Aloo Paratha,119,Local Eatery,117,194,63.5,29.7,2025-01-31 01:36:55
1686,Roadside Kothu Parotta,59,Street Food,49,64,59.5,40.4,2025-07-05 14:54:34
1687,Spicy Butter Chicken,102,Street Food,55,133,82.7,2.9,2025-11-20 16:52:38
1688,Pongal,5,Sweet Shop,43,307,94.3,0,2026-05-29 15:18:45
1689,Bebinca,74,Fine Dining,1074,1756,56.9,39.0,2025-01-12 00:55:07
1690,Uttapam,110,Fine Dining,521,734,53.8,46.8,2025-07-20 13:04:13
1691,Roadside Kadhi Chawal,44,Fine Dining,708,2211,56.1,20.7,2025-08-13 07:13:17
1692,Naga Chutney,80,Street Food,39,64,84.4,0.4,2025-07-06 01:33:43
1693,Chhena Poda,17,Street Food,77,130,53.1,48.5,2026-02-20 05:30:54
1694,Royal Nihari,120,Roadside Stall,32,52,66.1,13.4,2025-05-18 00:18:25
1695,Tandoori Roti,100,Sweet Shop,34,361,82.3,4.2,2025-03-09 03:03:49
1696,Authentic Litti Chokha,17,Roadside Stall,67,111,57.9,48.5,2026-05-06 13:19:22
1697,Rosogolla,90,Fine Dining,606,2269,72.3,20.0,2025-06-14 22:40:37
1698,Tandoori Roti,43,Roadside Stall,62,116,48.5,65.4,2025-06-26 02:56:55
1699,Extra Cheesy Malai Kofta,127,Sweet Shop,124,235,86.8,0,2025-05-27 02:04:30
1700,Grandma's Kothu Parotta,1,Sweet Shop,125,308,68.6,26.3,2025-09-02 19:11:52
1701,Rajma Chawal,119,Roadside Stall,48,93,80.8,5.5,2026-01-03 17:22:16
1702,Malai Kofta,127,Mid-range Restaurant,211,540,82.6,3.7,2026-05-11 14:40:43
1703,Deluxe Pork with Bamboo Shoot,82,Fine Dining,800,889,84.7,0.2,2025-08-22 04:13:44
1704,Sarson da Saag,36,Mid-range Restaurant,324,544,93.1,0,2025-10-10 13:26:54
1705,Kadhi Bafla,20,Fine Dining,523,586,93.1,0,2025-03-14 07:04:01
1706,Premium Nihari,36,Street Food,66,90,51.1,31.1,2025-09-17 06:12:22
1707,Family Recipe Thukpa,82,Roadside Stall,66,81,60.0,23.3,2026-03-04 08:37:39
1708,Kosha Mangsho,139,Roadside Stall,51,116,78.3,6.4,2026-03-06 00:51:44
1709,Thukpa,77,Street Food,59,122,50.9,34.1,2025-02-10 10:20:49
1710,Rajma Chawal,36,Roadside Stall,15,38,86.3,0,2025-10-08 11:55:03
1711,Royal Naga Chutney,104,Roadside Stall,50,117,81.9,2.2,2025-05-11 18:49:37
1712,Kothu Parotta,48,Street Food,80,103,79.5,4.1,2026-06-15 01:45:18
1713,Spicy Aloo Paratha,131,Roadside Stall,32,115,81.9,4.7,2025-05-26 16:11:04
1714,Traditional Malai Kofta,127,Local Eatery,138,247,57.8,33.5,2025-09-25 09:37:05
1715,Quick-bite Litti Chokha,35,Roadside Stall,33,77,61.0,39.1,2025-04-07 19:37:19
1716,Premium Bisi Bele Bath,108,Street Food,71,105,80.1,7.0,2026-03-24 20:54:05
1717,Kothu Parotta,48,Local Eatery,76,268,45.4,71.2,2025-02-06 04:01:11
1718,Local Favourite Litti,19,Local Eatery,95,133,74.5,14.5,2025-03-28 00:58:59
1719,Royal Mysore Pak,4,Fine Dining,647,958,79.4,8.6,2025-10-14 10:07:31
1720,Smoked Pork,84,Sweet Shop,100,337,77.4,12.4,2025-04-24 08:03:42
1721,Grandma's Vada Sambar,53,Sweet Shop,199,271,71.4,23.7,2025-12-06 18:40:27
1722,Homestyle Jadoh,13,Local Eatery,67,277,86.2,0,2025-12-23 07:40:31
1723,Chef's Sandesh,135,Mid-range Restaurant,222,377,62.5,25.0,2025-01-11 16:38:49
1724,Special Nihari,122,Mid-range Restaurant,305,644,59.7,21.3,2025-08-03 01:50:47
1725,Roadside Litti Chokha,123,Local Eatery,116,160,41.8,38.1,2026-01-13 09:52:49
1726,Festival Aloo Paratha,99,Local Eatery,74,152,79.3,7.0,2026-06-20 20:48:52
1727,Undhiyu,26,Sweet Shop,133,153,48.1,64.5,2025-03-25 04:50:44
1728,Bafla,62,Sweet Shop,172,339,74.4,18.1,2025-05-23 02:23:01
1729,Homestyle Nihari,128,Street Food,61,141,68.7,16.5,2026-01-09 14:50:55
1730,Chettinad Chicken,50,Sweet Shop,138,212,78.4,6.1,2025-06-04 22:19:44
1731,Premium Fish Tenga,103,Mid-range Restaurant,199,403,70.8,11.9,2025-07-10 04:58:11
1732,Classic Momos,84,Local Eatery,128,223,71.6,15.0,2026-03-13 20:33:12
1733,Royal Uttapam,5,Local Eatery,89,204,85.0,0,2025-11-17 06:56:42
1734,Special Dalma,137,Roadside Stall,43,70,59.5,21.9,2025-10-16 01:38:53
1735,Roadside Vada Pav,25,Roadside Stall,41,66,94.7,0,2025-12-16 09:34:02
1736,Uttapam,54,Roadside Stall,22,43,82.3,4.2,2026-02-22 00:22:30
1737,Poha Jalebi,62,Roadside Stall,25,119,80.5,6.6,2026-01-16 05:51:47
1738,Classic Mysore Pak,56,Roadside Stall,52,76,88.3,0,2025-11-28 17:49:39
1739,Extra Cheesy Aloo Posto,90,Local Eatery,63,262,51.3,45.6,2025-01-17 14:12:19
1740,Thepla,71,Local Eatery,154,175,79.6,4.5,2025-06-12 09:21:52
1741,Deluxe Hyderabadi Biryani,51,Sweet Shop,145,212,75.9,5.8,2025-06-08 13:53:07
1742,Spicy Kadhi Chawal,94,Street Food,40,110,67.0,14.5,2025-01-28 06:51:41
1743,Spicy Litti Chokha,137,Local Eatery,87,115,55.4,21.6,2025-06-28 01:39:45
1744,Sarson da Saag,43,Sweet Shop,165,326,86.7,0,2025-09-14 08:33:52
1745,Premium Chettinad Chicken,116,Roadside Stall,28,95,68.9,21.5,2025-12-12 16:48:50
1746,Puran Poli,72,Sweet Shop,35,145,68.2,17.7,2026-02-20 21:28:09
1747,Quick-bite Rajma Chawal,120,Sweet Shop,62,99,59.9,36.2,2025-03-29 21:32:47
1748,Litti Chokha,123,Local Eatery,66,208,57.1,46.1,2025-04-09 04:46:16
1749,Poha Jalebi,62,Roadside Stall,19,59,73.2,8.3,2026-02-12 20:07:25
1750,Roadside Macher Jhol,138,Roadside Stall,23,55,45.9,46.5,2025-06-09 11:04:34
1751,Special Aloo Paratha,36,Roadside Stall,43,62,68.8,22.0,2025-03-04 06:13:57
1752,Zan,83,Mid-range Restaurant,165,208,80.8,6.5,2026-06-01 10:18:04
1753,Homestyle Chak-hao Kheer,7,Local Eatery,156,186,50.0,29.0,2025-03-18 07:42:37
1754,Grandma's Idiyappam,113,Sweet Shop,184,200,79.2,10.4,2025-08-31 23:50:07
1755,Amritsari Kulcha,98,Mid-range Restaurant,283,374,50.2,54.8,2026-04-12 07:18:11
1756,Deluxe Chingri Malai Curry,139,Street Food,39,71,83.1,1.8,2026-04-28 20:29:18
1757,Local Favourite Axone,11,Roadside Stall,42,111,43.4,54.9,2025-01-03 04:06:48
1758,Local Favourite Sabudana Khichdi,67,Mid-range Restaurant,195,390,79.3,5.3,2025-04-27 11:25:51
1759,Quick-bite Smoked Pork,104,Fine Dining,652,2295,62.0,20.1,2025-09-07 19:48:43
1760,Grandma's Chole Bhature,95,Local Eatery,160,266,79.5,6.9,2025-01-31 14:01:18
1761,Spicy Chole Bhature,121,Fine Dining,1116,2383,73.9,14.9,2025-01-14 04:47:52
1762,Authentic Litti Chokha,135,Mid-range Restaurant,174,309,85.0,0,2026-02-15 13:22:01
1763,Kolhapuri Mutton,32,Sweet Shop,31,174,76.2,8.0,2026-05-16 00:52:51
1764,Signature Pitha,46,Local Eatery,126,185,67.0,27.3,2026-02-15 08:37:22
1765,Roadside Shorshe Ilish,17,Sweet Shop,46,128,78.4,8.9,2025-08-18 06:00:55
1766,Nihari,44,Sweet Shop,108,326,63.4,13.5,2025-11-23 01:38:01
1767,Village-style Puran Poli,34,Street Food,59,101,49.9,57.8,2025-10-31 01:33:31
1768,Local Favourite Modak,75,Mid-range Restaurant,298,329,57.5,42.5,2026-06-09 20:54:35
1769,Lassi,95,Mid-range Restaurant,248,631,42.9,29.5,2025-10-21 00:50:37
1770,Smoked Pork,79,Roadside Stall,51,113,72.9,20.6,2025-01-18 11:16:51
1771,Grandma's Filter Coffee,58,Sweet Shop,158,300,57.0,49.8,2025-09-15 12:33:46
1772,Chaat Papdi,35,Street Food,63,77,63.0,30.1,2025-08-15 07:38:49
1773,Chef's Sabudana Khichdi,62,Mid-range Restaurant,249,683,72.8,15.9,2025-04-05 21:36:29
1774,Aloo Paratha,102,Street Food,32,133,75.3,11.9,2025-04-07 03:24:14
1775,Chef's Bebinca,13,Street Food,45,118,59.2,28.0,2025-09-08 21:31:56
1776,Idli Sambar,58,Sweet Shop,49,101,87.8,0,2026-01-28 03:45:55
1777,Local Favourite Lassi,128,Roadside Stall,41,118,86.3,0,2025-05-24 13:27:31
1778,Homestyle Masala Dosa,54,Mid-range Restaurant,362,429,73.6,18.3,2026-02-11 21:38:23
1779,Local Favourite Puttu Kadala,4,Sweet Shop,209,346,61.7,21.9,2026-04-08 23:35:22
1780,Goan Fish Curry,31,Roadside Stall,58,81,67.6,23.2,2025-09-26 14:02:26
1781,Special Chole Bhature,35,Street Food,35,112,76.6,10.8,2025-03-26 13:13:31
1782,Traditional Sandesh,139,Roadside Stall,45,98,83.7,1.7,2025-11-13 08:13:52
1783,Chettinad Chicken,50,Roadside Stall,53,95,55.0,26.6,2025-08-02 14:44:17
1784,Spicy Aloo Posto,86,Mid-range Restaurant,168,479,53.8,38.8,2025-02-03 06:50:45
1785,Classic Butter Chicken,94,Fine Dining,938,1839,91.5,0,2026-02-08 09:11:07
1786,Authentic Pav Bhaji,25,Street Food,25,59,85.4,0,2025-06-07 19:35:27
1787,Litti Chokha,93,Street Food,23,82,55.4,33.9,2025-09-06 20:16:57
1788,Filter Coffee,55,Mid-range Restaurant,324,516,46.9,42.5,2026-03-04 10:10:30
1789,Quick-bite Shorshe Ilish,47,Sweet Shop,154,272,80.7,5.9,2025-04-21 18:10:41
1790,Roadside Pongal,54,Street Food,34,74,63.7,27.0,2026-02-14 23:05:21
1791,Classic Appam with Stew,115,Fine Dining,1383,2475,54.2,20.2,2025-07-01 13:22:06
1792,Street-side Amritsari Kulcha,96,Mid-range Restaurant,381,400,75.5,6.2,2025-10-14 00:32:37
1793,Deluxe Chhena Poda,17,Local Eatery,179,191,79.0,6.9,2025-07-18 06:05:35
1794,Litti Chokha,43,Roadside Stall,55,91,80.9,5.3,2025-10-19 22:41:14
1795,Prawn Balchao,76,Roadside Stall,62,118,77.8,10.9,2025-12-21 08:13:35
1796,Village-style Kolhapuri Mutton,23,Roadside Stall,65,98,74.6,14.2,2026-03-18 18:28:38
1797,Classic Dal Bafla,64,Mid-range Restaurant,160,682,86.1,0,2025-06-01 00:49:44
1798,Royal Momos,45,Local Eatery,97,143,81.2,4.2,2026-03-15 00:08:24
1799,Shorshe Ilish,15,Roadside Stall,45,74,67.8,12.7,2025-11-21 10:33:37
1800,Extra Cheesy Fish Tenga,8,Local Eatery,99,252,89.5,0,2026-02-08 21:23:11
1801,Pesarattu,57,Sweet Shop,92,368,54.4,51.3,2025-01-14 14:12:36
1802,Prawn Balchao,73,Fine Dining,1408,1659,93.2,0,2026-03-16 19:59:51
1803,Homestyle Pesarattu,112,Local Eatery,111,272,80.7,5.4,2025-04-24 21:03:02
1804,Bisi Bele Bath,112,Fine Dining,1086,1870,65.6,26.3,2025-06-18 06:18:54
1805,Idiyappam,4,Street Food,38,146,57.7,33.7,2026-03-20 21:39:46
1806,Royal Chhena Poda,87,Local Eatery,159,237,67.9,13.3,2026-04-02 09:52:00
1807,Naga Chutney,80,Street Food,23,139,90.8,0,2025-06-23 18:43:00
1808,Village-style Masala Dosa,1,Fine Dining,1429,2236,48.0,24.6,2025-10-28 17:41:48
1809,Special Tandoori Roti,129,Local Eatery,164,252,65.1,35.1,2025-01-20 19:04:51
1810,Local Favourite Thukpa,13,Roadside Stall,56,83,49.7,47.9,2025-02-26 19:51:12
1811,Extra Cheesy Momos,83,Local Eatery,170,260,72.6,20.4,2025-12-11 07:57:53
1812,Hyderabadi Biryani,106,Local Eatery,141,222,62.1,38.4,2025-12-09 06:18:10
1813,Deluxe Payasam,114,Street Food,77,104,79.4,8.5,2025-11-16 17:38:22
1814,Authentic Khandvi,34,Roadside Stall,66,81,80.1,5.8,2026-05-01 18:06:31
1815,Litti Chokha,122,Roadside Stall,59,107,48.5,56.0,2025-01-18 15:48:44
1816,Festival Nihari,102,Local Eatery,85,146,70.1,10.5,2025-04-14 01:04:02
1817,Family Recipe Axone,81,Fine Dining,611,1577,73.4,8.1,2025-01-09 06:22:11
1818,Royal Chettinad Chicken,53,Local Eatery,60,167,52.5,48.8,2025-07-04 20:08:16
1819,Authentic Lassi,132,Roadside Stall,51,83,66.9,15.0,2025-12-14 13:48:22
1820,Deluxe Bafla,20,Street Food,41,125,64.6,15.7,2025-11-04 06:18:17
1821,Bhel Puri,76,Street Food,75,120,62.8,14.7,2025-12-17 21:01:07
1822,Royal Bisi Bele Bath,53,Roadside Stall,21,49,87.1,0,2026-01-24 02:18:21
1823,Family Recipe Dal Makhani,132,Local Eatery,141,174,85.6,0,2026-04-03 11:37:36
1824,Family Recipe Kosha Mangsho,138,Local Eatery,93,235,88.6,0,2026-03-21 16:32:32
1825,Dalma,88,Sweet Shop,185,307,60.2,27.6,2025-06-29 21:52:25
1826,Momos,139,Local Eatery,129,220,68.3,16.8,2026-03-21 14:46:55
1827,Masala Dosa,116,Roadside Stall,49,105,76.5,9.2,2025-04-03 10:13:36
1828,Street-side Zan,117,Fine Dining,741,1580,72.5,19.6,2025-01-13 00:13:45
1829,Local Favourite Butter Chicken,94,Street Food,41,74,59.6,25.9,2026-06-08 10:05:25
1830,Rajma Chawal,41,Sweet Shop,123,140,81.2,4.7,2025-12-14 09:56:48
1831,Roadside Modak,27,Local Eatery,153,181,72.6,18.9,2025-05-16 07:35:52
1832,Authentic Dahi Vada,19,Fine Dining,1492,1969,80.4,8.0,2026-03-10 01:02:44
1833,Roadside Chhena Poda,137,Roadside Stall,53,97,63.0,27.6,2025-01-13 13:21:40
1834,Paneer Tikka,41,Street Food,49,143,83.9,1.2,2026-04-10 15:40:58
1835,Authentic Bafla,65,Roadside Stall,36,111,73.7,7.7,2025-03-07 06:08:12
1836,Puran Poli,73,Roadside Stall,44,58,78.4,7.5,2025-10-05 05:48:14
1837,Festival Momos,46,Fine Dining,989,1400,73.2,20.8,2025-05-26 01:28:41
1838,Extra Cheesy Bebinca,7,Street Food,28,130,76.2,15.6,2026-01-20 09:34:19
1839,Local Favourite Chingri Malai Curry,137,Roadside Stall,51,119,69.4,18.7,2025-04-30 13:11:22
1840,Village-style Puran Poli,34,Fine Dining,1267,1355,81.8,4.0,2026-06-14 09:15:00
1841,Rosogolla,135,Sweet Shop,190,260,66.6,26.4,2025-01-24 05:20:04
1842,Litti Chokha,93,Mid-range Restaurant,383,684,45.2,56.0,2025-05-11 10:14:57
1843,Festival Kolhapuri Mutton,72,Sweet Shop,117,318,62.0,18.8,2026-02-11 16:19:46
1844,Quick-bite Chaat Papdi,101,Local Eatery,105,271,63.2,29.8,2026-05-08 09:39:58
1845,Malai Kofta,35,Fine Dining,1350,1815,85.0,0,2026-03-21 17:56:04
1846,Local Favourite Puran Poli,27,Street Food,61,94,73.0,12.1,2026-01-11 09:25:04
1847,Local Favourite Aloo Posto,46,Roadside Stall,25,86,89.8,0,2026-06-24 12:14:21
1848,Pesarattu,57,Sweet Shop,124,186,59.6,45.5,2026-01-27 20:12:43
1849,Local Favourite Bhel Puri,28,Street Food,82,125,61.7,24.8,2026-03-10 22:38:29
1850,Premium Momos,84,Fine Dining,1291,1889,83.1,1.7,2025-05-31 19:23:46
1851,Premium Fish Tenga,79,Sweet Shop,161,382,74.5,18.0,2025-03-29 22:08:34
1852,Family Recipe Golgappa,124,Roadside Stall,60,91,74.7,9.5,2025-01-30 06:36:09
1853,Grandma's Prawn Balchao,23,Mid-range Restaurant,195,371,63.2,15.9,2025-09-12 14:00:13
1854,Filter Coffee,52,Mid-range Restaurant,259,687,68.7,24.0,2026-02-12 09:51:02
1855,Spicy Thepla,25,Mid-range Restaurant,173,199,90.9,0,2025-04-27 06:21:30
1856,Special Undhiyu,28,Mid-range Restaurant,240,483,67.2,22.0,2025-04-05 18:30:00
1857,Festival Chingri Malai Curry,135,Sweet Shop,63,317,39.3,47.2,2025-07-02 12:54:09
1858,Nihari,132,Mid-range Restaurant,355,448,86.2,0,2026-03-09 22:48:42
1859,Mysore Pak,110,Roadside Stall,47,110,81.8,3.6,2025-12-10 11:13:59
1860,Family Recipe Undhiyu,72,Sweet Shop,116,387,65.2,29.5,2026-06-04 20:55:53
1861,Bhel Puri,72,Fine Dining,1487,1869,82.0,2.9,2026-04-22 15:13:28
1862,Village-style Dhokla,74,Roadside Stall,22,42,82.6,2.7,2025-09-16 02:25:25
1863,Bamboo Shoot Curry,7,Street Food,39,88,66.8,15.9,2026-05-18 19:17:35
1864,Traditional Uttapam,60,Street Food,61,111,48.7,22.0,2025-09-22 00:45:00
1865,Village-style Chole Bhature,124,Sweet Shop,138,290,79.8,7.4,2025-08-09 12:27:22
1866,Village-style Jadoh,78,Fine Dining,895,2106,76.0,13.1,2025-04-22 21:42:13
1867,Spicy Aloo Paratha,128,Sweet Shop,142,336,90.0,0,2025-04-27 06:41:51
1868,Hyderabadi Biryani,2,Sweet Shop,210,262,87.9,0,2025-02-24 01:18:41
1869,Momos,135,Street Food,37,71,83.6,1.1,2026-04-17 03:27:23
1870,Butter Chicken,37,Street Food,68,79,86.0,0,2025-11-19 15:01:14
1871,Family Recipe Kadhi Bafla,68,Roadside Stall,44,98,43.1,33.4,2026-01-02 08:23:36
1872,Naga Chutney,104,Local Eatery,160,216,86.8,0,2025-09-07 05:03:22
1873,Malpua,67,Fine Dining,638,1424,55.5,37.9,2025-01-26 09:27:22
1874,Premium Bamboo Shoot Curry,84,Sweet Shop,146,253,86.8,0,2025-03-21 10:04:37
1875,Chole Bhature,101,Sweet Shop,142,397,53.1,37.1,2025-02-19 04:24:23
1876,Chef's Fish Tenga,118,Sweet Shop,85,384,77.1,13.9,2025-01-23 17:34:05
1877,Family Recipe Bamboo Shoot Curry,84,Roadside Stall,54,77,79.9,8.5,2025-03-20 07:14:07
1878,Quick-bite Pesarattu,110,Mid-range Restaurant,270,563,73.6,10.1,2025-05-10 08:58:29
1879,Fish Tenga,84,Local Eatery,161,223,64.5,35.4,2025-07-27 05:06:26
1880,Filter Coffee,107,Fine Dining,1254,2273,59.3,40.3,2025-08-14 03:03:40
1881,Quick-bite Poha Jalebi,64,Mid-range Restaurant,405,474,57.1,31.7,2026-03-29 06:13:15
1882,Family Recipe Masala Dosa,113,Fine Dining,571,912,47.3,33.8,2026-04-08 20:18:09
1883,Nihari,120,Local Eatery,122,215,54.4,53.3,2026-02-08 01:50:03
1884,Authentic Dal Bafla,63,Sweet Shop,55,133,81.9,3.3,2025-02-12 04:03:01
1885,Chettinad Chicken,49,Mid-range Restaurant,400,648,72.5,15.1,2026-03-18 21:27:42
1886,Curd Rice,113,Sweet Shop,210,315,77.5,7.7,2025-07-03 22:11:40
1887,Shorshe Ilish,137,Street Food,45,57,62.4,21.8,2025-10-29 06:04:07
1888,Royal Malpua,21,Mid-range Restaurant,233,350,85.3,0,2025-03-14 16:15:25
1889,Quick-bite Hyderabadi Biryani,6,Sweet Shop,180,381,65.7,12.1,2025-08-24 04:25:37
1890,Meen Curry,51,Sweet Shop,160,219,47.4,59.7,2025-01-04 19:34:30
1891,Special Meen Curry,107,Roadside Stall,46,67,75.6,6.9,2025-11-05 23:53:35
1892,Fish Tenga,13,Street Food,46,76,52.9,45.7,2026-06-29 00:26:22
1893,Smoked Pork,118,Local Eatery,66,105,75.5,14.2,2025-03-11 07:29:26
1894,Local Favourite Pav Bhaji,30,Local Eatery,176,209,45.6,52.8,2025-01-25 18:58:57
1895,Hyderabadi Biryani,115,Roadside Stall,63,101,88.8,0,2026-04-29 21:04:38
1896,Deluxe Idli Sambar,55,Fine Dining,889,1589,58.8,16.1,2025-05-19 21:46:34
1897,Fish Tenga,117,Street Food,39,146,81.5,2.8,2025-03-11 23:35:39
1898,Vada Pav,73,Sweet Shop,164,209,88.1,0,2026-03-24 17:25:32
1899,Authentic Bamboo Shoot Curry,84,Fine Dining,631,676,83.8,1.6,2026-06-29 04:36:34
1900,Mutton Rogan Josh,94,Street Food,20,133,88.7,0,2026-03-18 20:30:25
1901,Quick-bite Litti Chokha,89,Street Food,32,71,91.7,0,2025-08-02 22:58:57
1902,Grandma's Mysore Pak,49,Roadside Stall,38,97,63.8,36.2,2025-06-14 16:12:05
1903,Jadoh,7,Local Eatery,63,109,94.5,0,2025-11-25 03:13:16
1904,Premium Puran Poli,32,Local Eatery,131,267,62.4,18.1,2026-04-27 02:54:53
1905,Special Chingri Malai Curry,16,Roadside Stall,16,78,59.9,18.9,2025-08-07 13:39:12
1906,Royal Litti,136,Mid-range Restaurant,231,664,85.6,0,2025-01-06 21:15:15
1907,Street-side Rava Kesari,57,Street Food,22,110,66.4,31.4,2026-01-21 13:19:29
1908,Curd Rice,116,Mid-range Restaurant,183,382,69.6,21.8,2025-09-28 07:47:20
1909,Kadhi Chawal,96,Local Eatery,92,224,83.9,0.8,2025-07-15 00:50:05
1910,Homestyle Kachori,119,Roadside Stall,18,43,82.0,3.7,2025-01-31 01:59:12
1911,Spicy Masala Dosa,54,Street Food,77,138,62.4,39.1,2026-01-15 19:19:34
1912,Village-style Kachori,42,Street Food,32,145,79.4,5.8,2025-03-25 10:07:16
1913,Butter Chicken,38,Sweet Shop,45,292,50.1,42.2,2025-11-14 08:36:38
1914,Traditional Filter Coffee,116,Sweet Shop,88,268,49.7,23.2,2025-08-12 11:35:18
1915,Roadside Nihari,93,Local Eatery,162,274,56.8,40.7,2025-01-20 06:07:18
1916,Spicy Kothu Parotta,5,Roadside Stall,48,101,66.0,21.1,2025-11-30 14:10:44
1917,Homestyle Kadhi Bafla,65,Roadside Stall,15,67,58.2,37.7,2025-06-05 15:05:08
1918,Bamboo Shoot Curry,104,Fine Dining,1410,2226,69.4,12.1,2025-10-02 08:45:14
1919,Pitha,17,Sweet Shop,151,165,44.3,72.3,2025-11-10 00:10:21
1920,Royal Mysore Pak,107,Mid-range Restaurant,162,241,81.9,2.0,2026-04-03 02:42:05
1921,Chaat Papdi,125,Street Food,22,127,77.1,10.3,2026-02-27 10:37:13
1922,Kosha Mangsho,18,Sweet Shop,191,379,62.0,13.9,2025-07-13 15:06:43
1923,Family Recipe Aloo Posto,17,Roadside Stall,53,95,45.1,52.2,2026-05-18 05:12:01
1924,Premium Litti Chokha,128,Fine Dining,1154,1622,76.9,6.8,2026-04-04 12:18:33
1925,Spicy Filter Coffee,113,Roadside Stall,62,90,51.6,56.4,2025-03-19 08:14:43
1926,Signature Tandoori Roti,39,Street Food,82,122,74.3,9.6,2025-05-16 07:14:16
1927,Family Recipe Smoked Pork,83,Sweet Shop,161,342,75.0,9.5,2026-03-18 12:54:34
1928,Khandvi,30,Street Food,53,84,85.9,0,2026-05-28 21:17:59
1929,Chef's Butter Chicken,36,Roadside Stall,44,75,51.9,36.2,2025-05-04 00:00:57
1930,Roadside Fish Tenga,8,Roadside Stall,66,81,60.2,35.2,2026-04-23 20:20:09
1931,Quick-bite Nihari,132,Local Eatery,174,198,50.0,39.7,2025-01-18 09:48:41
1932,Pitha,138,Sweet Shop,160,177,82.7,3.7,2026-03-01 13:42:03
1933,Deluxe Jadoh,103,Local Eatery,157,197,70.0,24.8,2025-10-04 13:16:08
1934,Traditional Pitha,134,Fine Dining,1495,2024,66.8,31.3,2026-02-23 17:32:52
1935,Homestyle Rosogolla,45,Street Food,73,143,64.5,28.7,2025-05-20 16:16:24
1936,Quick-bite Vada Sambar,49,Roadside Stall,40,61,80.8,5.9,2025-05-03 14:10:57
1937,Quick-bite Golgappa,131,Local Eatery,136,254,73.9,13.4,2025-12-26 21:38:20
1938,Street-side Golgappa,101,Roadside Stall,37,76,79.0,5.5,2025-03-10 16:35:05
1939,Grandma's Filter Coffee,109,Fine Dining,1421,1939,56.9,26.4,2026-06-21 15:52:37
1940,Local Favourite Pesarattu,58,Fine Dining,1094,2452,77.6,8.0,2025-08-16 11:07:02
1941,Bebinca,12,Mid-range Restaurant,342,548,73.5,16.8,2026-04-21 04:51:07
1942,Roadside Masala Dosa,110,Mid-range Restaurant,227,270,69.7,12.0,2025-09-20 13:06:38
1943,Authentic Misal Pav,27,Mid-range Restaurant,274,606,68.2,21.0,2025-04-08 03:14:40
1944,Pongal,1,Local Eatery,94,240,67.9,24.6,2025-06-27 01:20:03
1945,Smoked Pork,11,Fine Dining,991,1310,94.6,0,2025-12-12 18:39:02
1946,Shorshe Ilish,18,Street Food,31,79,49.1,64.6,2025-03-29 17:28:11
1947,Malpua,64,Local Eatery,165,286,58.5,28.9,2025-06-30 16:53:23
1948,Meen Curry,55,Mid-range Restaurant,245,382,45.9,35.4,2026-03-09 02:04:03
1949,Local Favourite Amritsari Kulcha,131,Sweet Shop,35,129,66.2,32.9,2025-08-23 15:19:53
1950,Roadside Paneer Tikka,127,Street Food,74,124,77.0,13.2,2026-06-26 09:17:34
1951,Undhiyu,75,Fine Dining,911,1050,70.7,21.3,2025-02-20 17:54:22
1952,Roadside Paneer Tikka,133,Roadside Stall,63,107,76.3,10.9,2025-01-03 05:09:24
1953,Festival Zan,103,Mid-range Restaurant,190,426,62.1,27.9,2025-03-23 05:37:45
1954,Premium Pesarattu,58,Fine Dining,1141,1922,89.8,0,2026-04-24 19:47:58
1955,Dahi Vada,138,Roadside Stall,40,120,69.5,26.6,2025-10-24 01:22:56
1956,Special Pitha,80,Roadside Stall,31,81,82.3,1.8,2025-04-07 09:42:18
1957,Dal Makhani,35,Fine Dining,869,1383,78.5,6.9,2026-06-24 15:23:22
1958,Royal Axone,12,Street Food,74,91,59.8,33.1,2026-03-08 06:24:44
1959,Spicy Tandoori Roti,102,Fine Dining,1499,2235,76.9,5.8,2026-03-26 22:21:14
1960,Grandma's Malpua,67,Fine Dining,997,1022,46.5,50.5,2026-05-21 21:37:18
1961,Authentic Chak-hao Kheer,78,Roadside Stall,31,63,46.3,66.0,2025-10-19 07:20:21
1962,Bebinca,71,Fine Dining,1009,1859,46.6,59.4,2025-07-23 14:28:20
1963,Deluxe Butter Chicken,42,Mid-range Restaurant,400,636,65.3,32.9,2026-03-20 16:07:44
1964,Rava Kesari,116,Local Eatery,160,299,82.3,1.7,2025-04-12 15:19:46
1965,Malpua,63,Fine Dining,1302,1579,84.5,0.4,2025-11-22 05:46:01
1966,Deluxe Dalma,87,Fine Dining,1147,1841,75.4,9.8,2025-02-11 17:01:23
1967,Mysore Pak,3,Street Food,42,71,63.2,38.3,2025-12-18 00:31:03
1968,Signature Meen Curry,110,Local Eatery,157,247,75.8,9.8,2025-03-22 12:17:36
1969,Dal Bafla,21,Street Food,31,88,87.4,0,2025-07-15 02:43:36
1970,Chhena Poda,137,Street Food,20,127,87.0,0,2025-03-26 03:45:01
1971,Local Favourite Nihari,122,Fine Dining,1072,1343,58.0,18.8,2026-03-25 19:42:37
1972,Chaat Papdi,92,Mid-range Restaurant,378,457,95.3,0,2025-07-24 08:57:13
1973,Special Kachori,43,Street Food,41,57,58.5,23.9,2026-01-07 20:01:16
1974,Spicy Momos,88,Roadside Stall,61,95,85.0,0,2025-12-25 05:28:14
1975,Family Recipe Kosha Mangsho,90,Mid-range Restaurant,413,512,64.0,15.7,2026-03-10 00:24:20
1976,Pongal,60,Mid-range Restaurant,287,321,44.2,70.7,2025-07-17 15:33:55
1977,Grandma's Fish Tenga,79,Fine Dining,846,2371,54.9,25.2,2025-03-01 13:51:44
1978,Chef's Dhokla,29,Sweet Shop,144,227,81.0,5.4,2026-01-17 13:37:41
1979,Kadhi Bafla,22,Fine Dining,1282,1714,60.7,23.1,2026-05-14 06:43:07
1980,Family Recipe Golgappa,43,Roadside Stall,49,83,78.1,10.9,2026-01-04 17:39:39
1981,Festival Butter Chicken,91,Street Food,69,110,83.2,1.6,2026-05-09 11:37:36
1982,Idli Sambar,50,Local Eatery,101,295,73.4,18.5,2025-07-27 04:51:58
1983,Pesarattu,59,Street Food,24,143,88.0,0,2026-05-08 17:29:55
1984,Bhel Puri,27,Fine Dining,951,1932,72.0,15.8,2025-02-22 00:14:27
1985,Family Recipe Curd Rice,109,Mid-range Restaurant,334,477,61.6,15.5,2026-02-18 00:17:44
1986,Idiyappam,54,Fine Dining,1117,2395,59.3,37.1,2026-03-06 02:48:25
1987,Classic Vada Pav,28,Roadside Stall,22,50,73.1,20.9,2026-02-03 01:32:58
1988,Premium Chila,66,Fine Dining,1100,2190,72.3,10.0,2026-06-21 09:42:55
1989,Classic Sandesh,16,Sweet Shop,64,319,51.8,53.4,2026-06-13 23:12:09
1990,Local Favourite Sarson da Saag,36,Street Food,68,110,56.8,21.4,2025-06-08 05:53:50
1991,Extra Cheesy Kothu Parotta,58,Local Eatery,90,245,81.8,2.5,2025-03-29 13:25:56
1992,Butter Chicken,128,Local Eatery,180,262,58.9,21.1,2026-02-04 18:24:14
1993,Quick-bite Pitha,13,Local Eatery,81,128,53.1,50.4,2025-01-12 13:48:32
1994,Puttu Kadala,48,Street Food,28,126,72.6,14.3,2025-10-22 16:34:25
1995,Homestyle Vada Pav,30,Sweet Shop,182,363,85.1,0,2026-06-10 15:15:40
1996,Royal Litti Chokha,124,Street Food,57,91,66.8,28.3,2025-08-13 06:56:56
1997,Dalma,16,Mid-range Restaurant,313,655,60.7,42.1,2026-04-03 23:32:56
1998,Signature Chole Bhature,131,Roadside Stall,56,74,58.0,26.2,2026-04-03 06:11:35
1999,Royal Fish Tenga,81,Local Eatery,153,167,70.2,22.2,2025-05-22 15:47:56
2000,Curd Rice,1,Sweet Shop,180,287,69.4,10.8,2025-01-16 04:20:53
2001,Smoked Pork,12,Sweet Shop,129,355,62.0,15.8,2026-05-18 18:38:12
2002,Mutton Rogan Josh,101,Sweet Shop,53,178,93.9,0,2025-12-14 05:04:27
2003,Royal Aloo Posto,139,Roadside Stall,32,102,45.7,52.6,2025-10-13 06:40:28
2004,Spicy Mysore Pak,50,Mid-range Restaurant,222,425,73.0,15.4,2026-04-28 23:45:10
2005,Bamboo Shoot Curry,104,Street Food,49,128,69.3,19.9,2026-05-09 10:27:36
2006,Sol Kadhi,31,Sweet Shop,194,328,81.4,2.5,2025-01-24 19:04:31
2007,Family Recipe Kachori,95,Street Food,78,145,67.0,25.8,2025-07-03 21:17:39
2008,Special Vada Pav,33,Sweet Shop,121,363,84.2,1.1,2026-03-25 09:52:47
2009,Homestyle Vada Sambar,48,Street Food,20,127,89.6,0,2025-10-14 06:09:13
2010,Extra Cheesy Rajma Chawal,36,Roadside Stall,35,60,70.3,16.9,2025-03-12 01:40:47
2011,Deluxe Golgappa,36,Local Eatery,160,189,51.2,47.6,2026-05-16 23:19:04
2012,Sarson da Saag,38,Roadside Stall,40,67,69.4,12.7,2025-04-20 10:48:49
2013,Village-style Lassi,123,Fine Dining,554,2225,78.8,11.1,2025-07-25 07:32:21
2014,Authentic Sarson da Saag,94,Roadside Stall,37,84,66.8,29.1,2025-02-05 05:47:05
2015,Village-style Smoked Pork,82,Roadside Stall,24,50,84.0,1.0,2025-01-01 01:08:04
2016,Idli Sambar,5,Local Eatery,178,278,86.7,0,2025-02-11 01:01:48
2017,Bamboo Shoot Curry,118,Mid-range Restaurant,390,490,71.9,22.3,2026-04-20 14:21:37
2018,Roadside Pitha,84,Street Food,82,125,77.0,13.6,2026-02-06 08:10:31
2019,Litti Chokha,47,Local Eatery,71,115,95.2,0,2026-02-26 04:10:41
2020,Signature Butter Chicken,96,Mid-range Restaurant,180,236,52.7,33.8,2025-01-01 19:07:13
2021,Kosha Mangsho,46,Street Food,31,81,57.4,19.2,2025-02-03 21:07:41
2022,Extra Cheesy Aloo Paratha,93,Roadside Stall,23,58,45.9,45.2,2025-12-01 03:17:05
2023,Homestyle Fish Tenga,81,Fine Dining,762,2206,83.4,2.2,2026-01-27 14:35:47
2024,Naga Chutney,80,Local Eatery,163,209,82.0,3.7,2025-11-17 22:41:15
2025,Grandma's Mysore Pak,55,Mid-range Restaurant,292,543,80.8,4.6,2025-03-10 10:07:51
2026,Signature Paneer Tikka,132,Mid-range Restaurant,425,477,59.0,39.6,2025-02-24 22:22:36
2027,Classic Jadoh,10,Mid-range Restaurant,356,479,78.1,4.7,2025-08-19 12:11:32
2028,Extra Cheesy Curd Rice,55,Local Eatery,103,151,68.8,10.9,2025-08-01 01:14:49
2029,Spicy Idli Sambar,112,Roadside Stall,50,74,94.4,0,2025-08-21 16:29:46
2030,Chef's Pitha,139,Local Eatery,100,168,67.2,31.6,2026-05-05 19:38:44
2031,Authentic Smoked Pork,77,Mid-range Restaurant,321,358,69.7,17.3,2025-08-03 22:03:57
2032,Grandma's Smoked Pork,13,Mid-range Restaurant,330,380,66.4,20.0,2025-06-09 23:55:53
2033,Homestyle Dalma,47,Roadside Stall,36,87,52.0,39.3,2026-06-28 13:54:37
2034,Pitha,80,Roadside Stall,21,60,51.4,23.5,2025-03-19 18:19:02
2035,Local Favourite Nihari,119,Sweet Shop,34,116,64.8,19.3,2025-12-12 18:51:13
2036,Family Recipe Chole Bhature,100,Street Food,71,128,87.9,0,2025-07-28 04:48:00
2037,Dal Bafla,22,Sweet Shop,64,167,69.4,15.2,2026-03-16 12:57:35
2038,Homestyle Chole Bhature,92,Fine Dining,1277,1390,49.6,26.0,2025-06-16 16:24:40
2039,Quick-bite Aloo Posto,47,Sweet Shop,188,284,44.3,38.2,2026-01-18 09:22:25
2040,Bebinca,26,Local Eatery,119,281,73.6,19.6,2026-04-04 04:17:39
2041,Butter Chicken,94,Street Food,26,37,93.3,0,2026-06-11 06:13:53
2042,Homestyle Rava Kesari,56,Roadside Stall,22,32,62.4,17.0,2025-01-25 09:56:54
2043,Street-side Mysore Pak,55,Sweet Shop,102,144,49.0,34.6,2026-04-22 11:10:52
2044,Thepla,25,Roadside Stall,26,105,66.2,28.4,2025-07-09 05:36:38
2045,Authentic Lassi,96,Fine Dining,572,650,47.7,65.5,2026-03-19 06:16:56
2046,Local Favourite Masala Dosa,4,Roadside Stall,18,37,73.5,16.8,2026-01-06 21:15:26
2047,Poha Jalebi,68,Roadside Stall,32,58,79.1,10.3,2026-05-30 08:31:59
2048,Deluxe Kothu Parotta,50,Sweet Shop,125,250,42.5,45.5,2025-12-23 02:37:01
2049,Classic Dal Makhani,97,Local Eatery,80,252,65.7,11.8,2026-01-19 02:28:43
2050,Classic Vada Sambar,55,Fine Dining,688,1283,51.9,41.2,2025-05-23 17:43:32
2051,Litti,16,Roadside Stall,59,118,55.1,46.3,2025-08-28 00:13:42
2052,Special Thukpa,85,Street Food,25,117,86.5,0,2026-06-10 15:50:57
2053,Traditional Axone,12,Roadside Stall,50,118,68.5,14.9,2025-01-11 19:56:39
2054,Special Amritsari Kulcha,39,Fine Dining,725,2362,54.2,52.8,2025-08-07 17:12:57
2055,Chingri Malai Curry,86,Roadside Stall,50,110,93.2,0,2026-03-16 07:25:47
2056,Family Recipe Uttapam,48,Roadside Stall,64,101,64.1,22.5,2025-06-29 09:07:47
2057,Chila,62,Sweet Shop,66,310,66.7,22.4,2025-03-02 09:08:07
2058,Kadhi Bafla,66,Sweet Shop,182,224,36.7,54.8,2025-03-12 13:16:13
2059,Family Recipe Kosha Mangsho,89,Roadside Stall,15,48,57.6,39.5,2025-05-11 16:22:45
2060,Modak,26,Local Eatery,68,168,87.2,0,2025-04-07 16:42:59
2061,Dahi Vada,134,Sweet Shop,123,181,69.3,24.0,2026-01-26 19:04:36
2062,Festival Appam with Stew,112,Roadside Stall,50,65,79.6,8.9,2026-03-18 22:27:49
2063,Golgappa,119,Street Food,68,149,72.4,18.3,2025-09-21 19:53:45
2064,Meen Curry,61,Sweet Shop,184,249,48.5,64.8,2026-04-18 18:10:45
2065,Quick-bite Nihari,40,Local Eatery,162,242,65.0,33.2,2025-02-11 11:49:45
2066,Authentic Bhel Puri,25,Fine Dining,666,678,47.1,47.8,2026-04-23 17:12:43
2067,Bhel Puri,76,Local Eatery,77,256,89.7,0,2025-03-10 21:07:29
2068,Undhiyu,72,Sweet Shop,84,161,88.3,0,2025-03-27 05:04:21
2069,Grandma's Shorshe Ilish,17,Sweet Shop,80,95,77.7,10.8,2025-01-11 03:11:26
2070,Vada Pav,33,Mid-range Restaurant,226,348,84.4,0.5,2025-12-07 21:48:49
2071,Mutton Rogan Josh,128,Street Food,51,108,79.1,3.8,2025-04-12 11:21:28
2072,Spicy Rajma Chawal,129,Street Food,72,114,67.7,10.4,2025-02-14 14:46:48
2073,Premium Dalma,89,Fine Dining,967,1918,66.0,32.0,2025-03-16 12:42:30
2074,Momos,138,Sweet Shop,35,378,55.9,38.3,2025-11-19 21:24:24
2075,Deluxe Chingri Malai Curry,19,Roadside Stall,17,47,74.7,18.0,2025-06-19 10:58:45
2076,Homestyle Bebinca,31,Sweet Shop,168,388,62.3,30.5,2025-11-01 09:12:39
2077,Quick-bite Paneer Tikka,42,Local Eatery,180,205,68.7,10.1,2025-02-13 09:37:27
2078,Litti Chokha,94,Fine Dining,1361,2176,70.3,22.1,2025-02-01 12:27:15
2079,Aloo Paratha,99,Street Food,85,146,67.7,17.9,2025-08-24 11:59:45
2080,Roadside Bebinca,74,Street Food,76,141,67.6,14.5,2025-08-26 19:24:51
2081,Quick-bite Puttu Kadala,49,Street Food,58,150,75.5,7.6,2025-05-28 09:37:13
2082,Family Recipe Prawn Balchao,34,Fine Dining,1403,1653,50.5,60.8,2025-07-18 15:05:09
2083,Mysore Pak,56,Sweet Shop,117,291,61.9,18.1,2026-06-12 12:47:30
2084,Street-side Nihari,132,Fine Dining,1471,2491,75.1,14.1,2025-03-18 04:27:27
2085,Bamboo Shoot Curry,105,Sweet Shop,51,397,75.3,13.8,2025-07-24 19:09:35
2086,Festival Appam with Stew,57,Local Eatery,173,200,79.2,10.2,2025-08-07 19:53:33
2087,Bamboo Shoot Curry,118,Mid-range Restaurant,422,552,59.7,23.1,2025-06-07 03:16:24
2088,Traditional Chak-hao Kheer,9,Sweet Shop,123,388,68.2,17.6,2025-07-27 10:39:39
2089,Chaat Papdi,95,Roadside Stall,58,85,71.8,20.5,2025-11-08 18:12:09
2090,Goan Fish Curry,69,Mid-range Restaurant,272,505,66.7,21.3,2025-07-30 09:05:38
2091,Litti Chokha,101,Fine Dining,1485,2321,48.1,31.4,2025-08-06 18:14:13
2092,Family Recipe Pav Bhaji,33,Mid-range Restaurant,161,179,74.4,18.1,2026-04-26 06:25:13
2093,Naga Chutney,79,Local Eatery,157,269,75.2,9.7,2025-10-16 07:57:44
2094,Litti Chokha,98,Local Eatery,74,145,41.1,72.2,2025-08-03 12:26:26
2095,Aloo Paratha,35,Roadside Stall,22,66,57.2,20.8,2025-08-11 01:50:46
2096,Fish Tenga,14,Roadside Stall,27,68,81.8,2.5,2025-11-19 16:39:47
2097,Undhiyu,30,Local Eatery,151,175,70.0,16.4,2026-05-26 22:00:36
2098,Pork with Bamboo Shoot,118,Sweet Shop,34,59,73.0,17.1,2025-04-05 17:54:28
2099,Nihari,127,Local Eatery,179,204,49.7,52.1,2025-12-13 21:51:49
2100,Festival Kolhapuri Mutton,24,Local Eatery,86,188,82.8,3.1,2025-05-17 20:56:42
2101,Extra Cheesy Pongal,111,Sweet Shop,196,379,71.7,9.8,2025-05-31 16:20:21
2102,Village-style Butter Chicken,42,Mid-range Restaurant,225,348,87.1,0,2025-04-13 13:43:07
2103,Classic Vada Sambar,111,Local Eatery,119,129,52.4,55.2,2026-05-17 12:49:22
2104,Chak-hao Kheer,12,Fine Dining,1454,1592,43.2,72.0,2025-09-10 19:27:17
2105,Street-side Chole Bhature,133,Local Eatery,121,176,79.5,3.7,2025-05-25 17:02:37
2106,Chef's Zan,82,Street Food,58,97,91.6,0,2025-04-06 20:40:34
2107,Vada Sambar,56,Sweet Shop,52,315,95.1,0,2025-06-04 03:33:10
2108,Thepla,32,Mid-range Restaurant,228,503,81.2,3.1,2025-01-21 19:22:58
2109,Kothu Parotta,48,Mid-range Restaurant,215,593,66.8,24.4,2026-05-28 01:45:21
2110,Authentic Puttu Kadala,55,Sweet Shop,207,330,59.8,33.7,2026-02-10 14:44:45
2111,Deluxe Rosogolla,45,Fine Dining,1207,1671,81.4,3.1,2025-06-26 00:49:23
2112,Special Mysore Pak,109,Street Food,80,115,50.8,22.5,2025-12-23 14:31:06
2113,Family Recipe Naga Chutney,12,Fine Dining,1306,1563,80.8,6.6,2025-06-05 06:28:03
2114,Royal Chole Bhature,98,Street Food,39,99,51.4,46.2,2026-03-07 00:15:44
2115,Idiyappam,57,Local Eatery,150,182,91.2,0,2026-05-05 13:01:33
2116,Bisi Bele Bath,112,Fine Dining,989,1409,64.6,30.7,2025-04-12 18:28:00
2117,Tandoori Roti,38,Local Eatery,78,129,87.9,0,2026-05-09 00:25:09
2118,Premium Bebinca,28,Local Eatery,104,257,94.5,0,2026-03-16 16:22:31
2119,Dal Makhani,40,Mid-range Restaurant,357,396,67.0,28.5,2026-04-25 23:05:43
2120,Momos,87,Fine Dining,748,2464,86.6,0,2026-01-07 21:15:49
2121,Royal Bhutte ka Kees,63,Mid-range Restaurant,353,614,62.3,36.2,2025-01-05 21:40:52
2122,Lassi,125,Mid-range Restaurant,212,556,74.0,8.6,2026-05-28 15:07:49
2123,Local Favourite Momos,19,Sweet Shop,44,314,81.5,4.9,2025-06-28 01:19:02
2124,Local Favourite Mutton Rogan Josh,122,Sweet Shop,100,353,46.0,38.3,2026-03-18 16:54:25
2125,Chhena Poda,19,Sweet Shop,47,245,50.3,61.5,2025-07-27 21:41:44
2126,Macher Jhol,19,Sweet Shop,117,295,69.1,9.9,2026-06-05 19:29:49
2127,Local Favourite Khandvi,24,Local Eatery,135,227,69.9,18.1,2025-05-24 14:05:30
2128,Chingri Malai Curry,16,Street Food,52,83,69.3,12.4,2025-01-12 13:55:21
2129,Signature Dahi Vada,19,Sweet Shop,199,231,55.1,20.6,2025-06-06 17:33:05
2130,Premium Chila,63,Roadside Stall,51,102,70.1,9.6,2026-02-11 09:31:29
2131,Special Tandoori Roti,122,Fine Dining,1414,2414,60.0,38.9,2025-05-24 23:37:37
2132,Sol Kadhi,34,Street Food,78,149,65.3,25.5,2026-02-16 23:42:21
2133,Dahi Vada,137,Fine Dining,860,1355,83.8,2.1,2026-05-06 02:02:37
2134,Pork with Bamboo Shoot,80,Sweet Shop,127,305,63.9,13.4,2026-02-03 01:35:02
2135,Traditional Litti Chokha,86,Street Food,40,65,74.8,10.4,2025-01-19 06:25:31
2136,Local Favourite Chingri Malai Curry,90,Mid-range Restaurant,383,538,71.1,20.2,2025-01-01 22:11:40
2137,Festival Kachori,36,Mid-range Restaurant,308,596,77.5,8.4,2025-11-08 09:34:22
2138,Extra Cheesy Bebinca,77,Mid-range Restaurant,195,419,82.8,2.3,2025-09-27 22:57:51
2139,Idli Sambar,110,Street Food,22,84,60.7,23.8,2025-06-21 08:06:37
2140,Street-side Tandoori Roti,121,Fine Dining,1498,1786,74.1,14.6,2025-12-27 17:06:02
2141,Uttapam,113,Roadside Stall,56,88,54.3,44.1,2025-06-23 00:10:39
2142,Pork with Bamboo Shoot,83,Roadside Stall,44,55,57.0,28.6,2025-05-06 10:48:06
2143,Extra Cheesy Litti Chokha,136,Local Eatery,114,200,60.2,17.2,2025-09-01 21:38:13
2144,Kolhapuri Mutton,75,Roadside Stall,51,109,65.1,21.3,2025-08-07 19:08:15
2145,Traditional Mysore Pak,106,Mid-range Restaurant,284,443,80.1,4.7,2025-07-19 22:14:38
2146,Chhena Poda,19,Fine Dining,1083,2328,74.9,15.2,2025-07-08 07:44:44
2147,Quick-bite Bafla,67,Local Eatery,133,212,85.6,0,2026-02-13 10:04:47
2148,Traditional Paneer Tikka,44,Mid-range Restaurant,406,631,53.6,46.1,2025-06-19 17:37:30
2149,Village-style Litti,137,Mid-range Restaurant,201,338,55.7,51.6,2026-03-20 12:20:27
2150,Hyderabadi Biryani,115,Street Food,81,139,45.8,38.9,2026-02-07 18:53:05
2151,Momos,90,Fine Dining,879,1578,70.8,18.5,2025-04-08 14:29:23
2152,Homestyle Pork with Bamboo Shoot,10,Mid-range Restaurant,371,536,67.1,12.1,2026-04-20 12:43:03
2153,Kothu Parotta,58,Local Eatery,174,278,85.4,0,2025-03-31 04:00:13
2154,Rasam,53,Mid-range Restaurant,420,630,57.7,35.5,2026-05-03 18:51:04
2155,Butter Chicken,121,Street Food,47,65,61.6,24.2,2025-08-20 17:32:49
2156,Classic Bisi Bele Bath,49,Local Eatery,70,98,59.6,31.8,2025-10-16 03:41:30
2157,Pork with Bamboo Shoot,13,Local Eatery,166,228,55.7,41.2,2025-04-16 10:13:31
2158,Chef's Pork with Bamboo Shoot,9,Mid-range Restaurant,243,388,68.2,23.3,2025-01-15 12:54:07
2159,Pork with Bamboo Shoot,78,Fine Dining,1016,2445,77.8,10.0,2026-02-24 15:24:18
2160,Momos,8,Sweet Shop,110,192,74.3,10.0,2026-03-29 11:49:49
2161,Bamboo Shoot Curry,13,Fine Dining,948,1543,48.2,33.7,2025-01-30 03:47:38
2162,Classic Pork with Bamboo Shoot,78,Local Eatery,128,231,89.8,0,2026-03-11 06:05:28
2163,Local Favourite Misal Pav,72,Fine Dining,1269,1968,79.5,8.3,2025-05-04 20:58:46
2164,Authentic Appam with Stew,51,Local Eatery,139,208,40.0,27.9,2025-09-14 11:10:12
2165,Royal Bebinca,103,Street Food,49,61,59.4,23.2,2025-12-30 20:28:00
2166,Uttapam,113,Fine Dining,1302,2246,66.5,29.2,2025-12-06 20:19:44
2167,Hyderabadi Biryani,110,Mid-range Restaurant,311,448,86.7,0,2025-08-04 22:11:02
2168,Street-side Tandoori Roti,95,Local Eatery,176,215,79.7,6.7,2025-07-20 15:20:34
2169,Traditional Dal Makhani,125,Mid-range Restaurant,217,250,53.6,30.0,2025-02-22 21:30:05
2170,Uttapam,5,Local Eatery,144,187,63.2,36.1,2025-02-15 10:19:36
2171,Mysore Pak,113,Roadside Stall,44,67,83.4,1.9,2026-05-10 01:03:38
2172,Roadside Lassi,127,Roadside Stall,65,113,89.0,0,2025-07-24 19:54:15
2173,Smoked Pork,13,Local Eatery,128,250,55.4,41.8,2026-05-04 11:57:41
2174,Lassi,38,Street Food,43,72,64.3,13.4,2026-03-31 07:56:47
2175,Shorshe Ilish,88,Mid-range Restaurant,280,549,79.4,4.4,2025-07-12 03:58:17
2176,Chef's Aloo Paratha,125,Street Food,43,65,53.8,21.9,2025-02-06 14:52:13
2177,Bhel Puri,31,Street Food,50,149,65.6,27.7,2025-11-20 01:28:19
2178,Special Fish Tenga,13,Street Food,82,110,78.4,10.3,2025-06-25 04:16:56
2179,Royal Mutton Rogan Josh,39,Roadside Stall,54,80,78.4,5.4,2025-09-05 06:16:37
2180,Royal Sol Kadhi,29,Local Eatery,175,248,89.7,0,2025-07-14 00:06:45
2181,Extra Cheesy Idiyappam,57,Street Food,66,113,55.1,22.0,2025-05-17 19:37:43
2182,Roadside Lassi,97,Sweet Shop,127,235,87.3,0,2025-01-02 04:06:21
2183,Chef's Kosha Mangsho,139,Mid-range Restaurant,300,464,69.6,26.0,2025-01-15 09:16:09
2184,Village-style Naga Chutney,79,Roadside Stall,52,83,40.6,51.4,2025-05-10 02:22:51
2185,Curd Rice,3,Roadside Stall,58,90,48.9,54.8,2025-09-01 06:52:39
2186,Signature Rasam,49,Sweet Shop,76,289,69.0,22.2,2025-05-05 05:50:21
2187,Traditional Smoked Pork,82,Fine Dining,1443,2472,70.8,22.1,2025-05-05 06:57:04
2188,Homestyle Paneer Tikka,92,Fine Dining,857,1978,50.1,54.8,2025-04-14 22:36:30
2189,Grandma's Fish Tenga,8,Local Eatery,79,240,62.8,15.2,2025-11-15 20:30:42
2190,Authentic Idli Sambar,56,Mid-range Restaurant,355,484,69.4,18.0,2025-04-30 17:55:28
2191,Bamboo Shoot Curry,105,Sweet Shop,76,107,69.2,10.9,2026-05-31 03:47:20
2192,Festival Poha Jalebi,67,Local Eatery,86,281,52.0,45.7,2025-02-01 09:59:45
2193,Quick-bite Jadoh,12,Local Eatery,150,200,48.2,50.4,2025-05-18 07:25:19
2194,Amritsari Kulcha,39,Mid-range Restaurant,301,572,77.4,12.6,2025-10-17 07:42:25
2195,Spicy Litti Chokha,138,Roadside Stall,46,107,63.4,13.2,2026-03-29 17:05:43
2196,Classic Bhel Puri,29,Roadside Stall,18,77,63.9,20.4,2025-04-14 17:50:09
2197,Local Favourite Idli Sambar,1,Roadside Stall,46,112,76.6,9.9,2025-09-01 15:23:19
2198,Aloo Posto,134,Mid-range Restaurant,354,523,81.2,2.8,2025-12-05 03:24:28
2199,Thepla,34,Street Food,38,139,88.6,0,2025-05-20 01:39:12
2200,Family Recipe Sabudana Khichdi,20,Sweet Shop,46,79,62.8,29.6,2026-02-18 03:17:19
2201,Filter Coffee,56,Roadside Stall,51,110,84.8,0.3,2025-03-11 22:36:32
2202,Chaat Papdi,121,Fine Dining,1102,2360,75.1,13.2,2026-03-23 21:37:26
2203,Family Recipe Macher Jhol,135,Local Eatery,74,272,73.6,7.6,2025-12-02 12:53:44
2204,Mysore Pak,109,Sweet Shop,73,84,48.0,37.6,2025-06-02 18:54:42
2205,Classic Malai Kofta,42,Fine Dining,693,2490,51.2,33.3,2025-02-06 01:12:20
2206,Family Recipe Chak-hao Kheer,84,Roadside Stall,30,110,78.9,10.5,2026-03-06 15:28:36
2207,Premium Kachori,42,Roadside Stall,64,113,48.0,42.2,2026-02-19 18:08:36
2208,Chettinad Chicken,111,Local Eatery,169,208,56.9,35.6,2025-06-10 15:12:05
2209,Chef's Litti Chokha,129,Fine Dining,917,2456,50.0,35.1,2025-03-30 13:56:51
2210,Local Favourite Chhena Poda,139,Fine Dining,607,1124,69.3,15.2,2025-03-26 09:34:20
2211,Chef's Uttapam,1,Roadside Stall,65,85,58.3,23.2,2026-04-18 20:21:58
2212,Amritsari Kulcha,40,Sweet Shop,87,275,86.6,0,2026-04-12 02:25:31
2213,Signature Pitha,17,Sweet Shop,209,224,68.2,28.1,2026-01-18 22:20:29
2214,Street-side Amritsari Kulcha,99,Sweet Shop,215,319,83.2,1.4,2026-05-09 01:36:19
2215,Pitha,138,Mid-range Restaurant,276,680,49.3,26.9,2026-04-17 05:41:07
2216,Royal Mysore Pak,114,Roadside Stall,59,76,65.9,25.1,2026-03-27 03:41:44
2217,Traditional Litti,137,Mid-range Restaurant,329,677,71.7,19.7,2025-01-13 22:07:23
2218,Local Favourite Litti Chokha,39,Fine Dining,1046,1843,80.7,5.7,2025-10-02 21:12:32
2219,Classic Dhokla,25,Mid-range Restaurant,409,502,65.5,16.9,2025-07-31 21:53:45
2220,Masala Dosa,112,Local Eatery,134,299,42.8,38.9,2026-01-05 01:59:17
2221,Spicy Kachori,37,Mid-range Restaurant,182,583,69.4,20.9,2026-01-12 06:27:08
2222,Homestyle Idiyappam,6,Roadside Stall,44,93,78.1,8.3,2026-03-11 07:18:39
2223,Local Favourite Kadhi Chawal,91,Roadside Stall,27,114,82.2,4.5,2025-03-29 09:58:57
2224,Traditional Rasam,106,Fine Dining,1031,2331,65.5,21.0,2026-03-28 16:24:40
2225,Festival Chhena Poda,138,Fine Dining,799,2399,74.8,6.5,2025-08-14 06:17:08
2226,Premium Momos,81,Sweet Shop,161,377,67.7,10.6,2025-05-13 17:49:55
2227,Street-side Prawn Balchao,31,Local Eatery,118,138,67.8,16.3,2026-04-13 10:54:41
2228,Festival Rosogolla,16,Roadside Stall,31,86,72.5,19.1,2025-01-01 10:09:18
2229,Festival Dahi Vada,139,Sweet Shop,40,218,71.2,19.3,2026-02-25 02:18:25
2230,Payasam,61,Mid-range Restaurant,204,497,65.7,34.4,2025-07-03 17:50:34
2231,Hyderabadi Biryani,4,Street Food,26,36,59.0,36.8,2025-10-31 05:09:39
2232,Thukpa,104,Roadside Stall,37,73,41.8,76.1,2025-10-05 15:05:50
2233,Royal Kadhi Chawal,100,Roadside Stall,27,93,92.8,0,2025-08-17 12:05:37
2234,Quick-bite Rasam,111,Fine Dining,1435,1484,77.1,9.8,2025-05-06 19:48:52
2235,Homestyle Idli Sambar,107,Local Eatery,114,219,86.2,0,2025-06-29 08:46:34
2236,Deluxe Kolhapuri Mutton,70,Mid-range Restaurant,217,534,75.2,6.4,2026-01-11 21:26:38
2237,Modak,71,Roadside Stall,40,97,56.1,49.9,2025-10-21 11:15:29
2238,Royal Paneer Tikka,37,Mid-range Restaurant,373,627,54.3,52.8,2025-05-19 11:00:55
2239,Chettinad Chicken,48,Mid-range Restaurant,270,390,88.7,0,2025-08-18 01:14:42
2240,Roadside Masala Dosa,113,Fine Dining,1422,2228,63.7,20.2,2025-09-10 23:07:15
2241,Premium Aloo Paratha,96,Local Eatery,72,299,83.1,1.7,2025-06-24 22:28:58
2242,Momos,81,Local Eatery,96,191,79.5,4.7,2025-05-10 02:38:33
2243,Traditional Rosogolla,15,Sweet Shop,77,133,88.6,0,2026-01-02 20:20:12
2244,Extra Cheesy Hyderabadi Biryani,61,Fine Dining,1290,1854,73.1,14.9,2025-07-11 08:52:13
2245,Pitha,89,Mid-range Restaurant,316,413,57.1,39.1,2025-05-13 06:49:49
2246,Classic Litti Chokha,89,Street Food,84,114,71.4,18.2,2025-12-15 11:00:26
2247,Rosogolla,18,Roadside Stall,55,68,66.4,24.5,2025-07-20 15:33:08
2248,Deluxe Rasam,115,Local Eatery,157,260,76.6,8.6,2025-04-20 15:09:12
2249,Zan,77,Sweet Shop,105,172,83.5,2.4,2025-04-03 11:51:30
2250,Quick-bite Kadhi Chawal,92,Mid-range Restaurant,298,616,58.5,26.5,2026-01-15 07:08:17
2251,Homestyle Malai Kofta,131,Street Food,47,110,50.0,54.1,2026-06-19 16:20:56
2252,Puttu Kadala,52,Local Eatery,114,133,72.3,15.3,2025-05-16 23:46:32
2253,Family Recipe Aloo Posto,18,Fine Dining,701,730,62.8,28.1,2025-05-23 21:09:36
2254,Special Fish Tenga,81,Street Food,76,125,68.3,26.7,2025-06-15 05:08:37
2255,Traditional Pitha,84,Roadside Stall,18,40,72.2,20.9,2025-10-04 16:48:11
2256,Chef's Meen Curry,109,Fine Dining,1008,1197,79.7,6.0,2025-10-22 07:12:21
2257,Litti Chokha,42,Mid-range Restaurant,264,381,82.7,1.8,2026-04-15 14:35:00
2258,Spicy Chila,66,Mid-range Restaurant,176,215,78.2,5.0,2026-02-18 10:09:25
2259,Traditional Chingri Malai Curry,88,Roadside Stall,29,82,56.1,41.8,2026-02-24 15:58:12
2260,Village-style Fish Tenga,105,Mid-range Restaurant,237,580,63.3,20.2,2026-02-04 16:50:06
2261,Kadhi Chawal,133,Sweet Shop,187,382,70.2,15.5,2025-05-13 14:00:52
2262,Golgappa,95,Roadside Stall,37,113,53.5,38.5,2025-03-28 08:12:27
2263,Authentic Bamboo Shoot Curry,14,Sweet Shop,179,307,79.6,7.2,2026-05-30 15:17:08
2264,Authentic Kosha Mangsho,19,Roadside Stall,27,118,75.6,15.3,2025-03-05 15:38:43
2265,Butter Chicken,119,Roadside Stall,34,77,88.3,0,2025-07-26 12:17:08
2266,Mysore Pak,53,Local Eatery,126,236,93.2,0,2025-05-22 12:55:26
2267,Chef's Masala Dosa,56,Mid-range Restaurant,372,656,52.6,22.6,2025-07-10 21:19:47
2268,Special Malai Kofta,126,Mid-range Restaurant,155,188,79.8,7.0,2026-03-21 22:51:33
2269,Extra Cheesy Amritsari Kulcha,43,Street Food,67,117,55.0,49.0,2025-11-25 12:31:01
2270,Grandma's Puttu Kadala,54,Sweet Shop,110,378,73.2,7.4,2025-12-27 22:15:09
2271,Chef's Pesarattu,4,Fine Dining,520,2058,80.1,3.7,2025-07-07 07:00:35
2272,Poha Jalebi,21,Roadside Stall,23,106,93.6,0,2026-05-18 00:14:47
2273,Royal Axone,81,Fine Dining,543,1728,47.7,46.2,2026-02-20 13:20:13
2274,Prawn Balchao,26,Street Food,56,107,47.9,28.3,2025-06-14 19:16:25
2275,Local Favourite Tandoori Roti,119,Mid-range Restaurant,421,685,58.6,39.8,2025-04-19 15:11:46
2276,Uttapam,113,Roadside Stall,61,109,68.0,15.2,2025-10-02 08:40:54
2277,Poha Jalebi,62,Roadside Stall,35,100,50.6,46.8,2025-08-15 17:23:15
2278,Puttu Kadala,116,Fine Dining,1340,2119,60.5,29.0,2025-05-25 10:07:27
2279,Royal Mutton Rogan Josh,92,Mid-range Restaurant,276,487,90.6,0,2026-05-28 15:45:03
2280,Traditional Nihari,35,Local Eatery,118,135,84.5,0.6,2025-11-24 15:22:23
2281,Homestyle Kachori,97,Local Eatery,97,152,72.6,13.1,2025-07-17 23:26:45
2282,Spicy Bhutte ka Kees,66,Street Food,79,150,90.0,0,2025-06-09 00:35:15
2283,Deluxe Pitha,86,Mid-range Restaurant,171,563,91.2,0,2026-06-04 20:15:41
2284,Hyderabadi Biryani,1,Street Food,53,81,71.3,11.6,2025-04-15 07:55:23
2285,Amritsari Kulcha,131,Sweet Shop,99,341,52.7,48.6,2025-06-28 13:57:30
2286,Chak-hao Kheer,82,Roadside Stall,41,56,68.7,17.6,2026-06-24 22:57:18
2287,Family Recipe Kothu Parotta,1,Roadside Stall,63,90,89.2,0,2025-07-29 10:07:34
2288,Grandma's Chak-hao Kheer,82,Sweet Shop,90,268,73.2,19.7,2025-04-16 11:12:42
2289,Extra Cheesy Amritsari Kulcha,126,Local Eatery,62,236,91.6,0,2026-03-11 22:14:12
2290,Bebinca,31,Mid-range Restaurant,167,384,63.7,18.1,2026-01-27 08:56:39
2291,Village-style Macher Jhol,134,Roadside Stall,45,111,77.0,8.2,2026-02-02 15:47:57
2292,Chef's Puttu Kadala,57,Fine Dining,960,998,83.3,1.2,2025-01-07 13:07:23
2293,Payasam,4,Mid-range Restaurant,248,520,83.2,3.0,2025-01-19 00:19:52
2294,Authentic Idiyappam,48,Mid-range Restaurant,285,698,56.3,18.6,2025-07-23 11:24:05
2295,Litti,18,Local Eatery,174,194,75.7,13.7,2025-10-04 14:10:31
2296,Authentic Rasam,116,Mid-range Restaurant,183,203,47.4,53.7,2026-06-20 12:35:50
2297,Quick-bite Pav Bhaji,70,Mid-range Restaurant,340,472,83.8,1.6,2025-02-16 05:06:31
2298,Kadhi Chawal,124,Local Eatery,78,280,62.4,39.4,2025-01-22 20:57:51
2299,Paneer Tikka,122,Roadside Stall,41,77,57.3,29.0,2026-01-21 06:16:34
2300,Authentic Chak-hao Kheer,77,Street Food,53,145,77.7,5.9,2025-03-19 10:08:49
2301,Premium Bhel Puri,28,Local Eatery,99,206,72.7,8.8,2025-10-24 07:20:57
2302,Signature Idli Sambar,56,Roadside Stall,40,107,78.4,5.3,2025-04-28 15:09:57
2303,Premium Momos,9,Local Eatery,110,226,79.3,3.9,2025-10-07 22:10:28
2304,Festival Mysore Pak,51,Street Food,63,132,70.9,13.8,2025-02-16 13:13:21
2305,Traditional Sol Kadhi,25,Roadside Stall,15,28,82.1,2.5,2025-12-25 10:35:40
2306,Thepla,23,Local Eatery,80,113,52.2,41.0,2025-10-23 16:17:29
2307,Village-style Pitha,11,Street Food,69,142,54.7,22.5,2025-07-17 04:46:29
2308,Pitha,81,Street Food,83,100,74.3,13.4,2025-02-23 03:07:05
2309,Extra Cheesy Butter Chicken,122,Local Eatery,112,135,93.4,0,2025-06-25 05:10:11
2310,Authentic Jadoh,78,Local Eatery,71,246,67.8,13.3,2025-05-21 15:38:42
2311,Kothu Parotta,55,Local Eatery,153,167,74.8,9.9,2025-12-13 11:29:21
2312,Dal Makhani,122,Local Eatery,146,202,68.8,21.9,2025-09-03 07:03:20
2313,Authentic Thepla,25,Street Food,79,127,82.9,3.1,2025-01-19 17:22:35
2314,Sarson da Saag,35,Mid-range Restaurant,329,396,67.2,13.5,2025-03-24 13:35:14
2315,Festival Puran Poli,29,Street Food,41,106,73.3,12.7,2025-08-10 18:46:21
2316,Roadside Shorshe Ilish,138,Fine Dining,1310,2372,77.7,5.5,2025-12-27 02:17:51
2317,Homestyle Chole Bhature,98,Mid-range Restaurant,309,552,61.5,28.5,2025-06-29 04:57:22
2318,Idiyappam,113,Street Food,24,96,63.1,35.4,2025-04-12 11:06:37
2319,Deluxe Chila,22,Fine Dining,1084,2177,88.8,0,2025-06-06 14:05:47
2320,Paneer Tikka,101,Local Eatery,95,243,62.0,25.9,2025-12-15 18:50:58
2321,Family Recipe Naga Chutney,11,Roadside Stall,48,84,64.4,23.0,2025-04-25 23:33:27
2322,Chettinad Chicken,3,Local Eatery,155,290,78.1,10.3,2025-01-12 07:08:06
2323,Lassi,92,Local Eatery,60,85,42.5,53.5,2025-10-20 17:59:16
2324,Local Favourite Bafla,64,Roadside Stall,22,110,38.6,56.6,2026-03-21 01:57:19
2325,Roadside Pav Bhaji,24,Street Food,22,106,90.5,0,2025-10-26 15:17:03
2326,Aloo Paratha,39,Local Eatery,179,247,80.0,6.5,2026-02-18 03:56:28
2327,Premium Pitha,118,Street Food,63,111,73.4,18.7,2025-03-05 20:19:41
2328,Roadside Meen Curry,109,Street Food,26,38,88.0,0,2026-04-03 20:49:26
2329,Traditional Sarson da Saag,132,Street Food,32,134,83.6,2.4,2025-03-06 01:34:28
2330,Special Bhel Puri,25,Sweet Shop,184,336,76.8,11.8,2025-09-14 02:32:23
2331,Paneer Tikka,129,Mid-range Restaurant,226,245,57.6,25.0,2026-06-01 07:28:42
2332,Grandma's Uttapam,4,Local Eatery,95,210,68.4,18.9,2025-10-19 07:39:32
2333,Bafla,65,Mid-range Restaurant,357,588,69.6,22.5,2025-03-16 04:04:21
2334,Authentic Pitha,15,Sweet Shop,214,228,82.5,3.6,2026-02-23 17:05:01
2335,Village-style Goan Fish Curry,24,Local Eatery,143,209,72.3,16.7,2025-08-13 11:05:19
2336,Local Favourite Hyderabadi Biryani,1,Roadside Stall,37,111,86.1,0,2026-06-20 00:40:09
2337,Extra Cheesy Bamboo Shoot Curry,84,Mid-range Restaurant,248,468,64.1,36.4,2025-06-22 15:23:52
2338,Homestyle Chingri Malai Curry,89,Street Food,40,129,51.0,51.9,2025-04-19 08:16:03
2339,Festival Thukpa,85,Fine Dining,1460,1612,76.3,13.4,2025-09-12 06:30:24
2340,Homestyle Dahi Vada,89,Fine Dining,617,2436,44.3,47.1,2025-05-15 06:57:35
2341,Roadside Idli Sambar,57,Street Food,26,46,53.6,28.0,2025-04-22 07:45:28
2342,Homestyle Thukpa,118,Sweet Shop,74,186,93.5,0,2026-05-03 02:51:42
2343,Grandma's Uttapam,110,Street Food,53,131,79.1,3.6,2025-11-30 12:17:00
2344,Pesarattu,112,Sweet Shop,96,265,67.2,11.7,2025-08-26 06:12:54
2345,Extra Cheesy Litti Chokha,46,Local Eatery,169,260,63.5,34.2,2025-01-20 12:53:23
2346,Special Khandvi,28,Street Food,66,139,79.2,9.0,2025-06-09 04:41:26
2347,Authentic Zan,80,Mid-range Restaurant,365,417,71.5,14.7,2025-05-12 07:49:20
2348,Lassi,42,Local Eatery,165,233,77.5,6.1,2025-12-18 21:42:36
2349,Pongal,1,Sweet Shop,129,318,88.7,0,2025-04-29 13:28:01
2350,Undhiyu,34,Roadside Stall,43,105,84.4,0.7,2025-07-29 09:00:32
2351,Sol Kadhi,76,Sweet Shop,70,376,47.8,31.6,2025-01-12 16:27:15
2352,Smoked Pork,10,Mid-range Restaurant,406,663,95.1,0,2025-04-08 12:29:51
2353,Pesarattu,61,Mid-range Restaurant,177,501,79.4,9.3,2025-10-21 21:57:22
2354,Authentic Amritsari Kulcha,40,Sweet Shop,140,365,61.2,35.4,2025-10-04 17:32:48
2355,Roadside Mutton Rogan Josh,42,Local Eatery,62,174,77.3,7.2,2025-08-08 20:31:33
2356,Royal Bebinca,23,Sweet Shop,186,322,81.1,4.9,2025-03-04 09:02:48
2357,Extra Cheesy Litti Chokha,136,Sweet Shop,139,208,63.8,21.3,2026-04-01 17:59:13
2358,Bhel Puri,74,Sweet Shop,46,326,72.4,16.4,2025-11-23 01:10:53
2359,Local Favourite Rosogolla,138,Street Food,64,86,82.8,3.9,2025-05-22 03:58:09
2360,Grandma's Dhokla,24,Sweet Shop,101,153,82.2,2.3,2025-01-23 18:19:59
2361,Local Favourite Goan Fish Curry,31,Roadside Stall,62,105,68.9,25.6,2025-07-06 04:39:26
2362,Paneer Tikka,128,Sweet Shop,159,267,47.0,25.5,2025-05-07 17:26:31
2363,Chef's Dalma,16,Fine Dining,1063,2285,76.1,15.1,2025-02-08 10:43:18
2364,Roadside Bhutte ka Kees,21,Street Food,46,94,87.9,0,2025-04-01 16:52:14
2365,Bhutte ka Kees,62,Roadside Stall,67,106,80.7,5.4,2025-02-05 09:48:23
2366,Kolhapuri Mutton,27,Local Eatery,157,257,78.0,9.4,2025-02-09 13:22:36
2367,Royal Sarson da Saag,130,Mid-range Restaurant,388,666,64.8,21.0,2025-01-08 07:42:20
2368,Pav Bhaji,31,Mid-range Restaurant,264,446,72.9,17.5,2025-01-18 13:55:29
2369,Festival Dal Makhani,121,Fine Dining,1035,1052,70.7,22.0,2026-04-11 01:24:09
2370,Traditional Dalma,15,Fine Dining,608,1491,43.6,59.1,2025-03-28 06:27:40
2371,Paneer Tikka,121,Sweet Shop,182,386,74.9,18.0,2025-07-15 04:50:11
2372,Royal Golgappa,124,Fine Dining,846,1320,45.5,65.3,2026-03-11 16:47:05
2373,Homestyle Kolhapuri Mutton,28,Mid-range Restaurant,157,542,81.5,4.1,2026-01-24 18:01:13
2374,Momos,9,Sweet Shop,105,214,82.1,2.2,2025-11-04 00:12:21
2375,Royal Chettinad Chicken,48,Street Food,69,127,73.7,18.3,2025-07-21 14:57:06
2376,Homestyle Golgappa,102,Fine Dining,1198,1938,48.4,49.2,2025-04-02 23:01:38
2377,Authentic Malpua,63,Street Food,34,96,86.5,0,2025-10-29 16:12:40
2378,Rosogolla,19,Local Eatery,85,188,46.2,67.1,2026-05-19 22:05:36
2379,Chhena Poda,134,Local Eatery,96,160,78.6,9.2,2026-04-27 13:41:22
2380,Traditional Kosha Mangsho,138,Mid-range Restaurant,299,566,48.4,23.0,2025-08-23 03:01:15
2381,Goan Fish Curry,28,Street Food,21,71,84.6,0.3,2025-03-20 09:32:46
2382,Local Favourite Rajma Chawal,95,Mid-range Restaurant,348,506,68.1,26.2,2025-06-29 11:47:59
2383,Deluxe Pork with Bamboo Shoot,85,Street Food,20,71,41.8,32.1,2025-08-03 11:34:19
2384,Kachori,128,Local Eatery,122,261,83.0,2.6,2025-11-26 16:59:52
2385,Signature Puran Poli,32,Mid-range Restaurant,314,380,54.3,46.8,2025-12-15 18:42:51
2386,Royal Lassi,127,Roadside Stall,38,120,71.7,9.6,2025-10-09 09:23:58
2387,Dal Bafla,67,Sweet Shop,41,394,82.6,2.8,2025-06-26 09:07:45
2388,Authentic Butter Chicken,99,Mid-range Restaurant,372,571,81.0,4.4,2025-12-26 07:02:28
2389,Street-side Paneer Tikka,120,Fine Dining,604,669,70.3,9.9,2026-01-24 09:25:33
2390,Grandma's Amritsari Kulcha,119,Mid-range Restaurant,396,678,95.5,0,2026-01-09 17:22:07
2391,Royal Momos,16,Mid-range Restaurant,266,547,41.6,35.7,2025-12-10 13:04:43
2392,Prawn Balchao,76,Roadside Stall,35,103,77.7,7.7,2025-05-06 19:51:18
2393,Aloo Posto,45,Fine Dining,1201,2292,68.0,13.2,2025-12-17 04:47:36
2394,Idiyappam,48,Street Food,77,140,69.1,12.1,2025-12-12 21:21:29
2395,Authentic Tandoori Roti,97,Street Food,46,99,58.8,33.0,2025-11-08 09:04:13
2396,Authentic Kachori,122,Local Eatery,87,232,69.2,19.0,2026-01-05 02:03:43
2397,Smoked Pork,14,Roadside Stall,48,83,75.0,8.8,2025-02-14 16:31:06
2398,Chhena Poda,86,Mid-range Restaurant,153,518,81.7,4.7,2026-04-15 03:04:48
2399,Chef's Golgappa,38,Sweet Shop,51,228,75.2,11.2,2025-07-19 21:46:07
2400,Pesarattu,3,Sweet Shop,112,332,69.9,22.4,2026-01-24 12:14:51
2401,Classic Golgappa,119,Local Eatery,115,144,74.9,16.5,2025-07-07 09:02:26
2402,Sandesh,135,Fine Dining,715,2486,68.0,27.3,2025-12-20 18:02:52
2403,Chettinad Chicken,53,Local Eatery,180,272,55.0,21.7,2025-02-28 06:18:40
2404,Signature Mutton Rogan Josh,119,Street Food,82,98,68.8,10.8,2025-08-17 18:23:59
2405,Grandma's Malai Kofta,41,Mid-range Restaurant,356,661,73.7,7.2,2025-05-17 11:41:04
2406,Prawn Balchao,27,Street Food,46,130,84.6,0.3,2025-01-23 23:33:35
2407,Dalma,47,Roadside Stall,65,110,41.1,78.9,2025-07-26 17:13:45
2408,Roadside Vada Sambar,48,Street Food,27,91,73.5,18.9,2025-12-16 23:21:47
2409,Butter Chicken,119,Street Food,71,105,69.7,23.5,2025-09-23 23:25:13
2410,Deluxe Idli Sambar,3,Local Eatery,83,198,83.6,1.1,2025-08-06 05:17:44
2411,Aloo Paratha,97,Fine Dining,663,1826,62.5,25.5,2025-07-07 16:58:49
2412,Idiyappam,2,Street Food,70,121,61.5,18.5,2025-09-29 16:38:01
2413,Premium Thukpa,84,Roadside Stall,29,55,70.4,11.5,2026-01-19 02:57:49
2414,Special Pitha,47,Roadside Stall,22,81,59.5,35.3,2025-08-20 19:47:36
2415,Idli Sambar,110,Sweet Shop,137,262,67.7,17.3,2025-05-14 07:42:12
2416,Bamboo Shoot Curry,117,Mid-range Restaurant,255,566,71.4,18.3,2026-05-02 16:42:15
2417,Butter Chicken,96,Roadside Stall,49,86,63.6,12.9,2026-01-20 14:28:59
2418,Homestyle Kachori,94,Roadside Stall,15,110,79.0,4.3,2025-05-14 09:47:20
2419,Bamboo Shoot Curry,12,Mid-range Restaurant,303,434,76.0,8.4,2026-02-26 03:35:58
2420,Traditional Bebinca,9,Local Eatery,104,163,60.9,19.5,2025-05-11 07:30:36
2421,Special Malpua,63,Mid-range Restaurant,319,505,84.4,0.4,2026-04-26 03:55:47
2422,Deluxe Pesarattu,58,Sweet Shop,204,222,59.7,27.5,2026-01-27 16:42:53
2423,Goan Fish Curry,73,Local Eatery,84,135,63.2,19.5,2025-05-07 18:28:50
2424,Hyderabadi Biryani,110,Street Food,64,146,80.1,6.1,2026-05-17 01:42:44
2425,Filter Coffee,60,Mid-range Restaurant,288,344,55.9,37.7,2025-12-12 02:55:49
2426,Premium Chhena Poda,86,Roadside Stall,53,102,54.0,20.7,2025-04-21 19:03:25
2427,Local Favourite Kadhi Bafla,63,Fine Dining,970,1612,74.9,9.4,2025-02-20 22:14:55
2428,Family Recipe Vada Sambar,4,Mid-range Restaurant,197,496,58.5,30.2,2026-04-29 05:25:13
2429,Authentic Khandvi,26,Fine Dining,577,2026,59.9,29.6,2025-06-30 07:00:51
2430,Bamboo Shoot Curry,103,Mid-range Restaurant,392,565,55.2,48.4,2026-05-04 23:45:41
2431,Local Favourite Jadoh,103,Local Eatery,149,165,86.2,0,2025-12-15 09:55:47
2432,Homestyle Masala Dosa,59,Local Eatery,144,290,86.9,0,2025-04-17 17:51:15
2433,Chef's Vada Pav,70,Street Food,28,83,78.3,10.9,2025-10-03 10:42:10
2434,Royal Pesarattu,3,Sweet Shop,65,126,74.7,7.5,2025-07-04 16:13:10
2435,Extra Cheesy Naga Chutney,13,Roadside Stall,44,71,61.6,31.0,2025-04-09 12:39:06
2436,Authentic Sarson da Saag,96,Street Food,84,128,60.3,39.1,2026-05-04 00:02:08
2437,Pitha,83,Roadside Stall,26,36,63.6,26.8,2026-01-18 15:26:28
2438,Smoked Pork,11,Roadside Stall,27,63,85.7,0,2026-04-03 10:06:35
2439,Royal Curd Rice,111,Roadside Stall,18,49,65.4,28.6,2026-06-01 22:02:45
2440,Roadside Misal Pav,75,Roadside Stall,36,110,81.6,3.5,2026-02-14 13:25:47
2441,Festival Momos,136,Mid-range Restaurant,373,627,54.1,47.8,2025-01-14 23:20:52
2442,Local Favourite Sarson da Saag,131,Sweet Shop,179,388,56.4,27.6,2025-06-18 07:42:04
2443,Grandma's Pitha,82,Roadside Stall,40,71,73.8,9.0,2025-09-30 03:14:27
2444,Festival Filter Coffee,3,Sweet Shop,199,371,68.2,25.3,2025-08-21 22:05:19
2445,Festival Chettinad Chicken,115,Roadside Stall,63,89,85.7,0,2025-03-12 09:38:45
2446,Dal Makhani,44,Street Food,56,138,74.4,13.9,2025-01-11 10:37:40
2447,Vada Sambar,107,Fine Dining,540,825,68.3,10.0,2025-09-24 04:13:33
2448,Grandma's Bebinca,14,Local Eatery,68,200,83.6,1.9,2025-01-15 13:46:07
2449,Special Payasam,60,Street Food,48,89,66.7,15.4,2026-04-26 22:28:53
2450,Family Recipe Litti Chokha,46,Fine Dining,595,782,90.0,0,2025-01-05 11:54:54
2451,Smoked Pork,12,Local Eatery,119,253,77.3,7.6,2025-08-07 05:58:11
2452,Thukpa,103,Street Food,80,117,85.2,0,2025-06-19 15:03:33
2453,Grandma's Dalma,135,Roadside Stall,35,74,70.4,12.3,2025-11-26 01:34:51
2454,Sol Kadhi,24,Local Eatery,146,184,58.6,43.3,2025-06-03 23:13:34
2455,Filter Coffee,106,Roadside Stall,31,77,79.0,10.5,2025-08-21 18:15:32
2456,Royal Tandoori Roti,36,Mid-range Restaurant,297,366,87.7,0,2025-05-19 18:46:58
2457,Local Favourite Golgappa,119,Fine Dining,1473,1913,86.5,0,2025-11-24 18:27:38
2458,Premium Bisi Bele Bath,54,Roadside Stall,17,62,85.7,0,2026-01-03 16:28:12
2459,Royal Axone,84,Fine Dining,520,707,83.6,1.7,2026-04-24 01:40:22
2460,Chettinad Chicken,49,Street Food,41,87,74.0,12.5,2025-07-27 01:56:47
2461,Signature Pav Bhaji,69,Mid-range Restaurant,326,555,81.4,5.6,2026-01-25 03:00:10
2462,Extra Cheesy Sarson da Saag,100,Street Food,41,96,85.4,0,2025-10-15 04:08:18
2463,Authentic Vada Sambar,58,Roadside Stall,17,62,78.2,5.5,2026-02-05 13:40:28
2464,Bisi Bele Bath,112,Street Food,63,102,71.8,13.3,2025-09-01 01:51:13
2465,Family Recipe Sarson da Saag,124,Sweet Shop,101,231,64.5,26.8,2025-01-13 10:19:32
2466,Traditional Bebinca,9,Street Food,53,149,69.0,15.5,2026-05-18 23:05:01
2467,Deluxe Filter Coffee,106,Roadside Stall,48,74,62.3,26.1,2025-11-04 17:19:02
2468,Rajma Chawal,97,Sweet Shop,119,341,61.4,25.9,2025-12-30 00:06:24
2469,Modak,34,Fine Dining,1066,1213,66.6,17.6,2026-06-24 01:13:29
2470,Bhel Puri,23,Sweet Shop,185,341,44.5,27.2,2025-12-18 17:01:03
2471,Dal Makhani,122,Street Food,59,111,45.5,45.2,2026-03-13 14:17:34
2472,Butter Chicken,99,Mid-range Restaurant,360,589,44.5,68.0,2025-06-27 00:14:41
2473,Kadhi Bafla,64,Roadside Stall,47,88,58.9,28.1,2026-05-16 16:26:26
2474,Appam with Stew,113,Fine Dining,1217,1473,73.5,8.8,2025-05-23 11:00:38
2475,Mysore Pak,108,Sweet Shop,101,152,75.8,14.0,2025-12-18 04:09:51
2476,Spicy Nihari,131,Roadside Stall,63,94,77.8,11.3,2025-02-06 06:22:48
2477,Chef's Golgappa,100,Local Eatery,98,282,82.7,3.3,2026-06-23 17:37:55
2478,Local Favourite Golgappa,129,Mid-range Restaurant,315,336,84.0,1.4,2026-03-20 12:14:35
2479,Paneer Tikka,36,Street Food,53,145,84.6,0.4,2026-06-28 19:54:21
2480,Extra Cheesy Chila,20,Fine Dining,710,1102,83.8,1.8,2025-11-09 09:54:29
2481,Signature Butter Chicken,42,Roadside Stall,52,73,80.9,5.0,2026-04-24 05:39:37
2482,Signature Dal Bafla,21,Local Eatery,113,205,91.4,0,2025-07-01 06:31:34
2483,Rajma Chawal,119,Street Food,74,123,75.7,7.5,2026-04-02 04:17:39
2484,Homestyle Dhokla,75,Sweet Shop,181,328,78.1,9.6,2025-03-09 15:37:30
2485,Pesarattu,61,Sweet Shop,183,370,42.2,40.2,2026-03-16 07:11:24
2486,Rasam,108,Roadside Stall,26,44,75.9,14.4,2025-12-08 03:04:48
2487,Grandma's Masala Dosa,49,Roadside Stall,48,68,90.8,0,2026-03-13 01:27:46
2488,Sarson da Saag,132,Sweet Shop,67,115,70.5,18.1,2025-11-18 18:50:14
2489,Homestyle Nihari,121,Fine Dining,1476,2142,62.1,19.8,2025-03-30 11:12:30
2490,Village-style Litti,88,Street Food,33,91,77.0,7.2,2026-03-28 05:06:37
2491,Special Nihari,37,Local Eatery,180,247,81.2,2.8,2025-02-12 06:04:29
2492,Deluxe Kachori,40,Street Food,46,59,72.3,15.8,2026-02-07 00:24:58
2493,Family Recipe Chingri Malai Curry,17,Roadside Stall,25,111,89.7,0,2026-05-21 20:46:34
2494,Prawn Balchao,76,Mid-range Restaurant,165,194,70.2,18.1,2026-05-28 11:01:27
2495,Dahi Vada,87,Fine Dining,1146,1720,50.5,38.0,2025-01-02 16:40:47
2496,Kothu Parotta,109,Fine Dining,1379,1614,56.6,33.1,2025-11-01 09:47:24
2497,Festival Vada Pav,34,Local Eatery,167,179,60.5,18.2,2025-02-14 03:10:30
2498,Shorshe Ilish,45,Mid-range Restaurant,293,440,59.3,40.2,2025-10-24 07:23:57
2499,Bisi Bele Bath,48,Sweet Shop,154,394,39.0,37.5,2025-08-18 07:34:51
2500,Kadhi Chawal,37,Mid-range Restaurant,260,478,75.2,12.8,2025-05-02 07:58:02
2501,Grandma's Rasam,58,Local Eatery,130,208,74.3,11.6,2025-02-15 16:05:18
2502,Extra Cheesy Chila,64,Mid-range Restaurant,274,476,64.4,33.2,2026-06-20 17:02:52
2503,Grandma's Momos,79,Sweet Shop,138,213,71.8,9.2,2026-02-18 19:53:48
2504,Curd Rice,113,Local Eatery,171,232,83.2,1.7,2026-02-01 03:28:36
2505,Amritsari Kulcha,38,Roadside Stall,43,116,61.0,25.0,2025-11-07 17:45:57
2506,Hyderabadi Biryani,106,Local Eatery,114,133,67.1,28.1,2026-04-15 09:19:22
2507,Deluxe Shorshe Ilish,136,Local Eatery,107,265,64.0,33.2,2026-06-02 17:53:53
2508,Litti Chokha,45,Local Eatery,137,281,67.4,14.1,2025-11-16 00:32:34
2509,Local Favourite Vada Pav,33,Street Food,78,148,88.7,0,2025-05-18 10:02:28
2510,Curd Rice,49,Roadside Stall,53,105,83.0,2.6,2026-04-14 12:30:32
2511,Sabudana Khichdi,64,Sweet Shop,152,383,92.1,0,2025-12-27 09:25:29
2512,Premium Chaat Papdi,127,Fine Dining,512,1138,53.1,28.9,2025-05-15 02:44:18
2513,Naga Chutney,13,Local Eatery,72,165,58.3,32.9,2025-05-28 06:23:19
2514,Authentic Dal Bafla,22,Street Food,20,144,48.4,35.0,2026-05-22 17:05:06
2515,Litti Chokha,120,Sweet Shop,47,213,79.9,7.1,2025-01-27 05:15:07
2516,Quick-bite Goan Fish Curry,73,Mid-range Restaurant,210,228,58.5,41.7,2026-01-21 00:37:56
2517,Festival Bamboo Shoot Curry,83,Street Food,75,126,83.5,1.6,2025-05-05 02:18:29
2518,Homestyle Kadhi Chawal,35,Sweet Shop,196,244,47.3,30.9,2025-09-19 15:02:01
2519,Masala Dosa,60,Fine Dining,938,2194,89.5,0,2025-07-22 17:44:33
2520,Bamboo Shoot Curry,103,Roadside Stall,67,79,76.9,13.2,2025-11-09 11:22:57
2521,Homestyle Litti Chokha,137,Sweet Shop,123,258,76.2,5.3,2026-04-24 05:14:16
2522,Smoked Pork,105,Fine Dining,1085,1777,92.8,0,2026-05-22 03:24:04
2523,Homestyle Prawn Balchao,75,Mid-range Restaurant,401,542,53.1,25.4,2025-06-25 04:20:20
2524,Chef's Litti,19,Roadside Stall,35,96,51.2,22.4,2026-01-16 17:50:27
2525,Family Recipe Tandoori Roti,127,Mid-range Restaurant,181,306,68.7,24.6,2026-05-31 03:42:23
2526,Rosogolla,46,Roadside Stall,62,109,75.2,6.7,2025-06-04 00:07:54
2527,Chef's Golgappa,133,Street Food,44,92,79.6,8.5,2025-08-30 04:18:19
2528,Extra Cheesy Prawn Balchao,71,Roadside Stall,15,59,71.6,8.5,2026-02-20 04:38:34
2529,Traditional Hyderabadi Biryani,107,Street Food,20,118,83.7,1.4,2025-03-01 04:46:31
2530,Chhena Poda,19,Sweet Shop,172,400,81.4,3.7,2026-01-11 09:45:40
2531,Festival Dal Bafla,62,Street Food,54,109,67.2,31.4,2025-01-29 18:27:52
2532,Grandma's Pitha,19,Mid-range Restaurant,327,615,80.0,7.4,2025-03-16 03:03:34
2533,Roadside Zan,83,Roadside Stall,40,96,61.0,33.6,2025-11-06 10:11:10
2534,Fish Tenga,13,Street Food,26,72,40.5,39.8,2025-01-10 18:54:29
2535,Deluxe Axone,80,Mid-range Restaurant,159,423,75.5,14.7,2026-03-01 00:54:16
2536,Dal Makhani,39,Street Food,46,131,67.2,27.1,2025-01-31 23:53:38
2537,Festival Malpua,62,Sweet Shop,101,121,77.3,9.6,2025-01-10 16:02:22
2538,Classic Litti Chokha,39,Sweet Shop,116,172,91.9,0,2026-06-22 12:43:54
2539,Payasam,112,Sweet Shop,90,275,79.2,4.4,2025-02-13 02:28:43
2540,Extra Cheesy Payasam,49,Street Food,84,126,86.8,0,2025-12-02 13:06:40
2541,Chole Bhature,125,Roadside Stall,50,90,94.9,0,2025-05-11 15:14:38
2542,Royal Fish Tenga,11,Roadside Stall,20,99,83.8,1.9,2026-05-04 17:09:56
2543,Traditional Prawn Balchao,73,Local Eatery,147,194,82.6,2.5,2025-03-16 18:12:08
2544,Roadside Pitha,86,Roadside Stall,18,71,56.0,31.3,2025-05-25 20:03:58
2545,Pav Bhaji,31,Street Food,57,125,82.1,4.1,2025-05-04 10:42:40
2546,Classic Butter Chicken,38,Fine Dining,1194,1218,70.9,24.6,2025-10-10 05:29:33
2547,Undhiyu,72,Street Food,37,128,86.5,0,2025-02-19 08:09:45
2548,Misal Pav,75,Roadside Stall,36,77,74.5,11.6,2026-01-13 10:09:36
2549,Kachori,100,Local Eatery,91,184,78.7,8.1,2025-01-03 03:44:56
2550,Homestyle Aloo Paratha,94,Fine Dining,575,2100,73.1,7.4,2025-10-18 11:18:41
2551,Extra Cheesy Malai Kofta,125,Fine Dining,1029,1860,46.5,66.0,2025-02-10 06:15:06
2552,Street-side Aloo Paratha,101,Local Eatery,115,127,66.7,13.8,2026-02-17 08:43:38
2553,Spicy Modak,23,Street Food,35,46,84.7,0.4,2026-04-06 02:29:15
2554,Dhokla,31,Local Eatery,141,158,54.7,23.1,2026-04-18 11:43:16
2555,Malpua,68,Fine Dining,1275,2044,74.2,15.5,2025-10-12 19:11:19
2556,Filter Coffee,60,Local Eatery,110,130,46.6,56.1,2025-12-01 06:55:14
2557,Extra Cheesy Bamboo Shoot Curry,12,Fine Dining,1456,2070,77.3,7.0,2025-08-01 07:41:38
2558,Classic Chole Bhature,36,Roadside Stall,53,81,78.3,11.5,2025-06-24 20:42:35
2559,Royal Rajma Chawal,132,Sweet Shop,173,213,79.2,7.6,2025-09-28 04:35:41
2560,Chef's Pitha,90,Mid-range Restaurant,319,532,93.0,0,2025-05-11 09:23:52
2561,Royal Paneer Tikka,95,Fine Dining,553,1207,78.5,6.9,2025-07-02 07:45:14
2562,Thukpa,105,Mid-range Restaurant,366,391,69.8,14.5,2026-05-13 08:55:58
2563,Local Favourite Kachori,40,Local Eatery,105,131,66.5,19.2,2025-02-25 03:39:09
2564,Homestyle Tandoori Roti,96,Local Eatery,146,179,68.9,25.3,2025-09-03 11:17:21
2565,Grandma's Idli Sambar,109,Roadside Stall,18,75,53.7,28.4,2025-02-28 07:05:42
2566,Quick-bite Puttu Kadala,54,Fine Dining,1080,1633,47.4,39.5,2025-07-25 05:18:50
2567,Tandoori Roti,94,Mid-range Restaurant,389,697,47.1,55.6,2025-04-06 14:54:14
2568,Chila,21,Mid-range Restaurant,357,664,59.1,25.8,2025-04-06 13:55:04
2569,Appam with Stew,61,Fine Dining,770,2064,77.6,8.5,2026-03-01 19:40:29
2570,Extra Cheesy Curd Rice,2,Local Eatery,91,291,78.4,10.7,2025-03-10 21:31:42
2571,Sandesh,139,Sweet Shop,55,353,57.4,17.4,2025-10-07 12:39:45
2572,Traditional Meen Curry,111,Local Eatery,148,280,59.0,36.9,2025-06-13 08:53:49
2573,Roadside Jadoh,104,Roadside Stall,23,74,60.5,19.5,2025-11-03 15:17:24
2574,Smoked Pork,118,Sweet Shop,77,219,56.2,33.6,2025-07-03 21:28:19
2575,Aloo Paratha,41,Sweet Shop,66,99,54.2,43.8,2025-01-17 20:21:04
2576,Homestyle Undhiyu,25,Roadside Stall,27,66,80.7,3.5,2025-08-05 15:04:42
2577,Dhokla,76,Fine Dining,1175,1329,75.5,11.7,2026-04-18 07:57:10
2578,Meen Curry,3,Street Food,62,106,78.2,5.1,2025-10-30 03:33:38
2579,Classic Chingri Malai Curry,15,Sweet Shop,185,354,48.7,45.8,2025-06-21 18:17:48
2580,Vada Pav,32,Fine Dining,1307,1899,93.6,0,2025-05-01 04:17:30
2581,Mysore Pak,48,Fine Dining,960,1927,70.6,12.2,2025-02-28 14:09:31
2582,Pongal,107,Fine Dining,1450,2071,79.6,3.4,2025-12-11 01:11:00
2583,Festival Appam with Stew,1,Local Eatery,108,126,65.1,19.4,2026-04-30 14:25:51
2584,Kadhi Chawal,129,Street Food,24,115,70.8,20.6,2025-02-11 16:01:45
2585,Signature Kolhapuri Mutton,34,Sweet Shop,195,316,70.8,21.4,2026-01-29 06:51:12
2586,Extra Cheesy Kachori,43,Mid-range Restaurant,151,601,83.4,1.0,2025-02-01 01:50:13
2587,Chila,63,Sweet Shop,121,337,85.9,0,2025-11-16 17:12:34
2588,Quick-bite Sandesh,19,Mid-range Restaurant,398,514,51.8,56.8,2026-04-01 23:51:48
2589,Malai Kofta,125,Roadside Stall,65,79,61.4,40.0,2026-01-29 02:07:43
2590,Idli Sambar,110,Mid-range Restaurant,310,327,85.0,0,2026-05-30 01:34:13
2591,Hyderabadi Biryani,54,Fine Dining,803,1256,53.6,46.9,2026-04-04 15:18:01
2592,Royal Chila,66,Local Eatery,151,297,82.3,1.9,2025-03-23 00:50:27
2593,Deluxe Bebinca,85,Mid-range Restaurant,266,404,41.6,62.5,2025-05-22 17:09:39
2594,Family Recipe Mysore Pak,116,Local Eatery,164,249,92.1,0,2025-08-25 06:26:02
2595,Kadhi Chawal,128,Sweet Shop,71,255,67.8,19.8,2026-01-27 11:32:02
2596,Rajma Chawal,126,Roadside Stall,24,50,58.6,32.5,2026-03-01 02:51:10
2597,Chole Bhature,124,Mid-range Restaurant,184,392,72.6,13.2,2025-03-01 20:02:09
2598,Bisi Bele Bath,52,Fine Dining,813,1780,80.2,6.2,2026-02-21 16:42:53
2599,Misal Pav,70,Mid-range Restaurant,413,642,78.1,9.3,2026-03-17 16:31:29
2600,Festival Tandoori Roti,100,Street Food,76,105,58.4,41.6,2025-02-09 09:01:43
2601,Authentic Dahi Vada,16,Fine Dining,910,1191,39.5,50.2,2025-10-04 18:26:49
2602,Pitha,82,Fine Dining,1473,1767,64.9,28.1,2026-02-11 00:33:07
2603,Axone,103,Mid-range Restaurant,402,592,51.4,59.1,2025-07-17 21:10:36
2604,Roadside Kachori,121,Street Food,69,146,69.8,18.6,2025-11-19 06:45:38
2605,Authentic Kosha Mangsho,136,Street Food,65,84,68.5,16.9,2025-09-10 12:13:50
2606,Dhokla,28,Mid-range Restaurant,283,328,81.0,5.2,2026-01-02 20:29:09
2607,Vada Pav,76,Local Eatery,85,230,68.2,20.9,2025-11-27 17:29:55
2608,Pongal,5,Fine Dining,1388,1483,79.6,6.2,2025-07-10 09:56:05
2609,Pork with Bamboo Shoot,105,Mid-range Restaurant,287,375,87.7,0,2025-11-16 09:33:06
2610,Litti Chokha,16,Mid-range Restaurant,174,412,44.1,54.4,2025-08-04 21:52:01
2611,Momos,18,Street Food,75,93,83.1,2.2,2026-01-12 13:09:28
2612,Roadside Paneer Tikka,125,Local Eatery,131,209,52.2,34.0,2026-04-19 07:54:24
2613,Homestyle Bhel Puri,70,Street Food,79,102,66.0,29.0,2026-06-21 22:47:45
2614,Kadhi Chawal,126,Street Food,61,134,76.6,14.6,2026-03-22 02:11:14
2615,Classic Poha Jalebi,65,Sweet Shop,170,191,54.5,54.3,2025-01-01 20:18:52
2616,Roadside Sarson da Saag,44,Street Food,49,70,66.0,23.5,2025-04-19 16:08:58
2617,Pitha,86,Street Food,79,101,84.0,0.8,2025-06-26 14:15:15
2618,Khandvi,25,Fine Dining,792,1892,69.4,16.1,2025-10-11 17:40:44
2619,Deluxe Modak,30,Fine Dining,1255,1812,95.1,0,2025-05-04 11:21:28
2620,Village-style Masala Dosa,52,Sweet Shop,63,383,64.4,28.2,2025-11-04 22:01:26
2621,Royal Sarson da Saag,132,Local Eatery,91,266,80.8,3.4,2025-11-30 11:54:16
2622,Pitha,8,Fine Dining,1233,1816,56.2,31.8,2026-01-09 06:23:28
2623,Village-style Kolhapuri Mutton,75,Fine Dining,697,2140,37.6,51.4,2026-04-04 13:01:26
2624,Grandma's Uttapam,55,Roadside Stall,66,81,70.6,17.3,2025-08-18 01:21:14
2625,Litti Chokha,38,Roadside Stall,34,97,76.1,11.7,2025-01-19 04:16:27
2626,Traditional Hyderabadi Biryani,108,Sweet Shop,66,188,77.1,5.9,2026-05-01 04:45:49
2627,Butter Chicken,129,Local Eatery,120,276,47.4,54.5,2025-11-29 18:12:08
2628,Jadoh,81,Fine Dining,556,1940,86.2,0,2025-12-28 23:09:27
2629,Kothu Parotta,115,Street Food,76,139,71.7,13.0,2026-04-06 20:48:58
2630,Festival Macher Jhol,135,Sweet Shop,40,281,80.2,5.5,2025-02-21 12:05:15
2631,Classic Rajma Chawal,91,Street Food,58,115,72.2,17.0,2026-05-03 03:37:21
2632,Dal Makhani,100,Local Eatery,124,201,73.6,12.9,2025-06-09 12:14:39
2633,Rosogolla,135,Sweet Shop,152,264,49.7,31.3,2025-11-07 00:39:36
2634,Dhokla,28,Sweet Shop,184,201,76.4,8.6,2025-03-10 12:27:39
2635,Dhokla,26,Roadside Stall,48,99,67.4,24.4,2025-03-18 08:17:07
2636,Paneer Tikka,131,Fine Dining,507,2391,68.0,24.8,2026-04-08 22:04:08
2637,Street-side Thukpa,10,Local Eatery,88,221,81.3,4.8,2025-04-22 19:57:15
2638,Malai Kofta,100,Local Eatery,95,285,72.2,22.0,2025-12-06 03:54:41
2639,Bebinca,78,Local Eatery,151,241,45.9,46.5,2025-12-24 11:31:35
2640,Kachori,131,Local Eatery,84,180,66.0,21.6,2026-01-14 03:19:31
2641,Puttu Kadala,114,Sweet Shop,85,146,64.6,20.6,2025-02-03 04:08:11
2642,Street-side Zan,82,Sweet Shop,53,331,71.0,18.5,2025-06-22 22:22:44
2643,Roadside Sarson da Saag,133,Mid-range Restaurant,338,608,73.2,8.6,2025-03-01 07:15:55
2644,Thukpa,80,Street Food,33,139,55.3,25.9,2026-05-19 10:53:14
2645,Chef's Momos,83,Fine Dining,616,1290,76.2,9.4,2026-02-19 15:01:59
2646,Poha Jalebi,20,Fine Dining,1132,2056,73.2,19.5,2025-04-21 09:22:35
2647,Roadside Rava Kesari,60,Roadside Stall,33,76,68.4,19.4,2025-08-16 22:12:04
2648,Chak-hao Kheer,7,Fine Dining,1243,2128,90.4,0,2025-02-21 13:40:02
2649,Appam with Stew,111,Fine Dining,723,2286,71.8,18.4,2025-04-03 10:47:26
2650,Grandma's Golgappa,91,Local Eatery,136,183,77.4,6.7,2026-01-31 09:16:01
2651,Malai Kofta,101,Local Eatery,132,164,65.0,20.8,2026-05-30 02:30:05
2652,Fish Tenga,78,Local Eatery,89,143,63.5,22.6,2025-10-17 14:23:45
2653,Pitha,18,Mid-range Restaurant,425,561,74.7,16.0,2025-01-19 14:45:30
2654,Deluxe Tandoori Roti,120,Fine Dining,1366,2340,78.9,6.5,2025-04-06 00:25:42
2655,Quick-bite Dalma,89,Mid-range Restaurant,192,673,76.2,8.1,2026-04-19 14:44:17
2656,Special Misal Pav,30,Mid-range Restaurant,156,331,86.6,0,2026-06-01 01:23:42
2657,Quick-bite Misal Pav,25,Sweet Shop,103,163,59.8,38.2,2025-08-01 09:36:56
2658,Litti Chokha,123,Mid-range Restaurant,254,619,71.3,15.6,2025-01-21 01:30:52
2659,Authentic Khandvi,33,Mid-range Restaurant,273,386,81.0,2.5,2025-04-28 17:19:57
2660,Homestyle Curd Rice,109,Sweet Shop,179,287,78.8,5.1,2026-03-10 06:42:34
2661,Local Favourite Mysore Pak,49,Street Food,68,131,68.5,28.8,2025-01-02 03:52:52
2662,Lassi,36,Mid-range Restaurant,239,664,90.1,0,2025-04-10 10:12:13
2663,Aloo Paratha,35,Roadside Stall,17,36,86.8,0,2025-12-06 23:39:25
2664,Idiyappam,109,Fine Dining,866,2140,79.9,3.6,2025-12-18 08:13:09
2665,Aloo Posto,19,Mid-range Restaurant,356,427,62.3,14.4,2025-05-08 12:59:43
2666,Grandma's Puttu Kadala,55,Mid-range Restaurant,352,546,69.3,15.2,2025-10-20 17:48:57
2667,Festival Thukpa,14,Fine Dining,1269,1541,67.1,12.2,2026-03-31 00:55:23
2668,Litti Chokha,92,Mid-range Restaurant,230,567,57.2,39.5,2025-10-19 18:14:01
2669,Bhutte ka Kees,68,Street Food,47,127,64.6,36.1,2025-09-17 19:57:08
2670,Macher Jhol,88,Mid-range Restaurant,297,656,61.3,29.8,2026-01-09 16:33:42
2671,Dal Makhani,37,Local Eatery,133,143,63.5,32.4,2025-07-01 07:21:36
2672,Grandma's Sandesh,17,Sweet Shop,208,239,66.8,21.5,2026-03-27 16:49:25
2673,Grandma's Hyderabadi Biryani,51,Mid-range Restaurant,384,663,72.4,16.5,2025-09-04 01:51:46
2674,Uttapam,55,Street Food,57,68,74.7,9.7,2025-12-09 09:20:09
2675,Spicy Kachori,127,Local Eatery,66,254,72.8,12.8,2025-02-10 01:51:43
2676,Festival Macher Jhol,16,Local Eatery,70,159,58.6,18.5,2025-03-13 12:51:13
2677,Traditional Sandesh,17,Roadside Stall,41,72,76.4,14.9,2025-01-12 11:33:32
2678,Special Malai Kofta,125,Street Food,25,113,77.6,10.0,2025-09-06 14:47:20
2679,Authentic Rava Kesari,109,Fine Dining,1359,1477,68.2,21.1,2025-01-02 18:52:03
2680,Kachori,37,Local Eatery,178,291,79.3,6.0,2025-07-24 11:51:24
2681,Chef's Dalma,46,Street Food,26,59,58.0,22.2,2026-01-26 01:43:59
2682,Pesarattu,111,Street Food,61,88,56.3,42.7,2025-03-16 10:32:34
2683,Authentic Bebinca,75,Fine Dining,991,1076,51.7,23.0,2025-09-06 08:43:49
2684,Butter Chicken,37,Fine Dining,934,1455,58.6,39.3,2025-04-20 05:53:49
2685,Authentic Dhokla,33,Street Food,60,99,85.2,0,2025-05-24 01:32:09
2686,Grandma's Rosogolla,46,Sweet Shop,37,95,91.0,0,2025-02-06 00:09:30
2687,Chef's Bhutte ka Kees,20,Mid-range Restaurant,257,381,74.5,8.7,2026-05-14 10:56:40
2688,Family Recipe Aloo Posto,45,Street Food,47,77,60.7,32.0,2025-09-18 14:49:36
2689,Classic Rava Kesari,106,Mid-range Restaurant,245,511,67.9,26.1,2025-08-20 10:10:22
2690,Homestyle Mysore Pak,114,Roadside Stall,47,112,69.1,14.6,2025-02-12 08:07:01
2691,Aloo Paratha,92,Sweet Shop,201,332,76.2,14.4,2025-07-08 08:34:58
2692,Quick-bite Modak,71,Sweet Shop,122,222,76.0,14.4,2025-10-04 16:15:41
2693,Special Chak-hao Kheer,104,Local Eatery,109,222,66.7,18.3,2025-02-21 12:35:13
2694,Sol Kadhi,69,Mid-range Restaurant,276,613,72.2,17.2,2025-11-20 13:09:38
2695,Royal Rava Kesari,107,Mid-range Restaurant,262,399,68.1,21.9,2025-10-16 01:31:10
2696,Kadhi Chawal,41,Mid-range Restaurant,351,583,79.2,8.1,2025-09-20 13:58:02
2697,Idiyappam,54,Sweet Shop,134,209,80.7,7.1,2026-03-24 20:21:20
2698,Traditional Dalma,87,Local Eatery,172,298,78.8,11.1,2026-01-19 14:06:30
2699,Royal Kadhi Chawal,39,Street Food,40,132,70.2,20.3,2025-11-21 22:34:00
2700,Traditional Idiyappam,51,Local Eatery,180,274,62.9,27.8,2026-01-24 12:36:51
2701,Quick-bite Puttu Kadala,110,Street Food,70,148,55.0,38.4,2026-04-04 10:49:41
2702,Payasam,61,Roadside Stall,65,117,49.5,25.4,2025-06-24 10:54:38
2703,Royal Rajma Chawal,129,Roadside Stall,56,78,78.4,4.7,2025-07-10 04:12:24
2704,Chef's Meen Curry,6,Fine Dining,560,1535,78.3,10.3,2025-01-04 03:48:46
2705,Undhiyu,25,Fine Dining,1481,2058,87.0,0,2025-04-19 16:37:57
2706,Quick-bite Sarson da Saag,99,Local Eatery,75,158,67.8,14.4,2025-08-20 08:19:49
2707,Family Recipe Vada Sambar,114,Mid-range Restaurant,223,616,74.6,16.6,2025-05-08 17:31:43
2708,Kadhi Chawal,100,Local Eatery,177,291,57.8,19.9,2025-04-18 17:27:18
2709,Chef's Momos,77,Roadside Stall,31,105,84.1,0.6,2026-06-03 16:07:37
2710,Dhokla,29,Fine Dining,1235,1843,74.2,7.6,2025-11-15 10:55:01
2711,Masala Dosa,116,Roadside Stall,29,66,64.8,26.7,2025-01-26 12:34:56
2712,Royal Misal Pav,27,Roadside Stall,16,40,68.0,24.9,2026-03-17 22:26:34
2713,Quick-bite Goan Fish Curry,70,Street Food,44,82,60.0,44.2,2025-06-17 08:10:13
2714,Kachori,122,Local Eatery,147,227,73.0,8.6,2025-02-05 09:52:04
2715,Bhutte ka Kees,68,Fine Dining,1005,2244,59.2,17.8,2025-07-14 23:49:31
2716,Local Favourite Pav Bhaji,24,Mid-range Restaurant,192,597,43.2,67.6,2026-05-25 15:39:23
2717,Authentic Chole Bhature,42,Fine Dining,1373,2237,88.3,0,2026-02-27 18:19:26
2718,Pitha,9,Roadside Stall,17,58,63.1,16.3,2025-06-05 18:56:11
2719,Deluxe Malpua,67,Local Eatery,67,130,64.4,14.2,2025-02-17 16:16:10
2720,Amritsari Kulcha,123,Roadside Stall,21,57,88.0,0,2025-03-04 00:16:42
2721,Signature Chak-hao Kheer,83,Sweet Shop,52,315,52.7,53.4,2025-03-17 22:23:53
2722,Authentic Momos,80,Fine Dining,1185,1203,55.9,50.0,2026-03-08 13:58:51
2723,Special Undhiyu,23,Roadside Stall,44,92,64.3,35.0,2026-06-26 12:45:25
2724,Spicy Sabudana Khichdi,20,Roadside Stall,38,110,67.1,29.2,2025-05-26 15:40:08
2725,Momos,19,Street Food,24,115,71.8,17.7,2025-03-28 08:53:41
2726,Amritsari Kulcha,98,Local Eatery,91,265,55.3,30.2,2025-02-07 04:38:36
2727,Sabudana Khichdi,20,Local Eatery,102,125,68.4,23.2,2026-05-30 02:30:59
2728,Special Vada Sambar,48,Mid-range Restaurant,326,508,56.3,28.4,2026-05-25 12:30:12
2729,Special Kadhi Chawal,128,Sweet Shop,123,277,71.3,21.5,2025-12-29 09:01:23
2730,Premium Dahi Vada,139,Roadside Stall,37,101,67.5,16.4,2026-03-19 21:32:32
2731,Homestyle Idli Sambar,57,Roadside Stall,55,109,79.6,6.0,2025-09-28 04:43:52
2732,Grandma's Pork with Bamboo Shoot,103,Roadside Stall,33,61,84.3,0.6,2026-05-11 16:00:24
2733,Authentic Sol Kadhi,23,Local Eatery,157,259,68.1,10.7,2025-10-25 07:33:57
2734,Meen Curry,3,Street Food,57,150,88.0,0,2025-06-22 19:22:13
2735,Vada Sambar,2,Fine Dining,1381,1759,61.6,36.2,2026-02-02 15:27:50
2736,Homestyle Filter Coffee,114,Sweet Shop,135,354,73.3,7.8,2025-07-31 05:23:28
2737,Authentic Sol Kadhi,26,Street Food,80,116,56.4,34.4,2025-03-28 11:10:04
2738,Family Recipe Puran Poli,32,Local Eatery,130,177,57.1,35.4,2025-08-09 12:26:17
2739,Roadside Idiyappam,4,Local Eatery,127,186,66.1,25.1,2026-04-08 12:50:24
2740,Homestyle Momos,77,Street Food,54,121,75.5,7.0,2025-10-17 17:42:11
2741,Goan Fish Curry,27,Mid-range Restaurant,165,496,57.9,47.7,2025-12-11 02:02:56
2742,Village-style Dal Makhani,38,Street Food,75,122,52.9,46.2,2026-06-01 10:43:26
2743,Golgappa,93,Roadside Stall,63,102,72.7,7.8,2026-02-24 18:42:25
2744,Uttapam,5,Street Food,56,108,60.6,16.9,2025-09-16 14:00:37
2745,Bebinca,33,Street Food,53,99,70.7,15.6,2025-12-19 17:38:19
2746,Authentic Goan Fish Curry,74,Local Eatery,70,244,72.2,16.2,2026-04-19 23:45:25
2747,Local Favourite Masala Dosa,58,Mid-range Restaurant,404,700,76.7,14.6,2026-06-08 06:27:55
2748,Festival Rasam,59,Street Food,38,60,59.5,35.5,2025-12-12 08:33:20
2749,Local Favourite Sabudana Khichdi,65,Street Food,60,112,73.7,19.8,2026-01-18 21:56:21
2750,Homestyle Kadhi Chawal,96,Mid-range Restaurant,245,549,86.5,0,2025-11-22 12:37:29
2751,Kothu Parotta,111,Mid-range Restaurant,228,504,75.6,11.8,2025-01-12 11:22:57
2752,Street-side Rajma Chawal,97,Fine Dining,970,1472,60.2,37.4,2025-10-16 08:41:17
2753,Special Idli Sambar,114,Local Eatery,116,232,50.9,29.6,2026-05-31 15:39:36
2754,Sandesh,18,Street Food,37,92,59.4,16.0,2025-08-06 18:09:23
2755,Meen Curry,50,Local Eatery,141,252,63.3,20.9,2026-01-23 12:07:00
2756,Homestyle Aloo Posto,47,Sweet Shop,77,210,80.0,8.4,2025-05-16 05:37:30
2757,Village-style Rava Kesari,55,Street Food,55,75,70.1,11.2,2025-03-27 21:56:14
2758,Axone,85,Fine Dining,1114,1345,64.8,20.3,2025-12-23 03:43:42
2759,Prawn Balchao,73,Fine Dining,678,2396,71.8,20.7,2025-01-12 14:37:09
2760,Family Recipe Sarson da Saag,42,Street Food,50,87,59.5,19.7,2025-09-20 11:36:15
2761,Puran Poli,75,Street Food,61,139,88.1,0,2025-10-28 11:52:13
2762,Roadside Idli Sambar,58,Local Eatery,137,258,67.6,29.3,2026-06-21 01:29:16
2763,Family Recipe Sol Kadhi,24,Mid-range Restaurant,230,547,54.4,23.2,2025-08-23 14:20:58
2764,Extra Cheesy Misal Pav,23,Local Eatery,175,200,66.2,16.7,2025-05-17 18:36:36
2765,Premium Smoked Pork,104,Street Food,70,108,93.8,0,2025-01-26 15:28:51
2766,Traditional Filter Coffee,56,Roadside Stall,17,65,73.0,20.7,2025-10-06 07:02:36
2767,Authentic Chettinad Chicken,2,Street Food,26,49,74.5,14.4,2025-06-14 09:22:31
2768,Aloo Paratha,96,Street Food,27,37,47.5,23.5,2026-03-28 20:55:38
2769,Royal Shorshe Ilish,88,Local Eatery,167,220,66.9,26.5,2025-08-07 01:59:14
2770,Rajma Chawal,127,Mid-range Restaurant,308,319,79.5,7.1,2026-04-28 20:22:43
2771,Homestyle Aloo Paratha,37,Mid-range Restaurant,261,340,80.0,3.5,2025-10-27 02:14:20
2772,Chaat Papdi,120,Mid-range Restaurant,319,521,63.0,32.6,2025-07-10 08:18:09
2773,Masala Dosa,114,Mid-range Restaurant,250,606,75.8,15.6,2025-03-04 08:31:02
2774,Meen Curry,116,Sweet Shop,139,236,47.6,30.4,2026-01-01 18:47:51
2775,Authentic Uttapam,108,Roadside Stall,25,105,50.3,50.0,2025-09-07 10:42:37
2776,Street-side Malai Kofta,123,Street Food,27,56,53.9,21.2,2025-03-30 10:49:28
2777,Golgappa,101,Fine Dining,524,1325,76.3,10.2,2025-11-29 02:37:54
2778,Traditional Pesarattu,53,Local Eatery,147,281,53.3,32.6,2025-05-01 15:13:56
2779,Authentic Kosha Mangsho,19,Sweet Shop,162,356,62.8,27.0,2025-11-18 15:06:18
2780,Special Meen Curry,57,Local Eatery,137,226,57.8,17.6,2025-07-10 04:10:15
2781,Traditional Axone,117,Roadside Stall,51,119,78.5,10.7,2026-06-26 14:27:15
2782,Authentic Momos,19,Mid-range Restaurant,407,611,67.1,15.2,2026-01-07 20:30:18
2783,Roadside Dalma,138,Sweet Shop,171,232,82.2,3.3,2025-09-24 00:38:06
2784,Aloo Posto,19,Local Eatery,65,99,51.3,31.3,2025-01-24 13:27:50
2785,Mutton Rogan Josh,100,Fine Dining,799,1185,69.2,25.9,2025-06-21 03:13:47
2786,Authentic Rajma Chawal,95,Mid-range Restaurant,311,497,59.4,40.2,2025-07-13 07:57:55
2787,Local Favourite Mutton Rogan Josh,126,Fine Dining,1128,2099,92.7,0,2025-12-09 18:10:57
2788,Quick-bite Kadhi Chawal,131,Local Eatery,95,252,62.9,23.0,2025-04-04 10:48:38
2789,Rava Kesari,6,Mid-range Restaurant,152,585,74.6,18.4,2025-11-22 07:07:18
2790,Smoked Pork,84,Street Food,38,134,47.1,41.9,2025-04-09 03:46:11
2791,Signature Mysore Pak,115,Local Eatery,154,245,78.6,8.6,2026-03-30 20:16:04
2792,Bisi Bele Bath,56,Street Food,36,119,52.3,36.8,2026-05-26 02:34:48
2793,Family Recipe Butter Chicken,96,Local Eatery,97,233,70.4,26.0,2026-06-20 14:34:43
2794,Rava Kesari,2,Sweet Shop,175,303,84.6,0.3,2025-04-01 06:26:57
2795,Street-side Sandesh,134,Local Eatery,89,265,75.7,7.1,2025-08-16 06:33:05
2796,Idiyappam,116,Local Eatery,116,291,79.6,4.3,2025-02-13 13:47:06
2797,Puran Poli,70,Fine Dining,999,1828,80.8,4.8,2025-11-04 03:14:25
2798,Mysore Pak,51,Roadside Stall,42,77,38.4,31.7,2025-04-18 10:26:23
2799,Butter Chicken,39,Sweet Shop,203,345,63.1,37.3,2025-04-09 06:08:03
2800,Festival Sarson da Saag,100,Local Eatery,114,239,77.8,7.6,2026-01-31 17:55:57
2801,Premium Malai Kofta,43,Sweet Shop,193,224,78.5,6.9,2025-09-18 15:26:38
2802,Bafla,65,Roadside Stall,23,36,74.0,11.5,2025-11-22 16:26:23
2803,Street-side Khandvi,72,Local Eatery,78,154,76.0,13.6,2025-03-14 16:29:22
2804,Curd Rice,56,Street Food,29,52,86.7,0,2025-03-27 05:24:42
2805,Mutton Rogan Josh,122,Sweet Shop,194,219,73.3,7.7,2026-02-11 22:37:34
2806,Deluxe Chole Bhature,131,Street Food,27,73,47.9,33.0,2025-09-28 17:50:00
2807,Village-style Smoked Pork,104,Sweet Shop,84,263,57.7,37.2,2025-03-22 00:34:40
2808,Chef's Bhel Puri,71,Fine Dining,827,1558,72.0,10.9,2026-05-01 00:52:43
2809,Local Favourite Filter Coffee,4,Mid-range Restaurant,345,499,69.8,18.0,2025-12-17 03:34:35
2810,Poha Jalebi,68,Roadside Stall,17,46,86.2,0,2026-05-26 08:26:53
2811,Premium Misal Pav,27,Roadside Stall,56,111,58.5,38.2,2025-12-05 14:21:04
2812,Grandma's Pav Bhaji,24,Fine Dining,934,2003,92.7,0,2026-03-18 18:16:21
2813,Extra Cheesy Litti Chokha,121,Sweet Shop,212,355,58.4,22.3,2025-11-18 10:13:25
2814,Chingri Malai Curry,17,Street Food,62,140,58.7,21.8,2025-10-04 22:19:57
2815,Quick-bite Macher Jhol,139,Mid-range Restaurant,375,461,73.4,10.4,2025-07-05 23:01:37
2816,Deluxe Dal Bafla,64,Fine Dining,1175,1475,51.0,57.3,2026-06-29 00:23:06
2817,Festival Lassi,124,Sweet Shop,114,400,82.7,3.9,2025-11-29 05:58:05
2818,Tandoori Roti,125,Local Eatery,60,108,81.7,3.3,2025-05-03 09:41:45
2819,Dal Makhani,119,Fine Dining,1106,2263,82.6,2.1,2025-09-03 22:53:30
2820,Litti,18,Sweet Shop,45,139,64.4,34.0,2025-10-15 20:47:44
2821,Smoked Pork,77,Street Food,79,141,57.7,46.4,2026-02-20 16:18:29
2822,Paneer Tikka,121,Local Eatery,131,183,90.1,0,2025-12-31 09:27:14
2823,Royal Pitha,117,Roadside Stall,33,60,64.4,29.5,2026-01-09 09:29:02
2824,Chef's Litti Chokha,130,Roadside Stall,18,29,69.6,10.8,2025-02-26 20:14:12
2825,Roadside Bamboo Shoot Curry,13,Mid-range Restaurant,298,558,59.2,36.5,2025-02-10 06:09:49
2826,Dalma,90,Sweet Shop,199,323,93.7,0,2026-04-26 19:48:30
2827,Quick-bite Filter Coffee,110,Fine Dining,610,1390,66.4,24.8,2025-09-29 17:59:37
2828,Extra Cheesy Smoked Pork,103,Street Food,68,145,84.5,0.4,2025-07-26 14:51:55
2829,Masala Dosa,5,Local Eatery,80,300,83.8,2.1,2026-06-08 20:55:26
2830,Mutton Rogan Josh,98,Roadside Stall,27,60,53.6,22.2,2025-02-28 23:36:06
2831,Sabudana Khichdi,67,Fine Dining,521,1272,78.3,7.9,2025-07-08 22:26:47
2832,Royal Idli Sambar,108,Sweet Shop,180,219,50.0,60.7,2025-01-29 20:22:28
2833,Special Vada Pav,25,Local Eatery,113,125,44.1,26.1,2025-11-08 17:15:12
2834,Pitha,90,Sweet Shop,96,345,87.3,0,2026-03-09 02:17:17
2835,Classic Puttu Kadala,53,Roadside Stall,60,83,66.1,31.6,2026-04-12 03:06:13
2836,Deluxe Filter Coffee,48,Fine Dining,1083,1279,82.9,2.2,2026-01-28 12:32:32
2837,Vada Sambar,106,Local Eatery,163,212,42.9,35.8,2026-01-20 08:46:08
2838,Spicy Kachori,36,Roadside Stall,24,73,67.6,17.4,2026-04-06 00:14:24
2839,Authentic Golgappa,43,Street Food,24,122,85.7,0,2025-04-20 17:05:43
2840,Idiyappam,6,Street Food,58,116,81.7,3.2,2026-04-03 16:00:40
2841,Classic Naga Chutney,7,Local Eatery,123,162,67.9,23.6,2025-02-14 06:55:50
2842,Puttu Kadala,51,Sweet Shop,85,290,75.3,14.7,2025-06-05 22:40:09
2843,Street-side Uttapam,4,Street Food,26,103,83.0,2.6,2025-02-21 05:42:16
2844,Pongal,114,Mid-range Restaurant,422,454,56.7,38.8,2025-06-29 03:27:33
2845,Roadside Dalma,86,Roadside Stall,53,111,57.1,39.6,2026-04-28 20:09:48
2846,Idli Sambar,59,Sweet Shop,143,259,68.9,14.3,2025-11-21 06:28:08
2847,Dal Makhani,101,Street Food,85,145,82.6,1.8,2025-04-17 11:49:46
2848,Special Pongal,110,Roadside Stall,34,102,86.5,0,2025-12-22 17:42:40
2849,Traditional Curd Rice,1,Street Food,24,78,77.9,12.3,2026-06-08 18:40:04
2850,Premium Poha Jalebi,63,Local Eatery,137,261,75.9,8.6,2025-04-19 08:37:14
2851,Bhel Puri,25,Sweet Shop,108,189,77.5,10.0,2026-01-04 10:54:46
2852,Pitha,105,Sweet Shop,56,273,82.6,2.7,2026-06-21 00:00:25
2853,Signature Bhel Puri,26,Local Eatery,144,289,73.3,20.5,2025-11-14 19:25:35
2854,Festival Mysore Pak,61,Sweet Shop,200,301,43.2,61.6,2025-11-04 23:31:27
2855,Local Favourite Chaat Papdi,42,Local Eatery,83,201,69.2,17.9,2026-06-21 19:35:39
2856,Butter Chicken,132,Local Eatery,117,291,67.8,29.9,2025-09-10 07:54:57
2857,Dal Makhani,44,Roadside Stall,58,113,73.2,15.7,2025-12-27 05:51:01
2858,Quick-bite Khandvi,75,Mid-range Restaurant,424,488,54.2,31.1,2026-01-06 04:51:46
2859,Authentic Chaat Papdi,123,Roadside Stall,46,104,63.3,27.3,2025-05-26 23:50:47
2860,Homestyle Malai Kofta,95,Street Food,57,82,81.1,2.9,2025-10-29 00:06:44
2861,Festival Zan,85,Roadside Stall,19,46,75.0,17.4,2025-10-01 18:41:45
2862,Special Mutton Rogan Josh,102,Fine Dining,582,1919,52.6,57.4,2026-02-13 05:33:39
2863,Idli Sambar,110,Mid-range Restaurant,172,186,79.2,4.8,2025-07-29 12:52:18
2864,Extra Cheesy Pitha,47,Fine Dining,857,2176,70.4,9.6,2025-06-30 21:50:30
2865,Quick-bite Hyderabadi Biryani,5,Street Food,33,136,85.6,0,2025-01-11 05:55:51
2866,Village-style Litti,17,Sweet Shop,39,301,62.3,29.2,2025-01-18 19:57:46
2867,Premium Fish Tenga,103,Local Eatery,80,148,84.3,0.8,2025-06-13 17:58:51
2868,Festival Modak,31,Local Eatery,173,188,41.1,76.5,2026-05-12 06:40:47
2869,Masala Dosa,51,Local Eatery,175,234,77.0,8.9,2025-07-21 14:35:35
2870,Traditional Curd Rice,116,Sweet Shop,192,275,95.3,0,2025-09-11 16:51:12
2871,Roadside Rajma Chawal,127,Sweet Shop,182,286,86.8,0,2026-01-21 06:48:53
2872,Local Favourite Poha Jalebi,66,Fine Dining,1307,1743,66.3,18.0,2025-10-17 11:12:57
2873,Bisi Bele Bath,57,Mid-range Restaurant,344,689,69.1,20.0,2026-02-21 16:19:26
2874,Village-style Curd Rice,108,Sweet Shop,98,367,58.2,25.6,2025-06-27 14:10:30
2875,Malai Kofta,91,Fine Dining,1352,2374,59.2,45.8,2025-08-21 19:03:55
2876,Traditional Lassi,133,Sweet Shop,147,278,66.4,21.7,2026-01-30 11:48:11
2877,Thepla,75,Sweet Shop,134,255,77.2,10.8,2025-08-22 14:41:07
2878,Chila,63,Roadside Stall,17,72,43.0,61.7,2025-08-26 08:49:34
2879,Street-side Chak-hao Kheer,82,Sweet Shop,38,353,56.8,26.0,2025-12-26 23:54:49
2880,Street-side Butter Chicken,43,Mid-range Restaurant,238,636,75.4,8.0,2025-02-05 11:30:25
2881,Chaat Papdi,120,Fine Dining,1428,1728,84.0,1.3,2025-07-29 10:28:26
2882,Homestyle Litti,89,Street Food,28,91,54.3,39.0,2025-09-30 18:10:24
2883,Puran Poli,29,Sweet Shop,208,380,38.6,83.1,2025-01-18 23:43:36
2884,Royal Idiyappam,48,Mid-range Restaurant,266,309,54.4,35.4,2025-07-25 16:39:47
2885,Puttu Kadala,60,Mid-range Restaurant,246,296,82.0,4.4,2025-03-20 02:46:03
2886,Dhokla,29,Roadside Stall,16,61,95.2,0,2025-10-06 01:02:21
2887,Roadside Rasam,48,Fine Dining,1360,2148,87.1,0,2025-09-25 03:37:06
2888,Street-side Goan Fish Curry,29,Fine Dining,728,1820,57.8,39.7,2025-09-29 22:17:14
2889,Sandesh,90,Mid-range Restaurant,370,400,82.1,4.6,2026-05-02 01:56:13
2890,Classic Sabudana Khichdi,21,Fine Dining,1181,1814,65.5,20.1,2026-06-16 11:35:21
2891,Rasam,57,Fine Dining,638,1618,57.5,44.4,2025-11-19 21:49:38
2892,Traditional Pork with Bamboo Shoot,117,Fine Dining,597,2334,54.5,21.5,2025-09-04 13:53:34
2893,Mutton Rogan Josh,122,Sweet Shop,72,299,61.4,17.0,2025-11-26 13:48:14
2894,Roadside Naga Chutney,8,Roadside Stall,65,116,69.6,12.2,2026-04-03 14:39:12
2895,Quick-bite Shorshe Ilish,16,Roadside Stall,42,82,42.4,68.7,2026-04-26 09:03:01
2896,Macher Jhol,87,Street Food,59,111,44.4,40.4,2026-04-24 02:35:44
2897,Litti Chokha,139,Sweet Shop,215,332,69.6,21.7,2025-03-19 15:21:22
2898,Chef's Chhena Poda,45,Local Eatery,165,274,72.9,15.3,2025-01-30 21:17:15
2899,Naga Chutney,79,Street Food,57,150,55.3,23.0,2026-04-18 02:20:17
2900,Deluxe Chila,63,Sweet Shop,67,360,56.8,41.4,2025-03-25 03:52:22
2901,Authentic Bafla,64,Mid-range Restaurant,376,579,70.6,19.1,2025-02-19 15:37:05
2902,Classic Goan Fish Curry,29,Street Food,56,146,61.5,39.3,2026-02-09 22:25:52
2903,Traditional Rava Kesari,52,Roadside Stall,38,76,87.7,0,2025-01-30 14:52:59
2904,Signature Golgappa,41,Sweet Shop,57,231,41.5,33.8,2026-03-31 00:44:16
2905,Modak,30,Fine Dining,1424,2129,82.5,4.2,2025-06-15 22:20:30
2906,Nihari,42,Local Eatery,147,178,80.0,7.4,2026-01-15 22:49:23
2907,Authentic Payasam,59,Roadside Stall,50,75,67.8,28.9,2025-09-08 07:25:04
2908,Extra Cheesy Appam with Stew,114,Fine Dining,616,2208,43.5,31.7,2026-02-04 02:45:38
2909,Homestyle Meen Curry,116,Mid-range Restaurant,327,641,79.9,8.2,2025-03-04 21:29:10
2910,Street-side Tandoori Roti,96,Mid-range Restaurant,176,196,82.5,2.0,2025-04-12 16:45:07
2911,Traditional Nihari,97,Roadside Stall,54,66,86.1,0,2025-08-29 12:49:38
2912,Family Recipe Rosogolla,89,Roadside Stall,40,107,80.7,2.8,2026-05-19 18:17:45
2913,Jadoh,13,Sweet Shop,82,231,68.2,24.0,2026-06-12 17:18:23
2914,Special Sandesh,90,Sweet Shop,67,199,81.7,4.1,2025-03-16 18:23:03
2915,Thukpa,12,Sweet Shop,63,301,56.6,18.7,2025-09-01 13:24:25
2916,Traditional Thepla,26,Street Food,32,111,64.0,16.4,2025-03-18 12:55:11
2917,Festival Idiyappam,61,Local Eatery,82,100,81.0,6.0,2026-06-17 03:57:35
2918,Village-style Chila,20,Sweet Shop,135,258,68.5,10.1,2026-02-22 11:11:10
2919,Modak,23,Sweet Shop,127,143,70.5,17.6,2025-08-26 21:02:08
2920,Signature Kachori,125,Street Food,22,77,53.7,28.4,2025-03-19 10:58:27
2921,Homestyle Zan,13,Fine Dining,747,1307,74.0,18.1,2025-01-22 10:12:47
2922,Premium Kosha Mangsho,137,Local Eatery,87,214,39.2,47.9,2025-03-27 12:57:24
2923,Deluxe Bafla,21,Mid-range Restaurant,365,685,70.8,19.0,2025-09-25 06:48:30
2924,Shorshe Ilish,87,Fine Dining,938,1968,49.6,39.9,2026-06-16 13:18:28
2925,Village-style Goan Fish Curry,30,Local Eatery,168,232,60.5,25.1,2025-03-24 18:16:07
2926,Litti Chokha,35,Fine Dining,1056,1514,89.3,0,2026-01-20 00:38:09
2927,Royal Rasam,54,Roadside Stall,45,91,83.1,1.2,2025-04-19 13:52:18
2928,Rava Kesari,56,Mid-range Restaurant,302,512,86.0,0,2025-11-26 12:50:02
2929,Homestyle Appam with Stew,53,Sweet Shop,58,104,82.3,3.0,2025-03-17 03:46:49
2930,Royal Bamboo Shoot Curry,77,Mid-range Restaurant,411,537,52.5,35.0,2026-02-18 02:40:06
2931,Spicy Appam with Stew,108,Street Food,52,111,64.1,26.0,2026-03-16 03:23:00
2932,Nihari,100,Local Eatery,108,259,73.9,19.5,2025-01-03 07:44:09
2933,Festival Jadoh,8,Sweet Shop,184,358,59.8,37.2,2026-06-21 00:18:28
2934,Malpua,21,Sweet Shop,67,381,52.5,44.6,2026-01-10 19:27:47
2935,Classic Shorshe Ilish,15,Mid-range Restaurant,182,214,87.2,0,2026-06-17 12:20:49
2936,Special Amritsari Kulcha,38,Local Eatery,76,217,55.6,34.6,2026-02-07 19:17:26
2937,Special Masala Dosa,50,Fine Dining,1213,2417,81.1,6.8,2026-05-22 10:13:42
2938,Zan,14,Roadside Stall,54,110,81.7,4.9,2026-05-25 15:52:28
2939,Deluxe Kadhi Bafla,65,Fine Dining,1139,2378,47.4,29.8,2025-04-15 17:15:42
2940,Royal Sol Kadhi,28,Roadside Stall,41,93,94.1,0,2025-03-15 17:27:08
2941,Litti,137,Street Food,75,94,71.5,18.3,2026-06-16 19:56:40
2942,Traditional Smoked Pork,81,Fine Dining,704,2411,51.0,44.7,2025-10-12 16:29:25
2943,Chaat Papdi,91,Fine Dining,605,1472,75.2,13.0,2025-06-19 06:17:49
2944,Village-style Malai Kofta,125,Roadside Stall,28,105,84.4,0.9,2026-05-19 12:38:00
2945,Smoked Pork,14,Local Eatery,149,171,52.6,27.5,2025-01-11 01:44:31
2946,Rajma Chawal,128,Mid-range Restaurant,246,663,78.0,5.6,2025-10-30 03:48:40
2947,Appam with Stew,57,Local Eatery,69,199,75.8,11.3,2025-07-27 23:25:28
2948,Street-side Chak-hao Kheer,10,Roadside Stall,18,59,70.9,11.2,2025-10-05 11:45:21
2949,Puran Poli,76,Roadside Stall,29,82,78.4,11.1,2025-07-02 01:54:20
2950,Dhokla,32,Sweet Shop,85,173,54.9,29.7,2025-09-23 15:49:19
2951,Roadside Sol Kadhi,28,Roadside Stall,59,116,57.3,35.2,2025-02-21 20:39:42
2952,Kadhi Bafla,66,Street Food,43,143,57.6,43.1,2025-04-05 09:11:25
2953,Traditional Shorshe Ilish,139,Mid-range Restaurant,333,475,51.3,28.6,2026-03-07 23:18:58
2954,Traditional Malpua,65,Fine Dining,722,2321,47.0,33.9,2026-01-01 06:54:13
2955,Naga Chutney,103,Roadside Stall,17,110,74.9,14.5,2025-08-26 13:31:44
2956,Extra Cheesy Malai Kofta,93,Mid-range Restaurant,166,356,78.6,7.4,2026-05-10 00:51:10
2957,Special Pesarattu,49,Roadside Stall,19,37,85.6,0,2026-04-28 21:19:44
2958,Spicy Tandoori Roti,121,Fine Dining,1209,1497,53.1,44.3,2025-08-17 03:36:12
2959,Deluxe Chettinad Chicken,3,Local Eatery,142,195,79.7,9.2,2025-03-15 01:21:39
2960,Chhena Poda,135,Street Food,72,113,57.4,24.3,2025-08-31 20:36:52
2961,Momos,79,Street Food,59,106,62.0,22.0,2026-03-06 07:56:56
2962,Homestyle Dhokla,70,Mid-range Restaurant,275,698,83.7,1.4,2026-06-26 22:11:41
2963,Spicy Zan,79,Street Food,35,130,79.8,5.8,2025-02-20 14:01:47
2964,Roadside Shorshe Ilish,87,Roadside Stall,33,56,63.9,21.6,2026-04-28 08:13:34
2965,Dahi Vada,139,Fine Dining,539,1204,64.0,28.6,2025-08-22 01:55:57
2966,Premium Thukpa,84,Local Eatery,109,138,77.5,11.9,2025-02-24 20:03:47
2967,Chef's Fish Tenga,7,Mid-range Restaurant,286,388,80.2,6.3,2025-05-17 06:13:20
2968,Family Recipe Fish Tenga,10,Fine Dining,1228,2019,69.2,22.1,2025-11-25 21:14:33
2969,Family Recipe Chhena Poda,45,Local Eatery,89,236,67.2,22.8,2025-03-14 03:07:55
2970,Litti,17,Local Eatery,137,151,83.6,2.2,2025-08-26 07:44:54
2971,Authentic Undhiyu,33,Fine Dining,934,2323,56.9,42.0,2025-07-29 20:07:37
2972,Pork with Bamboo Shoot,105,Sweet Shop,162,309,75.5,16.6,2025-07-19 21:25:52
2973,Grandma's Meen Curry,54,Sweet Shop,164,271,69.4,20.8,2025-01-29 22:59:45
2974,Kachori,130,Local Eatery,96,169,79.5,4.5,2026-04-27 17:46:44
2975,Classic Malai Kofta,35,Fine Dining,775,1203,65.4,31.3,2026-03-25 15:34:29
2976,Litti Chokha,89,Roadside Stall,66,115,94.2,0,2026-01-08 12:28:14
2977,Quick-bite Puttu Kadala,3,Roadside Stall,42,88,64.8,19.9,2025-03-16 15:55:15
2978,Classic Litti Chokha,121,Fine Dining,627,2280,73.6,9.6,2025-01-30 05:34:41
2979,Authentic Sandesh,88,Fine Dining,717,1289,93.8,0,2026-04-20 04:55:44
2980,Local Favourite Fish Tenga,103,Fine Dining,940,1871,74.9,13.5,2025-07-20 13:27:35
2981,Momos,117,Fine Dining,1217,1272,85.3,0,2025-12-03 11:59:51
2982,Thukpa,14,Street Food,30,43,91.2,0,2026-02-11 16:36:05
2983,Royal Kadhi Bafla,67,Fine Dining,1349,2093,68.7,24.0,2025-01-01 00:57:37
2984,Macher Jhol,87,Fine Dining,1466,1516,78.1,7.3,2026-05-30 08:02:55
2985,Undhiyu,75,Sweet Shop,76,190,62.7,18.9,2025-10-13 18:50:58
2986,Village-style Kothu Parotta,112,Mid-range Restaurant,315,333,76.8,12.6,2025-11-14 07:31:22
2987,Classic Meen Curry,59,Local Eatery,165,266,80.2,4.4,2025-05-19 05:11:06
2988,Uttapam,112,Roadside Stall,52,72,86.7,0,2025-04-07 14:27:19
2989,Authentic Momos,77,Sweet Shop,91,376,64.6,29.5,2026-01-16 23:37:35
2990,Chettinad Chicken,110,Mid-range Restaurant,413,459,76.3,13.2,2025-07-13 16:33:33
2991,Quick-bite Kadhi Chawal,133,Sweet Shop,134,170,77.6,6.2,2026-02-02 19:08:52
2992,Momos,90,Street Food,22,130,49.7,53.5,2025-12-08 04:40:42
2993,Lassi,97,Roadside Stall,56,79,37.0,45.7,2026-01-27 05:55:47
2994,Signature Paneer Tikka,95,Roadside Stall,39,109,46.5,33.1,2025-09-12 09:56:07
2995,Hyderabadi Biryani,107,Sweet Shop,138,203,61.2,33.7,2025-06-14 02:38:05
2996,Chila,67,Fine Dining,1265,1775,60.1,31.0,2026-06-08 17:12:53
2997,Traditional Tandoori Roti,39,Sweet Shop,137,169,70.9,22.7,2025-02-07 03:22:35
2998,Puttu Kadala,115,Mid-range Restaurant,293,485,70.3,24.5,2025-05-15 10:03:35
2999,Local Favourite Hyderabadi Biryani,106,Fine Dining,955,2067,64.1,13.6,2026-04-23 02:30:34
3000,Golgappa,126,Mid-range Restaurant,289,649,62.9,19.6,2025-08-10 13:37:35
3001,Authentic Lassi,129,Local Eatery,117,244,81.6,5.6,2025-01-22 08:34:09
3002,Local Favourite Kadhi Bafla,62,Roadside Stall,45,91,43.2,68.8,2025-01-18 11:56:27
3003,Extra Cheesy Kachori,123,Mid-range Restaurant,377,566,58.3,18.8,2025-09-04 06:59:13
3004,Chef's Tandoori Roti,121,Roadside Stall,18,32,76.7,5.4,2025-08-04 17:52:53
3005,Spicy Chak-hao Kheer,9,Mid-range Restaurant,409,495,60.6,23.1,2025-07-24 13:58:28
3006,Momos,88,Mid-range Restaurant,366,563,60.8,42.2,2025-06-05 13:34:45
3007,Misal Pav,34,Sweet Shop,204,385,80.7,7.0,2025-01-29 14:21:32
3008,Kadhi Bafla,67,Roadside Stall,62,77,48.8,53.7,2025-08-27 23:17:23
3009,Special Kachori,93,Sweet Shop,183,321,74.2,16.0,2025-09-02 04:03:39
3010,Festival Bhutte ka Kees,21,Mid-range Restaurant,407,527,80.2,5.5,2025-08-03 21:43:22
3011,Special Smoked Pork,103,Mid-range Restaurant,390,629,68.9,11.5,2026-05-15 07:20:07
3012,Naga Chutney,105,Mid-range Restaurant,386,694,68.4,23.3,2025-10-25 19:05:32
3013,Butter Chicken,38,Mid-range Restaurant,356,541,92.7,0,2025-01-14 00:43:29
3014,Premium Litti,135,Sweet Shop,72,201,78.3,4.0,2025-05-21 04:24:11
3015,Meen Curry,48,Street Food,60,105,83.7,1.8,2026-04-30 00:12:13
3016,Shorshe Ilish,137,Street Food,52,69,66.0,16.3,2025-03-10 12:54:07
3017,Local Favourite Shorshe Ilish,137,Fine Dining,814,1747,85.1,0,2026-04-04 20:57:06
3018,Undhiyu,24,Roadside Stall,36,67,61.6,22.4,2025-08-23 21:59:38
3019,Chef's Vada Pav,33,Mid-range Restaurant,294,356,41.7,72.6,2026-06-07 02:40:23
3020,Village-style Aloo Paratha,43,Local Eatery,167,222,94.8,0,2026-06-14 16:37:46
3021,Smoked Pork,105,Fine Dining,990,1619,51.1,24.0,2025-06-08 02:33:16
3022,Rajma Chawal,94,Street Food,38,93,72.3,10.6,2025-11-21 23:41:32
3023,Special Naga Chutney,82,Roadside Stall,48,107,73.2,16.1,2026-06-23 20:44:39
3024,Sol Kadhi,31,Mid-range Restaurant,179,499,78.7,8.9,2025-03-01 00:17:58
3025,Local Favourite Malai Kofta,44,Roadside Stall,22,80,70.3,22.2,2025-05-19 02:42:10
3026,Idiyappam,56,Street Food,48,97,73.0,20.9,2025-03-13 05:24:33
3027,Pitha,11,Roadside Stall,19,62,85.0,0,2025-04-09 17:58:23
3028,Family Recipe Sandesh,45,Roadside Stall,38,107,80.1,4.4,2025-02-10 09:45:45
3029,Special Dhokla,27,Local Eatery,120,179,63.3,38.8,2025-08-18 16:40:30
3030,Chef's Thukpa,103,Mid-range Restaurant,332,527,58.0,17.9,2025-02-18 18:09:04
3031,Street-side Pork with Bamboo Shoot,83,Mid-range Restaurant,301,316,69.9,18.7,2026-06-06 17:44:34
3032,Kolhapuri Mutton,26,Sweet Shop,134,328,75.8,8.9,2025-09-01 00:10:19
3033,Zan,82,Sweet Shop,140,210,80.2,4.6,2025-08-24 19:03:49
3034,Bebinca,31,Local Eatery,136,297,51.3,36.7,2026-04-22 19:27:07
3035,Authentic Puran Poli,69,Mid-range Restaurant,192,680,75.9,13.5,2025-03-21 23:39:49
3036,Mysore Pak,6,Sweet Shop,127,331,78.2,4.8,2025-02-15 17:28:48
3037,Authentic Litti,135,Mid-range Restaurant,218,637,79.9,5.5,2025-04-20 19:48:01
3038,Authentic Pongal,107,Street Food,83,115,88.5,0,2026-05-21 04:01:37
3039,Authentic Litti Chokha,98,Local Eatery,140,219,71.7,20.7,2025-03-09 01:41:10
3040,Grandma's Masala Dosa,1,Local Eatery,144,244,71.5,20.4,2026-03-05 04:23:03
3041,Chef's Momos,117,Street Food,25,117,77.3,13.1,2025-07-27 15:25:04
3042,Dahi Vada,87,Mid-range Restaurant,247,541,70.4,10.9,2026-04-19 20:20:48
3043,Deluxe Macher Jhol,90,Sweet Shop,41,220,77.8,8.7,2026-05-15 01:25:43
3044,Village-style Hyderabadi Biryani,6,Fine Dining,544,1143,73.7,9.1,2025-05-22 07:23:59
3045,Poha Jalebi,68,Mid-range Restaurant,394,538,70.0,23.5,2026-06-22 22:48:51
3046,Quick-bite Rosogolla,88,Street Food,84,140,74.8,10.2,2025-11-01 14:04:02
3047,Street-side Sabudana Khichdi,67,Fine Dining,837,2131,83.8,1.3,2025-04-15 11:57:20
3048,Festival Pongal,57,Roadside Stall,47,113,79.5,5.8,2025-11-27 13:09:42
3049,Chef's Uttapam,61,Street Food,73,99,86.0,0,2026-04-05 11:49:00
3050,Uttapam,6,Local Eatery,131,238,40.0,42.1,2026-04-03 14:01:28
3051,Modak,71,Street Food,21,58,72.1,10.9,2025-04-05 04:19:24
3052,Traditional Malpua,66,Sweet Shop,175,259,63.9,27.6,2025-04-05 18:54:06
3053,Kadhi Bafla,67,Mid-range Restaurant,269,436,69.5,19.7,2026-04-03 02:52:54
3054,Spicy Rajma Chawal,92,Sweet Shop,44,342,65.0,17.3,2026-05-26 16:50:13
3055,Golgappa,101,Mid-range Restaurant,411,685,68.1,22.9,2025-11-18 11:07:27
3056,Authentic Smoked Pork,85,Local Eatery,107,286,89.3,0,2025-05-25 03:17:59
3057,Nihari,41,Street Food,34,111,59.3,23.0,2025-06-12 20:30:20
3058,Village-style Smoked Pork,11,Fine Dining,1048,1668,78.0,11.2,2026-01-12 16:16:51
3059,Signature Fish Tenga,105,Roadside Stall,40,85,64.6,25.7,2026-01-08 12:57:04
3060,Roadside Goan Fish Curry,69,Roadside Stall,45,97,54.9,26.4,2026-05-10 03:13:27
3061,Signature Uttapam,52,Mid-range Restaurant,318,635,76.3,14.9,2026-06-28 17:19:21
3062,Sarson da Saag,126,Mid-range Restaurant,194,699,78.1,10.0,2025-08-15 03:06:17
3063,Family Recipe Shorshe Ilish,135,Mid-range Restaurant,211,650,80.2,3.6,2026-04-25 07:30:11
3064,Roadside Kachori,127,Mid-range Restaurant,358,550,81.6,2.3,2025-10-06 05:09:13
3065,Rava Kesari,112,Fine Dining,1042,2278,69.0,27.6,2025-01-07 03:56:34
3066,Chef's Bebinca,13,Roadside Stall,67,88,47.9,27.2,2025-05-29 21:00:40
3067,Classic Thukpa,10,Sweet Shop,193,242,56.6,26.6,2025-04-09 01:31:15
3068,Sandesh,135,Local Eatery,99,278,75.3,11.4,2025-11-15 14:51:54
3069,Bebinca,13,Fine Dining,1170,1280,90.5,0,2026-01-29 03:20:03
3070,Jadoh,9,Local Eatery,176,224,73.7,7.8,2025-09-17 03:34:22
3071,Traditional Rasam,57,Roadside Stall,40,101,93.9,0,2025-09-26 16:25:35
3072,Roadside Jadoh,84,Street Food,64,105,74.8,17.0,2025-02-01 18:29:07
3073,Meen Curry,112,Fine Dining,1148,1440,71.6,8.8,2025-09-16 11:03:27
3074,Vada Sambar,53,Street Food,33,119,78.3,9.7,2025-09-29 02:16:55
3075,Zan,105,Mid-range Restaurant,171,355,93.1,0,2025-10-05 14:43:55
3076,Chef's Pitha,83,Street Food,83,122,65.4,19.3,2025-04-18 18:40:08
3077,Family Recipe Kolhapuri Mutton,23,Fine Dining,766,1221,89.5,0,2026-01-07 00:50:01
3078,Sarson da Saag,132,Street Food,77,89,83.4,2.6,2025-03-05 20:03:34
3079,Village-style Khandvi,26,Fine Dining,883,1651,48.6,46.9,2026-06-19 09:06:27
3080,Undhiyu,71,Roadside Stall,64,84,65.3,27.7,2025-11-30 13:25:01
3081,Festival Khandvi,71,Sweet Shop,92,366,81.4,3.6,2026-03-20 00:21:54
3082,Extra Cheesy Sarson da Saag,122,Mid-range Restaurant,344,517,74.7,6.6,2025-01-15 13:22:37
3083,Lassi,93,Mid-range Restaurant,257,593,83.6,1.2,2025-12-02 11:22:27
3084,Signature Chingri Malai Curry,138,Fine Dining,1319,2483,56.8,21.7,2025-01-03 01:49:34
3085,Bebinca,69,Street Food,82,117,89.8,0,2025-08-20 19:39:48
3086,Chef's Puran Poli,29,Fine Dining,977,1242,95.3,0,2025-03-27 06:37:51
3087,Roadside Puran Poli,32,Local Eatery,158,241,75.8,8.4,2026-05-31 03:10:25
3088,Kosha Mangsho,19,Fine Dining,636,1000,65.9,19.8,2026-01-24 17:39:06
3089,Roadside Shorshe Ilish,87,Mid-range Restaurant,288,629,91.5,0,2025-08-29 00:33:42
3090,Festival Misal Pav,25,Sweet Shop,125,374,59.1,36.2,2025-04-28 18:56:08
3091,Festival Hyderabadi Biryani,61,Mid-range Restaurant,328,620,41.9,66.0,2026-03-29 02:37:38
3092,Premium Chingri Malai Curry,89,Fine Dining,870,1907,51.3,36.8,2025-02-04 10:01:21
3093,Nihari,40,Street Food,44,106,56.3,24.6,2026-05-24 21:49:59
3094,Homestyle Zan,78,Fine Dining,604,1129,67.9,22.4,2025-12-12 07:43:37
3095,Undhiyu,25,Fine Dining,1237,1749,92.3,0,2025-09-29 07:24:50
3096,Bebinca,82,Roadside Stall,60,83,71.8,12.4,2025-11-09 13:41:20
3097,Extra Cheesy Thukpa,10,Roadside Stall,67,101,51.5,23.2,2025-09-28 05:58:16
3098,Fish Tenga,8,Fine Dining,1267,1349,89.3,0,2026-05-17 22:08:54
3099,Street-side Khandvi,70,Fine Dining,1217,2450,57.0,34.6,2025-09-01 17:57:18
3100,Authentic Misal Pav,26,Mid-range Restaurant,271,621,73.6,17.7,2026-03-31 16:13:16
3101,Rasam,109,Mid-range Restaurant,251,665,69.1,28.6,2025-10-13 20:17:09
3102,Premium Nihari,92,Fine Dining,559,1499,53.6,39.0,2025-06-16 12:40:56
3103,Bebinca,70,Local Eatery,162,260,83.0,3.0,2026-04-21 10:13:02
3104,Roadside Uttapam,2,Roadside Stall,44,93,56.1,39.4,2026-04-23 06:51:31
3105,Mysore Pak,59,Local Eatery,100,232,79.0,8.8,2025-11-18 14:23:01
3106,Roadside Uttapam,114,Street Food,45,145,80.9,7.2,2026-06-03 12:13:51
3107,Idli Sambar,3,Local Eatery,162,265,81.1,4.4,2025-10-11 07:34:16
3108,Homestyle Litti Chokha,40,Mid-range Restaurant,242,594,68.5,27.7,2026-01-01 17:45:23
3109,Bhutte ka Kees,68,Roadside Stall,39,103,89.2,0,2025-04-09 01:34:42
3110,Family Recipe Thepla,33,Sweet Shop,198,250,64.5,16.2,2025-10-21 07:10:31
3111,Quick-bite Bhutte ka Kees,22,Sweet Shop,169,324,82.4,2.0,2025-09-16 18:18:16
3112,Classic Smoked Pork,79,Mid-range Restaurant,289,492,87.6,0,2025-05-21 11:32:22
3113,Roadside Lassi,96,Street Food,34,110,51.3,51.5,2026-02-18 11:13:43
3114,Chef's Macher Jhol,88,Fine Dining,692,1748,91.5,0,2025-04-23 03:31:18
3115,Momos,15,Sweet Shop,168,203,78.2,5.8,2025-11-30 02:08:50
3116,Royal Kadhi Chawal,132,Mid-range Restaurant,404,455,61.5,33.0,2025-05-09 18:58:08
3117,Thukpa,8,Local Eatery,85,157,64.6,36.1,2025-03-17 16:31:25
3118,Extra Cheesy Dhokla,29,Local Eatery,176,235,40.6,26.7,2026-01-10 03:13:40
3119,Kadhi Chawal,102,Street Food,21,84,77.3,9.1,2025-03-26 04:51:35
3120,Local Favourite Rasam,61,Roadside Stall,38,48,71.2,19.1,2026-06-20 04:41:24
3121,Spicy Litti,17,Street Food,83,102,45.6,49.4,2026-02-05 21:39:00
3122,Malai Kofta,102,Street Food,84,118,82.7,2.0,2025-06-25 16:27:13
3123,Litti Chokha,42,Fine Dining,762,2031,69.1,15.2,2026-04-03 08:26:37
3124,Street-side Chila,22,Sweet Shop,89,109,67.4,29.8,2026-03-19 01:18:44
3125,Bebinca,9,Local Eatery,98,141,65.2,27.6,2025-03-30 22:17:52
3126,Royal Idli Sambar,116,Sweet Shop,125,186,57.6,49.1,2025-04-21 10:49:41
3127,Homestyle Chaat Papdi,101,Local Eatery,75,170,88.1,0,2025-07-13 09:06:14
3128,Paneer Tikka,102,Fine Dining,1314,1331,54.5,22.4,2026-03-20 19:25:17
3129,Village-style Naga Chutney,7,Mid-range Restaurant,413,428,54.6,49.0,2026-04-14 17:45:36
3130,Grandma's Appam with Stew,60,Roadside Stall,67,96,57.8,43.7,2026-05-12 03:41:29
3131,Spicy Poha Jalebi,22,Local Eatery,173,285,64.7,14.2,2025-08-30 22:45:03
3132,Local Favourite Sandesh,87,Sweet Shop,210,308,53.2,52.5,2025-03-05 07:02:11
3133,Special Momos,78,Roadside Stall,30,64,50.3,34.6,2026-02-03 15:14:55
3134,Traditional Butter Chicken,124,Roadside Stall,44,66,71.5,16.1,2026-01-13 10:26:14
3135,Street-side Pork with Bamboo Shoot,7,Roadside Stall,43,60,86.4,0,2025-04-11 15:21:00
3136,Homestyle Chila,65,Fine Dining,759,1876,82.5,3.8,2026-05-06 06:21:37
3137,Traditional Pork with Bamboo Shoot,83,Roadside Stall,31,55,80.5,5.1,2025-11-10 13:44:02
3138,Zan,118,Street Food,69,114,59.7,25.0,2026-05-25 13:45:10
3139,Fish Tenga,117,Sweet Shop,150,354,60.3,21.6,2025-05-18 12:23:48
3140,Extra Cheesy Chila,68,Fine Dining,1417,1967,95.4,0,2025-01-01 06:00:28
3141,Naga Chutney,78,Street Food,58,124,79.4,4.8,2025-04-01 22:17:56
3142,Grandma's Macher Jhol,139,Mid-range Restaurant,298,391,71.2,15.8,2026-03-30 08:30:43
3143,Signature Kadhi Chawal,93,Street Food,33,56,46.8,66.6,2026-03-24 11:50:52
3144,Litti Chokha,122,Mid-range Restaurant,298,652,80.0,5.5,2025-12-25 07:54:08
3145,Nihari,39,Local Eatery,81,190,78.0,6.0,2026-01-29 17:29:09
3146,Sandesh,87,Roadside Stall,15,102,72.1,22.5,2025-10-23 07:55:06
3147,Kosha Mangsho,136,Street Food,75,133,79.3,8.4,2025-05-22 08:39:25
3148,Chef's Thukpa,105,Fine Dining,1300,2432,70.9,19.0,2025-12-10 23:29:44
3149,Extra Cheesy Rasam,113,Fine Dining,541,2101,77.1,10.1,2025-11-12 13:22:57
3150,Traditional Litti Chokha,37,Roadside Stall,26,92,48.7,56.0,2025-02-12 20:31:12
3151,Grandma's Puttu Kadala,113,Roadside Stall,53,89,56.6,39.6,2025-01-26 05:30:31
3152,Family Recipe Naga Chutney,105,Local Eatery,89,148,78.1,10.6,2025-02-10 07:13:13
3153,Premium Tandoori Roti,37,Local Eatery,92,173,67.0,27.8,2025-01-22 09:11:43
3154,Sarson da Saag,97,Street Food,71,125,77.1,6.5,2025-12-06 22:18:47
3155,Shorshe Ilish,138,Roadside Stall,34,55,54.2,31.2,2026-01-10 16:28:46
3156,Momos,13,Mid-range Restaurant,279,560,86.0,0,2025-08-12 03:04:16
3157,Classic Chingri Malai Curry,137,Street Food,21,63,56.3,29.3,2025-08-30 13:47:58
3158,Homestyle Nihari,37,Fine Dining,920,2486,95.1,0,2025-10-11 15:08:29
3159,Homestyle Chhena Poda,86,Fine Dining,1063,2158,76.6,9.5,2025-11-05 06:31:03
3160,Family Recipe Fish Tenga,8,Sweet Shop,181,224,56.4,25.7,2025-02-28 09:05:52
3161,Chole Bhature,124,Sweet Shop,113,328,91.3,0,2026-04-05 17:11:29
3162,Signature Bhel Puri,34,Fine Dining,663,2486,72.5,10.5,2026-06-28 10:45:12
3163,Bafla,20,Roadside Stall,38,100,56.7,44.7,2026-01-04 01:56:22
3164,Deluxe Kadhi Chawal,101,Street Food,50,84,80.6,5.5,2026-01-29 10:55:59
3165,Homestyle Meen Curry,2,Street Food,25,57,72.8,11.9,2026-06-16 21:07:35
3166,Homestyle Dal Bafla,21,Local Eatery,153,163,49.9,58.4,2025-10-08 06:46:28
3167,Roadside Axone,77,Mid-range Restaurant,421,686,76.0,12.5,2026-06-25 17:39:45
3168,Roadside Rosogolla,18,Local Eatery,171,240,64.4,30.6,2025-03-17 20:47:52
3169,Dal Makhani,92,Roadside Stall,43,85,62.3,36.1,2025-06-28 12:00:08
3170,Signature Chole Bhature,102,Mid-range Restaurant,299,685,73.3,20.2,2025-05-27 12:29:29
3171,Masala Dosa,52,Roadside Stall,46,74,86.9,0,2025-06-17 21:39:07
3172,Homestyle Malai Kofta,102,Street Food,53,105,69.7,20.1,2025-06-27 23:06:22
3173,Signature Litti Chokha,35,Sweet Shop,199,345,65.4,28.3,2026-04-28 07:32:53
3174,Royal Momos,118,Sweet Shop,57,356,69.2,21.0,2026-01-11 10:59:33
3175,Premium Vada Pav,34,Street Food,36,51,53.0,40.8,2026-03-03 23:18:45
3176,Traditional Paneer Tikka,91,Local Eatery,132,257,83.9,1.8,2026-03-23 21:17:05
3177,Quick-bite Meen Curry,51,Local Eatery,135,171,65.5,34.3,2026-05-06 14:29:20
3178,Royal Lassi,96,Local Eatery,162,285,50.0,46.3,2025-01-16 01:35:28
3179,Extra Cheesy Lassi,120,Street Food,59,92,63.5,33.8,2025-07-05 00:48:51
3180,Local Favourite Chettinad Chicken,106,Roadside Stall,20,96,88.3,0,2025-02-24 10:34:11
3181,Sandesh,46,Fine Dining,1245,2175,60.3,42.2,2025-12-04 06:52:52
3182,Golgappa,119,Mid-range Restaurant,302,409,76.5,7.1,2025-09-24 02:40:23
3183,Extra Cheesy Bebinca,78,Local Eatery,137,243,66.3,13.7,2025-11-12 10:15:50
3184,Pork with Bamboo Shoot,79,Sweet Shop,41,131,75.8,11.8,2025-06-25 20:17:52
3185,Kolhapuri Mutton,70,Sweet Shop,105,179,63.2,28.3,2025-11-22 06:17:00
3186,Fish Tenga,13,Roadside Stall,33,44,75.4,10.6,2025-10-03 05:18:50
3187,Signature Aloo Paratha,124,Mid-range Restaurant,235,452,67.2,27.3,2026-06-23 22:42:15
3188,Grandma's Paneer Tikka,36,Local Eatery,178,192,59.5,39.2,2025-06-29 08:49:35
3189,Bebinca,14,Mid-range Restaurant,180,657,51.5,33.4,2025-12-29 13:03:19
3190,Bhutte ka Kees,62,Local Eatery,164,197,67.8,29.1,2025-07-20 21:06:47
3191,Spicy Lassi,126,Street Food,21,112,48.3,33.7,2026-04-20 02:14:28
3192,Appam with Stew,58,Sweet Shop,99,338,82.2,2.2,2026-03-23 18:39:53
3193,Litti,138,Sweet Shop,112,335,78.1,11.7,2026-01-09 20:04:21
3194,Grandma's Rajma Chawal,123,Roadside Stall,16,47,56.2,43.9,2025-05-08 00:20:28
3195,Traditional Zan,78,Street Food,25,127,58.4,35.3,2025-01-13 08:22:59
3196,Street-side Pitha,10,Fine Dining,916,1064,84.9,0.1,2025-08-22 21:01:23
3197,Village-style Chaat Papdi,38,Sweet Shop,210,303,64.4,28.6,2025-02-10 18:37:26
3198,Traditional Dhokla,73,Roadside Stall,46,74,79.4,8.4,2025-12-03 05:14:35
3199,Curd Rice,114,Local Eatery,139,199,63.8,18.6,2026-03-23 06:44:05
3200,Homestyle Bebinca,103,Local Eatery,154,210,81.8,4.6,2025-05-16 13:14:29
3201,Golgappa,132,Mid-range Restaurant,383,494,60.9,37.5,2026-02-01 20:38:08
3202,Traditional Kolhapuri Mutton,26,Fine Dining,738,1315,65.4,26.6,2026-06-12 13:28:10
3203,Idli Sambar,54,Fine Dining,817,1034,84.0,0.8,2026-01-05 10:48:59
3204,Quick-bite Poha Jalebi,65,Local Eatery,151,278,55.6,26.2,2025-09-27 09:34:48
3205,Special Axone,12,Local Eatery,91,134,64.7,32.1,2026-01-14 15:10:05
3206,Grandma's Puran Poli,23,Fine Dining,555,2211,74.9,17.8,2026-05-08 11:32:48
3207,Authentic Jadoh,14,Sweet Shop,205,387,63.5,21.7,2025-08-26 07:50:07
3208,Macher Jhol,19,Mid-range Restaurant,340,394,53.9,27.3,2025-01-28 15:30:27
3209,Special Nihari,125,Local Eatery,165,300,79.7,8.8,2025-01-17 13:27:43
3210,Dalma,90,Mid-range Restaurant,280,680,92.3,0,2026-01-01 09:45:05
3211,Puran Poli,29,Mid-range Restaurant,333,597,90.0,0,2025-11-01 17:35:46
3212,Puttu Kadala,111,Sweet Shop,196,239,93.1,0,2025-01-14 13:16:51
3213,Spicy Filter Coffee,111,Street Food,66,131,60.4,18.6,2025-01-01 14:27:47
3214,Special Smoked Pork,118,Mid-range Restaurant,228,266,64.2,26.5,2025-10-27 08:36:21
3215,Spicy Mutton Rogan Josh,129,Fine Dining,1398,1566,63.8,30.2,2026-06-23 01:25:49
3216,Village-style Masala Dosa,109,Roadside Stall,17,40,45.9,66.5,2025-11-21 08:35:14
3217,Prawn Balchao,25,Roadside Stall,24,96,83.4,2.0,2026-03-09 20:13:51
3218,Premium Bhel Puri,26,Mid-range Restaurant,350,696,52.6,55.9,2026-03-07 23:23:18
3219,Macher Jhol,134,Fine Dining,1224,2331,79.7,3.7,2026-06-17 02:17:08
3220,Premium Kachori,91,Mid-range Restaurant,168,568,65.1,21.5,2026-03-09 11:35:06
3221,Family Recipe Chhena Poda,138,Local Eatery,127,145,40.7,77.0,2026-01-15 06:06:30
3222,Festival Butter Chicken,41,Sweet Shop,104,343,55.4,24.6,2025-06-13 17:11:34
3223,Deluxe Kachori,91,Roadside Stall,29,42,90.9,0,2025-11-07 22:55:16
3224,Premium Pongal,114,Roadside Stall,38,61,76.7,8.4,2025-08-09 15:10:49
3225,Mysore Pak,53,Mid-range Restaurant,348,604,61.7,15.0,2025-12-04 16:54:53
3226,Nihari,98,Fine Dining,881,1031,85.1,0,2026-01-17 16:47:49
3227,Spicy Pav Bhaji,26,Fine Dining,546,1275,77.6,11.5,2025-11-09 09:00:18
3228,Rava Kesari,54,Street Food,84,97,87.7,0,2025-06-12 17:31:55
3229,Street-side Butter Chicken,38,Roadside Stall,37,101,65.0,31.0,2025-07-06 14:08:42
3230,Golgappa,121,Street Food,45,67,67.0,25.7,2026-01-09 15:04:28
3231,Khandvi,28,Street Food,67,113,73.5,16.2,2025-01-10 19:09:54
3232,Dhokla,27,Local Eatery,107,191,65.2,12.4,2025-02-14 21:32:06
3233,Sandesh,88,Roadside Stall,62,118,44.9,51.2,2026-03-04 15:12:35
3234,Signature Kothu Parotta,54,Fine Dining,742,1817,72.2,9.8,2025-10-21 05:13:54
3235,Chef's Misal Pav,25,Mid-range Restaurant,277,556,59.4,36.0,2025-01-22 08:34:55
3236,Special Bebinca,8,Mid-range Restaurant,230,554,63.8,36.6,2025-01-14 19:04:22
3237,Royal Sarson da Saag,126,Roadside Stall,51,102,68.4,29.7,2025-11-18 00:41:58
3238,Paneer Tikka,100,Sweet Shop,79,272,51.4,44.6,2025-10-21 06:49:37
3239,Classic Paneer Tikka,41,Mid-range Restaurant,356,394,38.4,35.1,2025-01-30 00:20:50
3240,Deluxe Thepla,34,Fine Dining,1261,2229,70.0,24.3,2025-03-21 06:59:36
3241,Curd Rice,48,Roadside Stall,51,108,45.9,35.8,2026-02-06 05:48:01
3242,Homestyle Nihari,43,Fine Dining,912,1805,45.8,49.0,2025-03-31 03:15:10
3243,Quick-bite Momos,47,Roadside Stall,50,78,81.0,4.7,2026-04-23 01:43:46
3244,Festival Bebinca,9,Local Eatery,113,144,64.7,23.7,2026-04-20 23:09:57
3245,Deluxe Naga Chutney,83,Local Eatery,61,108,55.8,51.8,2026-06-24 02:35:00
3246,Festival Sarson da Saag,39,Fine Dining,695,2188,48.8,59.4,2025-07-02 07:13:37
3247,Deluxe Rajma Chawal,119,Local Eatery,180,199,83.7,2.1,2026-02-19 00:05:35
3248,Authentic Pitha,9,Fine Dining,1146,2358,82.6,4.1,2025-04-05 09:19:42
3249,Homestyle Chila,64,Street Food,53,121,88.7,0,2026-01-25 10:02:23
3250,Prawn Balchao,32,Roadside Stall,23,73,84.1,0.9,2026-05-26 21:51:41
3251,Signature Kadhi Chawal,37,Roadside Stall,57,116,58.9,17.6,2025-02-05 03:49:42
3252,Special Bisi Bele Bath,57,Local Eatery,156,183,72.4,9.2,2026-03-13 19:12:19
3253,Undhiyu,27,Mid-range Restaurant,193,560,78.7,5.0,2026-05-10 03:16:16
3254,Sol Kadhi,30,Mid-range Restaurant,309,549,45.2,41.1,2025-01-02 01:25:07
3255,Bebinca,71,Fine Dining,964,1178,63.3,34.3,2025-12-23 08:07:00
3256,Special Momos,135,Street Food,53,108,80.7,4.6,2025-09-02 10:28:46
3257,Authentic Paneer Tikka,122,Sweet Shop,150,313,62.0,15.3,2025-07-27 22:49:52
3258,Pork with Bamboo Shoot,7,Fine Dining,771,1309,75.9,11.8,2026-02-12 23:36:30
3259,Masala Dosa,116,Local Eatery,137,174,78.8,6.6,2026-04-23 14:01:09
3260,Pav Bhaji,74,Fine Dining,1486,1803,48.8,57.9,2025-01-14 03:26:14
3261,Chettinad Chicken,58,Fine Dining,859,1347,89.3,0,2026-03-09 06:18:26
3262,Axone,12,Fine Dining,747,936,78.1,4.4,2025-01-21 18:53:02
3263,Dahi Vada,137,Mid-range Restaurant,358,416,56.2,25.1,2025-01-30 02:09:10
3264,Homestyle Kadhi Chawal,100,Fine Dining,797,1874,67.9,22.6,2026-03-13 01:49:32
3265,Quick-bite Nihari,97,Mid-range Restaurant,414,459,70.6,24.2,2025-07-11 10:16:47
3266,Royal Chak-hao Kheer,104,Street Food,78,139,70.6,21.7,2025-12-12 06:22:29
3267,Signature Aloo Paratha,125,Mid-range Restaurant,251,675,58.4,47.6,2025-01-29 17:12:46
3268,Royal Pongal,114,Street Food,76,99,74.4,16.0,2025-02-10 10:40:13
3269,Premium Jadoh,10,Street Food,54,100,63.2,37.8,2025-10-05 00:51:15
3270,Quick-bite Kosha Mangsho,86,Mid-range Restaurant,266,394,60.1,34.7,2025-08-24 09:02:20
3271,Classic Pitha,105,Local Eatery,89,244,93.7,0,2026-06-12 22:38:19
3272,Traditional Pork with Bamboo Shoot,7,Street Food,27,76,75.9,14.2,2026-03-30 07:13:25
3273,Shorshe Ilish,47,Local Eatery,152,260,79.1,10.3,2026-04-22 11:02:38
3274,Traditional Chaat Papdi,123,Fine Dining,721,1894,85.2,0,2026-06-24 09:52:12
3275,Village-style Sarson da Saag,40,Sweet Shop,68,178,81.8,5.0,2025-09-29 01:45:23
3276,Shorshe Ilish,135,Local Eatery,166,255,55.4,34.8,2025-10-29 09:13:20
3277,Special Fish Tenga,117,Street Food,50,95,74.5,16.3,2026-01-10 01:46:07
3278,Street-side Chaat Papdi,100,Mid-range Restaurant,336,632,76.7,9.7,2025-06-27 20:47:07
3279,Premium Zan,82,Sweet Shop,61,269,54.2,19.4,2026-06-26 18:04:50
3280,Roadside Curd Rice,49,Fine Dining,713,2401,75.1,14.2,2025-12-14 20:43:24
3281,Filter Coffee,4,Sweet Shop,195,288,66.3,11.3,2025-06-29 05:59:08
3282,Authentic Bisi Bele Bath,61,Street Food,70,130,90.4,0,2025-04-28 05:16:03
3283,Lassi,93,Sweet Shop,44,222,43.0,71.8,2025-10-30 11:30:14
3284,Momos,14,Street Food,27,47,82.9,2.3,2025-11-19 13:20:45
3285,Quick-bite Kosha Mangsho,19,Roadside Stall,31,73,91.6,0,2026-05-02 20:23:18
3286,Rajma Chawal,132,Local Eatery,60,82,77.7,9.3,2025-04-19 16:30:54
3287,Pongal,50,Fine Dining,1352,1466,80.8,6.0,2026-03-12 11:52:30
3288,Authentic Zan,104,Local Eatery,69,94,61.7,21.3,2025-04-07 23:43:32
3289,Chaat Papdi,127,Fine Dining,1376,2129,91.8,0,2025-02-24 12:45:31
3290,Paneer Tikka,36,Roadside Stall,50,68,85.6,0,2025-06-15 16:37:36
3291,Deluxe Chila,21,Fine Dining,564,1880,76.3,15.4,2025-06-23 11:26:23
3292,Chef's Bamboo Shoot Curry,8,Street Food,75,115,68.9,13.3,2026-05-01 23:26:35
3293,Extra Cheesy Shorshe Ilish,17,Street Food,51,79,59.7,32.7,2025-02-22 14:23:19
3294,Classic Chettinad Chicken,59,Roadside Stall,24,115,82.3,4.2,2025-03-20 23:48:21
3295,Premium Shorshe Ilish,45,Roadside Stall,31,118,84.1,1.2,2025-05-09 11:34:28
3296,Pesarattu,48,Fine Dining,1279,1815,61.4,33.5,2025-08-05 06:08:44
3297,Festival Chila,64,Street Food,34,53,63.9,37.2,2025-06-21 11:45:27
3298,Roadside Smoked Pork,12,Sweet Shop,163,179,64.5,24.6,2025-03-08 03:44:16
3299,Grandma's Aloo Posto,86,Sweet Shop,207,231,81.0,6.8,2026-06-27 14:51:21
3300,Village-style Golgappa,43,Roadside Stall,18,49,88.1,0,2026-06-19 11:01:43
3301,Butter Chicken,39,Local Eatery,119,172,52.7,26.3,2025-11-05 05:34:38
3302,Chef's Butter Chicken,102,Mid-range Restaurant,410,572,49.0,56.0,2025-05-17 02:08:03
3303,Premium Axone,82,Fine Dining,979,1454,79.3,10.1,2026-03-20 16:52:30
3304,Payasam,51,Roadside Stall,35,89,48.5,64.0,2025-04-24 10:32:47
3305,Kadhi Bafla,66,Street Food,28,99,77.8,12.9,2025-12-21 05:22:51
3306,Village-style Appam with Stew,4,Mid-range Restaurant,351,695,70.4,16.3,2025-03-22 07:42:12
3307,Festival Mutton Rogan Josh,42,Local Eatery,86,149,44.1,25.2,2025-02-03 08:51:18
3308,Traditional Litti Chokha,93,Roadside Stall,59,78,74.6,8.3,2025-07-16 07:31:45
3309,Extra Cheesy Nihari,36,Local Eatery,162,200,45.3,46.3,2026-02-10 05:14:17
3310,Special Momos,135,Fine Dining,735,2211,69.0,16.4,2025-08-14 17:19:34
3311,Family Recipe Litti Chokha,90,Local Eatery,60,86,75.9,14.7,2026-03-04 12:26:43
3312,Festival Dhokla,76,Sweet Shop,47,280,78.0,5.5,2026-04-22 04:29:25
3313,Local Favourite Appam with Stew,111,Local Eatery,139,232,65.9,13.6,2025-01-16 03:12:41
3314,Special Curd Rice,5,Street Food,58,136,80.9,6.0,2025-04-11 01:24:12
3315,Chettinad Chicken,110,Street Food,46,109,40.4,50.9,2025-04-11 04:46:12
3316,Street-side Malpua,62,Sweet Shop,165,234,37.8,79.5,2026-06-05 03:28:14
3317,Modak,70,Sweet Shop,100,211,95.7,0,2025-06-09 00:05:48
3318,Quick-bite Misal Pav,30,Roadside Stall,16,103,52.4,35.8,2025-11-04 21:20:37
3319,Filter Coffee,57,Fine Dining,1126,1925,83.6,1.6,2026-06-10 02:41:45
3320,Traditional Momos,79,Street Food,52,109,62.5,20.3,2025-01-15 15:34:25
3321,Spicy Amritsari Kulcha,100,Roadside Stall,44,54,44.1,51.4,2025-08-14 08:47:07
3322,Homestyle Naga Chutney,85,Sweet Shop,197,231,71.4,13.0,2026-03-27 13:58:30
3323,Village-style Chettinad Chicken,106,Local Eatery,97,131,53.0,19.4,2025-01-15 02:29:51
3324,Bebinca,105,Fine Dining,601,2107,79.2,4.8,2025-09-14 05:42:39
3325,Grandma's Lassi,42,Local Eatery,149,200,54.0,48.1,2026-03-06 06:35:56
3326,Axone,13,Local Eatery,118,293,69.7,14.8,2025-09-29 17:31:02
3327,Goan Fish Curry,70,Sweet Shop,108,372,95.5,0,2025-09-21 23:29:37
3328,Grandma's Payasam,51,Street Food,31,55,87.6,0,2025-09-10 03:25:36
3329,Naga Chutney,82,Fine Dining,956,2408,73.4,14.5,2025-11-09 03:19:27
3330,Pork with Bamboo Shoot,11,Mid-range Restaurant,422,441,91.8,0,2025-10-06 15:28:48
3331,Village-style Chhena Poda,137,Roadside Stall,45,70,83.7,1.5,2025-08-29 09:27:57
3332,Dhokla,34,Local Eatery,107,296,64.8,28.9,2025-08-18 03:30:30
3333,Street-side Dal Makhani,94,Mid-range Restaurant,358,594,64.5,24.5,2026-04-17 16:16:31
3334,Pav Bhaji,23,Roadside Stall,66,111,59.6,36.8,2025-09-15 08:57:57
3335,Authentic Kachori,120,Mid-range Restaurant,316,675,51.8,59.7,2025-01-01 10:28:58
3336,Quick-bite Nihari,92,Street Food,33,87,77.3,13.5,2025-05-22 00:02:25
3337,Chef's Bebinca,30,Sweet Shop,163,325,81.2,2.6,2026-02-04 05:59:16
3338,Extra Cheesy Bisi Bele Bath,51,Sweet Shop,48,124,77.7,9.9,2026-02-05 22:56:45
3339,Signature Masala Dosa,59,Street Food,34,139,60.8,38.8,2026-04-15 08:55:48
3340,Extra Cheesy Paneer Tikka,123,Mid-range Restaurant,351,385,87.5,0,2025-06-21 03:11:14
3341,Pongal,55,Roadside Stall,58,90,85.8,0,2025-10-11 21:19:22
3342,Litti Chokha,132,Roadside Stall,64,90,81.2,6.7,2025-12-30 01:11:03
3343,Aloo Paratha,102,Roadside Stall,15,107,38.3,41.3,2026-04-02 05:39:34
3344,Khandvi,73,Sweet Shop,197,283,81.4,3.5,2026-06-16 06:31:01
3345,Roadside Bafla,65,Street Food,77,138,74.7,16.4,2025-11-27 22:01:17
3346,Classic Litti Chokha,35,Local Eatery,98,223,83.4,2.9,2025-03-26 18:14:26
3347,Roadside Butter Chicken,101,Roadside Stall,56,98,58.8,34.9,2025-09-13 20:16:16
3348,Zan,14,Roadside Stall,42,98,72.0,12.7,2026-01-30 02:18:26
3349,Classic Meen Curry,58,Roadside Stall,19,77,70.9,13.7,2025-06-19 09:19:18
3350,Street-side Fish Tenga,79,Sweet Shop,83,122,95.8,0,2025-03-18 00:16:26
3351,Local Favourite Chaat Papdi,120,Sweet Shop,193,252,64.3,13.1,2026-05-02 13:16:46
3352,Village-style Meen Curry,1,Fine Dining,1097,1427,55.1,25.0,2026-01-25 04:14:11
3353,Homestyle Jadoh,83,Local Eatery,112,270,74.9,10.2,2026-03-07 13:22:43
3354,Litti,86,Local Eatery,71,276,97.4,0,2026-06-15 19:03:53
3355,Chef's Lassi,101,Local Eatery,100,287,77.6,7.4,2025-04-03 08:06:18
3356,Extra Cheesy Khandvi,73,Roadside Stall,59,72,57.6,48.3,2025-07-10 19:33:58
3357,Signature Sol Kadhi,69,Fine Dining,1311,1996,86.0,0,2025-10-05 05:44:55
3358,Axone,81,Street Food,39,53,45.5,29.1,2025-07-15 07:51:39
3359,Momos,19,Mid-range Restaurant,334,632,62.2,26.5,2025-11-01 04:28:26
3360,Family Recipe Bebinca,29,Roadside Stall,30,116,50.9,46.4,2026-01-06 23:16:43
3361,Classic Mysore Pak,4,Sweet Shop,133,195,87.1,0,2025-04-27 01:31:26
3362,Litti,139,Sweet Shop,36,232,67.3,16.6,2026-03-09 23:45:22
3363,Aloo Paratha,91,Mid-range Restaurant,339,514,82.6,2.4,2025-09-16 14:57:22
3364,Spicy Bamboo Shoot Curry,14,Mid-range Restaurant,369,382,71.8,15.6,2026-02-23 14:26:59
3365,Chef's Chak-hao Kheer,80,Local Eatery,122,236,84.6,0.3,2026-04-12 12:06:28
3366,Spicy Sandesh,16,Roadside Stall,26,67,67.9,18.0,2026-05-29 04:08:38
3367,Quick-bite Kachori,37,Sweet Shop,77,163,48.0,41.9,2025-09-19 21:05:37
3368,Royal Vada Sambar,6,Roadside Stall,17,82,76.7,14.1,2025-01-19 10:51:44
3369,Royal Aloo Posto,18,Street Food,46,130,84.2,0.7,2026-04-21 01:04:35
3370,Spicy Zan,9,Local Eatery,176,200,67.2,26.2,2026-03-05 03:43:41
3371,Traditional Puttu Kadala,50,Sweet Shop,48,363,55.7,49.9,2026-05-19 22:28:26
3372,Amritsari Kulcha,38,Local Eatery,63,195,50.2,28.1,2025-11-21 14:16:36
3373,Festival Momos,11,Local Eatery,125,194,77.0,9.1,2025-08-06 06:30:46
3374,Street-side Chingri Malai Curry,47,Roadside Stall,50,80,71.5,16.9,2025-12-12 13:37:13
3375,Authentic Malai Kofta,43,Local Eatery,79,129,78.3,8.2,2026-06-23 19:32:07
3376,Family Recipe Thukpa,7,Roadside Stall,50,63,86.9,0,2025-11-22 12:20:01
3377,Quick-bite Nihari,94,Sweet Shop,99,360,68.3,26.9,2025-11-20 20:37:21
3378,Roadside Mysore Pak,5,Sweet Shop,190,265,87.8,0,2025-05-18 09:21:26
3379,Chef's Chaat Papdi,93,Fine Dining,1211,1734,70.7,18.0,2026-02-21 14:09:12
3380,Extra Cheesy Poha Jalebi,67,Sweet Shop,208,373,62.2,22.4,2025-12-30 14:04:01
3381,Chak-hao Kheer,118,Street Food,38,126,72.3,16.9,2025-04-29 22:58:55
3382,Local Favourite Bamboo Shoot Curry,79,Roadside Stall,23,98,82.0,2.3,2025-11-08 12:10:58
3383,Local Favourite Dalma,19,Fine Dining,527,539,65.4,32.1,2025-02-27 21:22:25
3384,Street-side Kachori,133,Sweet Shop,213,324,73.3,7.2,2025-06-06 07:50:50
3385,Local Favourite Chila,20,Fine Dining,1492,2392,74.5,10.9,2025-02-19 18:59:07
3386,Quick-bite Chaat Papdi,37,Street Food,42,149,80.7,3.9,2026-03-09 08:36:12
3387,Aloo Paratha,93,Mid-range Restaurant,192,631,67.9,10.6,2026-03-25 00:20:52
3388,Festival Bafla,22,Fine Dining,502,2418,78.6,7.5,2026-06-22 14:24:34
3389,Litti Chokha,132,Street Food,66,97,45.3,46.1,2025-03-22 08:38:41
3390,Deluxe Chingri Malai Curry,15,Local Eatery,88,206,92.4,0,2025-12-10 19:18:23
3391,Chaat Papdi,98,Mid-range Restaurant,361,413,77.6,7.3,2025-02-22 07:56:08
3392,Vada Pav,24,Street Food,80,93,82.7,2.7,2025-10-09 06:25:06
3393,Family Recipe Pitha,8,Street Food,39,93,77.4,9.7,2025-05-07 23:20:41
3394,Family Recipe Payasam,59,Street Food,42,131,86.8,0,2026-04-30 23:06:21
3395,Sarson da Saag,122,Sweet Shop,199,294,76.6,13.8,2025-11-24 23:30:52
3396,Bebinca,83,Mid-range Restaurant,235,422,55.2,41.6,2026-06-13 12:38:09
3397,Street-side Dal Bafla,67,Fine Dining,791,1032,65.8,28.1,2025-12-09 09:15:55
3398,Grandma's Vada Pav,75,Local Eatery,90,217,89.1,0,2025-06-28 11:12:47
3399,Mysore Pak,114,Sweet Shop,185,309,67.1,13.2,2026-06-10 02:39:53
3400,Village-style Butter Chicken,97,Fine Dining,1285,1476,82.5,2.9,2026-04-11 00:47:40
3401,Grandma's Chak-hao Kheer,12,Roadside Stall,61,96,72.4,8.8,2025-07-31 22:40:06
3402,Street-side Naga Chutney,9,Mid-range Restaurant,407,622,56.5,42.2,2026-06-08 09:17:47
3403,Roadside Chaat Papdi,92,Street Food,75,111,57.2,29.2,2025-07-09 02:55:03
3404,Bamboo Shoot Curry,82,Street Food,32,56,50.7,60.2,2026-06-29 14:05:42
3405,Mutton Rogan Josh,133,Mid-range Restaurant,360,587,86.6,0,2026-06-04 02:14:21
3406,Bebinca,83,Street Food,51,106,83.2,2.0,2026-01-24 10:10:07
3407,Idli Sambar,54,Local Eatery,143,223,78.3,10.9,2025-01-07 10:59:11
3408,Bamboo Shoot Curry,11,Fine Dining,771,1098,65.6,34.2,2026-01-20 17:48:30
3409,Butter Chicken,35,Mid-range Restaurant,233,664,74.4,17.4,2026-01-12 03:26:27
3410,Premium Goan Fish Curry,27,Street Food,56,126,92.0,0,2026-02-24 07:12:18
3411,Deluxe Sol Kadhi,72,Mid-range Restaurant,239,547,60.9,27.6,2025-03-22 12:59:23
3412,Malai Kofta,124,Local Eatery,70,147,69.1,18.3,2026-01-23 14:42:52
3413,Pitha,87,Mid-range Restaurant,223,551,83.5,1.2,2025-12-13 10:18:28
3414,Village-style Payasam,110,Roadside Stall,44,113,89.4,0,2025-08-05 12:50:54
3415,Naga Chutney,85,Mid-range Restaurant,185,315,62.4,16.7,2026-04-20 02:14:44
3416,Tandoori Roti,35,Street Food,62,149,69.3,22.5,2025-09-16 13:10:17
3417,Quick-bite Dalma,17,Fine Dining,1417,1937,72.4,8.0,2025-04-29 23:41:27
3418,Village-style Prawn Balchao,72,Mid-range Restaurant,395,529,68.8,25.0,2025-09-29 10:38:32
3419,Thukpa,105,Fine Dining,1067,1900,54.2,23.4,2025-07-06 09:46:56
3420,Extra Cheesy Chhena Poda,16,Fine Dining,843,2109,61.1,15.2,2025-09-03 12:01:26
3421,Local Favourite Filter Coffee,60,Sweet Shop,63,303,76.5,8.2,2025-07-12 16:28:04
3422,Pork with Bamboo Shoot,14,Local Eatery,163,298,48.5,40.0,2026-05-19 20:38:51
3423,Deluxe Kadhi Chawal,42,Mid-range Restaurant,364,470,84.8,0.3,2025-03-23 15:56:55
3424,Special Modak,34,Sweet Shop,33,294,73.4,9.5,2026-01-15 06:00:47
3425,Chhena Poda,139,Fine Dining,579,1242,78.5,6.2,2026-04-29 13:47:10
3426,Village-style Lassi,131,Local Eatery,105,225,64.7,32.5,2025-03-04 01:32:05
3427,Rosogolla,134,Roadside Stall,58,101,56.8,21.6,2025-05-14 02:18:15
3428,Festival Dalma,134,Roadside Stall,17,67,83.5,2.0,2025-10-31 00:14:18
3429,Deluxe Chhena Poda,135,Roadside Stall,25,103,94.5,0,2025-01-28 23:09:03
3430,Street-side Bamboo Shoot Curry,85,Sweet Shop,86,181,82.7,2.9,2025-12-24 12:05:02
3431,Family Recipe Bebinca,24,Local Eatery,177,189,58.7,29.4,2025-10-24 10:11:50
3432,Deluxe Shorshe Ilish,134,Fine Dining,1451,2445,73.4,8.9,2026-02-25 15:45:20
3433,Signature Litti Chokha,87,Fine Dining,1256,2041,93.2,0,2025-04-27 03:41:16
3434,Signature Pongal,2,Local Eatery,166,210,69.4,10.9,2025-01-06 15:12:31
3435,Festival Bamboo Shoot Curry,105,Local Eatery,94,267,76.4,13.6,2026-05-10 11:14:45
3436,Traditional Golgappa,95,Fine Dining,677,1082,90.4,0,2025-12-18 18:58:06
3437,Street-side Chole Bhature,128,Local Eatery,103,248,66.1,24.6,2025-06-19 13:51:16
3438,Extra Cheesy Litti Chokha,16,Sweet Shop,201,243,56.5,28.9,2025-12-15 02:20:57
3439,Rava Kesari,6,Street Food,39,91,65.4,18.6,2025-11-15 21:06:20
3440,Dahi Vada,134,Fine Dining,1413,2361,76.9,7.7,2025-03-22 18:40:51
3441,Festival Meen Curry,107,Street Food,66,150,68.8,25.0,2025-08-10 17:54:13
3442,Extra Cheesy Fish Tenga,103,Fine Dining,1361,2074,67.1,11.0,2025-08-05 08:18:53
3443,Spicy Sarson da Saag,132,Local Eatery,86,143,78.9,8.2,2025-02-24 19:12:18
3444,Kadhi Chawal,42,Mid-range Restaurant,423,671,87.8,0,2025-01-09 04:59:29
3445,Chettinad Chicken,109,Mid-range Restaurant,310,618,83.8,1.7,2025-08-05 17:49:15
3446,Roadside Kachori,41,Fine Dining,524,1836,73.8,11.1,2025-02-15 22:45:52
3447,Street-side Dal Bafla,22,Local Eatery,133,273,43.9,30.4,2026-01-27 21:34:42
3448,Local Favourite Rajma Chawal,128,Local Eatery,91,192,68.9,21.7,2025-09-06 21:57:55
3449,Poha Jalebi,20,Street Food,66,103,58.7,24.6,2025-06-03 13:54:05
3450,Extra Cheesy Smoked Pork,84,Sweet Shop,197,322,71.5,16.4,2025-12-24 22:04:14
3451,Local Favourite Aloo Posto,19,Fine Dining,1175,2456,66.6,26.4,2026-03-28 13:26:54
3452,Signature Puran Poli,76,Mid-range Restaurant,339,537,43.3,42.2,2026-05-19 17:37:47
3453,Authentic Chila,62,Sweet Shop,51,287,52.6,39.4,2025-08-11 07:37:13
3454,Premium Sabudana Khichdi,20,Local Eatery,148,238,53.8,50.7,2025-10-13 00:52:34
3455,Chole Bhature,37,Roadside Stall,56,98,56.1,43.7,2025-11-03 07:21:29
3456,Thukpa,81,Sweet Shop,77,134,63.5,36.3,2026-01-17 16:50:42
3457,Deluxe Goan Fish Curry,76,Street Food,46,61,81.7,4.6,2026-01-03 20:15:03
3458,Extra Cheesy Sarson da Saag,99,Roadside Stall,61,120,73.5,11.0,2025-02-14 00:39:25
3459,Traditional Curd Rice,49,Street Food,41,145,94.8,0,2025-08-10 22:24:35
3460,Quick-bite Chettinad Chicken,3,Fine Dining,739,1342,76.8,12.7,2025-01-18 03:04:44
3461,Bhutte ka Kees,65,Street Food,24,80,79.2,8.1,2025-10-02 15:14:40
3462,Quick-bite Lassi,123,Sweet Shop,36,190,88.3,0,2025-07-16 10:02:13
3463,Dhokla,23,Mid-range Restaurant,304,522,39.7,57.3,2026-04-07 15:21:54
3464,Royal Bebinca,23,Mid-range Restaurant,269,413,82.2,4.1,2026-01-03 09:12:04
3465,Momos,18,Sweet Shop,189,309,78.3,11.2,2025-11-29 01:31:52
3466,Family Recipe Uttapam,107,Mid-range Restaurant,215,284,80.9,3.2,2025-05-09 11:43:52
3467,Chef's Kolhapuri Mutton,23,Local Eatery,65,98,63.0,35.9,2026-03-12 08:10:08
3468,Premium Bamboo Shoot Curry,9,Roadside Stall,18,99,73.4,14.3,2025-02-24 13:17:17
3469,Kachori,98,Local Eatery,84,123,83.1,1.4,2026-03-24 04:05:57
3470,Authentic Naga Chutney,10,Local Eatery,84,176,67.6,22.2,2026-06-25 17:55:42
3471,Filter Coffee,53,Local Eatery,157,277,85.8,0,2026-01-15 20:39:59
3472,Jadoh,14,Street Food,21,140,77.1,11.3,2026-03-14 10:31:35
3473,Khandvi,24,Fine Dining,797,880,64.5,33.6,2025-03-29 00:06:06
3474,Family Recipe Sabudana Khichdi,62,Local Eatery,94,171,75.1,11.0,2026-01-18 23:54:53
3475,Village-style Bafla,20,Fine Dining,853,981,83.2,2.2,2025-09-27 07:56:02
3476,Extra Cheesy Mutton Rogan Josh,40,Street Food,68,104,52.9,20.3,2025-06-02 02:50:18
3477,Special Nihari,128,Sweet Shop,44,215,81.0,5.7,2025-12-08 08:43:55
3478,Pork with Bamboo Shoot,8,Local Eatery,67,185,67.9,19.7,2025-01-11 14:43:13
3479,Premium Dahi Vada,89,Roadside Stall,40,100,78.1,6.2,2025-04-17 08:27:48
3480,Extra Cheesy Sabudana Khichdi,64,Fine Dining,610,2140,78.0,8.6,2025-01-07 21:57:18
3481,Bebinca,7,Street Food,55,148,46.5,42.5,2025-07-13 21:45:38
3482,Deluxe Momos,47,Street Food,71,124,86.2,0,2025-08-16 16:45:37
3483,Kolhapuri Mutton,74,Roadside Stall,27,116,85.5,0,2025-12-30 14:23:41
3484,Dahi Vada,86,Fine Dining,690,991,72.7,20.5,2026-02-25 18:45:07
3485,Mutton Rogan Josh,37,Sweet Shop,100,292,64.3,34.0,2025-06-14 08:00:19
3486,Kolhapuri Mutton,30,Street Food,47,96,72.5,10.0,2025-07-02 16:35:26
3487,Festival Meen Curry,110,Local Eatery,130,265,58.0,44.6,2026-05-09 03:30:13
3488,Traditional Hyderabadi Biryani,50,Street Food,53,93,68.4,18.7,2026-02-08 00:39:30
3489,Smoked Pork,80,Mid-range Restaurant,414,644,79.8,9.0,2025-07-26 09:55:10
3490,Traditional Misal Pav,26,Street Food,36,50,67.9,12.4,2025-09-16 14:00:38
3491,Quick-bite Litti Chokha,89,Fine Dining,538,797,61.5,28.6,2025-01-04 18:47:59
3492,Amritsari Kulcha,132,Mid-range Restaurant,279,698,49.7,39.8,2026-02-27 13:49:46
3493,Goan Fish Curry,29,Sweet Shop,127,172,49.0,44.9,2025-04-02 20:34:38
3494,Undhiyu,27,Local Eatery,172,230,49.4,43.4,2025-05-10 05:39:30
3495,Pitha,103,Mid-range Restaurant,323,696,76.3,9.2,2025-09-30 08:17:39
3496,Local Favourite Dal Bafla,67,Local Eatery,108,247,80.4,7.9,2025-06-29 18:59:24
3497,Chaat Papdi,128,Street Food,45,92,85.6,0,2026-05-06 19:09:33
3498,Jadoh,81,Mid-range Restaurant,360,587,43.8,36.1,2025-01-06 09:28:10
3499,Pav Bhaji,23,Sweet Shop,65,152,71.7,10.4,2025-06-21 07:17:04
3500,Quick-bite Shorshe Ilish,134,Mid-range Restaurant,214,577,51.4,54.7,2025-12-12 15:47:16
3501,Village-style Vada Sambar,54,Mid-range Restaurant,178,520,83.7,1.8,2025-01-17 16:20:34
3502,Bisi Bele Bath,50,Roadside Stall,51,66,68.2,28.6,2025-10-08 04:08:48
3503,Royal Naga Chutney,9,Fine Dining,1322,1863,84.5,0.8,2025-01-15 23:02:31
3504,Bafla,62,Roadside Stall,32,66,85.3,0,2025-12-26 22:21:59
3505,Spicy Momos,9,Fine Dining,1450,2137,79.0,7.8,2025-04-07 09:38:41
3506,Family Recipe Chak-hao Kheer,79,Mid-range Restaurant,280,435,75.8,9.8,2026-03-24 10:52:00
3507,Jadoh,85,Sweet Shop,208,339,83.9,1.6,2025-10-02 17:58:29
3508,Signature Hyderabadi Biryani,112,Roadside Stall,15,26,52.4,57.4,2025-02-21 21:55:48
3509,Roadside Appam with Stew,115,Roadside Stall,57,117,62.8,33.3,2026-03-31 10:35:59
3510,Puttu Kadala,48,Fine Dining,1228,1673,73.6,18.1,2025-11-25 05:08:16
3511,Kolhapuri Mutton,72,Sweet Shop,53,86,47.0,43.1,2025-12-28 06:31:36
3512,Premium Dhokla,27,Sweet Shop,116,355,68.1,11.7,2025-07-05 22:52:55
3513,Quick-bite Jadoh,11,Mid-range Restaurant,196,563,88.0,0,2026-05-01 20:24:48
3514,Malpua,63,Roadside Stall,27,118,59.0,20.9,2026-02-20 10:47:45
3515,Mutton Rogan Josh,121,Roadside Stall,50,67,77.3,5.1,2025-04-18 14:13:14
3516,Local Favourite Pesarattu,107,Fine Dining,1473,2211,70.8,22.6,2025-09-23 08:50:34
3517,Malai Kofta,133,Sweet Shop,46,324,85.0,0,2025-01-30 03:24:29
3518,Premium Chhena Poda,134,Sweet Shop,30,289,79.5,4.1,2025-11-20 12:31:49
3519,Pav Bhaji,31,Mid-range Restaurant,280,485,79.0,4.2,2025-03-22 01:23:04
3520,Aloo Paratha,130,Fine Dining,871,1502,56.6,43.2,2026-01-16 04:25:59
3521,Pongal,55,Mid-range Restaurant,244,377,71.7,19.5,2026-01-11 01:01:36
3522,Signature Bhel Puri,75,Street Food,80,125,74.0,8.2,2025-04-25 04:52:03
3523,Family Recipe Momos,88,Street Food,40,61,80.3,6.9,2026-03-08 00:35:32
3524,Naga Chutney,8,Fine Dining,994,2174,92.0,0,2025-11-14 18:10:06
3525,Homestyle Smoked Pork,104,Fine Dining,869,2351,84.0,1.3,2025-06-17 00:02:06
3526,Special Chaat Papdi,93,Fine Dining,1276,2370,54.0,22.6,2025-01-01 21:41:44
3527,Signature Appam with Stew,4,Sweet Shop,181,196,69.8,23.9,2026-01-14 14:07:58
3528,Street-side Chhena Poda,134,Roadside Stall,63,119,68.6,23.9,2025-12-04 14:20:37
3529,Street-side Chettinad Chicken,58,Sweet Shop,38,340,91.3,0,2025-07-02 04:51:28
3530,Roadside Bhel Puri,70,Sweet Shop,207,394,69.3,23.0,2026-02-25 01:42:27
3531,Mysore Pak,113,Mid-range Restaurant,180,626,70.9,13.3,2025-07-28 22:55:23
3532,Classic Shorshe Ilish,88,Fine Dining,982,1801,66.2,17.5,2026-04-10 13:04:13
3533,Village-style Dal Makhani,131,Roadside Stall,32,105,70.9,14.4,2025-02-01 08:19:51
3534,Rava Kesari,50,Local Eatery,67,124,69.4,12.7,2026-04-20 22:22:22
3535,Chef's Idli Sambar,58,Sweet Shop,129,269,65.6,33.8,2025-10-16 07:59:11
3536,Traditional Puttu Kadala,114,Sweet Shop,38,284,80.4,7.3,2025-01-31 11:09:30
3537,Classic Aloo Paratha,98,Roadside Stall,36,64,76.9,7.5,2025-11-07 11:10:22
3538,Royal Mutton Rogan Josh,123,Sweet Shop,172,233,71.1,18.9,2026-04-07 00:39:40
3539,Momos,7,Local Eatery,111,225,75.3,8.3,2025-04-16 15:16:47
3540,Traditional Kachori,127,Mid-range Restaurant,216,302,73.0,12.3,2025-11-07 21:08:30
3541,Traditional Nihari,41,Local Eatery,123,178,57.5,41.3,2025-06-11 11:29:35
3542,Vada Pav,27,Sweet Shop,150,371,80.9,5.9,2025-02-11 07:50:37
3543,Quick-bite Idiyappam,2,Sweet Shop,83,221,89.0,0,2025-12-13 05:46:17
3544,Chef's Bisi Bele Bath,3,Local Eatery,147,188,76.4,10.7,2026-02-04 17:33:21
3545,Roadside Idiyappam,54,Sweet Shop,51,126,66.2,22.3,2026-03-02 04:44:42
3546,Extra Cheesy Bisi Bele Bath,4,Street Food,67,91,71.0,15.5,2026-05-27 15:31:33
3547,Malai Kofta,99,Sweet Shop,190,298,63.3,35.0,2025-10-04 22:25:44
3548,Authentic Jadoh,79,Fine Dining,1181,2295,81.8,3.7,2026-06-04 09:47:33
3549,Deluxe Kachori,41,Local Eatery,151,198,76.3,9.9,2026-05-19 01:52:18
3550,Village-style Pongal,110,Local Eatery,93,288,91.0,0,2026-03-08 22:19:07
3551,Street-side Kothu Parotta,55,Fine Dining,1128,2381,70.6,24.5,2026-06-07 01:24:56
3552,Chef's Tandoori Roti,133,Mid-range Restaurant,161,414,56.1,37.9,2025-10-18 14:18:21
3553,Curd Rice,108,Sweet Shop,205,222,53.6,19.3,2025-12-05 13:59:11
3554,Pongal,112,Street Food,71,139,59.6,24.3,2025-11-21 07:43:01
3555,Rajma Chawal,121,Roadside Stall,58,102,69.1,12.3,2026-03-30 06:37:39
3556,Homestyle Rajma Chawal,92,Mid-range Restaurant,244,412,54.9,35.0,2025-05-12 04:27:20
3557,Classic Amritsari Kulcha,40,Fine Dining,747,2143,69.6,13.0,2026-06-10 13:56:17
3558,Puttu Kadala,107,Roadside Stall,36,82,39.4,57.8,2025-09-28 04:41:54
3559,Deluxe Chak-hao Kheer,83,Fine Dining,1297,2060,58.2,31.2,2026-02-03 21:13:22
3560,Street-side Tandoori Roti,126,Sweet Shop,53,71,77.4,11.3,2025-12-30 07:21:29
3561,Local Favourite Vada Sambar,53,Sweet Shop,72,261,79.8,7.2,2025-12-25 05:28:16
3562,Chettinad Chicken,53,Local Eatery,96,235,70.0,19.2,2026-04-10 18:47:20
3563,Local Favourite Shorshe Ilish,17,Street Food,35,49,75.4,9.2,2026-02-08 10:16:02
3564,Vada Sambar,111,Local Eatery,169,274,55.4,28.8,2025-12-14 09:47:33
3565,Village-style Meen Curry,51,Mid-range Restaurant,293,349,71.2,15.4,2025-02-15 06:24:38
3566,Chef's Payasam,6,Fine Dining,799,2388,78.8,8.6,2026-05-11 22:30:50
3567,Deluxe Vada Pav,28,Fine Dining,1334,1849,79.1,6.5,2026-03-23 08:13:20
3568,Jadoh,77,Sweet Shop,89,375,69.5,19.5,2025-02-14 05:47:59
3569,Bamboo Shoot Curry,84,Street Food,62,121,69.4,26.6,2025-03-10 06:07:20
3570,Rasam,49,Mid-range Restaurant,380,616,50.7,42.3,2026-02-24 05:35:32
3571,Extra Cheesy Aloo Paratha,129,Mid-range Restaurant,331,363,75.5,10.3,2025-09-05 16:56:19
3572,Street-side Pongal,55,Sweet Shop,112,151,55.1,19.6,2026-03-20 05:39:27
3573,Sarson da Saag,100,Sweet Shop,72,217,88.6,0,2025-06-30 08:25:00
3574,Village-style Sarson da Saag,92,Mid-range Restaurant,240,307,57.5,19.9,2025-10-04 06:09:20
3575,Traditional Chole Bhature,100,Street Food,20,96,73.5,9.8,2025-08-30 01:10:56
3576,Deluxe Payasam,108,Street Food,58,143,82.2,2.4,2025-11-09 12:33:23
3577,Roadside Kadhi Bafla,67,Sweet Shop,179,220,77.2,12.9,2025-11-27 21:45:38
3578,Family Recipe Dal Bafla,21,Mid-range Restaurant,172,425,79.5,8.7,2025-11-11 14:52:25
3579,Axone,81,Sweet Shop,158,350,88.4,0,2026-03-14 07:37:14
3580,Deluxe Momos,12,Roadside Stall,53,77,59.1,27.1,2026-02-27 09:19:00
3581,Homestyle Vada Sambar,107,Local Eatery,125,215,64.2,12.5,2025-01-21 03:02:11
3582,Signature Lassi,43,Roadside Stall,15,38,94.7,0,2025-02-23 06:25:20
3583,Rava Kesari,48,Street Food,31,88,73.9,11.8,2026-05-24 00:51:10
3584,Khandvi,24,Roadside Stall,22,56,87.6,0,2025-10-18 05:50:55
3585,Classic Axone,10,Street Food,48,131,68.4,18.7,2026-01-25 15:44:17
3586,Special Meen Curry,111,Roadside Stall,15,107,64.0,36.5,2026-04-10 01:11:38
3587,Chettinad Chicken,53,Mid-range Restaurant,158,670,87.9,0,2026-04-12 03:50:28
3588,Uttapam,109,Local Eatery,86,131,49.2,29.8,2026-03-24 18:30:20
3589,Authentic Dal Makhani,91,Mid-range Restaurant,171,234,89.6,0,2026-01-07 06:34:29
3590,Signature Chingri Malai Curry,19,Roadside Stall,37,96,55.5,33.6,2026-02-25 03:07:51
3591,Local Favourite Vada Sambar,2,Sweet Shop,76,298,81.7,4.9,2025-01-26 11:54:07
3592,Local Favourite Idli Sambar,59,Mid-range Restaurant,187,416,64.4,29.0,2025-05-11 12:05:19
3593,Festival Pav Bhaji,29,Sweet Shop,46,333,49.9,26.2,2025-04-13 08:10:42
3594,Payasam,59,Local Eatery,67,123,64.7,26.4,2026-01-30 13:13:05
3595,Street-side Paneer Tikka,127,Local Eatery,88,127,81.8,5.1,2025-09-22 17:47:09
3596,Idiyappam,111,Street Food,22,144,74.7,11.0,2025-03-25 16:22:16
3597,Naga Chutney,104,Mid-range Restaurant,165,527,56.0,19.7,2025-02-08 00:33:12
3598,Homestyle Mysore Pak,56,Fine Dining,1304,1875,81.2,6.6,2026-03-09 11:27:25
3599,Bisi Bele Bath,4,Fine Dining,1359,1456,85.5,0,2026-06-22 07:56:10
3600,Roadside Amritsari Kulcha,128,Roadside Stall,30,74,68.9,16.0,2025-08-06 20:42:08
3601,Local Favourite Butter Chicken,91,Sweet Shop,115,381,44.7,64.2,2026-06-22 17:36:32
3602,Classic Jadoh,117,Roadside Stall,50,74,78.1,9.4,2025-09-28 14:24:30
3603,Roadside Zan,11,Mid-range Restaurant,190,356,54.7,40.7,2025-01-13 11:40:55
3604,Grandma's Khandvi,75,Sweet Shop,143,385,69.2,15.5,2025-05-28 23:49:19
3605,Extra Cheesy Sandesh,137,Fine Dining,1119,1304,85.6,0,2025-06-01 15:44:39
3606,Thukpa,12,Mid-range Restaurant,403,484,72.7,16.7,2025-04-06 21:30:47
3607,Kadhi Chawal,121,Mid-range Restaurant,157,304,91.5,0,2025-10-28 22:02:30
3608,Khandvi,34,Street Food,35,142,67.5,13.4,2026-02-24 13:00:02
3609,Smoked Pork,103,Mid-range Restaurant,417,492,62.0,39.8,2026-03-02 22:45:39
3610,Street-side Meen Curry,106,Mid-range Restaurant,343,433,83.8,1.8,2026-06-16 03:15:00
3611,Family Recipe Vada Pav,76,Mid-range Restaurant,404,481,58.6,38.5,2025-04-25 13:55:42
3612,Roadside Bamboo Shoot Curry,83,Local Eatery,103,151,65.4,29.2,2025-01-27 06:56:39
3613,Pongal,1,Roadside Stall,54,83,75.3,16.0,2025-12-18 13:22:39
3614,Macher Jhol,47,Street Food,63,92,39.7,46.7,2025-06-26 19:55:26
3615,Special Pork with Bamboo Shoot,85,Street Food,85,112,66.7,20.1,2025-09-13 20:13:16
3616,Authentic Rava Kesari,59,Local Eatery,152,193,39.2,32.2,2025-04-25 02:06:56
3617,Kolhapuri Mutton,70,Local Eatery,152,189,81.8,3.0,2026-06-27 10:10:26
3618,Bafla,20,Roadside Stall,65,106,72.2,11.8,2025-06-02 21:15:38
3619,Golgappa,120,Local Eatery,148,235,46.1,30.3,2025-03-31 03:13:48
3620,Authentic Pongal,110,Local Eatery,122,291,89.3,0,2026-02-06 14:25:01
3621,Bhutte ka Kees,21,Sweet Shop,175,283,55.2,29.0,2025-11-14 05:07:33
3622,Chingri Malai Curry,89,Fine Dining,1330,1784,77.9,7.3,2026-01-03 18:08:46
3623,Rava Kesari,116,Fine Dining,718,2299,78.6,7.7,2026-02-19 03:18:58
3624,Tandoori Roti,37,Local Eatery,100,189,63.3,17.9,2026-05-12 15:10:43
3625,Classic Pork with Bamboo Shoot,83,Fine Dining,1493,2042,77.9,10.7,2026-03-06 22:42:26
3626,Axone,7,Mid-range Restaurant,322,519,60.0,37.1,2025-05-26 00:06:53
3627,Family Recipe Golgappa,131,Mid-range Restaurant,375,588,70.8,15.0,2025-10-22 06:31:45
3628,Authentic Naga Chutney,12,Fine Dining,806,1473,78.8,9.9,2025-12-13 23:57:03
3629,Dal Bafla,21,Mid-range Restaurant,256,302,78.0,11.1,2025-10-30 22:36:39
3630,Royal Tandoori Roti,93,Sweet Shop,64,276,53.6,43.6,2025-01-27 18:30:15
3631,Special Kadhi Chawal,124,Mid-range Restaurant,262,273,76.5,6.3,2025-10-29 03:03:36
3632,Deluxe Bafla,21,Roadside Stall,65,113,67.2,17.2,2025-12-25 08:23:20
3633,Chef's Jadoh,80,Roadside Stall,65,114,84.3,0.5,2025-04-06 03:13:39
3634,Aloo Paratha,93,Mid-range Restaurant,380,474,76.1,14.3,2025-12-30 01:01:36
3635,Thukpa,8,Sweet Shop,82,246,59.8,24.2,2026-04-11 18:17:32
3636,Mutton Rogan Josh,128,Roadside Stall,60,96,76.2,13.0,2026-02-11 14:36:55
3637,Signature Rajma Chawal,130,Street Food,36,60,66.5,24.2,2026-01-23 16:39:50
3638,Extra Cheesy Sabudana Khichdi,66,Local Eatery,125,167,71.5,12.8,2025-02-04 23:32:09
3639,Royal Appam with Stew,54,Local Eatery,89,253,64.5,26.0,2025-12-07 23:01:46
3640,Extra Cheesy Rava Kesari,4,Street Food,59,136,59.3,27.6,2025-12-26 20:58:45
3641,Zan,80,Fine Dining,761,784,70.3,12.7,2025-10-27 00:50:39
3642,Local Favourite Curd Rice,106,Sweet Shop,145,251,91.1,0,2026-03-03 21:44:21
3643,Amritsari Kulcha,40,Sweet Shop,167,209,53.1,50.9,2025-06-15 01:47:01
3644,Festival Kachori,129,Roadside Stall,65,91,80.7,3.3,2025-07-23 01:22:16
3645,Chef's Payasam,56,Street Food,58,114,76.8,14.7,2025-12-01 16:20:49
3646,Local Favourite Chole Bhature,43,Fine Dining,533,2360,62.2,23.3,2025-06-29 21:34:51
3647,Chef's Dhokla,25,Mid-range Restaurant,255,439,72.6,18.3,2026-03-26 03:53:02
3648,Pav Bhaji,24,Fine Dining,859,1069,55.4,27.0,2025-04-02 22:14:09
3649,Traditional Smoked Pork,8,Sweet Shop,52,304,80.5,2.8,2026-03-11 06:35:15
3650,Vada Sambar,58,Roadside Stall,21,41,78.2,10.0,2026-03-27 00:30:15
3651,Aloo Posto,90,Sweet Shop,125,267,56.3,38.7,2026-01-24 01:58:36
3652,Filter Coffee,51,Fine Dining,698,2119,67.7,22.3,2025-05-18 16:28:46
3653,Extra Cheesy Litti Chokha,126,Fine Dining,987,1996,66.5,15.8,2026-03-11 04:30:15
3654,Uttapam,109,Mid-range Restaurant,195,453,61.4,31.0,2026-03-31 05:54:48
3655,Festival Momos,89,Roadside Stall,56,100,82.1,2.4,2026-01-17 16:09:07
3656,Thepla,34,Street Food,82,146,68.2,17.4,2025-01-22 09:54:44
3657,Special Thukpa,9,Roadside Stall,21,73,63.9,37.1,2025-08-28 02:08:15
3658,Chef's Dhokla,73,Mid-range Restaurant,405,495,80.5,4.1,2026-03-31 09:40:35
3659,Uttapam,4,Roadside Stall,40,62,82.1,3.1,2025-07-14 06:00:07
3660,Premium Pitha,118,Sweet Shop,198,362,74.3,7.6,2026-01-09 18:21:34
3661,Homestyle Pongal,58,Roadside Stall,51,85,70.4,12.8,2025-12-18 03:34:46
3662,Rosogolla,47,Street Food,25,137,57.2,23.1,2025-05-21 17:53:32
3663,Rava Kesari,111,Street Food,66,141,82.1,3.7,2025-12-07 20:24:57
3664,Sarson da Saag,41,Fine Dining,606,1977,84.0,1.4,2025-10-09 02:31:35
3665,Chef's Payasam,114,Fine Dining,978,1002,52.9,45.5,2025-08-28 10:16:46
3666,Prawn Balchao,25,Local Eatery,140,196,79.6,8.7,2025-01-04 13:47:38
3667,Classic Pongal,109,Roadside Stall,59,103,85.1,0,2025-11-23 07:15:00
3668,Village-style Rosogolla,17,Roadside Stall,45,80,89.4,0,2026-01-07 22:23:58
3669,Prawn Balchao,76,Local Eatery,169,231,62.2,37.9,2025-02-09 15:50:02
3670,Chef's Litti Chokha,44,Fine Dining,1359,2378,77.2,13.0,2025-09-30 08:35:34
3671,Classic Sarson da Saag,101,Sweet Shop,129,336,76.0,14.2,2026-05-07 16:13:19
3672,Special Kadhi Bafla,68,Sweet Shop,91,241,84.4,1.0,2025-09-06 07:56:36
3673,Authentic Pitha,10,Mid-range Restaurant,273,509,71.6,17.7,2025-01-05 07:38:54
3674,Modak,70,Mid-range Restaurant,266,604,76.1,8.9,2025-01-21 23:02:50
3675,Grandma's Rasam,61,Street Food,81,124,39.4,39.9,2025-06-17 16:53:41
3676,Idiyappam,51,Roadside Stall,27,60,79.3,4.2,2025-11-13 04:33:12
3677,Village-style Kadhi Chawal,98,Mid-range Restaurant,164,660,59.5,21.7,2025-08-02 11:19:20
3678,Puran Poli,23,Fine Dining,723,1094,82.6,3.5,2025-01-23 18:27:15
3679,Thukpa,81,Local Eatery,112,214,72.4,20.7,2025-12-18 01:03:49
3680,Appam with Stew,111,Fine Dining,978,1563,76.9,7.5,2025-11-03 02:28:33
3681,Traditional Idli Sambar,111,Local Eatery,175,247,58.1,41.4,2026-04-27 01:10:09
3682,Royal Sarson da Saag,122,Local Eatery,160,183,78.8,9.4,2025-08-09 08:07:31
3683,Special Rosogolla,18,Sweet Shop,155,276,46.0,61.0,2025-03-27 13:48:39
3684,Local Favourite Thukpa,84,Roadside Stall,31,116,85.8,0,2026-05-08 07:46:30
3685,Village-style Tandoori Roti,121,Local Eatery,170,286,42.7,29.8,2025-07-15 10:22:18
3686,Pesarattu,56,Mid-range Restaurant,288,659,89.8,0,2025-06-13 09:38:45
3687,Rosogolla,88,Sweet Shop,205,261,68.3,13.7,2025-12-29 23:53:22
3688,Pitha,8,Fine Dining,842,1738,80.5,3.0,2025-03-08 04:10:36
3689,Litti,139,Roadside Stall,26,66,85.9,0,2025-03-15 16:11:05
3690,Royal Kothu Parotta,56,Fine Dining,972,1501,66.4,25.5,2026-02-09 14:36:07
3691,Fish Tenga,77,Local Eatery,176,217,71.7,22.9,2025-12-13 08:04:17
3692,Pesarattu,3,Street Food,82,129,48.4,23.9,2025-11-11 03:43:36
3693,Amritsari Kulcha,94,Mid-range Restaurant,170,687,44.8,46.1,2025-06-09 05:11:46
3694,Deluxe Litti,138,Sweet Shop,98,370,91.7,0,2025-06-27 02:11:28
3695,Extra Cheesy Malpua,66,Mid-range Restaurant,295,658,77.9,11.7,2025-07-23 18:00:06
3696,Family Recipe Sol Kadhi,34,Roadside Stall,15,49,52.9,36.7,2026-01-29 01:27:25
3697,Roadside Chila,63,Street Food,74,147,80.0,5.0,2026-04-30 19:27:50
3698,Sarson da Saag,129,Street Food,60,145,59.2,21.7,2025-05-25 14:50:23
3699,Grandma's Zan,9,Sweet Shop,117,206,68.9,21.7,2025-02-12 00:13:07
3700,Grandma's Goan Fish Curry,32,Sweet Shop,39,115,75.6,12.4,2026-04-29 11:19:15
3701,Chef's Smoked Pork,103,Roadside Stall,67,87,87.4,0,2025-11-07 08:09:46
3702,Sarson da Saag,91,Street Food,76,101,82.3,2.5,2025-02-16 16:44:37
3703,Extra Cheesy Litti,47,Local Eatery,63,103,54.9,53.3,2026-04-19 05:23:29
3704,Special Tandoori Roti,92,Mid-range Restaurant,152,184,63.1,18.4,2026-05-31 23:28:21
3705,Litti Chokha,137,Sweet Shop,128,202,82.4,1.7,2026-02-15 09:04:26
3706,Street-side Bebinca,32,Street Food,64,112,72.9,17.6,2025-06-18 22:45:52
3707,Mutton Rogan Josh,133,Fine Dining,1114,2039,86.0,0,2026-02-13 02:49:20
3708,Sarson da Saag,39,Mid-range Restaurant,271,550,83.4,1.7,2025-03-07 17:54:37
3709,Signature Litti Chokha,138,Sweet Shop,78,351,85.2,0,2025-08-02 04:49:25
3710,Khandvi,34,Street Food,84,115,57.4,28.6,2026-05-18 04:01:48
3711,Kachori,120,Sweet Shop,215,245,65.2,19.9,2025-02-01 20:38:37
3712,Village-style Poha Jalebi,63,Fine Dining,1245,1927,84.0,0.9,2026-01-25 18:22:42
3713,Smoked Pork,117,Mid-range Restaurant,157,468,72.3,11.9,2025-03-31 10:09:14
3714,Homestyle Pitha,84,Local Eatery,143,218,62.9,32.1,2025-02-01 21:37:12
3715,Homestyle Pesarattu,61,Fine Dining,1109,1858,65.6,19.8,2026-06-26 23:21:32
3716,Classic Curd Rice,54,Street Food,27,101,80.5,3.4,2025-04-29 11:36:54
3717,Classic Rasam,115,Fine Dining,1142,2169,88.9,0,2026-03-23 04:02:16
3718,Aloo Posto,47,Street Food,36,73,72.3,9.9,2025-08-13 01:14:52
3719,Premium Kadhi Bafla,64,Street Food,22,95,48.0,34.9,2025-09-15 01:03:20
3720,Kadhi Chawal,94,Roadside Stall,59,116,68.6,27.5,2025-03-23 23:05:14
3721,Authentic Mysore Pak,112,Roadside Stall,36,99,77.3,9.1,2025-04-30 15:28:36
3722,Quick-bite Axone,85,Street Food,41,150,69.9,17.2,2026-04-30 17:25:11
3723,Deluxe Vada Sambar,6,Local Eatery,176,285,93.8,0,2026-06-12 19:32:36
3724,Grandma's Litti Chokha,124,Street Food,56,113,89.9,0,2025-06-06 20:46:29
3725,Pav Bhaji,71,Sweet Shop,42,80,65.3,34.5,2025-09-19 06:45:49
3726,Grandma's Bafla,62,Mid-range Restaurant,336,568,82.2,4.9,2025-11-26 07:14:13
3727,Appam with Stew,55,Sweet Shop,153,342,91.9,0,2025-11-19 03:42:35
3728,Chole Bhature,131,Roadside Stall,37,47,63.6,33.5,2026-03-27 21:50:53
3729,Village-style Vada Pav,24,Sweet Shop,43,203,58.3,31.2,2025-10-15 19:40:45
3730,Signature Fish Tenga,85,Local Eatery,71,241,79.2,6.7,2025-06-29 19:43:34
3731,Festival Vada Sambar,58,Street Food,51,69,77.5,8.3,2026-02-11 14:58:26
3732,Festival Nihari,133,Sweet Shop,36,91,44.5,42.4,2026-03-05 15:33:50
3733,Special Payasam,51,Mid-range Restaurant,254,352,45.9,42.5,2025-02-07 15:52:27
3734,Bebinca,9,Sweet Shop,90,211,89.3,0,2026-01-24 04:28:00
3735,Bamboo Shoot Curry,11,Local Eatery,129,282,76.5,10.4,2026-05-24 15:54:33
3736,Pitha,17,Roadside Stall,34,80,90.3,0,2025-03-19 03:49:33
3737,Spicy Rasam,106,Sweet Shop,99,178,79.9,6.4,2025-08-21 05:20:50
3738,Family Recipe Rajma Chawal,132,Sweet Shop,133,365,63.1,20.4,2025-11-17 19:24:31
3739,Homestyle Jadoh,79,Sweet Shop,173,232,80.8,6.4,2026-01-20 09:41:32
3740,Traditional Mysore Pak,112,Sweet Shop,113,388,50.9,48.8,2026-01-04 10:55:32
3741,Rava Kesari,114,Local Eatery,99,208,72.8,17.0,2025-08-26 15:25:18
3742,Premium Chila,66,Roadside Stall,54,109,65.1,14.1,2025-09-12 00:24:05
3743,Spicy Chak-hao Kheer,85,Sweet Shop,66,176,75.8,5.6,2025-04-29 12:36:05
3744,Butter Chicken,97,Fine Dining,774,2352,90.5,0,2025-11-21 21:40:02
3745,Rajma Chawal,133,Roadside Stall,26,53,74.5,16.3,2025-07-08 17:43:19
3746,Local Favourite Sarson da Saag,35,Local Eatery,83,106,59.8,21.4,2026-01-13 11:08:40
3747,Vada Pav,70,Street Food,46,121,68.5,28.1,2026-02-09 12:54:41
3748,Village-style Zan,84,Mid-range Restaurant,318,495,74.8,14.5,2025-09-10 20:43:30
3749,Vada Sambar,116,Fine Dining,1014,1813,74.0,6.6,2025-10-01 20:13:37
3750,Macher Jhol,87,Sweet Shop,152,328,68.9,22.0,2026-04-13 07:39:01
3751,Sabudana Khichdi,68,Local Eatery,119,138,66.6,13.4,2025-12-04 09:40:24
3752,Tandoori Roti,91,Local Eatery,65,90,63.1,15.4,2026-06-17 01:16:49
3753,Extra Cheesy Kachori,131,Sweet Shop,55,253,54.3,27.6,2025-03-06 07:54:55
3754,Village-style Khandvi,24,Sweet Shop,35,219,68.3,22.6,2025-07-02 20:46:43
3755,Festival Pesarattu,58,Roadside Stall,20,110,61.7,19.2,2025-05-25 04:23:16
3756,Kothu Parotta,48,Fine Dining,1420,2296,68.4,29.8,2025-05-25 14:24:00
3757,Roadside Chole Bhature,126,Local Eatery,130,164,37.1,31.1,2026-01-28 13:27:54
3758,Street-side Kadhi Bafla,20,Local Eatery,76,240,49.9,32.3,2025-12-23 14:46:02
3759,Spicy Khandvi,76,Roadside Stall,16,68,84.1,1.1,2025-05-20 22:59:28
3760,Premium Dahi Vada,90,Street Food,57,94,64.3,36.8,2025-05-31 11:35:09
3761,Jadoh,12,Fine Dining,1249,2009,53.3,20.5,2025-03-01 15:51:19
3762,Payasam,3,Local Eatery,73,185,73.6,13.1,2025-09-21 10:15:20
3763,Royal Rasam,52,Fine Dining,744,2462,55.5,27.7,2025-03-06 05:21:09
3764,Deluxe Sol Kadhi,33,Street Food,42,104,68.9,16.4,2025-02-03 13:58:21
3765,Chef's Momos,45,Fine Dining,1491,1865,65.3,12.3,2025-04-24 01:10:12
3766,Classic Kadhi Bafla,65,Local Eatery,113,239,89.3,0,2026-06-08 20:41:58
3767,Chila,62,Local Eatery,118,208,52.5,19.8,2025-10-04 16:55:09
3768,Signature Idiyappam,112,Roadside Stall,15,65,70.4,10.1,2025-02-25 03:29:54
3769,Village-style Macher Jhol,46,Fine Dining,964,2383,75.3,15.3,2025-07-07 03:13:21
3770,Tandoori Roti,94,Sweet Shop,89,107,76.3,9.1,2026-02-16 10:47:33
3771,Goan Fish Curry,73,Street Food,73,125,70.8,9.5,2025-12-10 14:12:31
3772,Thepla,76,Sweet Shop,165,233,44.3,37.7,2025-11-04 12:56:47
3773,Chila,68,Sweet Shop,205,299,79.9,6.6,2025-04-21 19:49:54
3774,Jadoh,9,Sweet Shop,46,221,78.9,7.6,2025-01-26 11:00:37
3775,Thukpa,81,Local Eatery,96,206,81.2,5.6,2025-06-24 04:42:14
3776,Traditional Appam with Stew,107,Fine Dining,1225,1989,78.6,5.3,2026-06-29 03:19:59
3777,Momos,14,Mid-range Restaurant,211,428,81.0,3.7,2025-12-17 04:12:52
3778,Authentic Idli Sambar,115,Fine Dining,510,2216,91.5,0,2025-02-17 18:12:47
3779,Family Recipe Prawn Balchao,29,Sweet Shop,189,242,73.7,16.0,2025-06-23 23:11:32
3780,Signature Kothu Parotta,55,Sweet Shop,168,273,67.1,13.1,2025-10-22 01:27:03
3781,Street-side Curd Rice,114,Street Food,83,140,60.3,35.3,2026-03-14 03:26:06
3782,Poha Jalebi,62,Sweet Shop,118,313,86.4,0,2025-10-21 22:20:02
3783,Special Puttu Kadala,49,Local Eatery,173,231,62.9,26.5,2026-02-08 05:19:30
3784,Street-side Bafla,66,Sweet Shop,213,384,63.3,38.9,2025-10-03 16:37:18
3785,Quick-bite Lassi,39,Mid-range Restaurant,389,409,77.4,12.3,2025-10-24 20:40:43
3786,Quick-bite Butter Chicken,95,Local Eatery,171,182,70.6,23.9,2025-09-06 19:31:53
3787,Family Recipe Hyderabadi Biryani,109,Roadside Stall,57,119,55.8,18.4,2025-04-10 22:35:24
3788,Royal Rajma Chawal,99,Roadside Stall,16,120,52.8,57.6,2025-06-21 02:18:55
3789,Masala Dosa,112,Roadside Stall,32,115,38.1,59.4,2026-05-23 17:29:16
3790,Chole Bhature,120,Local Eatery,123,236,77.5,9.2,2025-09-25 18:09:14
3791,Chingri Malai Curry,135,Fine Dining,1303,1414,50.1,49.0,2025-12-27 12:18:23
3792,Village-style Litti Chokha,35,Street Food,33,115,65.2,27.3,2026-04-11 22:54:32
3793,Spicy Jadoh,103,Fine Dining,960,1384,76.5,14.9,2025-10-09 04:29:08
3794,Amritsari Kulcha,100,Local Eatery,64,164,85.0,0,2025-04-04 07:19:09
3795,Local Favourite Curd Rice,53,Sweet Shop,175,374,77.4,11.8,2026-02-17 03:58:25
3796,Street-side Aloo Posto,45,Mid-range Restaurant,204,431,70.6,13.2,2026-02-12 17:36:48
3797,Chef's Meen Curry,107,Street Food,36,139,52.5,47.9,2025-07-23 14:38:54
3798,Deluxe Chaat Papdi,131,Roadside Stall,30,87,84.9,0.1,2026-04-29 20:39:22
3799,Festival Litti,86,Roadside Stall,30,87,67.4,22.8,2025-12-31 19:23:27
3800,Grandma's Dhokla,32,Street Food,30,118,58.3,38.4,2025-07-17 10:07:21
3801,Royal Kothu Parotta,110,Fine Dining,614,1806,50.5,38.1,2026-03-31 14:11:19
3802,Grandma's Appam with Stew,49,Street Food,47,137,49.4,54.0,2026-01-07 13:50:21
3803,Idli Sambar,56,Roadside Stall,23,98,82.0,4.4,2026-01-06 20:09:03
3804,Traditional Aloo Paratha,96,Mid-range Restaurant,241,467,78.2,4.5,2026-04-10 15:41:00
3805,Bebinca,71,Mid-range Restaurant,395,663,53.3,26.1,2025-05-03 10:41:22
3806,Quick-bite Bebinca,104,Sweet Shop,124,196,70.0,19.3,2025-05-09 07:35:40
3807,Quick-bite Dhokla,33,Fine Dining,1160,2112,72.2,12.8,2025-01-07 06:31:36
3808,Extra Cheesy Bafla,63,Sweet Shop,195,219,64.3,36.4,2026-06-23 01:17:47
3809,Quick-bite Golgappa,127,Mid-range Restaurant,254,301,87.6,0,2025-06-14 10:03:19
3810,Classic Fish Tenga,78,Local Eatery,124,153,48.6,36.3,2025-10-01 04:30:22
3811,Bebinca,9,Fine Dining,661,773,75.9,11.1,2025-05-27 02:20:53
3812,Mutton Rogan Josh,98,Fine Dining,690,1952,61.4,19.8,2025-03-19 23:57:49
3813,Naga Chutney,105,Fine Dining,1499,1513,82.4,3.2,2025-09-10 01:21:44
3814,Vada Sambar,5,Local Eatery,159,238,61.8,16.9,2025-02-22 09:31:29
3815,Rava Kesari,5,Sweet Shop,181,312,61.6,19.5,2025-08-05 05:50:50
3816,Homestyle Amritsari Kulcha,39,Roadside Stall,66,80,72.0,21.5,2026-04-23 15:32:54
3817,Payasam,107,Local Eatery,79,284,84.1,1.2,2025-07-10 14:57:32
3818,Classic Chaat Papdi,95,Mid-range Restaurant,407,456,51.5,33.2,2026-01-23 23:03:57
3819,Deluxe Pork with Bamboo Shoot,10,Fine Dining,554,1880,50.8,60.6,2025-11-17 00:54:42
3820,Family Recipe Prawn Balchao,74,Mid-range Restaurant,321,496,62.7,39.8,2025-01-03 12:31:08
3821,Traditional Macher Jhol,46,Mid-range Restaurant,349,677,78.9,4.9,2026-05-31 10:36:43
3822,Homestyle Bafla,64,Street Food,76,117,77.5,6.6,2025-10-26 23:27:00
3823,Chole Bhature,99,Mid-range Restaurant,391,426,79.2,3.8,2025-02-09 09:33:33
3824,Street-side Bhutte ka Kees,64,Mid-range Restaurant,205,415,57.7,20.8,2025-07-21 18:15:02
3825,Dal Bafla,22,Local Eatery,97,269,52.0,33.2,2025-02-22 07:57:40
3826,Nihari,99,Mid-range Restaurant,373,512,77.4,5.3,2025-09-18 19:19:10
3827,Chef's Pav Bhaji,70,Local Eatery,115,225,66.2,29.4,2025-04-20 02:42:27
3828,Lassi,133,Street Food,62,127,78.4,10.9,2026-03-05 16:37:56
3829,Premium Sol Kadhi,30,Mid-range Restaurant,392,682,56.5,19.1,2025-09-13 16:36:31
3830,Deluxe Dalma,46,Local Eatery,70,288,74.8,7.5,2026-06-17 12:01:13
3831,Deluxe Modak,27,Roadside Stall,53,80,71.9,12.4,2025-08-09 18:41:12
3832,Uttapam,2,Mid-range Restaurant,353,658,74.7,13.4,2025-08-09 23:38:47
3833,Classic Kachori,44,Street Food,40,140,44.1,46.6,2025-02-03 08:48:14
3834,Chole Bhature,39,Sweet Shop,107,274,69.4,27.7,2026-02-03 20:08:34
3835,Local Favourite Shorshe Ilish,134,Mid-range Restaurant,187,550,73.3,13.5,2026-04-11 22:09:40
3836,Local Favourite Thepla,32,Sweet Shop,113,175,87.5,0,2025-08-01 03:09:06
3837,Classic Kolhapuri Mutton,32,Local Eatery,152,191,73.9,7.0,2025-03-15 20:51:09
3838,Street-side Thepla,26,Local Eatery,87,123,66.2,30.0,2026-02-19 11:24:08
3839,Deluxe Aloo Paratha,44,Mid-range Restaurant,156,294,55.0,44.2,2025-07-15 13:51:17
3840,Local Favourite Dal Makhani,102,Street Food,51,81,40.2,34.4,2025-07-11 18:29:38
3841,Traditional Dal Bafla,65,Fine Dining,1319,1409,82.7,2.7,2025-01-24 00:29:20
3842,Chak-hao Kheer,80,Sweet Shop,80,392,80.3,5.6,2025-11-28 08:31:00
3843,Deluxe Golgappa,102,Roadside Stall,59,100,71.3,10.4,2025-01-31 20:22:57
3844,Pesarattu,115,Sweet Shop,43,63,60.6,21.0,2025-01-28 19:16:38
3845,Rajma Chawal,95,Roadside Stall,60,101,91.5,0,2025-12-25 19:24:36
3846,Roadside Mutton Rogan Josh,36,Mid-range Restaurant,298,341,69.4,24.5,2026-02-18 02:23:37
3847,Family Recipe Kothu Parotta,54,Fine Dining,1270,1759,74.7,10.1,2025-05-24 21:52:25
3848,Idiyappam,57,Local Eatery,161,219,87.2,0,2026-06-05 21:13:13
3849,Chaat Papdi,43,Roadside Stall,16,87,85.9,0,2025-01-31 20:39:02
3850,Traditional Dhokla,71,Fine Dining,1291,1774,49.6,47.3,2025-10-13 05:23:50
3851,Uttapam,61,Sweet Shop,178,339,57.5,19.2,2025-05-29 11:39:05
3852,Pork with Bamboo Shoot,82,Sweet Shop,44,231,39.3,53.2,2026-05-25 02:18:47
3853,Signature Meen Curry,1,Sweet Shop,172,323,87.9,0,2026-03-16 21:23:13
3854,Modak,73,Fine Dining,702,2314,65.6,20.4,2025-11-20 05:34:20
3855,Special Hyderabadi Biryani,107,Street Food,61,145,66.2,25.1,2025-07-19 18:38:40
3856,Grandma's Goan Fish Curry,72,Local Eatery,80,184,74.7,10.3,2025-06-02 08:23:53
3857,Idli Sambar,49,Mid-range Restaurant,300,359,74.7,8.8,2026-06-19 23:30:04
3858,Royal Amritsari Kulcha,91,Fine Dining,1009,1651,65.5,27.4,2025-11-30 03:03:11
3859,Vada Sambar,59,Street Food,62,75,61.1,28.4,2026-01-21 17:48:30
3860,Traditional Paneer Tikka,37,Fine Dining,1386,2393,83.9,1.7,2025-12-29 01:08:28
3861,Pitha,11,Sweet Shop,74,194,76.4,10.8,2025-04-19 16:26:22
3862,Extra Cheesy Rajma Chawal,133,Roadside Stall,67,116,77.1,10.1,2025-06-28 16:37:06
3863,Kadhi Chawal,91,Sweet Shop,111,192,90.4,0,2025-05-06 05:34:16
3864,Quick-bite Pesarattu,113,Fine Dining,1412,1867,48.8,35.0,2025-06-09 21:13:10
3865,Bhutte ka Kees,62,Roadside Stall,40,70,92.3,0,2025-12-02 12:46:46
3866,Chhena Poda,86,Sweet Shop,36,59,60.2,42.5,2025-03-16 04:42:39
3867,Butter Chicken,131,Mid-range Restaurant,340,397,77.8,12.2,2025-04-11 04:31:58
3868,Authentic Pitha,18,Sweet Shop,94,116,73.4,13.2,2025-04-15 15:17:15
3869,Spicy Sarson da Saag,133,Sweet Shop,170,300,73.0,16.4,2026-05-07 03:35:41
3870,Special Chettinad Chicken,50,Roadside Stall,51,91,84.8,0.3,2025-06-12 19:40:58
3871,Roadside Vada Pav,33,Mid-range Restaurant,403,543,59.0,22.0,2025-08-26 05:43:40
3872,Street-side Pav Bhaji,34,Street Food,25,138,42.5,68.5,2025-01-02 12:14:39
3873,Deluxe Rosogolla,17,Street Food,50,103,66.5,32.4,2025-12-20 13:49:21
3874,Bamboo Shoot Curry,78,Local Eatery,147,189,77.9,9.3,2025-10-05 13:18:49
3875,Rasam,109,Fine Dining,886,2495,49.4,43.7,2026-04-11 23:07:51
3876,Extra Cheesy Malai Kofta,128,Fine Dining,1253,2159,87.8,0,2025-06-19 02:55:21
3877,Golgappa,129,Local Eatery,161,225,75.5,6.7,2026-03-22 15:40:31
3878,Payasam,58,Local Eatery,65,146,72.0,11.3,2025-08-02 12:42:27
3879,Quick-bite Amritsari Kulcha,93,Mid-range Restaurant,406,625,88.6,0,2025-03-07 15:05:18
3880,Traditional Pitha,117,Roadside Stall,50,117,78.1,8.3,2026-03-26 12:28:33
3881,Chak-hao Kheer,104,Street Food,51,141,76.4,6.3,2026-01-12 06:59:19
3882,Naga Chutney,82,Roadside Stall,21,100,76.6,7.4,2025-10-31 22:18:58
3883,Chole Bhature,36,Mid-range Restaurant,247,649,60.3,20.2,2025-03-05 00:44:56
3884,Jadoh,81,Local Eatery,126,216,84.1,1.5,2025-01-07 13:12:20
3885,Chole Bhature,36,Street Food,65,100,70.2,20.5,2025-05-25 09:38:22
3886,Grandma's Litti,15,Sweet Shop,119,301,80.5,6.3,2025-07-27 08:52:09
3887,Street-side Kolhapuri Mutton,73,Roadside Stall,60,107,77.8,8.3,2026-06-27 13:47:49
3888,Nihari,129,Roadside Stall,25,117,79.1,8.7,2025-03-24 05:14:42
3889,Street-side Pitha,9,Local Eatery,146,158,88.3,0,2026-04-26 10:36:51
3890,Zan,80,Local Eatery,97,210,51.9,37.5,2026-06-04 08:50:50
3891,Malai Kofta,126,Mid-range Restaurant,198,690,86.1,0,2025-08-30 06:28:21
3892,Signature Mysore Pak,110,Fine Dining,763,1332,55.1,33.5,2025-08-16 01:41:48
3893,Zan,77,Roadside Stall,50,86,70.7,10.6,2025-01-13 04:08:26
3894,Extra Cheesy Bhel Puri,31,Street Food,49,90,55.6,34.0,2025-02-06 12:15:32
3895,Deluxe Modak,74,Street Food,79,104,54.1,49.7,2026-05-28 04:14:16
3896,Pongal,109,Fine Dining,1173,1708,75.3,15.3,2025-02-16 11:32:01
3897,Idli Sambar,55,Local Eatery,125,160,82.2,3.2,2026-04-07 23:53:49
3898,Roadside Paneer Tikka,129,Roadside Stall,25,71,70.6,13.5,2026-02-14 15:22:51
3899,Chef's Pav Bhaji,32,Roadside Stall,42,88,60.8,21.7,2025-07-25 06:41:01
3900,Grandma's Litti Chokha,92,Street Food,41,110,66.5,12.9,2026-01-04 15:44:09
3901,Traditional Rosogolla,15,Fine Dining,777,1192,79.5,4.3,2025-10-24 04:33:44
3902,Kadhi Chawal,121,Sweet Shop,114,231,67.1,17.5,2026-05-20 09:45:38
3903,Royal Tandoori Roti,40,Mid-range Restaurant,282,347,76.5,6.3,2025-01-21 23:40:14
3904,Local Favourite Butter Chicken,36,Street Food,51,112,77.0,6.8,2025-01-26 16:04:12
3905,Family Recipe Paneer Tikka,93,Sweet Shop,109,254,56.1,47.3,2025-12-07 00:02:38
3906,Chef's Malpua,63,Sweet Shop,64,235,81.2,2.8,2025-11-14 22:58:15
3907,Modak,28,Roadside Stall,51,106,75.7,8.6,2025-04-21 00:54:10
3908,Festival Uttapam,106,Mid-range Restaurant,311,428,69.5,23.7,2025-09-04 00:16:52
3909,Local Favourite Litti Chokha,138,Sweet Shop,194,363,66.6,22.8,2025-07-29 11:47:13
3910,Momos,80,Local Eatery,84,182,73.8,14.7,2025-09-28 03:42:09
3911,Chole Bhature,131,Sweet Shop,190,285,85.5,0,2026-02-07 05:49:32
3912,Axone,8,Fine Dining,823,926,85.3,0,2026-01-30 22:45:33
3913,Khandvi,23,Mid-range Restaurant,282,695,81.7,3.1,2025-04-13 03:31:15
3914,Dal Makhani,92,Fine Dining,1004,2014,71.2,13.0,2025-08-01 09:54:03
3915,Quick-bite Sarson da Saag,100,Mid-range Restaurant,368,522,82.4,1.7,2025-01-07 18:20:58
3916,Malai Kofta,99,Fine Dining,804,1932,69.3,27.5,2026-06-06 15:27:01
3917,Axone,118,Fine Dining,973,2198,59.8,41.9,2026-03-13 21:14:17
3918,Local Favourite Kadhi Chawal,91,Street Food,37,62,42.7,68.3,2025-01-19 22:03:11
3919,Grandma's Dal Makhani,120,Mid-range Restaurant,251,569,69.3,11.2,2025-12-04 04:57:36
3920,Dahi Vada,16,Local Eatery,78,249,80.0,5.8,2025-12-09 00:54:33
3921,Authentic Litti Chokha,37,Street Food,81,109,58.4,37.8,2025-02-14 02:18:04
3922,Grandma's Hyderabadi Biryani,56,Local Eatery,155,241,60.8,32.9,2026-01-30 23:24:59
3923,Sandesh,136,Fine Dining,1070,2253,66.1,26.9,2025-07-08 14:04:39
3924,Signature Uttapam,110,Mid-range Restaurant,362,506,65.2,30.9,2026-04-15 12:38:23
3925,Mutton Rogan Josh,91,Street Food,42,109,79.4,8.2,2026-01-18 22:24:02
3926,Authentic Modak,74,Street Food,49,75,84.3,1.2,2025-08-06 08:57:40
3927,Chef's Bamboo Shoot Curry,7,Local Eatery,110,290,87.6,0,2025-03-21 12:10:00
3928,Kachori,119,Sweet Shop,100,130,62.5,38.4,2025-09-19 06:08:16
3929,Special Amritsari Kulcha,94,Fine Dining,736,1779,49.7,26.4,2025-01-13 08:33:02
3930,Rosogolla,90,Local Eatery,128,292,55.9,34.1,2026-05-20 18:04:15
3931,Classic Modak,75,Local Eatery,161,205,69.6,26.4,2025-11-23 05:20:54
3932,Roadside Golgappa,126,Roadside Stall,28,78,78.5,5.6,2025-06-28 01:16:58
3933,Pork with Bamboo Shoot,117,Roadside Stall,28,115,68.7,24.4,2025-05-26 07:55:31
3934,Royal Malpua,21,Local Eatery,108,118,71.4,20.5,2025-02-22 14:14:51
3935,Sabudana Khichdi,66,Sweet Shop,163,271,90.6,0,2025-10-25 05:15:22
3936,Signature Momos,88,Mid-range Restaurant,393,530,52.4,20.6,2025-05-21 23:41:16
3937,Quick-bite Idiyappam,2,Street Food,78,102,44.1,64.3,2025-10-08 16:04:34
3938,Premium Zan,14,Local Eatery,119,244,84.3,1.2,2025-03-23 21:44:12
3939,Khandvi,34,Mid-range Restaurant,193,582,64.0,21.2,2025-05-05 04:55:14
3940,Fish Tenga,117,Sweet Shop,36,315,55.1,37.5,2025-01-15 09:33:38
3941,Street-side Payasam,1,Local Eatery,63,216,77.1,9.3,2025-05-02 15:38:50
3942,Bhel Puri,32,Mid-range Restaurant,327,429,60.8,43.4,2026-06-28 10:54:41
3943,Bebinca,83,Local Eatery,90,153,49.3,35.5,2026-04-28 02:20:21
3944,Grandma's Chaat Papdi,133,Mid-range Restaurant,378,403,58.1,22.5,2026-03-04 19:37:29
3945,Pitha,135,Street Food,56,74,70.5,8.9,2025-08-06 05:32:07
3946,Homestyle Thepla,32,Roadside Stall,55,99,68.9,22.2,2026-02-05 12:51:59
3947,Lassi,125,Mid-range Restaurant,152,508,74.5,7.5,2025-09-18 09:39:42
3948,Jadoh,12,Fine Dining,680,1198,67.5,23.6,2026-06-10 23:04:36
3949,Extra Cheesy Paneer Tikka,101,Fine Dining,1478,1835,51.8,56.2,2025-08-12 17:19:00
3950,Chole Bhature,35,Local Eatery,143,294,62.1,31.9,2025-02-05 17:13:16
3951,Authentic Chila,67,Fine Dining,767,2133,57.9,25.9,2025-06-06 06:27:16
3952,Pav Bhaji,74,Sweet Shop,126,365,61.4,15.1,2026-03-08 18:57:54
3953,Kothu Parotta,108,Sweet Shop,122,293,69.8,20.4,2025-03-08 19:57:34
3954,Spicy Smoked Pork,14,Local Eatery,114,198,90.0,0,2026-05-01 07:22:54
3955,Extra Cheesy Kothu Parotta,61,Mid-range Restaurant,260,502,70.8,9.8,2025-05-05 08:37:22
3956,Khandvi,72,Street Food,75,119,66.1,26.5,2026-02-10 02:09:17
3957,Sarson da Saag,38,Fine Dining,1059,1098,62.1,13.8,2025-01-31 12:11:10
3958,Local Favourite Tandoori Roti,124,Roadside Stall,43,100,67.7,22.4,2025-12-02 15:06:17
3959,Chole Bhature,36,Sweet Shop,70,320,90.3,0,2026-01-21 12:00:30
3960,Grandma's Dhokla,31,Fine Dining,689,847,55.4,26.6,2025-01-21 20:46:47
3961,Chingri Malai Curry,88,Mid-range Restaurant,208,406,60.2,35.9,2025-05-22 01:48:15
3962,Local Favourite Chhena Poda,88,Street Food,20,142,85.3,0,2026-02-22 15:18:50
3963,Premium Mysore Pak,55,Local Eatery,63,124,86.9,0,2025-07-10 23:43:05
3964,Chef's Axone,104,Roadside Stall,35,100,79.6,6.7,2026-04-24 20:59:52
3965,Rasam,114,Street Food,74,89,43.2,38.7,2025-10-21 01:53:21
3966,Prawn Balchao,26,Local Eatery,171,237,44.2,27.0,2025-08-04 18:10:04
3967,Kadhi Bafla,21,Mid-range Restaurant,250,458,73.9,7.8,2026-05-10 17:13:49
3968,Aloo Paratha,98,Fine Dining,947,1338,85.4,0,2026-01-07 06:44:25
3969,Kadhi Chawal,126,Mid-range Restaurant,341,607,69.4,11.6,2025-04-26 22:02:55
3970,Bebinca,75,Mid-range Restaurant,184,334,56.5,34.4,2025-07-01 15:35:20
3971,Sandesh,17,Roadside Stall,47,117,56.7,24.0,2025-07-20 13:55:22
3972,Family Recipe Macher Jhol,45,Sweet Shop,86,391,85.2,0,2026-02-12 02:55:03
3973,Classic Amritsari Kulcha,41,Street Food,21,90,78.5,4.9,2025-04-18 15:55:07
3974,Rava Kesari,2,Mid-range Restaurant,329,553,70.0,23.3,2025-02-25 04:51:46
3975,Sarson da Saag,94,Fine Dining,1165,1952,67.5,16.7,2025-11-21 10:18:05
3976,Kothu Parotta,60,Fine Dining,1202,1847,66.7,25.3,2026-01-17 19:09:33
3977,Vada Sambar,116,Sweet Shop,140,248,68.0,15.3,2025-11-03 01:36:14
3978,Grandma's Naga Chutney,12,Roadside Stall,57,114,88.5,0,2025-04-19 11:47:33
3979,Rava Kesari,112,Local Eatery,69,204,66.4,17.6,2026-04-30 01:23:04
3980,Signature Pitha,138,Roadside Stall,50,92,71.3,10.6,2025-10-08 01:56:14
3981,Roadside Pitha,77,Street Food,75,94,78.1,8.7,2026-06-22 18:11:01
3982,Premium Smoked Pork,11,Roadside Stall,44,83,76.8,9.2,2026-06-17 11:58:18
3983,Street-side Vada Pav,71,Fine Dining,643,1278,68.5,28.9,2025-06-07 00:42:28
3984,Pork with Bamboo Shoot,10,Street Food,52,93,47.3,26.6,2026-06-25 19:55:46
3985,Traditional Kothu Parotta,49,Street Food,30,53,88.1,0,2026-01-30 19:35:22
3986,Local Favourite Poha Jalebi,68,Roadside Stall,49,79,65.5,23.4,2025-10-16 13:50:01
3987,Grandma's Kadhi Chawal,35,Fine Dining,606,1319,49.2,29.8,2026-04-18 17:21:52
3988,Grandma's Jadoh,118,Roadside Stall,28,78,49.0,41.2,2026-03-21 04:25:55
3989,Pongal,52,Street Food,50,102,65.8,20.7,2025-11-26 11:55:16
3990,Puttu Kadala,111,Roadside Stall,60,106,66.0,31.6,2026-02-22 06:06:01
3991,Special Bisi Bele Bath,112,Roadside Stall,24,75,89.6,0,2025-02-05 15:49:44
3992,Khandvi,32,Street Food,75,101,61.7,25.9,2026-04-14 04:12:37
3993,Signature Fish Tenga,79,Local Eatery,135,195,67.6,28.9,2026-02-21 20:26:41
3994,Spicy Dhokla,73,Mid-range Restaurant,209,467,91.5,0,2025-12-04 04:20:35
3995,Chole Bhature,124,Street Food,36,129,94.1,0,2026-01-20 01:16:32
3996,Premium Poha Jalebi,20,Sweet Shop,203,245,83.7,1.1,2026-05-28 22:54:40
3997,Bamboo Shoot Curry,117,Street Food,66,85,74.4,14.4,2025-10-01 06:49:36
3998,Dal Makhani,98,Sweet Shop,99,322,78.2,5.3,2025-03-14 21:29:59
3999,Spicy Lassi,101,Sweet Shop,90,208,93.7,0,2026-02-10 09:21:51
4000,Kadhi Chawal,40,Fine Dining,631,1302,60.5,30.5,2025-08-03 18:37:04
4001,Puttu Kadala,4,Mid-range Restaurant,310,624,80.5,7.2,2025-02-20 21:51:41
4002,Family Recipe Kolhapuri Mutton,71,Mid-range Restaurant,420,582,57.7,47.4,2025-02-08 06:27:51
4003,Grandma's Sarson da Saag,125,Sweet Shop,183,247,79.8,4.7,2025-05-23 23:48:17
4004,Chole Bhature,132,Roadside Stall,53,113,70.5,11.1,2025-07-29 13:59:28
4005,Chef's Rava Kesari,2,Roadside Stall,15,84,71.2,19.4,2025-05-16 01:32:57
4006,Pesarattu,61,Local Eatery,156,291,70.9,19.3,2026-01-16 05:17:32
4007,Classic Curd Rice,112,Fine Dining,566,1472,53.6,32.3,2025-06-24 22:48:48
4008,Deluxe Aloo Posto,87,Street Food,56,125,89.1,0,2025-10-30 15:18:07
4009,Royal Smoked Pork,105,Sweet Shop,93,400,59.3,39.2,2025-04-10 01:27:34
4010,Dhokla,69,Local Eatery,68,166,47.6,51.2,2025-06-11 07:41:54
4011,Traditional Sabudana Khichdi,66,Fine Dining,661,1638,75.9,13.6,2026-04-22 03:47:01
4012,Naga Chutney,85,Fine Dining,984,1380,59.1,43.0,2026-03-15 19:50:17
4013,Kosha Mangsho,18,Roadside Stall,17,55,69.9,11.1,2026-04-12 10:23:44
4014,Extra Cheesy Dhokla,29,Local Eatery,132,234,64.2,29.2,2025-03-09 23:45:15
4015,Family Recipe Bebinca,74,Sweet Shop,52,277,89.3,0,2025-05-18 16:39:06
4016,Pitha,9,Sweet Shop,202,295,75.3,6.4,2025-08-03 10:59:28
4017,Local Favourite Sabudana Khichdi,65,Local Eatery,110,188,63.0,18.8,2025-05-05 13:28:39
4018,Special Kothu Parotta,108,Local Eatery,148,159,76.4,9.9,2025-04-27 16:47:24
4019,Chaat Papdi,43,Local Eatery,100,150,70.4,9.6,2026-05-03 03:51:11
4020,Festival Chaat Papdi,130,Fine Dining,608,733,75.4,8.3,2026-02-24 17:55:01
4021,Street-side Tandoori Roti,96,Roadside Stall,17,34,77.5,6.4,2025-04-20 03:18:29
4022,Pitha,88,Fine Dining,1454,2377,85.9,0,2025-10-15 03:15:44
4023,Signature Filter Coffee,106,Sweet Shop,109,355,77.1,7.0,2025-08-01 23:47:17
4024,Traditional Appam with Stew,108,Mid-range Restaurant,343,534,76.9,14.3,2026-06-05 12:33:13
4025,Pongal,106,Street Food,62,109,80.2,7.1,2025-09-16 13:38:54
4026,Classic Sol Kadhi,31,Mid-range Restaurant,184,612,94.3,0,2026-01-24 03:02:13
4027,Litti Chokha,102,Roadside Stall,38,100,64.8,22.1,2025-02-02 10:44:34
4028,Puttu Kadala,59,Local Eatery,83,238,83.9,1.6,2026-02-05 15:54:00
4029,Special Dal Bafla,66,Local Eatery,83,125,64.7,30.0,2025-09-20 22:18:40
4030,Golgappa,91,Sweet Shop,80,322,76.7,7.3,2025-11-04 23:16:26
4031,Roadside Idli Sambar,106,Local Eatery,179,243,63.8,14.2,2026-04-26 15:46:56
4032,Festival Chole Bhature,121,Fine Dining,658,1034,75.0,7.7,2025-01-13 12:53:22
4033,Authentic Curd Rice,52,Sweet Shop,78,398,55.3,39.5,2025-10-14 19:53:26
4034,Deluxe Thukpa,9,Local Eatery,131,207,43.3,65.3,2026-06-10 17:47:28
4035,Premium Pork with Bamboo Shoot,85,Roadside Stall,44,81,77.3,10.7,2026-01-23 10:48:54
4036,Premium Zan,104,Fine Dining,1017,1346,64.0,22.7,2025-11-01 13:52:10
4037,Festival Kadhi Chawal,97,Sweet Shop,31,389,91.6,0,2025-06-13 09:25:28
4038,Village-style Kachori,133,Sweet Shop,121,139,72.9,12.1,2025-05-21 09:45:03
4039,Spicy Chhena Poda,86,Fine Dining,1311,1698,67.0,23.0,2025-04-24 16:01:42
4040,Classic Hyderabadi Biryani,54,Local Eatery,122,194,76.4,8.3,2025-11-17 16:26:43
4041,Kosha Mangsho,139,Fine Dining,1484,1550,79.5,5.1,2025-05-18 08:27:25
4042,Puttu Kadala,50,Fine Dining,926,1750,51.9,33.9,2025-08-20 16:00:35
4043,Festival Rajma Chawal,99,Fine Dining,1390,2451,67.7,20.8,2026-03-03 08:11:26
4044,Nihari,99,Roadside Stall,25,69,92.0,0,2025-07-17 22:13:11
4045,Premium Puttu Kadala,5,Roadside Stall,42,93,68.6,11.5,2026-06-03 05:54:03
4046,Jadoh,77,Roadside Stall,29,69,85.1,0,2026-02-27 21:23:11
4047,Local Favourite Thukpa,8,Local Eatery,94,224,68.8,11.0,2025-04-16 00:41:00
4048,Meen Curry,53,Local Eatery,140,291,82.4,1.8,2026-06-08 01:59:28
4049,Homestyle Dal Makhani,41,Local Eatery,72,210,80.8,3.4,2025-01-05 14:03:21
4050,Quick-bite Aloo Paratha,40,Local Eatery,87,115,88.5,0,2025-11-03 18:55:23
4051,Uttapam,56,Roadside Stall,50,71,49.7,41.7,2025-05-23 14:23:02
4052,Festival Bhutte ka Kees,63,Fine Dining,995,1388,44.7,29.6,2026-04-29 10:50:44
4053,Dahi Vada,90,Local Eatery,72,251,81.1,4.6,2025-09-06 16:57:46
4054,Homestyle Bebinca,103,Street Food,33,126,74.7,18.5,2025-03-03 12:04:05
4055,Litti Chokha,119,Local Eatery,165,271,56.7,27.0,2025-08-28 22:27:06
4056,Momos,136,Roadside Stall,64,104,52.6,54.9,2025-08-31 19:35:15
4057,Signature Goan Fish Curry,73,Roadside Stall,22,46,70.5,19.6,2026-06-20 21:36:23
4058,Authentic Masala Dosa,116,Roadside Stall,26,40,84.0,0.7,2026-04-30 02:07:15
4059,Pongal,61,Roadside Stall,61,83,62.7,32.5,2026-05-14 06:39:38
4060,Chef's Dhokla,30,Fine Dining,1182,1217,43.2,68.3,2025-06-16 18:12:15
4061,Special Sandesh,46,Local Eatery,147,246,57.5,31.4,2025-05-05 09:55:18
4062,Paneer Tikka,93,Street Food,48,72,51.4,39.0,2025-09-26 23:55:02
4063,Dhokla,75,Sweet Shop,85,180,86.3,0,2025-01-21 15:20:38
4064,Special Goan Fish Curry,26,Roadside Stall,22,46,82.3,4.8,2025-12-30 17:23:42
4065,Shorshe Ilish,138,Street Food,42,92,51.1,28.0,2025-11-05 08:11:12
4066,Spicy Dal Bafla,66,Street Food,41,72,45.5,50.9,2025-03-06 23:42:35
4067,Lassi,124,Street Food,56,67,66.3,15.6,2026-04-18 12:10:28
4068,Special Sandesh,134,Mid-range Restaurant,164,632,64.6,20.1,2026-02-14 19:30:27
4069,Family Recipe Malpua,67,Fine Dining,1451,2463,69.8,13.4,2026-01-21 16:47:52
4070,Spicy Sarson da Saag,130,Fine Dining,550,2062,39.3,63.3,2025-06-26 11:43:17
4071,Extra Cheesy Fish Tenga,7,Sweet Shop,105,135,65.3,23.9,2025-09-08 01:13:23
4072,Homestyle Pitha,84,Local Eatery,116,168,70.1,19.6,2025-12-10 20:21:22
4073,Festival Dal Bafla,63,Street Food,35,133,73.5,10.2,2025-01-09 10:51:30
4074,Amritsari Kulcha,93,Street Food,44,86,43.7,69.2,2025-10-25 18:11:36
4075,Rosogolla,137,Roadside Stall,17,73,43.9,39.6,2025-11-08 15:27:52
4076,Thukpa,81,Sweet Shop,212,291,84.5,0.6,2025-03-02 07:18:45
4077,Sol Kadhi,23,Mid-range Restaurant,330,565,74.2,18.3,2026-03-08 23:23:58
4078,Special Pork with Bamboo Shoot,104,Mid-range Restaurant,178,646,79.8,6.9,2025-08-28 03:46:33
4079,Naga Chutney,77,Roadside Stall,57,100,53.1,21.5,2025-04-07 13:03:53
4080,Bebinca,26,Mid-range Restaurant,358,623,82.0,3.2,2025-12-07 23:08:42
4081,Uttapam,107,Local Eatery,94,248,67.9,10.9,2026-01-11 21:16:53
4082,Bebinca,10,Fine Dining,932,1569,64.9,34.5,2026-01-11 06:57:34
4083,Chole Bhature,120,Sweet Shop,82,376,38.4,67.3,2025-09-29 20:35:57
4084,Extra Cheesy Rava Kesari,59,Local Eatery,116,243,77.2,7.7,2025-05-28 06:20:08
4085,Chole Bhature,39,Sweet Shop,180,354,78.2,8.4,2026-02-12 02:34:24
4086,Aloo Paratha,122,Fine Dining,678,1627,90.7,0,2025-05-28 17:06:27
4087,Pesarattu,56,Sweet Shop,34,127,78.6,5.8,2026-04-21 16:05:31
4088,Spicy Chila,63,Roadside Stall,66,109,63.9,22.4,2026-02-19 13:10:38
4089,Undhiyu,74,Local Eatery,134,286,60.1,36.5,2025-11-02 04:09:40
4090,Litti Chokha,89,Roadside Stall,61,106,68.6,18.8,2025-05-09 22:52:02
4091,Traditional Golgappa,40,Local Eatery,166,206,84.6,0.7,2025-10-31 06:07:30
4092,Royal Chole Bhature,41,Local Eatery,91,170,81.3,2.7,2026-06-21 20:05:28
4093,Grandma's Rajma Chawal,35,Local Eatery,92,278,93.6,0,2025-11-19 19:23:21
4094,Vada Sambar,55,Roadside Stall,50,86,57.2,23.9,2025-10-11 01:36:00
4095,Deluxe Momos,118,Mid-range Restaurant,335,405,79.9,8.5,2025-08-27 01:15:08
4096,Bisi Bele Bath,53,Street Food,29,52,70.6,13.2,2026-03-24 06:52:31
4097,Quick-bite Bafla,68,Sweet Shop,103,198,80.8,2.9,2026-03-07 11:17:20
4098,Deluxe Dalma,137,Sweet Shop,106,309,60.4,18.0,2025-10-13 03:00:24
4099,Premium Dal Bafla,20,Fine Dining,779,2329,71.5,18.0,2025-07-15 11:34:05
4100,Family Recipe Kadhi Chawal,100,Roadside Stall,43,75,61.2,35.1,2025-09-09 01:02:45
4101,Premium Payasam,55,Fine Dining,883,2459,76.8,12.9,2025-10-07 17:22:37
4102,Street-side Poha Jalebi,62,Street Food,53,110,93.2,0,2026-02-15 21:52:32
4103,Bisi Bele Bath,57,Local Eatery,177,274,86.6,0,2025-12-28 14:14:57
4104,Sarson da Saag,44,Street Food,23,125,71.9,10.1,2025-11-11 04:27:46
4105,Signature Pork with Bamboo Shoot,77,Sweet Shop,128,224,63.9,31.5,2026-05-09 18:06:25
4106,Spicy Sandesh,19,Fine Dining,1254,2473,67.5,25.7,2025-10-21 07:20:41
4107,Puttu Kadala,106,Roadside Stall,21,49,82.1,4.5,2026-02-08 00:29:18
4108,Local Favourite Chole Bhature,126,Fine Dining,579,2328,81.1,4.4,2025-09-29 20:24:12
4109,Filter Coffee,3,Mid-range Restaurant,151,303,79.5,4.6,2025-11-19 14:01:50
4110,Momos,12,Local Eatery,176,247,56.1,49.5,2026-04-28 07:58:52
4111,Shorshe Ilish,139,Sweet Shop,64,131,88.3,0,2025-10-31 18:49:54
4112,Premium Bafla,21,Local Eatery,107,126,84.3,0.9,2025-10-23 17:15:36
4113,Roadside Pongal,116,Street Food,28,74,50.2,55.9,2025-04-16 22:57:32
4114,Chila,66,Local Eatery,167,239,56.4,41.4,2026-02-19 04:41:23
4115,Grandma's Uttapam,109,Local Eatery,126,218,79.9,7.4,2026-04-11 17:46:17
4116,Sol Kadhi,70,Sweet Shop,141,205,86.5,0,2026-06-30 12:20:09
4117,Quick-bite Dal Makhani,129,Mid-range Restaurant,310,575,71.0,16.3,2026-04-12 16:04:02
4118,Chef's Kosha Mangsho,137,Fine Dining,516,1486,64.1,28.2,2025-02-01 08:23:13
4119,Premium Tandoori Roti,95,Sweet Shop,167,203,64.3,31.6,2025-06-28 13:22:31
4120,Momos,15,Fine Dining,1259,1321,85.4,0,2026-03-05 09:25:33
4121,Local Favourite Bebinca,105,Street Food,73,110,66.1,26.7,2025-11-02 02:14:40
4122,Meen Curry,5,Local Eatery,71,95,50.5,32.7,2025-10-30 11:18:46
4123,Local Favourite Paneer Tikka,43,Sweet Shop,103,166,72.8,20.2,2025-04-12 11:35:59
4124,Quick-bite Puran Poli,72,Roadside Stall,37,76,64.5,21.5,2025-09-19 06:19:09
4125,Traditional Sarson da Saag,41,Fine Dining,1282,1969,45.2,45.2,2025-11-21 04:05:08
4126,Lassi,93,Fine Dining,1396,1922,74.0,16.5,2025-10-01 21:18:33
4127,Special Lassi,40,Mid-range Restaurant,298,522,70.2,19.4,2026-05-13 06:36:49
4128,Thukpa,14,Local Eatery,169,199,84.3,0.9,2026-05-08 20:36:41
4129,Roadside Dahi Vada,45,Fine Dining,835,1176,58.8,35.3,2026-01-21 12:39:13
4130,Authentic Poha Jalebi,66,Local Eatery,145,287,65.3,12.7,2025-01-01 17:10:36
4131,Pitha,16,Mid-range Restaurant,192,683,53.7,24.2,2026-03-15 06:02:40
4132,Classic Zan,82,Sweet Shop,169,266,48.7,65.0,2026-06-09 20:14:21
4133,Traditional Litti Chokha,124,Roadside Stall,33,96,48.8,27.4,2025-12-04 09:32:41
4134,Roadside Butter Chicken,43,Mid-range Restaurant,222,243,67.8,15.4,2025-07-24 15:16:29
4135,Special Thukpa,105,Fine Dining,1038,2063,57.6,21.2,2025-05-20 11:12:21
4136,Mutton Rogan Josh,98,Local Eatery,144,209,78.3,4.4,2025-03-21 13:03:13
4137,Chingri Malai Curry,17,Fine Dining,549,1061,58.4,42.4,2026-06-11 03:10:53
4138,Idli Sambar,60,Mid-range Restaurant,294,348,72.9,11.6,2025-11-22 22:38:30
4139,Idli Sambar,111,Sweet Shop,184,244,50.4,40.3,2026-03-06 18:43:43
4140,Rosogolla,139,Street Food,24,108,60.5,26.9,2025-11-17 22:31:22
4141,Extra Cheesy Chaat Papdi,128,Fine Dining,850,2427,90.4,0,2025-10-05 08:27:46
4142,Sandesh,90,Street Food,46,88,86.7,0,2026-04-22 10:14:34
4143,Roadside Chak-hao Kheer,85,Sweet Shop,214,252,52.1,21.7,2025-10-24 13:36:58
4144,Classic Kothu Parotta,53,Local Eatery,165,181,73.2,17.4,2025-04-16 02:03:55
4145,Puttu Kadala,50,Street Food,46,102,77.9,12.6,2025-08-30 19:32:17
4146,Aloo Posto,134,Street Food,79,90,54.7,27.3,2025-12-02 16:07:59
4147,Homestyle Kachori,36,Mid-range Restaurant,204,377,76.4,6.4,2025-08-19 15:37:06
4148,Signature Naga Chutney,79,Street Food,73,119,74.0,9.8,2025-07-18 01:05:16
4149,Quick-bite Chaat Papdi,35,Street Food,42,126,62.6,25.2,2025-09-12 03:17:28
4150,Grandma's Dal Makhani,123,Street Food,40,79,79.9,7.8,2025-10-08 13:42:42
4151,Extra Cheesy Tandoori Roti,130,Street Food,40,97,73.5,14.3,2026-02-17 05:22:14
4152,Premium Bafla,22,Street Food,69,121,76.1,6.1,2026-06-29 00:14:00
4153,Puran Poli,71,Mid-range Restaurant,302,533,61.1,23.6,2025-07-05 01:25:26
4154,Roadside Masala Dosa,2,Mid-range Restaurant,236,401,85.4,0,2026-02-13 19:17:41
4155,Festival Golgappa,97,Mid-range Restaurant,402,416,81.6,4.1,2026-01-01 00:03:24
4156,Street-side Mutton Rogan Josh,125,Sweet Shop,107,309,70.0,9.8,2026-04-24 12:17:37
4157,Signature Mysore Pak,59,Sweet Shop,117,149,80.0,8.4,2026-06-26 21:40:31
4158,Momos,8,Fine Dining,995,2461,44.4,55.3,2025-07-07 10:24:33
4159,Spicy Goan Fish Curry,70,Local Eatery,73,188,51.3,47.1,2025-01-10 18:26:58
4160,Special Paneer Tikka,125,Mid-range Restaurant,329,585,64.6,16.6,2025-09-26 05:03:44
4161,Modak,74,Sweet Shop,200,261,85.2,0,2025-11-07 09:19:06
4162,Nihari,126,Mid-range Restaurant,176,619,87.2,0,2026-01-30 15:29:23
4163,Aloo Posto,18,Street Food,61,117,83.6,2.0,2025-03-04 21:01:59
4164,Mysore Pak,108,Mid-range Restaurant,172,427,68.8,24.2,2025-10-29 09:01:25
4165,Homestyle Chila,65,Mid-range Restaurant,310,381,78.4,4.9,2025-02-25 17:32:28
4166,Quick-bite Appam with Stew,57,Local Eatery,83,126,61.6,24.5,2025-02-27 23:23:04
4167,Grandma's Paneer Tikka,131,Fine Dining,568,1793,53.7,54.4,2026-05-14 01:33:46
4168,Kothu Parotta,110,Mid-range Restaurant,348,654,71.3,13.2,2026-01-10 04:11:21
4169,Chef's Kachori,130,Fine Dining,1452,1921,47.6,29.7,2026-05-02 23:39:04
4170,Chef's Jadoh,14,Local Eatery,83,288,65.7,24.6,2025-03-03 00:51:31
4171,Authentic Bisi Bele Bath,109,Street Food,37,108,62.6,29.2,2025-01-08 18:04:05
4172,Local Favourite Sol Kadhi,29,Street Food,31,114,83.2,2.9,2025-07-09 07:12:51
4173,Village-style Butter Chicken,120,Mid-range Restaurant,265,690,67.4,19.4,2025-04-27 10:26:57
4174,Homestyle Momos,45,Mid-range Restaurant,363,613,58.6,39.2,2026-01-16 20:27:10
4175,Axone,117,Mid-range Restaurant,235,637,75.6,9.1,2025-02-20 09:31:43
4176,Rava Kesari,1,Sweet Shop,39,160,84.5,0.4,2025-06-07 20:39:26
4177,Authentic Appam with Stew,5,Roadside Stall,26,92,63.7,30.5,2025-10-23 21:10:54
4178,Pesarattu,53,Local Eatery,160,257,83.8,0.8,2026-03-09 11:18:20
4179,Paneer Tikka,132,Roadside Stall,15,112,83.9,1.8,2026-06-07 10:09:21
4180,Naga Chutney,85,Sweet Shop,47,344,65.1,33.9,2026-06-01 05:31:24
4181,Royal Dalma,17,Local Eatery,124,154,70.6,22.4,2025-01-24 07:36:49
4182,Spicy Vada Sambar,54,Local Eatery,110,286,79.2,7.8,2026-01-08 22:51:24
4183,Pitha,45,Local Eatery,113,206,74.7,9.6,2025-01-08 21:35:59
4184,Appam with Stew,50,Sweet Shop,74,391,62.4,40.5,2025-06-24 16:43:00
4185,Chef's Mutton Rogan Josh,126,Sweet Shop,80,145,77.3,6.1,2025-07-14 21:44:22
4186,Litti Chokha,88,Mid-range Restaurant,362,603,83.4,2.1,2025-09-23 21:00:05
4187,Traditional Chak-hao Kheer,13,Fine Dining,1013,1954,73.8,12.8,2025-02-22 02:04:10
4188,Local Favourite Goan Fish Curry,33,Mid-range Restaurant,299,586,75.4,11.5,2025-05-05 06:07:24
4189,Village-style Aloo Paratha,130,Local Eatery,176,186,87.2,0,2025-04-04 19:56:55
4190,Extra Cheesy Khandvi,71,Fine Dining,774,1960,50.5,37.3,2025-03-07 22:37:04
4191,Extra Cheesy Axone,105,Mid-range Restaurant,220,490,86.9,0,2025-04-14 23:39:37
4192,Amritsari Kulcha,100,Sweet Shop,98,396,77.5,4.7,2025-04-12 18:46:01
4193,Roadside Naga Chutney,79,Mid-range Restaurant,247,600,84.4,0.9,2025-09-06 10:14:49
4194,Zan,118,Street Food,50,129,73.1,13.4,2026-05-01 17:04:10
4195,Rosogolla,88,Roadside Stall,20,119,66.6,18.7,2025-11-07 21:44:32
4196,Chef's Pongal,114,Local Eatery,132,235,90.8,0,2025-05-27 05:35:44
4197,Royal Butter Chicken,99,Mid-range Restaurant,194,282,76.5,5.4,2025-10-25 09:03:27
4198,Bhel Puri,28,Fine Dining,535,1989,72.9,15.0,2025-12-07 11:16:00
4199,Authentic Butter Chicken,35,Local Eatery,178,269,78.9,7.7,2026-03-03 12:34:23
4200,Family Recipe Pav Bhaji,26,Roadside Stall,54,91,67.8,20.2,2025-06-20 18:06:20
4201,Homestyle Chettinad Chicken,114,Fine Dining,728,1342,81.1,4.7,2025-10-19 12:45:23
4202,Signature Kachori,93,Sweet Shop,55,361,76.3,5.2,2025-11-12 01:31:33
4203,Zan,84,Local Eatery,135,249,71.4,8.7,2025-07-22 10:40:42
4204,Chaat Papdi,101,Street Food,70,112,79.4,3.4,2025-09-23 10:06:35
4205,Misal Pav,70,Fine Dining,1264,1767,79.2,3.8,2025-10-02 19:03:52
4206,Spicy Nihari,133,Street Food,40,92,59.0,18.5,2026-04-04 02:36:42
4207,Spicy Shorshe Ilish,46,Mid-range Restaurant,403,673,86.5,0,2026-03-14 17:20:42
4208,Street-side Naga Chutney,84,Street Food,57,116,53.2,31.1,2025-12-29 14:38:08
4209,Homestyle Idli Sambar,4,Roadside Stall,57,70,91.5,0,2025-12-17 02:29:24
4210,Pongal,54,Mid-range Restaurant,350,585,87.8,0,2026-05-05 23:02:29
4211,Signature Pitha,80,Fine Dining,1271,2453,60.1,32.1,2025-01-26 04:35:28
4212,Chef's Pav Bhaji,71,Roadside Stall,35,118,67.0,12.3,2025-06-20 03:06:38
4213,Amritsari Kulcha,37,Mid-range Restaurant,300,374,88.8,0,2025-07-16 14:28:55
4214,Special Aloo Posto,45,Roadside Stall,56,68,58.1,27.5,2025-08-22 04:43:22
4215,Deluxe Kothu Parotta,4,Roadside Stall,33,51,83.2,1.8,2025-12-15 08:17:12
4216,Pitha,10,Local Eatery,91,243,73.3,13.3,2025-11-22 05:50:10
4217,Spicy Litti Chokha,120,Sweet Shop,129,223,83.9,1.4,2025-09-06 16:36:38
4218,Deluxe Momos,19,Local Eatery,132,298,82.9,2.4,2025-06-19 05:20:38
4219,Deluxe Chingri Malai Curry,137,Sweet Shop,197,256,42.6,30.5,2025-06-02 16:00:41
4220,Pork with Bamboo Shoot,105,Roadside Stall,57,80,76.4,14.2,2025-12-14 18:01:51
4221,Chettinad Chicken,3,Local Eatery,125,177,85.6,0,2025-09-28 11:52:04
4222,Special Naga Chutney,80,Street Food,48,86,83.1,1.4,2025-12-31 23:38:41
4223,Street-side Kachori,131,Fine Dining,915,1851,71.6,17.6,2026-06-01 10:30:08
4224,Traditional Chole Bhature,35,Local Eatery,127,250,64.4,23.2,2025-01-27 00:25:09
4225,Nihari,92,Local Eatery,90,273,83.6,1.2,2025-01-11 01:35:02
4226,Signature Chaat Papdi,97,Street Food,41,85,80.6,5.1,2025-05-16 21:37:43
4227,Lassi,97,Fine Dining,565,962,88.2,0,2025-11-18 17:22:51
4228,Grandma's Sarson da Saag,123,Sweet Shop,109,280,59.9,25.8,2025-05-19 00:31:56
4229,Chaat Papdi,91,Mid-range Restaurant,415,697,54.9,49.0,2025-04-19 08:23:33
4230,Payasam,108,Sweet Shop,58,334,66.5,13.4,2025-03-22 00:32:17
4231,Spicy Puran Poli,29,Local Eatery,160,229,73.4,11.8,2025-09-06 08:53:18
4232,Smoked Pork,118,Fine Dining,537,1876,66.6,25.6,2026-02-18 06:16:21
4233,Festival Payasam,3,Sweet Shop,83,127,84.7,0.3,2025-12-04 00:48:58
4234,Street-side Pitha,83,Fine Dining,827,1879,90.3,0,2026-05-01 22:07:34
4235,Grandma's Pitha,77,Sweet Shop,91,206,81.3,4.8,2025-07-09 16:24:05
4236,Grandma's Bebinca,77,Mid-range Restaurant,381,418,65.3,19.3,2025-09-19 22:40:19
4237,Authentic Nihari,121,Roadside Stall,49,59,83.1,1.6,2025-05-10 01:58:06
4238,Authentic Modak,69,Fine Dining,612,1984,72.7,17.3,2025-05-05 19:45:15
4239,Litti Chokha,131,Sweet Shop,94,350,68.6,25.7,2025-06-17 11:04:27
4240,Butter Chicken,121,Mid-range Restaurant,292,542,74.0,12.5,2026-06-24 20:56:08
4241,Village-style Mysore Pak,48,Local Eatery,177,202,82.0,2.4,2026-03-21 05:11:56
4242,Pav Bhaji,72,Sweet Shop,87,168,72.2,18.4,2025-11-01 06:53:25
4243,Curd Rice,48,Mid-range Restaurant,198,674,71.9,12.2,2025-10-13 21:04:46
4244,Pav Bhaji,72,Mid-range Restaurant,425,557,50.2,52.9,2025-02-09 17:48:09
4245,Local Favourite Curd Rice,60,Local Eatery,175,205,72.0,14.5,2025-05-29 04:28:19
4246,Fish Tenga,84,Street Food,59,126,74.6,15.7,2025-10-23 09:22:05
4247,Royal Chaat Papdi,93,Roadside Stall,52,107,69.4,12.0,2025-06-01 05:27:05
4248,Street-side Mutton Rogan Josh,38,Local Eatery,168,247,68.2,20.9,2025-10-27 18:20:36
4249,Chef's Modak,75,Fine Dining,551,1964,77.9,11.3,2026-02-23 01:59:57
4250,Homestyle Momos,45,Mid-range Restaurant,374,474,72.6,19.2,2026-05-13 00:02:59
4251,Misal Pav,75,Sweet Shop,84,295,58.8,28.2,2025-07-09 14:06:40
4252,Deluxe Idiyappam,5,Street Food,80,100,80.0,8.8,2025-04-29 06:07:29
4253,Butter Chicken,132,Sweet Shop,133,302,75.6,11.5,2025-08-09 13:48:12
4254,Quick-bite Kadhi Chawal,128,Street Food,75,115,61.2,32.9,2025-06-22 20:59:56
4255,Royal Pork with Bamboo Shoot,9,Sweet Shop,55,263,68.4,25.3,2025-12-02 04:21:18
4256,Authentic Chhena Poda,46,Mid-range Restaurant,312,478,49.0,54.0,2026-02-19 07:42:12
4257,Zan,85,Fine Dining,655,998,86.5,0,2025-03-22 20:24:52
4258,Deluxe Pongal,1,Street Food,24,82,79.6,8.3,2025-02-03 23:44:08
4259,Litti Chokha,16,Mid-range Restaurant,364,676,41.9,31.2,2025-07-23 09:10:33
4260,Momos,86,Roadside Stall,21,79,86.3,0,2025-08-31 13:00:53
4261,Homestyle Pav Bhaji,72,Sweet Shop,155,304,73.4,11.4,2026-01-01 13:20:02
4262,Special Hyderabadi Biryani,57,Street Food,42,139,62.2,38.2,2026-02-12 15:34:28
4263,Curd Rice,50,Street Food,78,92,82.1,4.0,2025-01-12 21:25:49
4264,Premium Dal Makhani,119,Street Food,41,82,77.3,4.9,2025-09-26 18:58:07
4265,Spicy Smoked Pork,8,Mid-range Restaurant,323,452,88.6,0,2025-04-05 19:20:28
4266,Roadside Rajma Chawal,128,Mid-range Restaurant,332,472,79.7,3.6,2026-03-14 05:20:33
4267,Quick-bite Kadhi Chawal,43,Street Food,43,117,90.7,0,2025-02-26 02:22:13
4268,Street-side Dal Makhani,92,Sweet Shop,120,201,52.3,36.9,2025-11-01 20:16:59
4269,Family Recipe Filter Coffee,1,Fine Dining,670,1364,91.3,0,2025-02-14 07:24:43
4270,Authentic Aloo Paratha,123,Roadside Stall,19,58,86.1,0,2025-02-12 01:55:53
4271,Grandma's Dal Bafla,64,Local Eatery,122,196,75.3,15.3,2025-07-06 04:29:28
4272,Deluxe Pongal,59,Sweet Shop,89,345,76.7,8.5,2025-06-13 11:45:23
4273,Dhokla,69,Sweet Shop,164,178,57.8,48.5,2026-02-11 00:31:16
4274,Royal Bisi Bele Bath,106,Fine Dining,1171,1684,83.3,2.2,2025-02-06 08:33:41
4275,Homestyle Lassi,132,Street Food,54,149,72.2,15.3,2025-03-24 04:23:50
4276,Dahi Vada,86,Street Food,36,73,70.6,11.6,2025-02-16 02:26:11
4277,Roadside Zan,14,Fine Dining,1086,1570,74.2,15.4,2026-01-02 08:28:57
4278,Sol Kadhi,32,Street Food,23,58,78.9,6.3,2026-02-15 00:16:17
4279,Village-style Sarson da Saag,130,Sweet Shop,154,357,58.7,25.1,2025-08-05 00:50:25
4280,Litti Chokha,97,Fine Dining,638,1096,67.7,25.5,2025-08-15 22:42:47
4281,Royal Sarson da Saag,121,Roadside Stall,21,100,37.1,53.8,2026-04-07 12:54:56
4282,Authentic Pongal,54,Local Eatery,161,243,38.6,39.9,2025-07-11 21:39:21
4283,Local Favourite Amritsari Kulcha,94,Fine Dining,1122,1804,71.2,15.6,2025-04-13 20:05:22
4284,Festival Mysore Pak,111,Roadside Stall,18,55,77.5,5.4,2025-06-02 11:16:14
4285,Village-style Zan,103,Mid-range Restaurant,226,369,83.5,1.9,2025-07-13 00:15:17
4286,Signature Momos,87,Mid-range Restaurant,230,552,83.4,2.8,2025-06-28 16:12:33
4287,Masala Dosa,57,Mid-range Restaurant,273,589,66.5,27.5,2025-11-05 11:04:07
4288,Naga Chutney,11,Local Eatery,83,246,82.4,4.2,2025-07-03 21:08:59
4289,Homestyle Goan Fish Curry,75,Mid-range Restaurant,400,565,70.1,14.8,2026-01-16 03:54:00
4290,Extra Cheesy Rasam,52,Roadside Stall,54,66,74.5,11.6,2026-02-19 18:39:26
4291,Deluxe Dahi Vada,18,Fine Dining,1500,2390,65.2,23.3,2025-12-17 02:01:31
4292,Local Favourite Payasam,60,Street Food,45,142,61.1,24.2,2025-06-09 16:32:56
4293,Quick-bite Naga Chutney,103,Street Food,22,69,82.5,3.6,2026-01-21 23:07:35
4294,Smoked Pork,81,Local Eatery,64,195,84.5,0.8,2025-03-22 20:05:16
4295,Nihari,129,Street Food,74,96,67.4,21.3,2025-05-21 14:47:45
4296,Traditional Mysore Pak,60,Street Food,35,49,61.7,38.0,2025-12-08 11:44:20
4297,Rasam,108,Fine Dining,835,1822,78.4,8.3,2025-02-21 18:55:41
4298,Amritsari Kulcha,37,Roadside Stall,54,105,84.2,1.0,2026-05-19 17:21:12
4299,Sarson da Saag,43,Roadside Stall,19,108,85.7,0,2026-02-16 12:42:48
4300,Pav Bhaji,75,Roadside Stall,64,95,85.5,0,2025-06-26 05:54:14
4301,Roadside Dalma,16,Fine Dining,708,971,72.9,12.6,2025-11-10 10:53:40
4302,Butter Chicken,127,Fine Dining,1269,1802,61.3,34.4,2025-03-16 03:50:26
4303,Deluxe Goan Fish Curry,70,Street Food,54,68,81.5,3.7,2025-02-05 01:23:27
4304,Royal Aloo Paratha,39,Fine Dining,819,2417,45.5,60.1,2026-04-17 16:16:49
4305,Quick-bite Dal Makhani,125,Sweet Shop,71,171,79.7,6.4,2025-09-14 11:10:58
4306,Bamboo Shoot Curry,79,Sweet Shop,98,240,95.5,0,2026-03-24 04:15:29
4307,Mutton Rogan Josh,39,Sweet Shop,182,314,78.2,10.7,2025-11-13 19:09:47
4308,Jadoh,83,Mid-range Restaurant,410,656,83.6,2.0,2026-06-03 01:42:30
4309,Kadhi Bafla,63,Sweet Shop,112,218,92.3,0,2025-04-21 23:23:12
4310,Chole Bhature,91,Fine Dining,970,1226,73.9,9.3,2025-11-08 16:48:50
4311,Signature Filter Coffee,1,Local Eatery,149,164,61.4,41.4,2025-05-03 13:42:18
4312,Street-side Shorshe Ilish,90,Street Food,45,67,68.3,18.0,2026-01-19 20:36:25
4313,Authentic Mutton Rogan Josh,120,Street Food,76,100,94.6,0,2026-03-24 02:57:12
4314,Extra Cheesy Amritsari Kulcha,120,Sweet Shop,113,127,68.3,26.0,2025-08-18 14:55:49
4315,Extra Cheesy Dalma,46,Sweet Shop,185,201,78.2,5.8,2026-03-02 10:56:59
4316,Spicy Sol Kadhi,26,Local Eatery,179,299,56.3,47.7,2025-01-27 21:50:25
4317,Deluxe Mutton Rogan Josh,37,Street Food,70,109,74.5,10.3,2025-08-28 23:48:58
4318,Signature Bisi Bele Bath,108,Fine Dining,555,2256,62.7,35.0,2026-02-02 23:19:19
4319,Chef's Chole Bhature,41,Street Food,70,93,64.5,31.9,2025-09-30 13:38:38
4320,Family Recipe Fish Tenga,9,Street Food,50,92,43.9,55.4,2026-01-02 01:00:34
4321,Authentic Uttapam,58,Sweet Shop,44,275,67.2,20.0,2025-09-08 20:37:39
4322,Homestyle Modak,74,Sweet Shop,192,247,62.4,30.6,2026-05-22 08:50:28
4323,Goan Fish Curry,30,Mid-range Restaurant,263,444,59.6,20.3,2026-01-24 19:28:13
4324,Extra Cheesy Uttapam,112,Street Food,66,146,86.2,0,2026-02-08 08:20:21
4325,Extra Cheesy Axone,9,Street Food,48,106,81.2,4.3,2026-03-10 08:25:24
4326,Grandma's Kadhi Chawal,99,Mid-range Restaurant,218,437,52.3,24.3,2025-12-09 02:54:31
4327,Curd Rice,3,Street Food,66,96,76.1,9.3,2026-03-13 14:50:50
4328,Naga Chutney,103,Mid-range Restaurant,298,355,53.5,26.1,2026-06-08 05:22:38
4329,Classic Chettinad Chicken,112,Roadside Stall,24,85,60.8,27.0,2025-01-28 04:17:41
4330,Dal Makhani,99,Street Food,66,87,71.2,20.9,2026-04-02 05:32:17
4331,Curd Rice,115,Local Eatery,120,263,61.0,24.0,2025-02-21 23:25:25
4332,Chef's Chingri Malai Curry,45,Mid-range Restaurant,321,602,76.8,11.5,2026-04-30 23:53:22
4333,Family Recipe Kachori,127,Mid-range Restaurant,363,418,67.8,24.4,2025-03-01 18:21:40
4334,Bamboo Shoot Curry,82,Local Eatery,79,296,54.6,49.1,2025-07-23 06:37:39
4335,Village-style Idli Sambar,116,Street Food,33,77,72.8,8.9,2026-03-29 17:16:35
4336,Premium Uttapam,114,Mid-range Restaurant,172,439,60.8,36.8,2025-08-23 14:26:52
4337,Bebinca,31,Roadside Stall,22,94,80.4,6.1,2025-01-07 10:27:42
4338,Homestyle Pongal,4,Roadside Stall,66,113,75.6,5.8,2026-05-24 06:36:37
4339,Festival Chole Bhature,131,Street Food,44,81,62.7,35.8,2025-09-22 00:29:53
4340,Naga Chutney,9,Street Food,63,121,93.1,0,2025-09-23 01:48:49
4341,Quick-bite Kachori,133,Sweet Shop,77,141,81.3,6.7,2025-03-17 12:11:17
4342,Quick-bite Mysore Pak,106,Street Food,37,128,49.3,60.5,2025-08-14 17:24:11
4343,Rasam,111,Local Eatery,124,163,55.1,42.5,2025-09-27 07:15:42
4344,Chef's Kosha Mangsho,135,Local Eatery,66,193,82.9,1.9,2026-01-31 13:04:32
4345,Premium Malpua,68,Local Eatery,109,120,84.8,0.2,2025-07-10 01:22:45
4346,Uttapam,58,Mid-range Restaurant,363,554,71.6,22.5,2025-04-04 04:38:59
4347,Grandma's Vada Sambar,108,Roadside Stall,55,71,58.9,24.6,2026-03-23 09:10:28
4348,Street-side Kosha Mangsho,89,Roadside Stall,51,104,80.4,4.4,2025-03-20 00:05:39
4349,Grandma's Sarson da Saag,102,Fine Dining,647,2450,79.4,9.6,2025-09-08 20:26:48
4350,Hyderabadi Biryani,49,Street Food,80,99,95.1,0,2026-03-06 04:54:43
4351,Roadside Litti Chokha,126,Local Eatery,112,147,86.4,0,2026-03-18 13:48:08
4352,Signature Mutton Rogan Josh,94,Roadside Stall,40,65,71.9,8.1,2025-09-08 19:30:58
4353,Quick-bite Tandoori Roti,130,Street Food,48,105,62.1,36.2,2025-08-05 21:39:52
4354,Village-style Golgappa,37,Roadside Stall,49,118,72.2,16.7,2025-01-12 18:55:54
4355,Local Favourite Payasam,111,Roadside Stall,27,59,66.7,31.1,2025-11-19 04:11:13
4356,Chaat Papdi,37,Local Eatery,90,206,73.2,8.3,2025-05-16 03:54:56
4357,Lassi,121,Street Food,46,134,79.9,7.4,2025-09-25 11:50:53
4358,Litti,87,Sweet Shop,38,130,87.1,0,2025-04-15 05:41:41
4359,Butter Chicken,132,Fine Dining,582,1980,92.2,0,2026-03-15 02:15:05
4360,Homestyle Puran Poli,76,Fine Dining,1176,2356,62.8,25.4,2025-10-11 07:30:47
4361,Bisi Bele Bath,55,Sweet Shop,102,238,76.0,5.7,2025-06-18 12:28:17
4362,Puttu Kadala,48,Fine Dining,1358,2242,91.5,0,2026-05-10 21:18:31
4363,Smoked Pork,13,Sweet Shop,95,345,71.1,18.9,2025-02-10 04:30:17
4364,Street-side Pav Bhaji,25,Roadside Stall,29,104,61.0,35.8,2026-03-10 06:18:55
4365,Shorshe Ilish,45,Sweet Shop,169,293,70.6,16.9,2026-04-28 05:54:15
4366,Traditional Litti,89,Sweet Shop,102,184,54.0,26.5,2025-06-25 12:30:47
4367,Roadside Dhokla,34,Fine Dining,988,1921,81.0,4.6,2025-07-15 22:21:27
4368,Classic Chaat Papdi,93,Street Food,64,97,50.9,58.7,2025-08-08 00:22:40
4369,Sandesh,135,Local Eatery,151,257,57.7,23.9,2025-11-04 18:22:32
4370,Chingri Malai Curry,137,Mid-range Restaurant,240,665,81.5,5.3,2026-06-03 04:37:46
4371,Sol Kadhi,74,Sweet Shop,207,367,81.0,3.6,2026-05-31 06:25:40
4372,Kadhi Chawal,129,Street Food,69,110,78.0,5.7,2025-09-22 08:16:02
4373,Street-side Dal Bafla,62,Mid-range Restaurant,308,526,49.8,38.8,2026-06-01 15:34:00
4374,Kadhi Chawal,122,Fine Dining,1160,2096,72.7,19.1,2026-02-08 18:06:00
4375,Kachori,133,Sweet Shop,50,175,85.2,0,2025-08-14 16:44:08
4376,Quick-bite Chak-hao Kheer,84,Street Food,34,135,74.0,16.5,2025-05-15 07:23:52
4377,Street-side Pesarattu,59,Mid-range Restaurant,385,504,71.6,17.2,2025-04-17 21:47:01
4378,Chef's Fish Tenga,103,Roadside Stall,39,94,63.1,38.4,2026-04-29 08:10:46
4379,Quick-bite Chaat Papdi,127,Fine Dining,1067,2361,76.4,13.5,2025-04-15 23:17:35
4380,Idli Sambar,6,Street Food,22,132,44.0,61.1,2025-05-19 04:24:13
4381,Spicy Kachori,130,Fine Dining,686,1350,50.2,41.3,2026-04-01 07:03:53
4382,Macher Jhol,88,Street Food,70,136,51.3,48.4,2026-06-05 22:35:18
4383,Homestyle Pongal,4,Mid-range Restaurant,330,603,78.4,11.1,2025-07-31 23:10:23
4384,Dal Makhani,41,Sweet Shop,105,316,68.9,23.3,2025-04-10 19:34:29
4385,Naga Chutney,77,Mid-range Restaurant,208,451,53.3,36.7,2025-09-15 18:49:46
4386,Litti Chokha,17,Mid-range Restaurant,255,653,89.5,0,2025-12-02 13:25:32
4387,Mutton Rogan Josh,119,Fine Dining,954,1399,61.1,35.1,2025-04-12 00:53:01
4388,Lassi,100,Mid-range Restaurant,174,395,77.5,4.6,2026-05-18 13:59:40
4389,Special Payasam,113,Fine Dining,1434,2421,49.3,59.8,2026-05-03 14:08:12
4390,Village-style Kosha Mangsho,47,Fine Dining,587,1949,94.7,0,2026-01-09 21:22:24
4391,Chila,68,Fine Dining,1118,2146,83.5,1.4,2025-04-28 17:18:03
4392,Sol Kadhi,24,Local Eatery,97,165,66.6,20.4,2026-05-25 20:48:30
4393,Chef's Poha Jalebi,63,Local Eatery,109,265,66.7,14.2,2025-10-09 11:45:22
4394,Naga Chutney,84,Fine Dining,1001,1434,64.5,12.6,2026-03-12 03:33:22
4395,Goan Fish Curry,24,Local Eatery,126,193,77.0,7.7,2025-12-25 06:21:17
4396,Sarson da Saag,99,Street Food,43,140,67.0,16.4,2026-06-26 21:29:51
4397,Traditional Vada Sambar,53,Roadside Stall,40,72,84.7,0.5,2025-09-17 05:28:21
4398,Roadside Kadhi Chawal,101,Street Food,60,78,76.3,14.0,2025-11-02 10:41:13
4399,Homestyle Pork with Bamboo Shoot,103,Fine Dining,705,1513,54.8,51.7,2025-02-11 19:13:11
4400,Local Favourite Rajma Chawal,92,Fine Dining,1022,1978,85.2,0,2026-05-19 07:07:01
4401,Kosha Mangsho,15,Roadside Stall,21,42,58.5,36.7,2025-06-01 18:43:53
4402,Premium Aloo Paratha,122,Local Eatery,121,291,86.1,0,2026-04-08 16:35:50
4403,Festival Bebinca,82,Fine Dining,980,2417,47.9,38.3,2026-02-06 10:23:24
4404,Zan,10,Sweet Shop,180,344,67.3,26.9,2025-03-16 15:25:00
4405,Festival Jadoh,84,Fine Dining,509,620,77.2,10.1,2025-06-18 11:08:23
4406,Authentic Thepla,27,Roadside Stall,27,97,82.7,2.5,2025-05-02 15:18:37
4407,Momos,17,Roadside Stall,33,52,66.2,22.2,2026-06-23 09:58:19
4408,Village-style Rajma Chawal,35,Sweet Shop,190,365,66.8,26.7,2025-10-02 08:00:15
4409,Signature Uttapam,106,Mid-range Restaurant,322,617,75.3,7.6,2026-06-23 01:14:56
4410,Mutton Rogan Josh,95,Mid-range Restaurant,401,424,85.2,0,2025-06-01 10:18:18
4411,Authentic Hyderabadi Biryani,2,Sweet Shop,75,396,88.5,0,2025-10-05 03:30:15
4412,Extra Cheesy Malai Kofta,37,Fine Dining,606,1383,79.4,4.7,2026-04-10 23:12:44
4413,Jadoh,105,Fine Dining,1038,2408,64.0,31.2,2025-07-26 16:08:23
4414,Grandma's Bisi Bele Bath,106,Fine Dining,1200,1519,86.6,0,2025-01-08 14:49:51
4415,Bhel Puri,32,Street Food,26,105,71.1,15.1,2025-08-30 04:07:19
4416,Chhena Poda,90,Mid-range Restaurant,206,549,40.7,54.7,2025-03-26 13:31:37
4417,Idiyappam,1,Fine Dining,998,2225,71.5,23.8,2025-07-17 00:10:06
4418,Special Kachori,128,Fine Dining,1044,2176,90.5,0,2025-10-26 08:05:24
4419,Classic Misal Pav,76,Local Eatery,89,175,82.8,2.5,2026-03-22 21:32:36
4420,Pork with Bamboo Shoot,105,Roadside Stall,24,53,81.9,5.3,2025-12-01 07:18:59
4421,Nihari,44,Street Food,64,74,57.2,32.9,2025-06-10 13:50:19
4422,Aloo Paratha,128,Street Food,61,92,52.7,30.6,2025-09-06 03:44:42
4423,Signature Bisi Bele Bath,1,Fine Dining,527,1815,71.0,23.7,2026-03-14 19:37:07
4424,Premium Chettinad Chicken,110,Mid-range Restaurant,399,639,60.3,43.6,2025-10-21 07:53:27
4425,Kothu Parotta,5,Mid-range Restaurant,208,528,73.8,12.6,2025-08-20 11:50:52
4426,Local Favourite Aloo Paratha,125,Local Eatery,138,260,76.8,10.1,2026-02-11 23:33:33
4427,Rava Kesari,116,Sweet Shop,204,302,87.0,0,2025-12-18 14:37:42
4428,Thepla,30,Roadside Stall,49,75,90.8,0,2026-04-12 18:05:18
4429,Spicy Rajma Chawal,100,Roadside Stall,35,68,65.3,17.8,2026-01-06 06:54:18
4430,Traditional Sarson da Saag,124,Local Eatery,70,116,59.5,23.7,2025-12-20 11:43:08
4431,Curd Rice,114,Street Food,30,110,80.5,7.2,2025-12-31 08:11:26
4432,Signature Aloo Posto,86,Sweet Shop,167,394,92.2,0,2025-05-26 13:22:20
4433,Fish Tenga,11,Mid-range Restaurant,156,493,62.9,32.9,2025-12-07 07:42:39
4434,Classic Vada Sambar,59,Mid-range Restaurant,166,506,79.5,3.7,2025-06-24 01:50:47
4435,Family Recipe Undhiyu,71,Local Eatery,170,264,79.9,5.9,2025-04-15 15:34:10
4436,Traditional Payasam,49,Street Food,72,125,60.3,25.8,2025-06-01 06:23:10
4437,Golgappa,95,Roadside Stall,57,101,42.4,45.8,2025-05-02 12:04:34
4438,Royal Dal Makhani,129,Street Food,82,127,71.4,18.4,2026-05-07 13:59:52
4439,Festival Nihari,121,Sweet Shop,151,209,70.5,25.0,2025-07-12 06:41:03
4440,Signature Bebinca,13,Roadside Stall,56,118,72.4,11.3,2025-12-06 16:41:48
4441,Homestyle Kachori,99,Sweet Shop,175,312,71.9,13.0,2025-09-18 04:25:04
4442,Deluxe Idli Sambar,3,Mid-range Restaurant,173,637,78.7,8.3,2025-05-03 00:08:48
4443,Special Fish Tenga,7,Fine Dining,1126,1609,78.9,8.7,2025-04-25 14:48:50
4444,Authentic Axone,104,Local Eatery,104,188,67.3,11.0,2026-04-28 11:06:47
4445,Fish Tenga,78,Fine Dining,1011,1268,48.5,41.3,2025-06-07 21:43:33
4446,Chettinad Chicken,114,Mid-range Restaurant,196,572,85.7,0,2026-03-06 13:55:55
4447,Fish Tenga,118,Sweet Shop,158,245,39.4,45.4,2025-09-02 23:55:05
4448,Homestyle Idiyappam,52,Sweet Shop,130,313,75.9,10.7,2025-12-06 17:19:46
4449,Momos,134,Street Food,78,135,78.5,4.1,2025-03-05 17:55:07
4450,Idli Sambar,49,Fine Dining,686,828,81.3,4.6,2025-09-04 15:58:20
4451,Traditional Malai Kofta,100,Street Food,43,114,85.0,0,2025-09-17 02:44:16
4452,Rasam,58,Roadside Stall,64,83,52.4,57.8,2026-03-22 10:53:58
4453,Special Kadhi Chawal,44,Street Food,81,106,37.6,78.9,2026-06-19 18:22:52
4454,Kothu Parotta,50,Roadside Stall,38,115,59.2,28.1,2025-07-22 13:44:35
4455,Tandoori Roti,129,Roadside Stall,22,86,69.6,12.9,2025-11-03 13:06:12
4456,Spicy Pesarattu,109,Fine Dining,986,1980,66.7,31.5,2026-03-15 03:59:35
4457,Chaat Papdi,92,Mid-range Restaurant,298,359,82.6,2.4,2026-05-12 04:10:13
4458,Authentic Meen Curry,114,Street Food,57,72,57.0,39.9,2026-02-19 03:26:43
4459,Special Malai Kofta,129,Roadside Stall,35,86,72.8,9.5,2025-09-24 02:45:18
4460,Nihari,125,Fine Dining,1144,1459,46.2,24.3,2025-08-12 19:07:59
4461,Deluxe Vada Pav,30,Street Food,79,136,90.1,0,2026-03-27 09:15:15
4462,Local Favourite Bhutte ka Kees,63,Roadside Stall,57,74,69.1,22.5,2025-03-30 23:56:10
4463,Puran Poli,23,Fine Dining,591,1074,76.9,5.0,2025-08-02 23:33:14
4464,Street-side Curd Rice,113,Mid-range Restaurant,321,613,63.5,37.4,2026-03-07 02:17:26
4465,Signature Paneer Tikka,36,Roadside Stall,54,107,45.0,55.2,2025-08-29 21:58:10
4466,Traditional Bebinca,79,Sweet Shop,119,388,89.7,0,2025-06-24 23:13:50
4467,Festival Tandoori Roti,101,Mid-range Restaurant,399,480,85.2,0,2025-09-10 14:18:22
4468,Signature Amritsari Kulcha,131,Sweet Shop,86,216,65.8,29.5,2025-08-19 12:30:34
4469,Bisi Bele Bath,48,Roadside Stall,55,118,78.9,6.6,2025-07-12 11:02:30
4470,Chak-hao Kheer,10,Mid-range Restaurant,332,450,75.0,17.4,2026-03-03 05:52:11
4471,Bisi Bele Bath,5,Roadside Stall,66,102,71.6,10.7,2025-09-03 13:58:40
4472,Undhiyu,27,Fine Dining,612,2134,69.4,19.9,2026-01-25 21:14:44
4473,Special Appam with Stew,115,Street Food,84,101,86.1,0,2026-02-19 05:30:34
4474,Homestyle Thepla,27,Sweet Shop,169,254,67.1,13.1,2025-05-21 07:14:42
4475,Street-side Puran Poli,25,Mid-range Restaurant,316,459,88.4,0,2025-04-30 04:47:21
4476,Traditional Chaat Papdi,95,Mid-range Restaurant,262,487,52.1,37.2,2026-04-06 23:42:54
4477,Local Favourite Chaat Papdi,129,Local Eatery,160,260,88.5,0,2026-05-12 05:30:17
4478,Roadside Zan,80,Roadside Stall,18,108,74.1,13.2,2025-12-17 13:49:12
4479,Sol Kadhi,31,Street Food,63,136,51.0,37.7,2025-08-04 17:32:35
4480,Special Shorshe Ilish,45,Mid-range Restaurant,379,433,86.6,0,2025-07-25 18:15:47
4481,Grandma's Bhutte ka Kees,68,Mid-range Restaurant,295,481,78.0,8.4,2026-05-07 13:35:36
4482,Premium Kachori,37,Mid-range Restaurant,281,335,77.3,12.4,2025-03-30 22:30:04
4483,Festival Rasam,57,Roadside Stall,47,119,83.3,1.3,2026-04-14 07:37:25
4484,Chef's Idiyappam,49,Roadside Stall,40,91,79.8,5.1,2025-05-15 20:29:51
4485,Kachori,122,Fine Dining,788,2149,77.8,7.0,2025-07-23 03:15:50
4486,Family Recipe Vada Pav,70,Street Food,44,99,57.8,21.4,2025-10-02 08:31:50
4487,Special Shorshe Ilish,88,Local Eatery,164,294,69.1,12.4,2025-03-10 13:44:42
4488,Idiyappam,54,Sweet Shop,122,308,49.0,22.0,2026-06-03 02:01:41
4489,Sarson da Saag,91,Sweet Shop,122,204,85.0,0,2025-10-13 16:07:18
4490,Naga Chutney,103,Roadside Stall,32,109,88.1,0,2025-12-07 16:07:47
4491,Special Golgappa,41,Local Eatery,86,174,44.4,56.7,2026-05-25 23:26:52
4492,Meen Curry,55,Sweet Shop,93,180,68.2,13.3,2025-07-12 04:57:19
4493,Spicy Dal Bafla,63,Fine Dining,1437,2326,69.5,17.4,2026-04-23 05:22:18
4494,Pitha,86,Roadside Stall,55,119,63.2,23.1,2025-12-13 16:33:00
4495,Deluxe Chak-hao Kheer,118,Local Eatery,133,217,62.0,30.7,2025-02-26 15:23:51
4496,Signature Mysore Pak,52,Fine Dining,660,2444,83.3,2.6,2025-11-10 05:48:01
4497,Naga Chutney,105,Roadside Stall,15,112,64.9,21.8,2025-11-25 07:33:07
4498,Pongal,113,Street Food,44,63,67.8,28.9,2025-06-10 07:26:54
4499,Extra Cheesy Sol Kadhi,28,Mid-range Restaurant,274,438,45.6,33.4,2026-06-13 15:05:14
4500,Chef's Momos,137,Sweet Shop,111,170,72.2,9.3,2025-11-09 21:00:47
4501,Homestyle Bhel Puri,72,Fine Dining,638,1749,47.6,27.8,2026-04-09 16:43:47
4502,Pongal,57,Sweet Shop,187,361,85.4,0,2025-02-25 21:28:55
4503,Puran Poli,29,Sweet Shop,91,389,71.2,23.3,2025-10-07 05:10:59
4504,Aloo Paratha,125,Mid-range Restaurant,193,214,77.7,11.2,2025-01-10 13:30:52
4505,Family Recipe Kachori,129,Fine Dining,861,993,63.0,14.2,2025-04-20 15:11:57
4506,Authentic Chettinad Chicken,106,Fine Dining,1065,2383,75.5,7.3,2025-09-19 16:05:53
4507,Modak,27,Local Eatery,171,295,69.0,21.9,2025-07-10 01:48:10
4508,Spicy Rosogolla,87,Street Food,57,71,49.5,58.2,2026-04-22 13:23:36
4509,Local Favourite Butter Chicken,128,Roadside Stall,48,62,45.0,71.9,2026-01-06 23:22:03
4510,Spicy Dal Makhani,91,Fine Dining,1455,2231,46.6,47.6,2025-11-22 06:01:24
4511,Local Favourite Bebinca,24,Sweet Shop,71,139,63.1,24.8,2025-06-25 13:36:20
4512,Street-side Tandoori Roti,121,Fine Dining,584,2485,62.6,18.8,2025-01-14 21:29:58
4513,Payasam,50,Local Eatery,63,86,65.4,30.4,2026-06-01 11:47:38
4514,Dal Makhani,101,Fine Dining,507,1812,56.9,38.8,2025-08-10 00:18:29
4515,Kadhi Chawal,127,Sweet Shop,144,313,72.7,15.3,2026-02-16 09:23:25
4516,Traditional Rajma Chawal,44,Local Eatery,128,168,86.2,0,2025-04-29 14:05:21
4517,Authentic Chettinad Chicken,54,Sweet Shop,203,257,91.3,0,2025-01-29 20:56:54
4518,Undhiyu,29,Sweet Shop,93,384,78.0,11.3,2025-08-18 16:59:08
4519,Deluxe Mutton Rogan Josh,126,Street Food,84,128,68.0,16.6,2026-04-12 03:40:52
4520,Festival Sol Kadhi,69,Fine Dining,1333,1698,79.8,4.8,2025-11-29 19:52:59
4521,Vada Sambar,56,Roadside Stall,30,101,83.9,1.1,2026-05-11 22:58:15
4522,Butter Chicken,94,Mid-range Restaurant,274,560,71.5,8.7,2026-01-24 04:58:30
4523,Premium Chole Bhature,119,Sweet Shop,78,147,69.7,11.8,2026-05-05 10:50:03
4524,Sabudana Khichdi,20,Sweet Shop,158,168,62.7,19.0,2025-03-27 10:23:10
4525,Quick-bite Kachori,96,Street Food,34,50,50.0,38.0,2025-03-12 09:33:39
4526,Classic Appam with Stew,52,Fine Dining,670,1036,82.5,2.6,2026-06-18 06:41:46
4527,Uttapam,54,Local Eatery,157,265,67.9,29.5,2025-06-29 12:04:05
4528,Royal Misal Pav,30,Roadside Stall,24,58,51.9,22.4,2025-03-08 13:50:43
4529,Filter Coffee,115,Mid-range Restaurant,312,560,88.0,0,2025-09-17 18:34:58
4530,Quick-bite Khandvi,29,Roadside Stall,19,105,86.6,0,2025-09-16 10:15:00
4531,Rasam,106,Local Eatery,162,278,96.3,0,2025-10-14 16:09:16
4532,Spicy Sol Kadhi,23,Local Eatery,93,131,60.5,42.5,2025-04-27 13:33:06
4533,Local Favourite Pongal,48,Street Food,26,86,68.5,24.6,2025-01-17 20:33:23
4534,Quick-bite Kadhi Chawal,44,Local Eatery,106,230,69.5,14.6,2026-05-31 23:18:42
4535,Street-side Bebinca,78,Street Food,83,114,57.8,20.5,2026-01-21 05:55:31
4536,Family Recipe Mutton Rogan Josh,127,Street Food,60,137,70.5,24.6,2026-05-01 00:31:37
4537,Royal Dahi Vada,135,Sweet Shop,171,244,51.3,59.5,2025-09-04 09:56:22
4538,Special Pav Bhaji,30,Sweet Shop,97,166,55.6,42.4,2026-01-24 22:40:38
4539,Axone,80,Fine Dining,722,884,87.7,0,2025-12-11 14:35:31
4540,Roadside Kadhi Bafla,20,Street Food,72,133,75.2,9.5,2025-09-04 14:14:24
4541,Grandma's Naga Chutney,14,Street Food,44,86,39.5,34.0,2025-03-12 11:55:04
4542,Special Litti Chokha,127,Fine Dining,606,1038,77.0,5.2,2025-03-22 09:54:55
4543,Chef's Sol Kadhi,33,Street Food,31,99,56.0,50.0,2025-09-04 22:06:13
4544,Litti Chokha,121,Fine Dining,765,800,44.1,52.5,2026-06-02 01:37:07
4545,Jadoh,82,Sweet Shop,44,278,73.7,19.8,2025-08-14 22:55:01
4546,Bhutte ka Kees,20,Local Eatery,94,299,78.2,6.6,2026-05-29 06:03:48
4547,Royal Kosha Mangsho,18,Fine Dining,824,1431,77.2,13.5,2025-04-23 05:33:39
4548,Village-style Kolhapuri Mutton,71,Local Eatery,167,184,76.8,13.7,2025-08-17 05:48:18
4549,Goan Fish Curry,33,Fine Dining,1442,2498,61.6,15.6,2026-02-07 17:54:09
4550,Macher Jhol,90,Local Eatery,95,281,68.8,15.9,2025-02-20 04:46:59
4551,Spicy Kadhi Chawal,127,Local Eatery,157,226,51.3,37.7,2025-07-29 23:26:18
4552,Spicy Momos,81,Mid-range Restaurant,297,359,51.1,56.2,2026-01-05 13:38:57
4553,Kolhapuri Mutton,27,Mid-range Restaurant,367,500,76.4,13.0,2025-01-10 05:29:32
4554,Malai Kofta,128,Street Food,81,125,69.1,25.5,2025-09-07 12:09:21
4555,Street-side Vada Sambar,116,Roadside Stall,29,40,62.3,32.6,2025-09-08 15:45:43
4556,Deluxe Modak,72,Fine Dining,746,1243,61.9,20.0,2026-05-24 06:44:41
4557,Aloo Paratha,121,Fine Dining,535,737,77.4,9.1,2025-10-07 19:33:47
4558,Traditional Mutton Rogan Josh,40,Sweet Shop,153,367,84.8,0.1,2025-01-04 04:22:27
4559,Homestyle Meen Curry,55,Sweet Shop,59,334,64.8,21.8,2026-03-21 12:24:48
4560,Bisi Bele Bath,115,Mid-range Restaurant,236,535,42.6,62.3,2026-05-26 11:08:03
4561,Premium Chole Bhature,91,Roadside Stall,24,98,48.5,33.6,2025-04-30 02:04:28
4562,Village-style Litti Chokha,100,Local Eatery,154,208,62.9,24.6,2026-05-09 13:36:08
4563,Premium Pav Bhaji,25,Mid-range Restaurant,168,568,56.9,33.3,2026-05-17 19:49:09
4564,Naga Chutney,7,Sweet Shop,197,220,67.7,27.0,2025-03-11 03:38:16
4565,Royal Dhokla,32,Roadside Stall,36,63,85.6,0,2025-05-05 10:10:04
4566,Special Puttu Kadala,54,Fine Dining,997,2027,54.3,18.5,2026-06-21 00:58:41
4567,Pongal,55,Fine Dining,626,1505,56.8,32.5,2025-04-01 04:46:03
4568,Chef's Bhutte ka Kees,67,Local Eatery,123,300,78.8,5.1,2025-06-06 13:09:59
4569,Signature Fish Tenga,81,Fine Dining,1383,1913,57.1,43.0,2026-06-10 05:54:59
4570,Authentic Pitha,80,Mid-range Restaurant,244,271,69.5,13.7,2026-01-09 17:15:15
4571,Bhutte ka Kees,67,Fine Dining,567,1841,78.8,5.9,2025-09-23 22:24:57
4572,Fish Tenga,13,Local Eatery,144,238,59.8,41.4,2026-05-13 21:02:25
4573,Grandma's Kothu Parotta,1,Sweet Shop,205,355,71.5,17.9,2026-04-17 09:01:00
4574,Vada Sambar,58,Local Eatery,122,185,70.3,15.0,2025-04-26 16:51:19
4575,Royal Pongal,57,Sweet Shop,48,123,74.7,7.2,2025-09-07 00:46:53
4576,Special Pav Bhaji,27,Local Eatery,66,103,43.9,40.8,2025-10-17 16:23:52
4577,Roadside Bamboo Shoot Curry,12,Roadside Stall,32,109,83.5,2.4,2025-03-22 11:00:46
4578,Tandoori Roti,44,Local Eatery,83,151,84.5,0.8,2026-03-10 04:34:40
4579,Aloo Paratha,124,Sweet Shop,151,176,89.4,0,2026-03-24 00:29:23
4580,Pork with Bamboo Shoot,78,Street Food,51,122,40.7,54.6,2025-10-02 09:12:39
4581,Chef's Pongal,113,Local Eatery,75,142,90.1,0,2026-03-07 05:18:58
4582,Hyderabadi Biryani,48,Roadside Stall,15,104,95.6,0,2025-12-13 17:00:02
4583,Aloo Posto,18,Street Food,77,125,62.0,30.3,2026-03-11 06:36:07
4584,Chef's Poha Jalebi,64,Mid-range Restaurant,374,502,73.4,8.3,2025-06-12 05:31:45
4585,Roadside Idli Sambar,115,Fine Dining,673,1310,83.9,1.1,2025-01-25 05:06:59
4586,Homestyle Meen Curry,113,Local Eatery,177,232,64.5,35.5,2026-02-07 22:50:33
4587,Prawn Balchao,34,Roadside Stall,61,77,77.5,11.5,2025-01-22 07:23:55
4588,Traditional Dahi Vada,46,Mid-range Restaurant,179,328,79.5,6.8,2026-01-18 06:25:45
4589,Malai Kofta,124,Roadside Stall,46,101,59.4,17.5,2025-10-16 05:46:27
4590,Royal Rava Kesari,110,Local Eatery,87,287,44.5,61.8,2025-10-24 04:25:28
4591,Signature Mysore Pak,106,Sweet Shop,208,320,59.0,43.8,2025-03-12 09:06:21
4592,Khandvi,26,Sweet Shop,53,116,94.3,0,2025-09-19 17:22:42
4593,Premium Masala Dosa,57,Local Eatery,152,191,83.8,1.1,2025-02-14 07:54:17
4594,Meen Curry,59,Fine Dining,508,2103,89.9,0,2026-05-06 03:09:01
4595,Spicy Masala Dosa,55,Roadside Stall,52,70,85.7,0,2025-08-11 18:15:34
4596,Authentic Nihari,95,Local Eatery,163,197,67.6,27.7,2025-12-15 13:36:08
4597,Deluxe Bamboo Shoot Curry,77,Mid-range Restaurant,394,528,55.0,49.6,2025-09-07 12:52:19
4598,Chhena Poda,16,Local Eatery,133,298,43.1,61.2,2025-06-19 23:32:06
4599,Chaat Papdi,99,Local Eatery,63,281,69.9,11.9,2025-01-27 13:38:47
4600,Chingri Malai Curry,89,Roadside Stall,16,55,64.2,36.8,2025-09-07 04:32:37
4601,Royal Idiyappam,3,Fine Dining,1052,1600,62.4,25.4,2025-12-13 23:03:33
4602,Chhena Poda,138,Fine Dining,769,1381,95.8,0,2025-09-02 08:27:41
4603,Poha Jalebi,67,Mid-range Restaurant,316,540,71.2,24.6,2025-01-08 11:19:31
4604,Rosogolla,45,Sweet Shop,157,371,64.3,30.7,2026-06-12 19:47:42
4605,Homestyle Poha Jalebi,63,Mid-range Restaurant,190,355,85.4,0,2026-05-04 16:08:30
4606,Rosogolla,138,Street Food,29,146,61.3,36.6,2025-12-03 15:02:13
4607,Village-style Kadhi Chawal,92,Street Food,21,36,86.2,0,2025-08-16 11:50:30
4608,Grandma's Bisi Bele Bath,106,Fine Dining,894,1986,81.8,3.1,2026-02-20 22:14:48
4609,Family Recipe Curd Rice,113,Street Food,56,136,74.7,7.9,2025-08-08 01:15:39
4610,Authentic Kachori,102,Fine Dining,561,741,91.5,0,2026-06-26 03:03:48
4611,Special Lassi,121,Roadside Stall,22,53,77.5,5.5,2025-10-26 07:20:29
4612,Grandma's Dal Makhani,91,Sweet Shop,60,258,74.2,14.3,2025-08-28 10:40:21
4613,Bhutte ka Kees,62,Fine Dining,1388,1542,81.2,3.5,2026-05-06 20:28:05
4614,Bisi Bele Bath,111,Fine Dining,1377,2180,85.6,0,2025-03-20 20:31:26
4615,Pitha,11,Local Eatery,149,222,53.2,36.6,2026-01-02 11:10:28
4616,Grandma's Litti Chokha,15,Fine Dining,602,1458,72.2,21.8,2025-08-04 23:28:57
4617,Deluxe Kachori,98,Sweet Shop,159,324,86.9,0,2026-06-15 15:28:12
4618,Festival Thukpa,79,Roadside Stall,64,78,85.0,0,2025-07-08 00:40:35
4619,Hyderabadi Biryani,114,Sweet Shop,204,285,80.9,7.1,2026-04-08 16:35:31
4620,Chaat Papdi,41,Street Food,54,102,92.0,0,2026-03-23 19:31:02
4621,Homestyle Momos,79,Mid-range Restaurant,346,529,84.3,1.1,2025-07-18 02:49:26
4622,Quick-bite Pork with Bamboo Shoot,104,Sweet Shop,104,400,80.0,7.8,2026-01-19 23:00:22
4623,Traditional Meen Curry,5,Sweet Shop,193,375,82.3,3.0,2025-07-17 18:53:46
4624,Extra Cheesy Tandoori Roti,121,Mid-range Restaurant,277,427,84.6,0.4,2026-03-14 05:16:08
4625,Festival Prawn Balchao,26,Fine Dining,629,2373,73.2,13.4,2025-12-09 22:54:01
4626,Spicy Rasam,112,Fine Dining,1271,1398,78.3,4.7,2025-04-04 14:07:19
4627,Family Recipe Curd Rice,49,Mid-range Restaurant,214,399,74.5,14.5,2025-06-13 13:46:17
4628,Sol Kadhi,29,Fine Dining,1365,1406,72.9,12.4,2025-12-14 13:59:53
4629,Royal Bebinca,82,Mid-range Restaurant,373,491,82.0,4.4,2026-05-22 12:22:14
4630,Meen Curry,107,Mid-range Restaurant,378,632,91.5,0,2025-03-28 04:52:30
4631,Vada Pav,70,Fine Dining,1467,1590,54.1,32.1,2025-01-15 04:36:33
4632,Malpua,22,Mid-range Restaurant,294,322,76.6,12.9,2026-06-22 11:17:03
4633,Aloo Posto,138,Local Eatery,107,216,95.1,0,2025-07-20 15:44:34
4634,Festival Kolhapuri Mutton,69,Mid-range Restaurant,322,695,77.6,8.6,2026-06-07 19:42:04
4635,Pork with Bamboo Shoot,105,Sweet Shop,99,203,38.0,79.2,2025-09-17 09:33:07
4636,Bebinca,7,Street Food,77,107,70.7,21.2,2025-04-12 13:11:23
4637,Authentic Litti,136,Roadside Stall,35,109,85.7,0,2026-03-08 07:57:44
4638,Prawn Balchao,70,Sweet Shop,139,358,68.0,15.0,2025-11-26 01:45:52
4639,Rosogolla,139,Fine Dining,1197,1834,61.8,18.7,2026-04-12 02:02:38
4640,Grandma's Thepla,74,Fine Dining,1117,1942,82.2,3.1,2025-06-23 22:26:08
4641,Golgappa,123,Mid-range Restaurant,221,373,71.5,14.9,2025-08-12 15:20:29
4642,Royal Dahi Vada,17,Sweet Shop,139,297,65.1,32.3,2026-06-18 07:02:10
4643,Dal Makhani,121,Mid-range Restaurant,168,279,67.4,12.1,2025-11-28 17:34:00
4644,Street-side Nihari,122,Roadside Stall,24,60,47.0,53.3,2025-01-17 09:58:51
4645,Chef's Macher Jhol,135,Sweet Shop,108,127,54.6,52.8,2026-01-09 01:54:36
4646,Pork with Bamboo Shoot,77,Fine Dining,1087,1456,80.5,4.2,2025-08-07 13:48:00
4647,Homestyle Bhel Puri,26,Fine Dining,1188,2380,76.6,14.2,2026-04-22 06:22:03
4648,Family Recipe Pav Bhaji,31,Mid-range Restaurant,365,509,45.3,27.1,2025-03-25 02:13:45
4649,Festival Litti Chokha,139,Roadside Stall,21,64,69.3,16.2,2025-09-28 23:33:55
4650,Authentic Pav Bhaji,25,Local Eatery,165,204,74.0,18.6,2025-02-16 06:16:48
4651,Litti Chokha,95,Sweet Shop,178,252,55.4,38.1,2025-08-14 07:30:10
4652,Idiyappam,49,Mid-range Restaurant,296,387,72.9,11.6,2025-07-08 05:28:46
4653,Traditional Golgappa,122,Roadside Stall,55,114,64.6,30.2,2025-01-08 13:21:19
4654,Extra Cheesy Kosha Mangsho,46,Local Eatery,147,177,95.6,0,2025-02-27 23:01:00
4655,Grandma's Bamboo Shoot Curry,103,Mid-range Restaurant,330,441,55.7,33.2,2026-04-16 22:42:21
4656,Sarson da Saag,38,Sweet Shop,160,232,78.3,5.2,2026-03-10 16:24:56
4657,Golgappa,119,Sweet Shop,160,395,77.5,9.6,2025-07-28 11:21:26
4658,Dal Bafla,21,Fine Dining,669,1716,71.3,12.4,2026-02-23 04:01:32
4659,Street-side Rajma Chawal,99,Fine Dining,888,2341,85.3,0,2026-04-09 13:18:47
4660,Classic Litti Chokha,97,Sweet Shop,102,163,80.0,5.9,2025-02-27 17:12:47
4661,Authentic Chole Bhature,132,Street Food,53,72,78.7,3.8,2025-03-21 10:43:19
4662,Litti Chokha,18,Mid-range Restaurant,277,689,78.2,7.8,2025-05-20 20:02:50
4663,Extra Cheesy Curd Rice,109,Street Food,57,146,67.7,27.0,2025-09-04 21:09:23
4664,Quick-bite Thukpa,8,Local Eatery,175,193,77.3,4.9,2025-03-30 09:25:53
4665,Deluxe Naga Chutney,83,Fine Dining,1363,1834,90.4,0,2025-06-20 00:34:28
4666,Chole Bhature,123,Sweet Shop,46,396,78.3,6.2,2025-05-29 00:15:34
4667,Extra Cheesy Kolhapuri Mutton,24,Street Food,83,107,39.3,79.2,2026-06-28 20:38:25
4668,Extra Cheesy Appam with Stew,114,Roadside Stall,45,60,50.0,58.2,2025-01-05 10:06:47
4669,Deluxe Modak,26,Fine Dining,660,827,83.2,3.2,2026-04-24 21:53:39
4670,Roadside Dal Makhani,41,Street Food,73,92,58.8,27.7,2025-07-29 15:44:38
4671,Street-side Vada Sambar,110,Sweet Shop,110,163,92.5,0,2025-09-23 03:59:55
4672,Dalma,139,Fine Dining,585,726,83.4,2.3,2025-01-25 00:44:05
4673,Classic Jadoh,9,Mid-range Restaurant,274,319,78.8,8.0,2025-09-12 17:57:10
4674,Authentic Momos,105,Roadside Stall,64,86,82.1,4.2,2025-08-01 20:17:29
4675,Premium Golgappa,127,Street Food,61,103,87.5,0,2025-09-16 02:16:39
4676,Classic Paneer Tikka,97,Street Food,54,85,57.0,30.3,2025-07-22 16:15:19
4677,Shorshe Ilish,15,Sweet Shop,207,345,68.5,12.1,2026-01-18 04:02:20
4678,Kosha Mangsho,87,Sweet Shop,162,212,71.8,15.8,2025-03-31 22:50:05
4679,Naga Chutney,77,Street Food,68,85,66.6,23.3,2025-02-28 18:00:23
4680,Lassi,128,Street Food,41,102,71.5,17.0,2025-09-11 06:55:36
4681,Jadoh,12,Street Food,58,103,80.1,6.6,2025-07-22 09:30:19
4682,Litti Chokha,38,Street Food,27,126,65.6,12.7,2025-09-13 01:56:03
4683,Thepla,32,Sweet Shop,136,396,81.0,3.2,2026-02-01 00:15:08
4684,Street-side Kadhi Bafla,65,Mid-range Restaurant,182,402,79.4,7.8,2025-04-01 09:48:53
4685,Homestyle Dhokla,76,Fine Dining,1175,2288,49.6,49.0,2025-02-04 05:55:17
4686,Idiyappam,110,Local Eatery,114,216,74.5,8.2,2025-06-25 06:04:18
4687,Litti Chokha,120,Sweet Shop,42,212,61.1,39.2,2025-03-06 21:18:25
4688,Momos,83,Fine Dining,514,688,78.2,11.2,2025-09-28 04:38:28
4689,Goan Fish Curry,29,Street Food,77,147,73.7,9.2,2025-08-09 13:10:54
4690,Extra Cheesy Mutton Rogan Josh,95,Roadside Stall,55,92,88.0,0,2025-02-05 12:40:10
4691,Signature Mysore Pak,111,Street Food,40,72,73.7,9.9,2026-04-01 07:27:37
4692,Chef's Undhiyu,31,Sweet Shop,181,394,55.2,30.8,2025-12-18 10:44:48
4693,Dalma,46,Roadside Stall,29,64,68.8,25.8,2025-08-06 18:48:50
4694,Quick-bite Naga Chutney,14,Sweet Shop,41,227,75.1,15.5,2025-08-11 14:08:38
4695,Litti Chokha,120,Roadside Stall,49,60,50.7,48.2,2025-05-09 07:01:44
4696,Chhena Poda,88,Street Food,47,110,51.1,20.9,2026-03-11 11:05:15
4697,Authentic Rosogolla,139,Sweet Shop,39,84,84.2,1.3,2025-05-11 19:15:02
4698,Pitha,13,Fine Dining,563,1036,86.9,0,2026-04-26 20:01:16
4699,Classic Amritsari Kulcha,91,Fine Dining,1420,2205,80.4,5.2,2025-11-18 01:24:21
4700,Grandma's Litti Chokha,39,Fine Dining,1445,1849,67.3,31.6,2025-04-14 02:42:30
4701,Local Favourite Aloo Paratha,93,Local Eatery,178,206,82.5,3.4,2025-05-19 02:13:32
4702,Grandma's Jadoh,84,Roadside Stall,16,75,75.8,5.7,2025-12-08 03:09:26
4703,Festival Tandoori Roti,119,Street Food,45,136,86.2,0,2025-02-13 10:33:19
4704,Homestyle Fish Tenga,14,Mid-range Restaurant,299,572,62.9,38.7,2025-07-07 01:42:53
4705,Homestyle Masala Dosa,60,Street Food,48,147,82.6,3.8,2025-11-18 15:10:26
4706,Idiyappam,1,Sweet Shop,157,394,45.2,37.1,2026-06-15 16:32:50
4707,Kadhi Bafla,63,Street Food,56,102,70.6,19.2,2025-02-09 13:34:10
4708,Pitha,81,Street Food,53,123,41.3,51.8,2026-02-16 11:35:11
4709,Extra Cheesy Bamboo Shoot Curry,7,Mid-range Restaurant,208,314,38.4,80.8,2025-02-07 02:24:20
4710,Fish Tenga,83,Street Food,61,133,64.8,23.8,2026-02-26 01:46:23
4711,Festival Butter Chicken,131,Fine Dining,814,873,67.2,21.6,2026-01-25 10:16:48
4712,Homestyle Chak-hao Kheer,84,Mid-range Restaurant,311,435,57.3,28.9,2025-04-19 18:26:52
4713,Special Aloo Posto,138,Mid-range Restaurant,178,307,57.6,21.6,2025-12-30 14:17:48
4714,Extra Cheesy Bhutte ka Kees,21,Fine Dining,1188,1905,41.0,45.5,2025-06-11 18:19:29
4715,Kolhapuri Mutton,31,Street Food,85,96,66.2,13.4,2025-08-13 20:32:46
4716,Dhokla,27,Street Food,83,109,76.4,5.6,2025-08-02 11:32:45
4717,Classic Rajma Chawal,96,Roadside Stall,28,65,82.2,2.2,2025-11-13 06:07:16
4718,Festival Litti Chokha,38,Roadside Stall,31,98,59.8,29.2,2026-04-21 03:52:48
4719,Idli Sambar,52,Sweet Shop,124,225,84.3,0.9,2025-10-19 15:20:24
4720,Spicy Axone,14,Street Food,76,96,55.1,47.7,2025-04-06 14:43:04
4721,Meen Curry,53,Mid-range Restaurant,194,274,76.8,10.2,2025-02-23 23:55:09
4722,Local Favourite Mysore Pak,57,Local Eatery,115,201,58.7,29.3,2026-06-11 14:37:59
4723,Uttapam,50,Mid-range Restaurant,293,493,90.2,0,2025-04-02 03:23:24
4724,Festival Chole Bhature,95,Street Food,57,115,78.6,9.9,2025-03-25 17:19:59
4725,Premium Chingri Malai Curry,137,Fine Dining,1398,2249,81.4,3.2,2026-06-08 08:19:41
4726,Chef's Bamboo Shoot Curry,12,Local Eatery,163,226,60.5,21.2,2026-02-07 10:56:56
4727,Traditional Litti,135,Roadside Stall,39,49,80.9,4.1,2026-04-20 06:04:46
4728,Homestyle Golgappa,40,Street Food,59,100,81.2,4.8,2025-12-05 06:37:01
4729,Village-style Kachori,98,Street Food,83,134,55.3,19.3,2025-05-05 10:11:59
4730,Lassi,119,Roadside Stall,41,105,58.4,32.0,2025-10-05 05:31:57
4731,Chef's Meen Curry,53,Roadside Stall,64,107,92.5,0,2025-05-28 12:07:41
4732,Extra Cheesy Bebinca,12,Roadside Stall,66,113,73.3,11.2,2026-01-24 08:23:57
4733,Extra Cheesy Fish Tenga,13,Roadside Stall,59,94,54.4,18.5,2026-01-29 19:19:32
4734,Local Favourite Appam with Stew,106,Sweet Shop,74,342,76.9,5.5,2025-11-26 00:48:51
4735,Homestyle Butter Chicken,100,Fine Dining,1374,2416,77.9,8.7,2025-05-04 23:42:15
4736,Chole Bhature,125,Local Eatery,107,160,73.4,10.7,2025-09-08 12:18:30
4737,Spicy Butter Chicken,129,Street Food,77,104,55.6,27.7,2026-06-02 03:54:09
4738,Extra Cheesy Bebinca,117,Street Food,25,106,48.0,31.6,2026-03-11 00:07:41
4739,Payasam,2,Mid-range Restaurant,282,423,87.3,0,2026-03-04 23:01:06
4740,Chak-hao Kheer,12,Roadside Stall,30,64,61.3,39.8,2025-09-05 05:54:08
4741,Shorshe Ilish,139,Sweet Shop,64,272,47.7,26.9,2025-02-24 13:26:52
4742,Butter Chicken,130,Sweet Shop,136,222,47.3,64.3,2026-04-16 13:41:09
4743,Kadhi Chawal,122,Roadside Stall,46,57,83.9,0.9,2026-02-12 00:46:34
4744,Litti,45,Local Eatery,116,153,53.5,46.7,2026-02-13 11:11:54
4745,Homestyle Chingri Malai Curry,136,Street Food,62,112,71.3,23.8,2025-03-18 10:52:55
4746,Rasam,61,Mid-range Restaurant,235,306,83.8,1.7,2025-10-29 03:12:21
4747,Signature Sarson da Saag,36,Mid-range Restaurant,279,415,58.1,19.7,2026-02-28 00:23:43
4748,Chaat Papdi,41,Street Food,65,136,68.3,12.7,2026-02-15 00:20:23
4749,Extra Cheesy Momos,80,Sweet Shop,132,271,86.6,0,2025-09-15 21:55:03
4750,Deluxe Rasam,114,Fine Dining,642,891,75.3,13.9,2026-02-01 21:41:33
4751,Smoked Pork,82,Mid-range Restaurant,325,674,84.4,0.5,2025-09-17 12:04:55
4752,Extra Cheesy Vada Sambar,109,Local Eatery,133,298,47.2,43.7,2025-04-16 01:37:49
4753,Premium Meen Curry,108,Fine Dining,1182,1240,51.4,60.0,2025-07-21 18:43:49
4754,Village-style Thepla,27,Sweet Shop,89,384,68.2,20.9,2025-06-19 19:34:52
4755,Payasam,61,Roadside Stall,57,115,75.5,10.1,2025-05-01 11:55:53
4756,Sarson da Saag,92,Sweet Shop,137,194,74.1,18.2,2025-03-09 11:29:50
4757,Grandma's Momos,16,Fine Dining,775,2098,73.8,14.2,2025-08-31 11:00:52
4758,Meen Curry,52,Roadside Stall,25,87,54.9,26.4,2025-10-11 23:53:00
4759,Street-side Vada Sambar,2,Street Food,39,103,68.4,15.6,2025-10-31 04:51:26
4760,Spicy Bebinca,10,Roadside Stall,65,77,74.2,17.6,2025-01-05 22:27:47
4761,Royal Bebinca,13,Mid-range Restaurant,315,483,65.3,19.2,2025-07-13 02:34:40
4762,Royal Momos,10,Roadside Stall,32,93,53.8,46.2,2026-01-17 07:19:18
4763,Chak-hao Kheer,77,Street Food,60,93,83.0,1.5,2026-06-01 16:29:16
4764,Chef's Chaat Papdi,130,Local Eatery,80,117,68.4,17.9,2025-11-07 13:59:55
4765,Extra Cheesy Vada Pav,28,Roadside Stall,58,110,68.1,28.5,2025-04-02 14:39:07
4766,Rajma Chawal,127,Mid-range Restaurant,150,310,66.1,32.9,2025-11-13 05:44:44
4767,Dhokla,70,Fine Dining,1429,1965,60.8,38.7,2026-05-18 01:01:06
4768,Spicy Chak-hao Kheer,79,Fine Dining,1189,1928,47.8,36.6,2025-05-30 11:47:00
4769,Sol Kadhi,73,Mid-range Restaurant,190,241,95.7,0,2026-01-30 20:14:59
4770,Mutton Rogan Josh,96,Roadside Stall,49,105,71.7,13.7,2026-05-12 13:42:03
4771,Lassi,127,Local Eatery,67,143,79.3,8.0,2025-09-08 23:54:29
4772,Nihari,42,Street Food,32,93,88.2,0,2025-06-29 10:00:06
4773,Puttu Kadala,6,Fine Dining,968,2421,62.5,30.9,2025-08-12 03:01:54
4774,Authentic Puttu Kadala,59,Mid-range Restaurant,326,683,70.2,16.5,2026-01-23 11:54:48
4775,Street-side Kolhapuri Mutton,73,Fine Dining,1465,2405,53.7,42.7,2025-11-02 12:28:16
4776,Premium Kolhapuri Mutton,71,Sweet Shop,160,224,77.3,7.4,2026-03-14 05:35:50
4777,Mysore Pak,3,Sweet Shop,49,70,44.3,52.4,2026-03-11 05:11:35
4778,Undhiyu,75,Local Eatery,134,289,60.9,25.4,2025-07-21 16:39:46
4779,Authentic Pav Bhaji,34,Fine Dining,864,1910,65.7,25.6,2025-02-09 01:53:46
4780,Village-style Sandesh,47,Street Food,63,119,70.7,18.4,2025-03-10 19:30:26
4781,Roadside Nihari,93,Sweet Shop,119,322,65.8,14.2,2025-04-25 11:29:32
4782,Rava Kesari,58,Mid-range Restaurant,178,666,78.3,8.2,2025-01-16 14:49:37
4783,Appam with Stew,107,Local Eatery,135,229,75.7,8.8,2025-09-08 15:09:21
4784,Idiyappam,116,Roadside Stall,16,86,58.8,37.4,2025-04-06 22:25:53
4785,Family Recipe Nihari,40,Street Food,29,62,67.6,23.7,2025-03-15 12:36:37
4786,Classic Rajma Chawal,131,Fine Dining,1498,2074,72.0,11.2,2025-12-27 17:02:06
4787,Signature Momos,117,Street Food,76,89,76.0,15.6,2025-01-16 12:05:12
4788,Bamboo Shoot Curry,103,Local Eatery,116,229,57.0,25.4,2026-05-26 03:06:48
4789,Spicy Hyderabadi Biryani,52,Local Eatery,60,266,71.7,16.4,2025-07-18 07:46:37
4790,Signature Chole Bhature,126,Sweet Shop,194,265,69.6,26.3,2026-01-23 09:30:57
4791,Lassi,127,Sweet Shop,78,389,76.0,14.4,2025-06-01 14:07:39
4792,Village-style Amritsari Kulcha,100,Mid-range Restaurant,287,352,85.0,0,2026-02-28 14:00:41
4793,Grandma's Pongal,58,Sweet Shop,175,224,72.8,13.2,2025-04-25 00:41:18
4794,Filter Coffee,5,Mid-range Restaurant,203,374,75.4,12.4,2025-05-09 21:28:30
4795,Kadhi Chawal,124,Roadside Stall,62,103,90.7,0,2025-09-15 11:28:23
4796,Chef's Appam with Stew,58,Sweet Shop,144,300,89.4,0,2026-06-01 15:08:49
4797,Signature Rava Kesari,55,Fine Dining,1400,1540,75.9,10.1,2025-03-15 14:36:15
4798,Litti Chokha,119,Local Eatery,74,289,42.4,26.6,2025-02-03 15:51:12
4799,Village-style Golgappa,44,Sweet Shop,186,393,74.1,18.2,2026-02-10 07:07:45
4800,Homestyle Chole Bhature,119,Sweet Shop,62,238,59.8,42.3,2025-02-11 11:34:52
4801,Appam with Stew,108,Street Food,62,99,86.1,0,2025-10-25 13:03:39
4802,Festival Chettinad Chicken,54,Roadside Stall,67,120,56.3,47.2,2026-01-22 18:15:48
4803,Modak,74,Local Eatery,110,251,77.8,8.4,2025-06-01 00:31:38
4804,Grandma's Pav Bhaji,23,Mid-range Restaurant,255,540,71.5,22.0,2025-01-21 10:02:07
4805,Pesarattu,114,Sweet Shop,54,222,84.8,0.2,2026-05-24 02:02:38
4806,Royal Bebinca,69,Roadside Stall,39,83,64.2,29.4,2026-05-22 03:37:57
4807,Dal Makhani,99,Roadside Stall,32,42,91.4,0,2025-04-20 14:25:23
4808,Chaat Papdi,127,Fine Dining,1374,1852,77.5,8.2,2025-09-15 09:59:26
4809,Street-side Rasam,2,Street Food,39,93,50.5,58.3,2025-01-24 16:53:40
4810,Festival Uttapam,50,Local Eatery,62,194,66.0,13.8,2025-08-04 18:59:44
4811,Kachori,96,Street Food,72,133,79.5,7.8,2025-01-08 10:04:35
4812,Classic Goan Fish Curry,24,Mid-range Restaurant,270,419,95.4,0,2025-01-01 18:48:23
4813,Grandma's Vada Sambar,48,Fine Dining,1211,1843,70.4,16.1,2026-05-14 23:10:12
4814,Mutton Rogan Josh,102,Sweet Shop,65,376,76.7,9.8,2025-08-22 16:26:48
4815,Classic Poha Jalebi,22,Roadside Stall,35,47,81.8,5.0,2025-04-28 23:27:01
4816,Sabudana Khichdi,62,Mid-range Restaurant,368,473,52.8,46.5,2026-05-10 08:37:17
4817,Mysore Pak,6,Mid-range Restaurant,262,700,86.6,0,2025-01-10 20:36:31
4818,Deluxe Pork with Bamboo Shoot,83,Roadside Stall,15,87,78.9,4.2,2025-11-21 13:29:33
4819,Tandoori Roti,39,Sweet Shop,126,193,65.9,12.7,2025-03-28 15:30:05
4820,Local Favourite Smoked Pork,13,Roadside Stall,18,56,69.3,25.8,2025-02-14 19:13:24
4821,Street-side Bebinca,85,Street Food,78,130,83.8,1.6,2026-06-13 23:42:32
4822,Premium Chaat Papdi,121,Local Eatery,73,235,74.5,9.9,2025-12-11 05:10:58
4823,Premium Bebinca,9,Street Food,79,106,75.8,14.7,2025-04-26 12:19:36
4824,Traditional Nihari,39,Sweet Shop,155,303,72.4,18.3,2025-12-18 07:49:46
4825,Village-style Pitha,139,Local Eatery,118,217,76.0,16.1,2025-11-01 05:58:34
4826,Litti,138,Fine Dining,759,1797,57.5,39.5,2025-01-10 11:36:51
4827,Extra Cheesy Bebinca,10,Mid-range Restaurant,281,540,82.7,3.0,2025-10-03 16:25:35
4828,Filter Coffee,5,Local Eatery,109,234,84.6,0.6,2025-03-10 05:37:10
4829,Classic Kosha Mangsho,17,Sweet Shop,163,189,62.4,28.1,2026-02-20 07:42:55
4830,Local Favourite Sandesh,47,Roadside Stall,56,119,83.5,2.4,2025-04-03 10:42:12
4831,Special Kadhi Bafla,62,Mid-range Restaurant,178,473,77.6,5.9,2025-06-18 06:00:43
4832,Quick-bite Puran Poli,28,Local Eatery,120,267,50.2,30.2,2026-05-23 17:08:07
4833,Royal Aloo Posto,17,Street Food,50,108,82.4,4.1,2025-01-21 10:53:15
4834,Extra Cheesy Kolhapuri Mutton,71,Mid-range Restaurant,371,537,62.6,20.5,2025-09-27 14:43:26
4835,Aloo Posto,17,Local Eatery,138,213,87.2,0,2026-03-15 13:31:39
4836,Prawn Balchao,24,Sweet Shop,71,303,81.7,4.1,2025-02-12 05:06:18
4837,Payasam,6,Fine Dining,1480,2184,46.6,42.5,2026-02-10 22:38:43
4838,Deluxe Kosha Mangsho,19,Street Food,74,138,85.3,0,2025-03-21 20:49:28
4839,Chaat Papdi,123,Mid-range Restaurant,233,244,68.3,27.4,2025-02-08 22:55:09
4840,Axone,8,Mid-range Restaurant,228,381,96.8,0,2026-04-29 22:58:53
4841,Golgappa,123,Mid-range Restaurant,397,497,62.8,13.5,2025-06-29 00:19:20
4842,Special Momos,16,Sweet Shop,163,394,68.5,18.8,2026-04-03 20:40:46
4843,Chettinad Chicken,112,Roadside Stall,34,103,68.7,22.4,2025-03-20 02:12:39
4844,Khandvi,70,Local Eatery,83,185,49.3,45.9,2025-03-06 06:34:29
4845,Local Favourite Hyderabadi Biryani,3,Mid-range Restaurant,218,302,69.6,23.1,2026-06-26 15:42:08
4846,Festival Chole Bhature,122,Mid-range Restaurant,234,460,72.0,11.5,2026-05-27 15:26:34
4847,Roadside Mutton Rogan Josh,93,Mid-range Restaurant,281,566,81.7,2.3,2026-02-10 21:44:19
4848,Royal Filter Coffee,2,Mid-range Restaurant,394,611,75.4,14.7,2026-06-07 02:43:22
4849,Amritsari Kulcha,95,Mid-range Restaurant,338,475,55.6,50.6,2026-01-01 11:43:53
4850,Butter Chicken,93,Roadside Stall,46,87,52.8,31.7,2025-05-10 14:02:01
4851,Traditional Bamboo Shoot Curry,82,Local Eatery,92,280,54.8,44.9,2026-03-18 21:46:37
4852,Chhena Poda,90,Fine Dining,833,1738,56.2,17.5,2025-06-03 05:31:56
4853,Homestyle Curd Rice,58,Sweet Shop,96,272,81.0,5.9,2025-02-04 09:47:43
4854,Village-style Chak-hao Kheer,79,Mid-range Restaurant,171,668,84.6,0.5,2026-02-08 10:09:53
4855,Dal Makhani,98,Roadside Stall,43,76,74.5,17.2,2025-12-17 22:17:58
4856,Mysore Pak,6,Mid-range Restaurant,409,656,79.3,6.0,2026-02-11 16:10:30
4857,Grandma's Aloo Posto,16,Sweet Shop,64,288,54.7,25.6,2026-06-01 01:10:55
4858,Extra Cheesy Chila,22,Street Food,28,48,66.7,29.6,2026-05-09 22:13:58
4859,Masala Dosa,116,Street Food,56,122,70.9,14.2,2025-10-22 22:40:16
4860,Kachori,131,Street Food,50,116,94.0,0,2026-01-03 00:46:16
4861,Pongal,3,Sweet Shop,115,252,72.0,16.2,2026-03-30 01:57:13
4862,Dal Bafla,20,Local Eatery,144,253,82.2,2.8,2026-06-19 07:59:46
4863,Tandoori Roti,94,Fine Dining,776,2437,62.9,16.3,2026-05-02 10:23:54
4864,Smoked Pork,84,Local Eatery,61,209,91.3,0,2025-08-06 23:16:36
4865,Jadoh,105,Local Eatery,135,289,78.1,7.3,2025-06-12 21:04:28
4866,Extra Cheesy Chole Bhature,133,Sweet Shop,126,158,87.7,0,2026-04-06 07:15:46
4867,Premium Payasam,52,Street Food,24,83,77.2,9.6,2026-02-07 21:15:36
4868,Special Paneer Tikka,39,Roadside Stall,48,104,67.0,17.4,2025-05-25 02:44:13
4869,Nihari,125,Street Food,27,68,68.8,13.4,2025-01-10 16:23:56
4870,Premium Litti Chokha,93,Sweet Shop,136,379,56.8,38.1,2026-06-18 06:47:20
4871,Special Kadhi Chawal,99,Mid-range Restaurant,236,526,72.8,16.3,2026-06-09 09:00:03
4872,Idiyappam,1,Roadside Stall,39,52,72.7,8.7,2025-01-03 19:35:05
4873,Deluxe Thukpa,118,Local Eatery,177,213,78.7,4.0,2025-11-18 13:26:39
4874,Butter Chicken,131,Roadside Stall,57,99,62.8,34.2,2025-07-31 06:21:23
4875,Meen Curry,54,Local Eatery,82,202,84.7,0.4,2026-01-19 23:22:11
4876,Kachori,127,Local Eatery,159,187,79.1,4.1,2026-01-27 16:52:41
4877,Deluxe Chhena Poda,15,Mid-range Restaurant,273,306,81.0,7.1,2026-03-19 17:28:15
4878,Local Favourite Lassi,125,Mid-range Restaurant,240,310,73.8,14.2,2025-01-26 14:10:46
4879,Chhena Poda,17,Fine Dining,785,1742,56.2,20.4,2026-06-22 21:13:02
4880,Royal Filter Coffee,59,Fine Dining,865,2142,78.3,6.5,2025-01-06 17:23:19
4881,Idli Sambar,56,Street Food,37,56,71.4,10.0,2025-01-14 04:11:00
4882,Bamboo Shoot Curry,79,Fine Dining,1376,2030,72.7,15.5,2025-03-03 15:17:17
4883,Aloo Posto,137,Street Food,73,110,43.1,38.3,2025-10-23 23:22:40
4884,Extra Cheesy Litti Chokha,89,Fine Dining,591,1734,86.1,0,2026-03-23 10:57:12
4885,Momos,89,Street Food,28,96,75.4,15.4,2025-09-09 13:04:38
4886,Momos,17,Local Eatery,79,138,73.4,7.2,2025-06-17 06:01:30
4887,Family Recipe Idli Sambar,115,Roadside Stall,56,101,86.1,0,2026-04-09 12:18:10
4888,Momos,80,Mid-range Restaurant,348,673,67.4,28.8,2025-07-03 11:28:09
4889,Extra Cheesy Momos,104,Fine Dining,660,744,76.4,8.1,2025-02-07 17:19:39
4890,Mysore Pak,2,Mid-range Restaurant,267,400,91.0,0,2025-03-29 00:29:00
4891,Family Recipe Pitha,103,Mid-range Restaurant,184,212,64.1,33.4,2025-07-31 08:25:17
4892,Signature Amritsari Kulcha,97,Mid-range Restaurant,188,612,79.5,5.5,2025-06-10 17:38:42
4893,Homestyle Hyderabadi Biryani,57,Fine Dining,707,829,85.0,0,2025-04-27 09:01:40
4894,Signature Vada Pav,76,Sweet Shop,81,264,74.2,15.3,2025-11-19 05:47:48
4895,Traditional Momos,87,Local Eatery,161,269,59.7,44.9,2025-10-09 02:22:15
4896,Chef's Sarson da Saag,124,Street Food,60,134,42.3,26.2,2026-03-06 05:35:43
4897,Local Favourite Thukpa,77,Fine Dining,999,1747,45.9,56.9,2025-12-01 09:33:38
4898,Royal Aloo Paratha,133,Mid-range Restaurant,152,180,59.7,22.9,2026-05-07 18:18:21
4899,Mutton Rogan Josh,95,Sweet Shop,213,297,67.4,26.2,2026-05-15 07:16:23
4900,Royal Chole Bhature,42,Sweet Shop,183,198,54.5,24.5,2025-03-15 17:28:48
4901,Mutton Rogan Josh,97,Roadside Stall,53,63,68.2,10.4,2026-04-07 05:53:05
4902,Prawn Balchao,29,Street Food,78,150,65.5,33.2,2026-03-26 05:35:07
4903,Extra Cheesy Litti Chokha,42,Mid-range Restaurant,160,457,68.0,28.3,2026-05-18 22:19:51
4904,Paneer Tikka,41,Mid-range Restaurant,250,635,75.5,10.6,2025-11-27 02:07:33
4905,Dalma,138,Sweet Shop,157,367,90.6,0,2025-01-03 17:09:35
4906,Kadhi Bafla,66,Local Eatery,109,291,65.3,18.5,2025-10-20 12:14:02
4907,Roadside Pav Bhaji,76,Local Eatery,152,282,52.7,54.5,2025-12-07 01:54:57
4908,Chef's Puran Poli,76,Mid-range Restaurant,336,643,66.6,11.4,2026-03-11 21:54:12
4909,Momos,14,Street Food,74,128,63.7,17.8,2025-09-02 18:32:47
4910,Bisi Bele Bath,109,Sweet Shop,65,378,61.2,26.1,2025-03-14 02:35:20
4911,Premium Chak-hao Kheer,10,Roadside Stall,25,68,64.6,28.0,2025-04-01 10:22:12
4912,Deluxe Chila,68,Local Eatery,167,202,68.7,18.4,2025-03-29 06:16:34
4913,Spicy Chole Bhature,126,Local Eatery,106,159,65.2,33.5,2025-06-07 00:25:14
4914,Sabudana Khichdi,21,Fine Dining,931,1322,95.2,0,2026-03-24 09:22:27
4915,Special Sandesh,89,Mid-range Restaurant,166,274,67.4,31.2,2025-12-15 20:24:34
4916,Festival Axone,10,Local Eatery,130,169,69.7,20.4,2025-06-14 02:40:14
4917,Royal Bebinca,104,Roadside Stall,25,109,68.9,22.4,2025-10-02 22:06:05
4918,Filter Coffee,112,Fine Dining,791,1592,62.4,24.6,2026-01-08 10:42:15
4919,Extra Cheesy Sarson da Saag,97,Mid-range Restaurant,345,441,64.9,13.2,2025-07-23 02:24:13
4920,Chole Bhature,91,Mid-range Restaurant,276,692,93.5,0,2026-03-27 18:29:30
4921,Mutton Rogan Josh,40,Roadside Stall,52,118,56.5,31.9,2025-01-07 10:26:20
4922,Nihari,37,Street Food,52,92,72.8,19.9,2025-09-08 08:44:43
4923,Homestyle Litti Chokha,86,Sweet Shop,215,363,80.7,4.3,2026-03-15 09:32:07
4924,Bhel Puri,31,Roadside Stall,65,108,44.8,41.0,2026-02-16 17:28:13
4925,Payasam,53,Mid-range Restaurant,249,266,91.9,0,2025-01-12 15:03:30
4926,Street-side Momos,139,Roadside Stall,33,45,51.8,37.1,2026-01-04 18:05:59
4927,Quick-bite Litti Chokha,119,Sweet Shop,46,353,85.0,0,2025-01-14 11:56:48
4928,Momos,85,Roadside Stall,44,58,75.4,17.0,2025-08-16 18:20:27
4929,Roadside Axone,79,Fine Dining,1105,1353,86.2,0,2025-12-20 02:19:07
4930,Chef's Meen Curry,112,Mid-range Restaurant,275,344,81.0,6.8,2025-09-04 13:17:17
4931,Signature Kachori,96,Mid-range Restaurant,386,479,74.1,8.9,2025-11-14 15:08:33
4932,Signature Chettinad Chicken,59,Mid-range Restaurant,266,526,80.5,3.7,2026-05-08 23:40:16
4933,Classic Poha Jalebi,21,Mid-range Restaurant,205,688,89.0,0,2025-07-01 10:07:31
4934,Pork with Bamboo Shoot,79,Fine Dining,1030,2375,84.5,0.4,2026-03-25 09:38:37
4935,Chaat Papdi,130,Roadside Stall,20,112,76.4,9.6,2025-10-03 03:11:06
4936,Royal Khandvi,23,Street Food,40,137,61.9,37.9,2025-11-29 06:01:26
4937,Kadhi Bafla,62,Local Eatery,119,192,73.0,8.2,2025-02-28 10:40:21
4938,Chef's Sandesh,135,Local Eatery,104,286,71.1,10.3,2025-12-06 18:28:04
4939,Royal Kachori,37,Sweet Shop,103,349,67.2,29.8,2025-01-20 13:14:46
4940,Roadside Appam with Stew,114,Fine Dining,1407,1885,79.7,5.2,2025-08-06 22:12:47
4941,Axone,83,Fine Dining,1424,1831,48.2,26.4,2025-11-04 21:56:23
4942,Classic Malai Kofta,132,Fine Dining,912,1395,70.8,20.9,2025-01-11 17:08:33
4943,Roadside Dahi Vada,134,Local Eatery,65,106,63.4,30.3,2026-01-04 02:33:20
4944,Local Favourite Amritsari Kulcha,130,Fine Dining,510,1583,72.9,7.9,2026-06-11 11:34:08
4945,Bhutte ka Kees,68,Street Food,36,82,62.8,24.0,2025-05-24 08:52:51
4946,Family Recipe Chhena Poda,135,Fine Dining,710,1257,78.3,4.3,2026-02-28 09:32:39
4947,Pork with Bamboo Shoot,118,Street Food,53,135,58.0,19.2,2025-03-08 07:40:44
4948,Rasam,49,Roadside Stall,62,84,72.5,22.4,2025-08-26 07:28:12
4949,Traditional Rosogolla,87,Sweet Shop,164,375,79.8,4.8,2025-03-28 22:48:12
4950,Deluxe Chila,21,Mid-range Restaurant,244,625,71.0,17.8,2025-11-13 05:18:25
4951,Thepla,25,Fine Dining,1164,1443,86.1,0,2026-01-14 13:27:48
4952,Special Bhel Puri,27,Local Eatery,144,201,66.4,22.4,2025-07-13 11:00:28
4953,Special Bamboo Shoot Curry,9,Fine Dining,564,1409,46.8,33.9,2026-01-27 04:51:45
4954,Thukpa,80,Fine Dining,913,950,55.5,35.2,2026-04-10 08:41:31
4955,Family Recipe Meen Curry,4,Sweet Shop,205,279,72.9,8.3,2025-09-20 22:09:33
4956,Quick-bite Pork with Bamboo Shoot,8,Fine Dining,1049,1211,56.7,34.3,2025-07-09 00:18:52
4957,Payasam,114,Roadside Stall,36,118,59.6,38.3,2025-02-14 22:38:58
4958,Dal Makhani,40,Roadside Stall,21,66,69.0,16.3,2026-04-07 00:51:21
4959,Spicy Pork with Bamboo Shoot,82,Sweet Shop,68,202,89.8,0,2025-02-03 04:41:07
4960,Chettinad Chicken,113,Fine Dining,601,2371,77.9,7.2,2026-06-06 23:31:02
4961,Aloo Paratha,41,Fine Dining,1010,2151,43.9,58.2,2025-08-06 01:06:33
4962,Golgappa,99,Mid-range Restaurant,189,633,55.2,49.6,2025-01-01 16:19:07
4963,Extra Cheesy Bafla,66,Local Eatery,64,217,58.4,29.4,2025-08-10 08:11:32
4964,Village-style Rava Kesari,115,Local Eatery,87,211,73.4,20.5,2025-11-27 16:09:16
4965,Chingri Malai Curry,18,Local Eatery,162,287,70.3,16.0,2025-11-20 03:04:44
4966,Payasam,49,Sweet Shop,91,309,73.9,18.1,2025-02-08 05:50:37
4967,Signature Curd Rice,110,Sweet Shop,135,273,76.8,14.3,2025-11-19 12:02:50
4968,Pitha,104,Fine Dining,1259,2029,68.6,11.5,2026-01-29 22:55:10
4969,Traditional Puran Poli,70,Fine Dining,993,2466,71.7,16.4,2026-03-14 04:26:33
4970,Classic Sarson da Saag,36,Fine Dining,575,1682,92.2,0,2026-02-03 12:07:20
4971,Deluxe Rasam,50,Roadside Stall,25,59,80.6,7.3,2025-10-21 01:56:10
4972,Authentic Jadoh,10,Mid-range Restaurant,152,348,65.9,30.9,2026-01-21 16:01:29
4973,Litti Chokha,16,Roadside Stall,26,115,65.0,35.0,2026-03-08 09:14:37
4974,Shorshe Ilish,19,Local Eatery,116,231,58.8,20.8,2025-08-15 14:39:45
4975,Puttu Kadala,1,Sweet Shop,37,202,59.1,23.5,2026-05-01 13:22:59
4976,Kachori,41,Roadside Stall,15,90,79.6,5.3,2025-04-04 07:15:45
4977,Pongal,4,Street Food,79,147,93.1,0,2026-01-26 06:07:45
4978,Payasam,53,Local Eatery,76,245,63.7,17.0,2026-01-01 19:07:00
4979,Family Recipe Kadhi Chawal,94,Street Food,28,89,66.8,18.9,2025-09-06 00:59:17
4980,Village-style Kadhi Chawal,122,Sweet Shop,68,362,48.9,22.1,2026-06-02 12:50:48
4981,Classic Butter Chicken,127,Mid-range Restaurant,311,566,58.9,38.1,2025-08-09 11:19:31
4982,Quick-bite Vada Pav,30,Street Food,75,133,83.3,1.9,2026-06-08 13:07:41
4983,Classic Litti,18,Street Food,76,134,68.2,26.3,2025-05-08 18:56:47
4984,Grandma's Undhiyu,76,Fine Dining,1219,2437,50.7,24.1,2025-06-15 09:09:25
4985,Vada Sambar,59,Mid-range Restaurant,384,564,84.1,0.9,2025-11-02 09:45:26
4986,Festival Vada Sambar,5,Local Eatery,113,128,66.8,16.1,2026-02-12 16:40:30
4987,Kadhi Chawal,41,Fine Dining,1102,1931,67.0,11.9,2026-06-17 10:47:50
4988,Bhel Puri,30,Roadside Stall,50,62,63.0,20.8,2025-01-16 06:19:18
4989,Mysore Pak,50,Roadside Stall,43,86,65.1,15.2,2025-10-31 04:30:10
4990,Kolhapuri Mutton,31,Fine Dining,1127,1252,85.0,0,2026-04-17 17:24:17
4991,Masala Dosa,54,Mid-range Restaurant,300,420,89.6,0,2025-05-07 20:36:29
4992,Sabudana Khichdi,22,Sweet Shop,112,291,83.4,2.1,2026-04-09 08:49:00
4993,Signature Momos,8,Fine Dining,896,2453,73.8,8.5,2025-07-13 19:47:14
4994,Shorshe Ilish,15,Mid-range Restaurant,378,657,92.4,0,2025-02-27 05:53:18
4995,Street-side Amritsari Kulcha,95,Local Eatery,111,245,70.1,26.0,2026-01-13 23:05:08
4996,Tandoori Roti,93,Local Eatery,94,257,67.2,15.3,2025-03-03 19:12:06
4997,Classic Meen Curry,108,Fine Dining,1096,1348,82.5,1.6,2026-04-15 18:07:40
4998,Axone,79,Local Eatery,128,297,85.9,0,2025-08-20 13:42:39
4999,Village-style Idiyappam,53,Roadside Stall,43,104,74.3,18.7,2025-07-02 22:54:48
5000,Signature Litti Chokha,100,Roadside Stall,48,85,83.9,1.5,2026-03-29 22:12:52
5001,Butter Chicken,101,Roadside Stall,42,81,74.1,7.6,2025-08-19 16:49:03
5002,Traditional Bhel Puri,32,Street Food,56,144,47.0,35.6,2025-08-15 01:11:39
5003,Roadside Kadhi Bafla,67,Street Food,77,104,66.3,17.3,2025-04-27 22:40:14
5004,Spicy Malai Kofta,123,Roadside Stall,36,78,70.3,20.3,2026-03-03 21:25:18
5005,Street-side Sarson da Saag,122,Street Food,51,139,53.3,28.6,2025-01-06 15:54:59
5006,Festival Kadhi Bafla,62,Roadside Stall,16,55,64.2,25.5,2026-04-10 17:40:50
5007,Homestyle Modak,30,Sweet Shop,125,388,71.1,8.3,2025-12-31 19:41:30
5008,Royal Butter Chicken,92,Sweet Shop,202,371,59.2,40.3,2026-05-03 17:19:49
5009,Aloo Posto,45,Fine Dining,1357,2346,78.3,6.5,2026-06-10 10:56:28
5010,Aloo Paratha,101,Fine Dining,1296,2293,48.5,39.6,2025-11-12 14:34:03
5011,Pitha,105,Roadside Stall,41,59,68.1,14.9,2025-06-25 21:34:24
5012,Festival Tandoori Roti,101,Street Food,45,73,80.0,5.5,2025-08-24 09:11:28
5013,Deluxe Kachori,133,Mid-range Restaurant,356,569,66.5,29.4,2026-03-17 10:03:03
5014,Chaat Papdi,125,Local Eatery,110,196,62.0,40.2,2025-07-12 23:19:58
5015,Deluxe Malpua,66,Street Food,79,113,56.5,48.1,2026-05-22 12:56:49
5016,Thukpa,9,Roadside Stall,30,72,87.8,0,2025-01-08 02:36:05
5017,Quick-bite Chak-hao Kheer,7,Street Food,65,106,84.6,0.4,2025-08-13 08:16:52
5018,Village-style Litti Chokha,91,Fine Dining,1113,1203,45.2,27.7,2025-05-12 13:59:14
5019,Appam with Stew,56,Mid-range Restaurant,218,640,63.5,37.4,2025-04-06 09:44:09
5020,Extra Cheesy Fish Tenga,81,Sweet Shop,98,182,70.4,17.8,2025-03-14 09:17:43
5021,Chingri Malai Curry,45,Sweet Shop,176,376,84.3,1.1,2025-06-25 16:40:37
5022,Malpua,62,Roadside Stall,34,63,42.3,53.9,2025-07-19 05:27:46
5023,Zan,83,Street Food,73,105,85.9,0,2025-10-10 17:26:16
5024,Spicy Pitha,14,Street Food,47,66,73.1,8.0,2026-05-21 08:07:51
5025,Aloo Paratha,125,Mid-range Restaurant,221,339,61.3,42.6,2025-10-14 23:08:22
5026,Kadhi Chawal,93,Local Eatery,164,258,82.1,2.5,2026-02-25 16:57:30
5027,Spicy Goan Fish Curry,72,Local Eatery,115,191,63.6,14.2,2026-04-13 13:57:39
5028,Dal Makhani,132,Street Food,58,94,83.3,3.0,2025-09-21 19:32:37
5029,Dal Bafla,68,Fine Dining,628,2336,93.7,0,2025-11-25 10:14:21
5030,Village-style Meen Curry,1,Local Eatery,160,299,62.7,32.4,2025-09-16 17:17:42
5031,Momos,19,Fine Dining,1188,1757,75.9,11.0,2025-09-04 10:44:58
5032,Curd Rice,5,Local Eatery,145,221,46.8,38.8,2025-09-02 21:01:14
5033,Grandma's Misal Pav,69,Street Food,71,83,77.3,10.6,2025-03-26 09:22:30
5034,Khandvi,25,Fine Dining,723,2042,69.5,15.4,2025-01-01 19:44:16
5035,Classic Filter Coffee,60,Fine Dining,816,1292,91.4,0,2025-07-14 09:11:46
5036,Authentic Kolhapuri Mutton,70,Sweet Shop,112,252,77.7,4.9,2025-05-09 02:07:44
5037,Quick-bite Filter Coffee,54,Street Food,80,125,71.7,8.2,2025-09-23 20:22:22
5038,Kothu Parotta,49,Local Eatery,157,236,76.4,13.0,2025-06-12 11:11:21
5039,Payasam,48,Local Eatery,63,157,78.0,10.7,2025-10-13 14:15:08
5040,Dalma,89,Roadside Stall,34,107,66.7,28.5,2025-12-10 18:08:27
5041,Premium Puttu Kadala,57,Roadside Stall,64,92,58.7,16.7,2026-06-14 18:07:22
5042,Festival Macher Jhol,90,Mid-range Restaurant,377,667,69.5,26.4,2026-02-16 03:46:08
5043,Classic Kothu Parotta,4,Sweet Shop,160,232,75.5,11.6,2025-01-10 09:52:45
5044,Premium Pitha,19,Mid-range Restaurant,417,576,68.1,26.2,2026-06-22 08:34:26
5045,Deluxe Rasam,5,Fine Dining,661,2041,64.4,30.8,2026-05-13 08:37:12
5046,Butter Chicken,120,Fine Dining,601,1705,82.4,3.1,2025-10-05 01:00:55
5047,Classic Chingri Malai Curry,134,Roadside Stall,50,115,44.3,30.9,2026-01-13 04:55:56
5048,Authentic Litti,88,Fine Dining,1312,1418,86.1,0,2025-06-11 16:19:48
5049,Vada Sambar,6,Mid-range Restaurant,395,658,57.7,21.9,2025-04-26 18:24:28
5050,Fish Tenga,77,Mid-range Restaurant,156,655,60.3,17.8,2026-01-11 18:25:49
5051,Royal Poha Jalebi,21,Street Food,45,105,71.4,11.1,2026-06-14 01:11:01
5052,Dalma,19,Sweet Shop,94,168,86.4,0,2026-05-12 00:46:10
5053,Spicy Kachori,101,Street Food,23,95,78.4,5.7,2025-05-23 02:26:47
5054,Spicy Pesarattu,114,Sweet Shop,211,227,73.4,8.4,2026-06-16 19:35:24
5055,Homestyle Masala Dosa,50,Fine Dining,581,1892,85.0,0,2025-03-12 08:31:03
5056,Bamboo Shoot Curry,85,Street Food,83,111,48.7,53.9,2025-10-21 06:02:36
5057,Street-side Thepla,69,Street Food,57,85,73.8,15.6,2025-03-16 21:26:54
5058,Authentic Golgappa,102,Mid-range Restaurant,345,484,93.7,0,2025-01-30 14:55:14
5059,Local Favourite Chole Bhature,98,Fine Dining,1482,2151,60.3,41.7,2026-02-15 09:24:32
5060,Family Recipe Dahi Vada,137,Street Food,35,50,47.7,29.6,2026-04-18 07:21:52
5061,Roadside Naga Chutney,7,Roadside Stall,61,73,79.4,7.8,2025-12-21 06:19:25
5062,Dalma,16,Mid-range Restaurant,388,617,79.9,6.4,2025-10-15 16:05:37
5063,Grandma's Chak-hao Kheer,117,Street Food,48,86,67.9,19.7,2025-09-06 16:57:39
5064,Bebinca,72,Street Food,22,136,74.7,13.8,2026-04-26 16:32:36
5065,Village-style Meen Curry,56,Sweet Shop,132,303,56.0,44.2,2026-02-22 21:55:14
5066,Rava Kesari,2,Local Eatery,93,157,43.2,55.8,2026-02-27 23:30:48
5067,Rosogolla,45,Street Food,23,52,67.6,26.5,2025-09-29 11:24:40
5068,Extra Cheesy Sandesh,87,Sweet Shop,187,308,82.3,4.2,2025-03-11 09:47:43
5069,Village-style Appam with Stew,109,Street Food,33,103,84.4,0.5,2026-05-08 22:50:10
5070,Idli Sambar,52,Mid-range Restaurant,409,502,50.6,53.7,2025-05-17 03:25:34
5071,Aloo Paratha,100,Roadside Stall,64,77,81.5,5.2,2025-07-20 13:50:54
5072,Idiyappam,4,Sweet Shop,50,114,56.2,30.0,2025-01-17 01:50:19
5073,Traditional Jadoh,78,Mid-range Restaurant,387,644,53.5,22.7,2025-12-12 19:32:32
5074,Local Favourite Goan Fish Curry,28,Street Food,32,150,77.3,8.8,2025-11-19 18:45:18
5075,Grandma's Puttu Kadala,110,Mid-range Restaurant,227,451,71.2,22.0,2025-12-17 18:25:33
5076,Homestyle Pav Bhaji,30,Street Food,70,148,68.3,22.9,2025-08-01 21:27:17
5077,Royal Rava Kesari,108,Local Eatery,104,269,83.8,1.3,2026-03-19 03:59:36
5078,Extra Cheesy Momos,86,Local Eatery,103,157,64.3,23.5,2025-10-23 00:33:46
5079,Dahi Vada,138,Fine Dining,1234,2231,82.6,2.1,2026-03-21 16:56:39
5080,Rajma Chawal,96,Fine Dining,534,1003,79.4,9.9,2026-05-21 12:02:28
5081,Homestyle Kadhi Bafla,64,Sweet Shop,215,229,85.8,0,2026-05-18 03:17:24
5082,Litti,16,Street Food,64,86,76.0,15.6,2026-06-03 09:46:44
5083,Traditional Hyderabadi Biryani,57,Mid-range Restaurant,399,660,55.2,43.5,2025-11-22 02:35:47
5084,Bhutte ka Kees,20,Sweet Shop,185,375,65.6,27.6,2025-06-28 14:21:12
5085,Deluxe Pongal,59,Local Eatery,178,284,94.1,0,2026-06-15 21:05:56
5086,Family Recipe Mysore Pak,5,Roadside Stall,20,71,79.2,8.6,2025-11-05 19:53:57
5087,Chef's Fish Tenga,14,Roadside Stall,49,62,65.9,13.4,2026-02-10 10:19:30
5088,Chef's Bisi Bele Bath,56,Roadside Stall,28,90,61.0,26.9,2025-02-17 13:32:07
5089,Chingri Malai Curry,134,Local Eatery,96,230,54.8,50.8,2025-07-22 09:43:51
5090,Spicy Goan Fish Curry,25,Local Eatery,72,286,73.1,17.8,2025-07-07 12:16:01
5091,Spicy Payasam,6,Mid-range Restaurant,216,534,76.6,6.5,2026-02-15 07:37:15
5092,Village-style Rava Kesari,61,Roadside Stall,61,111,56.6,46.0,2025-03-22 23:19:22
5093,Chettinad Chicken,108,Street Food,59,113,61.8,35.9,2025-10-21 07:28:44
5094,Chaat Papdi,36,Local Eatery,73,130,65.2,14.2,2026-06-05 17:14:09
5095,Local Favourite Litti Chokha,120,Street Food,52,75,76.1,15.8,2025-07-15 23:23:37
5096,Spicy Kadhi Bafla,67,Local Eatery,168,276,53.7,33.8,2026-04-20 11:11:38
5097,Naga Chutney,103,Street Food,72,104,48.4,38.2,2025-12-25 08:39:10
5098,Thepla,27,Local Eatery,140,291,63.4,19.7,2025-12-19 20:21:22
5099,Classic Pitha,8,Street Food,65,131,61.5,23.5,2026-02-13 23:31:36
5100,Spicy Zan,12,Roadside Stall,44,120,63.4,18.8,2026-06-02 16:16:28
5101,Family Recipe Bhutte ka Kees,64,Street Food,83,127,81.1,3.3,2026-04-17 04:43:54
5102,Bhel Puri,74,Local Eatery,177,219,66.3,17.7,2026-02-25 06:30:09
5103,Macher Jhol,138,Sweet Shop,78,274,82.4,2.5,2026-01-14 10:07:08
5104,Deluxe Curd Rice,109,Mid-range Restaurant,200,262,76.8,10.6,2025-03-26 19:53:22
5105,Royal Fish Tenga,9,Fine Dining,1385,1850,74.2,15.0,2025-03-03 17:57:58
5106,Nihari,44,Mid-range Restaurant,416,554,62.6,39.9,2025-01-07 08:45:03
5107,Extra Cheesy Dhokla,26,Local Eatery,173,239,92.9,0,2025-09-07 20:44:17
5108,Classic Nihari,99,Roadside Stall,15,100,51.1,38.7,2025-07-30 19:28:05
5109,Sarson da Saag,125,Street Food,44,57,81.9,5.5,2026-02-22 18:26:10
5110,Dal Makhani,41,Fine Dining,767,2472,51.2,45.3,2025-10-30 04:37:45
5111,Deluxe Naga Chutney,84,Sweet Shop,174,246,70.5,13.1,2025-04-09 10:45:08
5112,Festival Pesarattu,107,Local Eatery,127,140,88.5,0,2025-10-26 21:49:06
5113,Smoked Pork,82,Street Food,21,101,39.7,58.7,2025-01-20 23:32:26
5114,Prawn Balchao,31,Roadside Stall,15,25,78.5,3.9,2025-09-16 00:16:47
5115,Festival Rasam,50,Fine Dining,1386,2468,79.8,7.0,2026-05-25 06:08:42
5116,Chef's Chole Bhature,40,Street Food,27,146,73.3,19.7,2025-11-26 09:49:49
5117,Dal Makhani,44,Roadside Stall,44,102,89.7,0,2025-03-29 15:38:50
5118,Special Sarson da Saag,94,Sweet Shop,47,353,94.9,0,2025-01-03 00:37:26
5119,Sol Kadhi,33,Local Eatery,166,281,78.4,6.4,2025-05-01 03:31:05
5120,Classic Pork with Bamboo Shoot,105,Local Eatery,99,258,56.3,47.6,2025-06-05 12:36:59
5121,Chingri Malai Curry,139,Mid-range Restaurant,195,232,75.6,14.3,2025-06-28 09:56:13
5122,Malpua,62,Roadside Stall,37,105,84.0,0.8,2026-02-05 08:51:22
5123,Bisi Bele Bath,57,Sweet Shop,162,380,75.6,15.7,2025-03-05 09:57:59
5124,Axone,7,Roadside Stall,46,102,58.7,37.8,2025-04-27 04:29:38
5125,Thukpa,105,Roadside Stall,57,115,47.4,58.2,2026-06-10 11:06:57
5126,Spicy Thukpa,77,Mid-range Restaurant,230,573,45.7,45.5,2026-01-30 14:14:28
5127,Undhiyu,25,Roadside Stall,20,39,74.0,14.7,2025-04-04 23:24:42
5128,Village-style Dal Makhani,122,Roadside Stall,34,112,79.9,4.7,2025-07-19 23:28:04
5129,Momos,11,Fine Dining,688,1829,87.4,0,2025-11-06 00:07:40
5130,Dalma,89,Fine Dining,1172,1561,94.0,0,2026-03-09 23:34:34
5131,Curd Rice,6,Street Food,83,111,84.9,0.2,2026-05-26 18:28:41
5132,Zan,83,Sweet Shop,187,229,64.9,36.0,2026-06-26 18:20:01
5133,Village-style Kachori,96,Sweet Shop,170,248,68.9,21.2,2025-01-11 07:14:06
5134,Filter Coffee,1,Roadside Stall,22,48,81.4,3.8,2025-04-29 07:55:17
5135,Family Recipe Goan Fish Curry,70,Sweet Shop,204,287,81.5,4.9,2025-01-04 15:01:57
5136,Royal Mutton Rogan Josh,35,Street Food,70,137,87.0,0,2025-07-29 04:23:50
5137,Idli Sambar,109,Fine Dining,1205,2207,86.6,0,2026-02-18 17:28:03
5138,Deluxe Golgappa,123,Local Eatery,174,190,89.6,0,2025-09-16 21:10:23
5139,Hyderabadi Biryani,113,Roadside Stall,21,117,47.4,54.9,2025-11-21 08:03:12
5140,Extra Cheesy Bafla,64,Sweet Shop,50,318,41.2,40.2,2025-04-15 13:23:57
5141,Authentic Fish Tenga,12,Street Food,60,142,70.9,14.3,2025-07-13 13:16:57
5142,Mysore Pak,55,Local Eatery,179,253,84.2,0.8,2025-12-16 00:00:47
5143,Grandma's Mutton Rogan Josh,93,Roadside Stall,41,92,89.4,0,2025-10-07 16:33:34
5144,Pitha,7,Mid-range Restaurant,406,660,72.7,17.1,2025-08-29 16:34:45
5145,Royal Golgappa,131,Street Food,26,58,65.5,17.8,2026-05-13 22:29:35
5146,Traditional Malpua,68,Fine Dining,1136,2189,65.8,25.0,2026-05-09 13:21:47
5147,Deluxe Kadhi Chawal,131,Mid-range Restaurant,210,572,78.5,6.8,2025-09-13 11:53:58
5148,Chef's Tandoori Roti,99,Fine Dining,1117,1812,76.9,13.1,2026-02-10 21:30:34
5149,Khandvi,27,Local Eatery,128,250,84.5,0.5,2026-04-25 02:44:22
5150,Quick-bite Aloo Posto,90,Local Eatery,133,277,89.2,0,2025-07-11 04:35:10
5151,Kadhi Chawal,39,Roadside Stall,44,113,79.2,4.0,2025-01-05 12:16:54
5152,Local Favourite Goan Fish Curry,28,Fine Dining,801,2486,57.9,17.9,2025-07-25 01:29:35
5153,Village-style Kothu Parotta,1,Local Eatery,116,151,95.4,0,2025-11-19 19:49:42
5154,Sol Kadhi,70,Local Eatery,141,229,81.2,4.1,2026-02-06 09:28:02
5155,Dahi Vada,137,Fine Dining,583,1393,76.4,6.1,2026-02-13 21:38:00
5156,Local Favourite Chaat Papdi,124,Sweet Shop,110,388,77.7,9.1,2025-05-27 20:10:54
5157,Classic Chila,21,Street Food,77,91,76.6,5.3,2025-09-07 13:12:14
5158,Uttapam,50,Street Food,67,117,78.5,7.7,2025-02-18 05:56:26
5159,Malai Kofta,36,Roadside Stall,38,116,80.7,7.4,2025-11-25 21:51:00
5160,Axone,83,Street Food,41,104,72.4,11.0,2026-01-21 06:04:04
5161,Aloo Paratha,133,Street Food,50,104,74.7,10.0,2025-05-13 20:35:24
5162,Classic Bisi Bele Bath,61,Local Eatery,85,140,82.6,3.4,2025-02-13 08:05:05
5163,Grandma's Sandesh,47,Fine Dining,579,2467,51.6,35.4,2025-05-20 03:23:52
5164,Chef's Sarson da Saag,120,Mid-range Restaurant,214,487,83.0,1.7,2026-01-21 02:40:07
5165,Chef's Litti Chokha,15,Mid-range Restaurant,167,309,72.7,8.5,2025-10-23 10:02:08
5166,Local Favourite Meen Curry,1,Mid-range Restaurant,290,406,58.7,37.2,2025-01-02 14:23:51
5167,Litti,47,Local Eatery,91,286,66.5,17.3,2025-11-10 09:03:53
5168,Dahi Vada,46,Fine Dining,538,2210,56.5,22.3,2025-10-07 14:38:13
5169,Undhiyu,23,Street Food,80,98,77.0,11.2,2026-01-30 01:26:45
5170,Chole Bhature,94,Sweet Shop,109,393,66.4,19.8,2026-05-08 01:18:22
5171,Classic Aloo Paratha,37,Fine Dining,657,2463,56.4,18.4,2025-09-06 04:58:08
5172,Aloo Paratha,93,Street Food,34,72,75.7,5.6,2025-10-11 22:44:07
5173,Authentic Dahi Vada,136,Sweet Shop,72,182,61.9,27.9,2025-01-28 18:37:43
5174,Kachori,96,Sweet Shop,87,209,65.1,34.6,2025-11-09 02:56:08
5175,Quick-bite Malpua,62,Roadside Stall,64,83,73.8,18.6,2026-04-21 18:16:47
5176,Rava Kesari,113,Roadside Stall,50,62,45.9,39.7,2025-10-07 06:55:10
5177,Tandoori Roti,126,Street Food,78,127,92.2,0,2025-11-12 09:25:58
5178,Butter Chicken,100,Street Food,58,100,70.1,25.2,2025-01-21 08:53:34
5179,Classic Sol Kadhi,27,Fine Dining,1195,2007,65.7,19.1,2026-04-08 08:19:28
5180,Local Favourite Fish Tenga,10,Fine Dining,1388,2415,85.0,0,2025-04-14 08:35:44
5181,Family Recipe Tandoori Roti,42,Street Food,52,92,42.0,46.4,2026-06-21 02:16:12
5182,Dahi Vada,17,Fine Dining,1373,2344,83.7,0.9,2025-07-11 06:24:58
5183,Classic Aloo Paratha,98,Sweet Shop,53,217,93.2,0,2025-02-08 09:06:15
5184,Local Favourite Malai Kofta,40,Local Eatery,87,137,73.7,16.0,2025-04-04 16:24:49
5185,Vada Pav,70,Mid-range Restaurant,302,381,54.9,44.7,2025-05-02 07:46:10
5186,Traditional Kadhi Chawal,44,Local Eatery,148,191,81.1,2.6,2025-01-22 03:35:31
5187,Authentic Thepla,25,Roadside Stall,25,104,77.3,6.1,2026-05-30 10:01:57
5188,Pesarattu,61,Fine Dining,1080,1286,79.0,5.3,2025-06-28 20:14:02
5189,Local Favourite Lassi,42,Fine Dining,920,1306,74.9,16.9,2026-06-25 20:35:15
5190,Sarson da Saag,133,Fine Dining,792,916,86.8,0,2026-04-08 23:45:28
5191,Zan,117,Local Eatery,108,135,87.1,0,2025-05-27 23:18:05
5192,Street-side Rasam,1,Fine Dining,751,1247,66.9,13.7,2025-05-26 18:45:58
5193,Classic Goan Fish Curry,32,Sweet Shop,71,296,48.7,54.3,2025-06-03 15:23:12
5194,Quick-bite Chettinad Chicken,110,Mid-range Restaurant,390,630,85.0,0,2025-05-22 14:24:28
5195,Village-style Pork with Bamboo Shoot,77,Mid-range Restaurant,371,466,75.1,7.9,2025-05-05 18:04:17
5196,Traditional Kosha Mangsho,136,Sweet Shop,51,161,71.8,22.6,2025-05-18 04:05:43
5197,Tandoori Roti,42,Street Food,69,97,71.3,8.7,2026-03-28 04:48:39
5198,Kolhapuri Mutton,75,Sweet Shop,54,206,63.5,17.3,2025-09-20 20:07:06
5199,Dal Makhani,42,Mid-range Restaurant,339,547,69.6,9.7,2026-06-01 18:52:44
5200,Kothu Parotta,57,Sweet Shop,194,293,44.7,44.2,2025-05-02 09:02:56
5201,Extra Cheesy Appam with Stew,49,Mid-range Restaurant,250,699,65.4,31.0,2025-07-01 23:28:47
5202,Extra Cheesy Pongal,54,Roadside Stall,38,58,79.6,8.5,2026-04-19 08:13:07
5203,Pesarattu,6,Roadside Stall,55,112,61.9,29.4,2025-10-08 17:08:32
5204,Rosogolla,89,Local Eatery,104,236,53.7,25.6,2026-06-27 06:19:25
5205,Homestyle Masala Dosa,49,Roadside Stall,41,59,73.9,14.7,2025-08-24 17:39:48
5206,Kadhi Chawal,129,Mid-range Restaurant,388,577,56.3,38.6,2025-07-28 20:14:03
5207,Malpua,64,Street Food,68,95,77.4,5.8,2026-05-29 02:15:47
5208,Chettinad Chicken,1,Sweet Shop,204,308,82.2,3.8,2025-07-25 04:42:12
5209,Bebinca,27,Street Food,67,122,79.9,4.1,2025-08-24 13:34:35
5210,Litti Chokha,19,Fine Dining,930,2260,72.1,19.9,2026-03-19 10:11:41
5211,Classic Poha Jalebi,68,Mid-range Restaurant,397,425,60.9,26.7,2025-07-27 02:27:51
5212,Kadhi Chawal,44,Sweet Shop,69,91,69.1,14.7,2025-06-24 16:49:58
5213,Special Kachori,36,Local Eatery,98,123,78.4,11.1,2025-06-11 08:48:03
5214,Grandma's Rajma Chawal,123,Sweet Shop,98,205,81.9,2.0,2025-02-20 10:54:55
5215,Spicy Litti,86,Sweet Shop,37,363,87.6,0,2025-07-07 00:16:54
5216,Dal Bafla,20,Local Eatery,154,266,62.3,25.7,2025-12-07 05:25:21
5217,Spicy Chole Bhature,119,Sweet Shop,201,308,63.1,17.4,2025-11-18 05:38:21
5218,Idli Sambar,60,Sweet Shop,37,282,72.7,18.2,2025-02-23 17:42:39
5219,Authentic Thukpa,10,Mid-range Restaurant,418,432,66.7,24.3,2025-08-19 22:16:49
5220,Pav Bhaji,33,Fine Dining,814,2291,74.9,6.3,2025-08-06 01:36:55
5221,Bhutte ka Kees,66,Sweet Shop,45,279,56.4,23.8,2025-02-25 10:44:19
5222,Quick-bite Kolhapuri Mutton,76,Street Food,56,138,75.3,6.0,2025-11-18 18:08:58
5223,Roadside Vada Pav,75,Street Food,27,95,45.4,64.0,2026-06-17 02:24:20
5224,Uttapam,53,Mid-range Restaurant,154,386,50.5,50.8,2026-02-03 21:31:35
5225,Classic Naga Chutney,117,Fine Dining,515,2103,69.2,27.8,2025-10-05 20:26:56
5226,Royal Undhiyu,30,Local Eatery,104,132,65.0,12.5,2025-09-30 18:28:44
5227,Undhiyu,31,Fine Dining,552,1965,55.6,29.7,2025-06-28 21:44:19
5228,Royal Shorshe Ilish,139,Mid-range Restaurant,212,282,49.7,51.2,2025-05-16 06:41:19
5229,Roadside Amritsari Kulcha,121,Mid-range Restaurant,248,392,52.4,34.9,2026-05-18 15:52:49
5230,Pesarattu,108,Sweet Shop,157,214,89.8,0,2025-04-05 08:40:09
5231,Chef's Zan,10,Street Food,43,71,39.3,35.4,2025-01-25 17:33:49
5232,Family Recipe Axone,79,Street Food,75,89,79.9,5.7,2026-04-06 13:57:58
5233,Puran Poli,33,Fine Dining,539,752,77.7,12.5,2026-03-29 07:13:48
5234,Uttapam,61,Sweet Shop,98,138,43.4,54.7,2026-06-15 12:10:46
5235,Amritsari Kulcha,130,Roadside Stall,43,67,95.2,0,2026-05-30 00:12:23
5236,Village-style Pongal,48,Mid-range Restaurant,189,370,78.9,10.0,2025-07-19 12:52:03
5237,Mutton Rogan Josh,39,Mid-range Restaurant,319,351,55.1,33.2,2026-05-16 19:28:57
5238,Traditional Chingri Malai Curry,45,Sweet Shop,140,310,75.2,10.5,2025-12-06 16:42:41
5239,Bhel Puri,72,Street Food,62,80,90.2,0,2026-05-13 12:35:07
5240,Chaat Papdi,35,Local Eatery,62,260,69.0,18.6,2026-04-25 15:36:16
5241,Local Favourite Aloo Paratha,133,Roadside Stall,19,30,71.6,16.3,2025-04-15 15:58:01
5242,Poha Jalebi,65,Local Eatery,141,242,50.0,50.2,2025-06-20 02:07:05
5243,Grandma's Filter Coffee,49,Local Eatery,67,220,57.1,25.1,2025-12-02 18:08:38
5244,Rajma Chawal,99,Street Food,30,97,83.2,3.1,2026-04-03 23:30:30
5245,Pitha,84,Fine Dining,1159,1990,47.5,53.2,2025-11-22 00:56:12
5246,Filter Coffee,109,Street Food,54,64,77.7,9.9,2026-03-18 04:01:52
5247,Signature Litti,47,Fine Dining,721,2282,68.4,25.4,2025-11-21 05:16:26
5248,Appam with Stew,59,Roadside Stall,56,88,45.9,41.8,2025-11-11 02:36:44
5249,Kachori,127,Mid-range Restaurant,331,351,72.8,7.7,2025-01-29 16:12:04
5250,Kosha Mangsho,87,Street Food,47,62,68.6,22.1,2025-10-08 04:04:04
5251,Pitha,13,Street Food,64,121,86.3,0,2025-08-31 01:11:33
5252,Bafla,20,Mid-range Restaurant,258,481,48.4,24.1,2025-01-10 23:34:10
5253,Dahi Vada,47,Street Food,76,137,50.8,25.3,2026-05-05 14:32:19
5254,Amritsari Kulcha,130,Roadside Stall,28,90,71.6,12.3,2025-01-12 03:27:21
5255,Special Hyderabadi Biryani,61,Mid-range Restaurant,197,267,80.9,4.6,2025-09-16 12:35:41
5256,Street-side Butter Chicken,96,Fine Dining,847,2171,85.2,0,2025-03-23 17:22:01
5257,Extra Cheesy Kosha Mangsho,86,Sweet Shop,63,163,76.0,6.0,2026-02-23 04:08:04
5258,Chila,64,Roadside Stall,18,55,68.9,15.3,2025-11-30 11:36:41
5259,Local Favourite Curd Rice,114,Mid-range Restaurant,254,659,81.9,5.4,2025-09-03 00:56:20
5260,Signature Bafla,64,Roadside Stall,23,96,36.7,35.0,2025-02-14 01:21:29
5261,Naga Chutney,118,Sweet Shop,36,152,71.5,9.5,2025-01-02 15:44:28
5262,Vada Pav,30,Street Food,84,103,84.1,0.8,2025-03-17 05:10:17
5263,Momos,104,Street Food,79,111,71.4,16.7,2025-10-02 14:35:42
5264,Local Favourite Kolhapuri Mutton,30,Roadside Stall,16,89,85.7,0,2025-07-26 12:00:44
5265,Jadoh,13,Mid-range Restaurant,354,402,69.3,21.6,2025-04-08 04:44:20
5266,Extra Cheesy Chaat Papdi,44,Street Food,22,75,62.0,31.7,2025-01-30 04:58:22
5267,Litti Chokha,44,Local Eatery,126,213,84.3,0.8,2025-09-15 03:59:51
5268,Village-style Rajma Chawal,37,Fine Dining,1053,2101,82.5,4.2,2026-05-01 06:23:35
5269,Quick-bite Appam with Stew,56,Mid-range Restaurant,330,437,85.5,0,2026-02-18 09:42:10
5270,Traditional Bamboo Shoot Curry,11,Roadside Stall,43,105,50.1,47.7,2025-08-24 20:39:03
5271,Sabudana Khichdi,66,Fine Dining,1425,1909,67.0,24.7,2025-01-29 17:38:49
5272,Classic Pitha,16,Local Eatery,159,288,75.4,10.9,2025-06-17 19:54:31
5273,Bhel Puri,27,Local Eatery,150,164,40.9,41.6,2026-04-07 02:13:51
5274,Golgappa,43,Mid-range Restaurant,230,673,58.4,28.7,2026-05-27 11:00:24
5275,Malpua,21,Local Eatery,74,277,82.7,2.7,2025-01-04 12:25:54
5276,Spicy Dahi Vada,134,Street Food,68,132,85.4,0,2026-04-28 21:00:05
5277,Pongal,115,Local Eatery,154,258,84.1,0.9,2025-04-12 14:12:36
5278,Classic Idiyappam,56,Sweet Shop,40,371,77.3,11.3,2026-05-02 05:36:46
5279,Rosogolla,87,Roadside Stall,40,74,72.8,20.6,2025-07-17 02:27:00
5280,Litti Chokha,97,Roadside Stall,22,64,63.2,27.0,2025-02-03 19:48:37
5281,Litti Chokha,36,Local Eatery,147,299,78.9,5.3,2025-03-01 14:19:16
5282,Chef's Litti,89,Street Food,79,146,75.3,17.3,2026-04-25 23:46:17
5283,Chak-hao Kheer,11,Sweet Shop,157,299,68.9,10.1,2025-10-06 18:37:52
5284,Pitha,16,Local Eatery,179,224,82.5,1.7,2026-04-16 19:59:42
5285,Litti Chokha,136,Sweet Shop,94,281,62.2,16.1,2025-06-12 03:06:28
5286,Festival Meen Curry,52,Mid-range Restaurant,401,568,54.8,30.8,2025-12-22 15:03:29
5287,Pork with Bamboo Shoot,79,Street Food,45,131,66.0,26.8,2026-05-21 03:40:59
5288,Village-style Chingri Malai Curry,15,Fine Dining,1387,2078,65.1,12.8,2025-09-07 05:04:51
5289,Pesarattu,49,Sweet Shop,191,299,79.0,8.3,2025-11-01 19:59:55
5290,Appam with Stew,116,Street Food,54,87,92.1,0,2025-03-07 15:50:48
5291,Rajma Chawal,92,Local Eatery,138,228,69.4,22.6,2026-05-14 02:02:24
5292,Bhel Puri,71,Mid-range Restaurant,273,496,63.6,21.6,2025-12-11 13:34:50
5293,Litti Chokha,136,Sweet Shop,156,287,58.4,40.3,2025-02-23 01:29:14
5294,Homestyle Chila,67,Sweet Shop,95,149,75.2,9.5,2025-02-16 18:07:53
5295,Quick-bite Kosha Mangsho,16,Fine Dining,1192,2248,81.7,5.6,2026-06-10 17:33:38
5296,Bebinca,85,Fine Dining,1032,1552,76.2,15.5,2026-01-04 01:32:23
5297,Local Favourite Golgappa,123,Street Food,37,75,63.4,38.8,2025-04-05 07:12:18
5298,Puran Poli,73,Fine Dining,779,2138,85.6,0,2026-02-17 23:39:06
5299,Kachori,42,Sweet Shop,140,396,65.4,25.2,2026-06-03 13:28:48
5300,Grandma's Golgappa,97,Fine Dining,878,2447,61.1,33.7,2025-07-20 18:00:14
5301,Deluxe Puttu Kadala,4,Roadside Stall,63,109,60.9,27.4,2026-04-27 16:53:43
5302,Traditional Lassi,92,Mid-range Restaurant,236,338,78.1,11.2,2025-07-23 12:06:10
5303,Classic Idli Sambar,113,Mid-range Restaurant,403,616,66.1,31.2,2026-06-27 09:17:00
5304,Homestyle Payasam,52,Roadside Stall,61,112,70.6,22.0,2026-04-17 05:20:57
5305,Street-side Chaat Papdi,43,Local Eatery,125,273,65.0,29.3,2026-02-08 11:33:51
5306,Uttapam,116,Roadside Stall,29,73,77.0,11.0,2025-07-27 00:10:19
5307,Masala Dosa,58,Roadside Stall,59,111,70.5,21.2,2026-03-03 12:14:42
5308,Jadoh,82,Local Eatery,162,243,47.8,49.8,2025-07-21 14:02:54
5309,Homestyle Chhena Poda,138,Fine Dining,1027,2112,67.3,26.0,2026-05-03 15:43:44
5310,Extra Cheesy Naga Chutney,12,Mid-range Restaurant,239,498,56.2,32.5,2025-12-28 10:45:01
5311,Grandma's Pav Bhaji,27,Fine Dining,698,1691,81.4,4.5,2025-09-23 03:44:02
5312,Local Favourite Thukpa,105,Sweet Shop,155,219,67.0,21.0,2025-03-08 15:29:21
5313,Signature Pongal,61,Mid-range Restaurant,160,390,87.1,0,2025-04-02 03:53:29
5314,Kachori,102,Sweet Shop,60,287,56.4,42.8,2026-05-29 09:57:45
5315,Malai Kofta,102,Sweet Shop,140,272,85.7,0,2025-03-01 00:40:48
5316,Family Recipe Paneer Tikka,129,Roadside Stall,55,105,57.2,25.3,2025-11-11 10:22:16
5317,Rasam,109,Fine Dining,604,1417,83.9,0.8,2025-07-27 21:43:58
5318,Mutton Rogan Josh,133,Mid-range Restaurant,383,667,66.7,14.8,2025-09-03 00:22:45
5319,Nihari,39,Street Food,44,91,80.6,3.8,2025-12-09 21:43:15
5320,Classic Bafla,62,Mid-range Restaurant,394,453,91.3,0,2025-09-02 10:13:32
5321,Dal Makhani,133,Roadside Stall,22,104,65.0,22.7,2026-04-14 21:03:21
5322,Homestyle Rasam,1,Fine Dining,1168,2053,92.4,0,2025-04-01 20:27:43
5323,Filter Coffee,54,Mid-range Restaurant,310,444,73.7,9.4,2025-08-18 21:36:02
5324,Mutton Rogan Josh,42,Local Eatery,106,178,60.7,41.4,2025-05-16 19:08:35
5325,Royal Vada Pav,23,Mid-range Restaurant,356,596,64.8,32.9,2025-02-23 14:26:27
5326,Khandvi,75,Mid-range Restaurant,379,630,45.7,28.1,2026-01-08 21:30:15
5327,Spicy Curd Rice,1,Sweet Shop,62,261,73.7,9.3,2025-02-22 00:28:52
5328,Chef's Bebinca,69,Mid-range Restaurant,348,456,81.6,5.6,2026-04-24 12:31:27
5329,Traditional Nihari,131,Fine Dining,740,1608,76.4,13.8,2026-06-04 16:08:02
5330,Pitha,80,Roadside Stall,22,35,77.3,13.2,2025-05-31 16:11:15
5331,Bebinca,34,Local Eatery,132,177,76.4,9.1,2025-01-18 21:05:56
5332,Quick-bite Dhokla,71,Roadside Stall,54,119,54.5,21.1,2026-04-23 01:37:00
5333,Extra Cheesy Sandesh,45,Local Eatery,142,239,46.7,50.7,2026-01-11 09:38:23
5334,Street-side Litti Chokha,139,Sweet Shop,83,350,71.1,22.9,2025-03-15 07:43:56
5335,Chef's Butter Chicken,36,Sweet Shop,181,348,72.0,17.0,2026-04-08 18:45:37
5336,Thukpa,11,Sweet Shop,203,307,76.0,15.6,2026-01-16 15:35:20
5337,Spicy Uttapam,110,Street Food,69,144,44.7,35.7,2025-08-30 01:29:58
5338,Momos,8,Sweet Shop,99,324,72.6,8.6,2026-06-29 06:41:53
5339,Roadside Filter Coffee,52,Local Eatery,113,123,87.7,0,2025-06-02 06:15:35
5340,Royal Filter Coffee,48,Mid-range Restaurant,286,590,65.0,27.2,2026-05-25 05:48:51
5341,Khandvi,34,Fine Dining,1109,1339,75.2,15.8,2026-04-28 18:36:43
5342,Special Bebinca,13,Mid-range Restaurant,183,443,76.8,8.0,2026-06-28 05:00:41
5343,Vada Pav,33,Mid-range Restaurant,254,666,67.8,28.9,2025-01-22 04:49:37
5344,Village-style Chila,20,Street Food,63,100,94.5,0,2026-04-30 17:27:55
5345,Kadhi Chawal,99,Mid-range Restaurant,250,595,61.9,30.7,2025-06-11 05:27:33
5346,Vada Pav,33,Fine Dining,534,2481,52.8,26.9,2025-06-06 11:30:26
5347,Traditional Axone,8,Mid-range Restaurant,371,469,88.4,0,2026-03-12 10:11:25
5348,Rosogolla,139,Fine Dining,544,1096,68.4,20.9,2026-06-29 11:19:05
5349,Axone,85,Street Food,71,107,56.0,27.2,2025-09-16 15:38:53
5350,Royal Rava Kesari,116,Sweet Shop,174,236,66.6,23.6,2026-05-02 19:47:01
5351,Puttu Kadala,1,Roadside Stall,19,117,67.8,26.2,2026-01-22 12:11:36
5352,Masala Dosa,113,Mid-range Restaurant,229,276,93.3,0,2025-09-16 01:56:36
5353,Litti Chokha,130,Street Food,53,87,75.5,7.3,2025-01-11 21:09:57
5354,Chak-hao Kheer,9,Roadside Stall,52,71,64.7,34.4,2026-02-24 07:09:17
5355,Zan,84,Roadside Stall,60,104,46.1,45.7,2025-06-16 11:50:30
5356,Meen Curry,116,Local Eatery,66,170,91.6,0,2025-11-15 01:53:40
5357,Grandma's Naga Chutney,79,Street Food,78,104,72.6,21.5,2025-03-02 07:21:04
5358,Bisi Bele Bath,49,Mid-range Restaurant,210,693,62.2,22.4,2025-02-25 20:15:06
5359,Local Favourite Thepla,26,Street Food,20,34,91.7,0,2025-10-05 22:09:01
5360,Pitha,78,Sweet Shop,64,172,77.5,9.1,2025-03-22 09:57:30
5361,Kothu Parotta,3,Local Eatery,100,193,85.9,0,2025-10-27 04:24:31
5362,Grandma's Lassi,38,Mid-range Restaurant,287,348,89.1,0,2026-06-22 18:55:41
5363,Street-side Chingri Malai Curry,139,Street Food,44,138,53.7,31.3,2026-04-03 08:16:17
5364,Bhutte ka Kees,66,Street Food,34,56,86.0,0,2025-07-01 21:27:25
5365,Street-side Sarson da Saag,41,Sweet Shop,117,196,88.7,0,2025-03-01 08:06:55
5366,Pav Bhaji,34,Fine Dining,1231,2395,63.4,15.2,2026-06-30 19:10:36
5367,Special Rosogolla,16,Sweet Shop,83,205,92.6,0,2025-11-23 01:00:20
5368,Local Favourite Bebinca,117,Mid-range Restaurant,349,692,70.5,13.0,2025-06-21 23:08:58
5369,Village-style Vada Sambar,50,Mid-range Restaurant,273,440,62.6,37.4,2025-05-17 02:15:38
5370,Signature Butter Chicken,130,Roadside Stall,56,69,64.2,17.5,2026-06-08 10:55:44
5371,Premium Pesarattu,4,Roadside Stall,63,119,91.9,0,2026-05-13 22:32:49
5372,Festival Shorshe Ilish,18,Local Eatery,102,226,71.5,9.5,2026-06-28 19:39:22
5373,Family Recipe Golgappa,129,Street Food,26,142,89.2,0,2025-09-29 17:14:21
5374,Bebinca,118,Sweet Shop,51,252,65.3,14.0,2025-08-31 07:50:19
5375,Mutton Rogan Josh,92,Mid-range Restaurant,276,606,64.3,15.8,2026-01-11 20:48:22
5376,Festival Hyderabadi Biryani,51,Mid-range Restaurant,418,673,88.4,0,2026-03-17 00:47:02
5377,Family Recipe Rosogolla,137,Local Eatery,139,168,76.8,9.4,2025-05-14 20:34:58
5378,Lassi,99,Local Eatery,152,229,54.9,29.3,2025-09-18 16:07:44
5379,Nihari,126,Local Eatery,73,157,66.4,28.2,2025-10-22 23:00:23
5380,Traditional Mutton Rogan Josh,36,Street Food,37,82,84.2,0.7,2025-01-12 19:29:53
5381,Chef's Pav Bhaji,30,Fine Dining,809,1448,57.4,25.9,2025-12-28 03:42:51
5382,Nihari,123,Mid-range Restaurant,321,670,87.3,0,2025-04-14 09:52:05
5383,Golgappa,123,Local Eatery,114,137,79.9,6.5,2025-11-07 07:14:39
5384,Nihari,122,Mid-range Restaurant,356,668,69.4,24.0,2025-03-02 11:20:36
5385,Grandma's Momos,17,Fine Dining,1207,2106,81.6,4.6,2025-10-23 09:31:53
5386,Chettinad Chicken,116,Local Eatery,87,241,68.4,10.5,2025-02-01 02:45:50
5387,Filter Coffee,114,Mid-range Restaurant,405,575,46.4,67.1,2025-10-04 15:41:27
5388,Street-side Hyderabadi Biryani,48,Local Eatery,173,290,81.7,3.9,2025-01-07 09:07:49
5389,Dhokla,73,Mid-range Restaurant,264,394,76.9,13.7,2025-06-13 06:56:40
5390,Traditional Bafla,22,Fine Dining,1416,1578,69.2,17.2,2026-04-28 16:45:12
5391,Kadhi Chawal,121,Fine Dining,1096,2102,45.4,29.2,2026-04-14 20:27:25
5392,Quick-bite Chhena Poda,135,Street Food,34,59,66.7,23.0,2025-12-19 08:42:15
5393,Quick-bite Thepla,33,Local Eatery,123,163,64.5,21.4,2026-02-05 14:50:37
5394,Family Recipe Momos,103,Local Eatery,86,199,85.2,0,2025-08-23 19:58:39
5395,Village-style Chhena Poda,87,Mid-range Restaurant,342,649,84.3,0.8,2025-08-07 09:05:01
5396,Signature Malai Kofta,119,Street Food,22,77,76.8,9.4,2025-02-20 20:35:50
5397,Signature Kosha Mangsho,18,Sweet Shop,108,260,46.5,30.3,2026-01-14 12:48:53
5398,Family Recipe Bafla,67,Local Eatery,116,281,83.2,2.0,2025-11-29 06:07:17
5399,Deluxe Jadoh,14,Fine Dining,1304,2253,52.8,40.1,2025-03-01 01:08:20
5400,Village-style Thukpa,105,Fine Dining,1234,2146,76.8,7.8,2025-12-12 22:52:06
5401,Quick-bite Kadhi Chawal,119,Roadside Stall,62,90,66.9,13.6,2025-07-02 13:46:38
5402,Bhutte ka Kees,63,Roadside Stall,21,71,68.5,16.4,2025-08-10 06:55:27
5403,Prawn Balchao,31,Mid-range Restaurant,330,515,77.3,10.1,2026-05-10 14:19:47
5404,Pitha,8,Sweet Shop,45,298,86.4,0,2025-08-28 19:25:14
5405,Chef's Lassi,96,Street Food,29,101,58.0,41.3,2025-07-23 15:34:14
5406,Signature Dhokla,27,Mid-range Restaurant,239,304,76.6,10.8,2026-03-07 11:26:26
5407,Litti Chokha,92,Mid-range Restaurant,176,561,66.5,28.6,2026-05-02 14:24:31
5408,Royal Lassi,42,Mid-range Restaurant,422,613,69.2,12.4,2026-05-20 22:25:38
5409,Jadoh,104,Sweet Shop,99,219,69.4,12.3,2025-04-16 01:10:32
5410,Family Recipe Butter Chicken,40,Mid-range Restaurant,187,198,68.7,27.5,2025-11-12 04:59:04
5411,Family Recipe Zan,11,Local Eatery,151,176,90.4,0,2025-03-24 23:53:59
5412,Extra Cheesy Bhel Puri,72,Roadside Stall,41,108,90.1,0,2025-10-18 10:36:14
5413,Quick-bite Momos,9,Local Eatery,75,273,74.4,11.3,2026-04-29 05:20:44
5414,Street-side Chettinad Chicken,50,Street Food,74,128,45.6,65.9,2025-10-29 13:50:08
5415,Modak,30,Roadside Stall,31,75,77.6,5.6,2025-11-05 07:07:35
5416,Special Bafla,65,Sweet Shop,36,63,81.9,4.4,2025-01-26 18:39:25
5417,Local Favourite Dahi Vada,138,Sweet Shop,38,200,47.6,57.9,2025-04-22 16:18:13
5418,Dal Bafla,63,Street Food,79,109,53.4,33.2,2026-04-04 10:53:01
5419,Spicy Dahi Vada,46,Roadside Stall,42,97,60.2,43.1,2026-06-12 04:42:45
5420,Family Recipe Bisi Bele Bath,55,Fine Dining,1346,1451,86.9,0,2026-06-16 21:54:01
5421,Extra Cheesy Zan,12,Local Eatery,131,260,61.2,40.9,2026-04-10 01:16:49
5422,Quick-bite Pitha,86,Fine Dining,998,1608,56.1,42.6,2025-01-26 14:45:39
5423,Kadhi Bafla,22,Sweet Shop,194,324,77.5,9.3,2025-06-15 18:31:29
5424,Street-side Nihari,129,Street Food,46,60,77.1,6.4,2026-03-27 21:57:13
5425,Village-style Tandoori Roti,39,Local Eatery,78,141,70.5,14.5,2025-07-29 12:40:42
5426,Bebinca,74,Fine Dining,1168,1673,76.3,8.0,2026-03-04 09:34:46
5427,Roadside Naga Chutney,103,Mid-range Restaurant,206,690,88.9,0,2025-03-23 10:10:30
5428,Mutton Rogan Josh,102,Local Eatery,119,278,60.9,33.5,2026-03-20 08:34:55
5429,Authentic Chole Bhature,121,Mid-range Restaurant,345,394,79.9,6.8,2025-01-28 00:35:36
5430,Local Favourite Zan,80,Local Eatery,138,257,77.3,10.6,2025-10-12 20:35:18
5431,Special Bafla,68,Street Food,53,88,71.4,22.3,2025-05-10 16:18:15
5432,Street-side Rasam,107,Local Eatery,101,216,81.3,5.9,2025-07-04 14:22:12
5433,Roadside Chettinad Chicken,116,Mid-range Restaurant,316,529,40.1,55.9,2025-10-05 12:09:37
5434,Quick-bite Pav Bhaji,23,Fine Dining,827,2378,67.6,15.4,2025-05-25 13:48:59
5435,Premium Zan,104,Street Food,29,143,71.5,13.6,2025-05-20 13:57:23
5436,Dahi Vada,89,Local Eatery,161,190,68.1,16.0,2025-04-19 10:38:49
5437,Premium Paneer Tikka,38,Mid-range Restaurant,276,565,61.4,29.8,2025-09-14 14:09:07
5438,Special Litti Chokha,123,Mid-range Restaurant,398,490,55.8,26.6,2025-10-10 18:12:08
5439,Kosha Mangsho,134,Local Eatery,115,235,41.2,57.0,2025-06-17 23:54:22
5440,Street-side Rava Kesari,61,Sweet Shop,79,330,72.2,13.7,2026-05-09 14:45:31
5441,Quick-bite Puran Poli,29,Fine Dining,924,2003,68.2,23.1,2025-01-19 07:51:23
5442,Signature Rosogolla,139,Fine Dining,843,1341,46.7,25.3,2025-04-22 03:57:24
5443,Mutton Rogan Josh,125,Sweet Shop,134,152,62.6,36.9,2026-04-26 15:06:59
5444,Street-side Malai Kofta,40,Local Eatery,117,149,61.8,32.9,2025-06-17 17:02:23
5445,Kadhi Chawal,121,Fine Dining,1347,1823,74.6,14.1,2026-06-17 05:46:25
5446,Pitha,105,Roadside Stall,35,78,55.7,46.5,2025-04-08 20:05:49
5447,Sabudana Khichdi,64,Roadside Stall,28,56,80.3,3.0,2026-01-02 02:12:32
5448,Village-style Chhena Poda,45,Roadside Stall,37,111,51.9,56.0,2025-11-20 11:09:20
5449,Poha Jalebi,20,Street Food,27,70,42.3,36.3,2025-11-03 01:22:21
5450,Chingri Malai Curry,46,Mid-range Restaurant,318,393,57.4,28.5,2025-07-21 03:57:19
5451,Signature Litti Chokha,35,Local Eatery,148,281,57.0,46.9,2025-03-21 03:42:55
5452,Traditional Axone,81,Street Food,32,92,75.9,11.8,2025-05-25 09:31:32
5453,Grandma's Bisi Bele Bath,114,Sweet Shop,200,311,65.3,28.4,2025-02-23 04:51:44
5454,Festival Masala Dosa,109,Mid-range Restaurant,316,380,59.7,32.8,2025-11-27 22:59:36
5455,Extra Cheesy Pesarattu,2,Local Eatery,142,299,68.2,25.1,2026-01-07 23:23:24
5456,Special Litti,17,Local Eatery,176,300,54.1,18.7,2025-05-01 10:13:07
5457,Royal Kothu Parotta,50,Street Food,53,114,64.9,20.9,2025-02-12 02:42:53
5458,Spicy Appam with Stew,106,Sweet Shop,160,257,96.0,0,2025-10-21 18:29:18
5459,Pitha,118,Mid-range Restaurant,331,658,75.9,13.7,2025-02-28 10:20:48
5460,Quick-bite Kachori,98,Street Food,43,70,58.1,25.0,2025-08-26 22:44:14
5461,Litti,89,Local Eatery,117,297,38.5,42.9,2026-06-13 01:40:23
5462,Dal Bafla,65,Fine Dining,659,1549,58.1,32.2,2025-12-31 13:47:31
5463,Roadside Goan Fish Curry,70,Local Eatery,72,129,77.9,5.4,2026-05-17 12:52:43
5464,Bebinca,28,Local Eatery,125,158,77.5,12.4,2026-06-15 02:16:03
5465,Roadside Pork with Bamboo Shoot,8,Street Food,78,108,51.5,46.7,2026-04-04 23:34:21
5466,Malai Kofta,94,Mid-range Restaurant,157,685,79.7,4.7,2026-01-04 03:09:54
5467,Deluxe Vada Pav,26,Sweet Shop,112,166,91.4,0,2025-11-28 06:20:36
5468,Traditional Rava Kesari,52,Fine Dining,1486,1575,75.5,16.7,2025-02-20 02:30:23
5469,Aloo Paratha,98,Mid-range Restaurant,378,431,78.6,10.5,2025-06-14 00:37:27
5470,Classic Dal Bafla,63,Fine Dining,1320,2170,73.4,20.4,2026-06-20 10:11:12
5471,Chole Bhature,38,Local Eatery,132,293,86.9,0,2026-03-05 00:25:52
5472,Bamboo Shoot Curry,11,Mid-range Restaurant,385,455,77.7,8.0,2026-06-18 08:51:10
5473,Bebinca,26,Roadside Stall,20,84,80.0,5.2,2025-08-16 20:12:01
5474,Deluxe Filter Coffee,51,Sweet Shop,137,233,51.4,28.9,2026-02-06 19:04:44
5475,Traditional Filter Coffee,112,Sweet Shop,104,311,49.9,25.3,2025-01-09 10:13:05
5476,Traditional Jadoh,82,Sweet Shop,35,292,80.3,7.3,2025-07-04 00:37:06
5477,Special Golgappa,98,Sweet Shop,96,353,38.3,62.0,2025-10-19 04:04:42
5478,Family Recipe Bhutte ka Kees,62,Roadside Stall,67,115,63.6,12.9,2026-06-18 23:20:15
5479,Chaat Papdi,100,Fine Dining,957,1255,84.4,0.6,2026-03-07 18:42:14
5480,Premium Chettinad Chicken,111,Roadside Stall,63,79,76.8,13.7,2026-03-05 17:10:02
5481,Festival Pesarattu,116,Mid-range Restaurant,401,543,41.2,67.2,2025-04-01 21:25:36
5482,Grandma's Mutton Rogan Josh,37,Street Food,77,129,64.7,12.2,2025-10-31 18:28:44
5483,Royal Misal Pav,27,Local Eatery,129,208,46.5,51.0,2025-12-28 23:56:19
5484,Local Favourite Prawn Balchao,33,Mid-range Restaurant,326,561,68.7,21.3,2025-02-14 14:19:02
5485,Roadside Pav Bhaji,76,Sweet Shop,45,370,65.9,16.0,2026-06-11 00:21:39
5486,Village-style Momos,15,Mid-range Restaurant,232,501,80.5,3.7,2025-04-01 00:16:27
5487,Hyderabadi Biryani,54,Fine Dining,997,2055,59.2,41.0,2025-08-28 18:10:15
5488,Curd Rice,52,Sweet Shop,123,188,85.3,0,2025-12-29 01:25:45
5489,Village-style Pork with Bamboo Shoot,105,Fine Dining,1220,2408,55.0,30.0,2026-05-18 15:48:57
5490,Thepla,70,Local Eatery,113,226,56.9,33.6,2025-03-01 16:09:38
5491,Spicy Amritsari Kulcha,119,Local Eatery,141,238,75.2,9.8,2025-06-01 16:08:04
5492,Kolhapuri Mutton,69,Fine Dining,1181,2354,72.6,12.5,2026-05-26 13:24:00
5493,Roadside Khandvi,33,Local Eatery,160,185,75.5,14.0,2025-04-27 20:56:45
5494,Aloo Posto,134,Mid-range Restaurant,212,450,74.7,14.8,2026-04-24 15:38:45
5495,Special Pork with Bamboo Shoot,77,Roadside Stall,60,77,61.7,39.4,2025-10-04 16:28:45
5496,Street-side Bafla,65,Fine Dining,1362,2169,55.0,50.8,2026-03-04 09:19:32
5497,Roadside Golgappa,93,Street Food,67,97,80.1,7.0,2026-05-10 11:26:08
5498,Chef's Butter Chicken,120,Fine Dining,941,1729,88.9,0,2025-06-29 18:48:44
5499,Extra Cheesy Zan,13,Roadside Stall,46,97,49.4,48.9,2026-03-29 15:47:10
5500,Smoked Pork,8,Street Food,56,68,71.3,21.8,2025-06-27 10:53:22
5501,Spicy Bebinca,72,Sweet Shop,40,189,52.9,47.8,2026-01-23 14:29:33
5502,Authentic Naga Chutney,13,Local Eatery,66,226,54.7,29.7,2026-06-28 16:49:52
5503,Homestyle Payasam,54,Roadside Stall,59,91,46.0,60.0,2025-03-14 18:05:35
5504,Zan,78,Fine Dining,680,1953,74.4,15.4,2025-10-15 11:59:05
5505,Traditional Bamboo Shoot Curry,83,Local Eatery,148,165,61.2,41.7,2026-01-20 02:48:39
5506,Deluxe Chingri Malai Curry,89,Roadside Stall,33,79,54.2,32.6,2025-06-01 21:52:48
5507,Festival Puttu Kadala,54,Mid-range Restaurant,362,547,48.4,62.3,2025-06-10 22:03:01
5508,Bhel Puri,75,Roadside Stall,23,70,50.5,22.4,2025-11-24 23:06:21
5509,Smoked Pork,13,Sweet Shop,97,128,58.4,36.4,2026-03-16 14:25:28
5510,Bafla,63,Sweet Shop,153,352,85.9,0,2025-06-08 08:47:17
5511,Goan Fish Curry,73,Sweet Shop,191,211,90.6,0,2025-12-19 13:01:03
5512,Bhel Puri,29,Street Food,40,61,82.2,3.9,2025-12-03 23:14:24
5513,Kothu Parotta,49,Street Food,68,137,94.7,0,2025-03-30 03:37:51
5514,Poha Jalebi,22,Street Food,39,79,87.9,0,2025-11-07 00:04:33
5515,Butter Chicken,123,Sweet Shop,121,361,75.6,9.2,2025-10-05 20:09:18
5516,Rava Kesari,109,Street Food,44,98,63.1,33.6,2026-06-24 00:26:01
5517,Local Favourite Pongal,48,Roadside Stall,59,94,56.0,45.5,2026-05-31 09:41:45
5518,Aloo Paratha,41,Roadside Stall,24,41,59.7,29.6,2025-09-25 23:20:27
5519,Classic Bafla,20,Street Food,23,116,57.8,38.3,2026-01-08 06:00:24
5520,Nihari,36,Roadside Stall,36,76,74.5,14.4,2025-03-11 14:50:28
5521,Signature Smoked Pork,7,Local Eatery,177,253,57.3,29.4,2025-09-06 12:29:52
5522,Rava Kesari,56,Local Eatery,148,234,74.5,11.2,2026-04-24 06:07:29
5523,Festival Aloo Paratha,44,Mid-range Restaurant,319,422,43.6,24.9,2025-03-28 22:01:48
5524,Kadhi Chawal,94,Roadside Stall,34,106,75.1,6.0,2025-07-30 12:16:35
5525,Aloo Posto,15,Sweet Shop,170,399,91.9,0,2025-05-27 15:06:43
5526,Dal Makhani,35,Fine Dining,967,1649,75.8,6.1,2025-09-25 12:00:29
5527,Quick-bite Sabudana Khichdi,65,Local Eatery,82,93,78.3,4.9,2025-02-10 13:46:21
5528,Authentic Meen Curry,59,Street Food,27,56,87.3,0,2025-12-19 12:58:49
5529,Dahi Vada,45,Fine Dining,834,1575,85.9,0,2025-12-02 00:21:26
5530,Rasam,55,Fine Dining,1280,2163,81.0,6.9,2025-06-14 07:40:01
5531,Family Recipe Masala Dosa,54,Street Food,79,113,69.1,25.5,2026-04-29 21:25:48
5532,Family Recipe Macher Jhol,45,Fine Dining,664,876,84.4,0.5,2025-10-11 01:18:38
5533,Pitha,89,Mid-range Restaurant,353,542,67.8,11.6,2025-05-13 21:29:23
5534,Street-side Bebinca,84,Sweet Shop,175,262,85.4,0,2025-08-20 21:24:16
5535,Mutton Rogan Josh,128,Fine Dining,1366,1777,80.4,7.0,2025-05-17 05:12:42
5536,Shorshe Ilish,90,Mid-range Restaurant,369,538,95.5,0,2026-03-30 06:17:26
5537,Signature Lassi,92,Street Food,61,86,74.0,18.0,2025-02-10 14:08:26
5538,Chaat Papdi,102,Roadside Stall,41,86,84.9,0.1,2025-10-18 12:54:44
5539,Premium Pesarattu,2,Mid-range Restaurant,361,628,70.2,14.4,2025-05-09 16:42:56
5540,Bisi Bele Bath,109,Fine Dining,1132,1873,46.2,57.2,2025-02-06 14:11:15
5541,Local Favourite Pitha,77,Street Food,69,107,72.1,19.8,2025-05-23 13:26:09
5542,Mutton Rogan Josh,130,Street Food,73,101,80.7,4.3,2026-05-05 01:24:24
5543,Premium Butter Chicken,42,Mid-range Restaurant,239,305,57.4,42.2,2025-06-24 03:38:05
5544,Chettinad Chicken,4,Sweet Shop,102,247,78.6,6.8,2025-04-15 09:40:37
5545,Traditional Litti Chokha,127,Sweet Shop,54,214,72.2,11.7,2026-01-02 01:30:40
5546,Royal Puran Poli,24,Roadside Stall,36,81,66.6,28.8,2026-04-10 17:00:12
5547,Malpua,62,Local Eatery,102,240,84.9,0.1,2026-04-19 02:32:48
5548,Quick-bite Shorshe Ilish,18,Mid-range Restaurant,323,406,54.0,45.2,2026-05-22 15:18:22
5549,Thukpa,83,Roadside Stall,59,71,48.3,26.0,2026-06-03 08:37:36
5550,Quick-bite Chak-hao Kheer,78,Street Food,35,55,62.9,29.4,2025-07-05 11:51:46
5551,Homestyle Mysore Pak,54,Roadside Stall,60,76,88.6,0,2026-06-04 23:28:04
5552,Rava Kesari,1,Fine Dining,1150,1368,75.9,10.4,2026-05-19 23:14:33
5553,Vada Pav,69,Mid-range Restaurant,401,598,81.2,3.2,2026-06-07 06:13:32
5554,Puran Poli,75,Local Eatery,71,85,79.1,4.7,2026-06-09 23:49:07
5555,Kadhi Chawal,131,Local Eatery,129,299,88.4,0,2025-07-30 19:53:06
5556,Festival Zan,10,Mid-range Restaurant,318,345,78.8,6.0,2025-09-17 21:17:39
5557,Street-side Khandvi,31,Fine Dining,878,1804,80.6,7.8,2025-12-10 22:36:36
5558,Local Favourite Butter Chicken,98,Sweet Shop,138,298,62.3,19.4,2025-10-11 13:01:52
5559,Festival Dhokla,26,Roadside Stall,28,86,84.2,0.8,2025-10-07 15:26:53
5560,Family Recipe Malai Kofta,94,Sweet Shop,45,264,74.7,16.6,2025-04-16 23:52:52
5561,Payasam,107,Fine Dining,1076,2463,77.6,6.7,2025-01-23 05:34:45
5562,Masala Dosa,112,Fine Dining,934,1198,42.3,34.3,2025-06-25 00:11:37
5563,Authentic Rajma Chawal,91,Roadside Stall,63,89,66.5,24.1,2025-10-26 01:26:20
5564,Signature Puran Poli,29,Mid-range Restaurant,283,392,74.0,18.8,2026-05-28 23:36:56
5565,Chef's Appam with Stew,109,Roadside Stall,47,91,75.1,7.0,2026-02-24 21:44:19
5566,Nihari,122,Street Food,31,121,81.5,5.0,2026-06-13 18:26:00
5567,Traditional Pav Bhaji,23,Fine Dining,1124,1801,85.6,0,2025-06-11 22:01:56
5568,Roadside Filter Coffee,52,Mid-range Restaurant,191,523,87.1,0,2025-12-28 10:02:13
5569,Signature Dhokla,26,Roadside Stall,41,81,60.8,29.3,2026-04-24 16:22:16
5570,Special Naga Chutney,11,Local Eatery,82,280,46.7,46.3,2025-04-21 01:45:23
5571,Deluxe Rosogolla,47,Mid-range Restaurant,272,444,52.4,38.8,2026-03-13 08:22:55
5572,Roadside Misal Pav,26,Fine Dining,614,2268,80.6,6.9,2025-04-20 16:44:20
5573,Quick-bite Dahi Vada,88,Sweet Shop,191,248,72.2,10.2,2025-08-02 14:14:57
5574,Sol Kadhi,25,Roadside Stall,66,117,83.3,3.0,2026-05-02 20:43:59
5575,Signature Thepla,25,Mid-range Restaurant,257,398,44.7,71.9,2025-02-16 01:02:14
5576,Signature Dalma,88,Mid-range Restaurant,196,460,59.6,22.7,2025-09-27 20:27:08
5577,Traditional Macher Jhol,134,Local Eatery,157,208,46.3,52.4,2025-09-17 22:44:54
5578,Premium Golgappa,40,Mid-range Restaurant,297,513,56.8,20.0,2025-12-17 19:59:24
5579,Spicy Idli Sambar,3,Roadside Stall,23,46,83.1,1.8,2025-12-22 00:14:25
5580,Kachori,97,Sweet Shop,116,235,67.5,27.9,2025-04-10 07:39:18
5581,Bebinca,30,Mid-range Restaurant,172,284,51.9,30.6,2026-04-16 11:50:39
5582,Quick-bite Malai Kofta,97,Roadside Stall,23,105,50.0,55.7,2025-08-10 14:24:31
5583,Grandma's Sarson da Saag,131,Sweet Shop,179,260,79.7,6.0,2025-10-01 06:02:31
5584,Sol Kadhi,76,Street Food,56,128,61.1,38.3,2025-04-08 12:24:47
5585,Grandma's Sol Kadhi,28,Roadside Stall,31,116,37.3,43.7,2025-10-26 11:23:59
5586,Deluxe Thukpa,84,Mid-range Restaurant,365,560,71.2,16.8,2025-08-16 02:53:05
5587,Classic Bamboo Shoot Curry,82,Roadside Stall,63,105,73.0,18.7,2025-08-20 10:57:16
5588,Lassi,98,Roadside Stall,29,42,61.0,42.7,2026-01-05 10:55:55
5589,Special Dhokla,76,Roadside Stall,21,59,81.2,5.5,2026-04-25 14:10:45
5590,Roadside Lassi,128,Roadside Stall,28,100,71.2,23.1,2025-04-13 22:06:23
5591,Grandma's Filter Coffee,113,Local Eatery,80,155,52.7,58.0,2025-01-02 03:57:43
5592,Chef's Pongal,53,Street Food,43,89,70.9,11.5,2025-12-20 15:36:44
5593,Extra Cheesy Chole Bhature,38,Street Food,81,113,59.2,30.3,2026-06-09 02:59:54
5594,Traditional Smoked Pork,14,Roadside Stall,53,98,77.4,9.6,2026-01-16 06:01:06
5595,Pork with Bamboo Shoot,117,Local Eatery,72,82,72.9,20.6,2025-05-27 22:45:04
5596,Axone,118,Roadside Stall,65,86,91.8,0,2025-05-04 14:09:31
5597,Premium Bhel Puri,23,Mid-range Restaurant,201,583,47.8,45.7,2026-01-30 02:37:22
5598,Village-style Rajma Chawal,133,Street Food,54,87,74.0,13.2,2026-03-12 04:29:15
5599,Rava Kesari,61,Street Food,72,114,57.7,37.9,2026-04-02 21:25:47
5600,Axone,82,Local Eatery,84,166,74.1,12.5,2025-03-18 17:35:54
5601,Homestyle Hyderabadi Biryani,114,Roadside Stall,58,81,57.4,21.5,2025-06-02 05:13:59
5602,Momos,9,Sweet Shop,147,214,52.4,27.1,2025-04-14 21:47:30
5603,Traditional Modak,76,Roadside Stall,56,116,77.4,11.5,2025-05-13 14:12:34
5604,Signature Jadoh,79,Roadside Stall,62,73,88.1,0,2025-04-16 03:22:43
5605,Grandma's Dal Bafla,22,Roadside Stall,52,89,88.9,0,2025-02-08 17:16:24
5606,Royal Kadhi Chawal,38,Roadside Stall,67,119,57.0,42.5,2025-08-07 05:54:07
5607,Premium Modak,75,Street Food,76,135,74.3,14.5,2025-03-01 21:06:54
5608,Festival Paneer Tikka,92,Street Food,79,120,72.1,13.3,2025-11-28 01:28:21
5609,Axone,104,Roadside Stall,18,34,66.8,17.4,2025-01-17 04:29:41
5610,Extra Cheesy Chaat Papdi,37,Street Food,36,74,51.2,25.9,2026-01-02 02:36:20
5611,Rajma Chawal,95,Street Food,47,106,84.7,0.5,2025-09-28 22:20:45
5612,Traditional Kadhi Chawal,121,Fine Dining,1158,1652,73.6,18.6,2025-12-17 07:47:02
5613,Festival Goan Fish Curry,24,Mid-range Restaurant,407,455,85.0,0,2025-02-06 20:40:55
5614,Family Recipe Macher Jhol,46,Street Food,40,74,68.2,29.9,2026-01-04 14:47:44
5615,Royal Lassi,35,Roadside Stall,57,100,88.9,0,2025-06-09 16:16:32
5616,Authentic Vada Pav,23,Local Eatery,116,132,66.4,19.7,2025-12-19 21:53:04
5617,Bhel Puri,76,Local Eatery,170,199,74.5,10.4,2025-11-02 11:55:37
5618,Roadside Kosha Mangsho,87,Local Eatery,163,192,69.2,11.2,2025-10-15 20:10:12
5619,Chef's Chole Bhature,91,Local Eatery,105,187,55.7,50.3,2025-12-09 12:14:35
5620,Spicy Sarson da Saag,41,Fine Dining,1263,1530,56.3,48.6,2026-01-10 06:04:55
5621,Signature Rajma Chawal,100,Fine Dining,1102,1136,62.4,23.2,2025-09-18 11:05:16
5622,Paneer Tikka,43,Local Eatery,148,169,66.2,28.9,2025-07-22 12:15:18
5623,Mutton Rogan Josh,38,Roadside Stall,18,76,62.1,27.0,2026-04-25 12:53:44
5624,Chef's Chole Bhature,102,Roadside Stall,54,95,87.5,0,2025-03-26 07:05:32
5625,Royal Idli Sambar,110,Mid-range Restaurant,270,569,75.4,7.9,2025-03-13 09:35:47
5626,Classic Bebinca,25,Local Eatery,92,103,50.9,21.4,2025-07-22 19:30:31
5627,Rasam,55,Street Food,73,86,72.9,14.7,2025-09-20 20:16:49
5628,Dalma,135,Roadside Stall,56,80,69.0,15.8,2026-05-08 04:03:02
5629,Premium Curd Rice,115,Roadside Stall,64,119,71.2,10.5,2025-08-16 03:38:01
5630,Deluxe Chole Bhature,42,Roadside Stall,25,96,64.7,24.7,2026-03-31 12:46:07
5631,Classic Nihari,127,Sweet Shop,145,288,84.8,0.3,2026-01-09 18:22:46
5632,Classic Chhena Poda,47,Roadside Stall,21,73,72.9,15.1,2025-11-10 20:06:20
5633,Premium Pongal,113,Street Food,33,120,86.9,0,2025-05-04 07:15:35
5634,Signature Misal Pav,73,Sweet Shop,194,348,75.9,7.1,2025-09-19 03:17:21
5635,Tandoori Roti,44,Street Food,21,123,54.9,46.8,2025-10-13 22:51:39
5636,Classic Tandoori Roti,99,Roadside Stall,46,100,70.0,15.6,2025-05-21 16:32:57
5637,Traditional Bebinca,11,Local Eatery,147,162,48.3,35.8,2025-11-13 09:33:28
5638,Bebinca,71,Fine Dining,661,2125,74.1,19.2,2025-08-13 10:51:40
5639,Street-side Litti,19,Fine Dining,835,1931,90.3,0,2025-06-22 12:53:11
5640,Quick-bite Nihari,40,Street Food,31,99,49.5,29.4,2025-01-27 07:14:48
5641,Kadhi Bafla,64,Street Food,53,115,83.5,2.0,2026-03-05 15:57:28
5642,Traditional Golgappa,120,Sweet Shop,57,280,82.2,4.4,2025-12-14 12:43:28
5643,Family Recipe Dahi Vada,89,Fine Dining,1448,1554,50.1,21.6,2025-11-07 11:12:57
5644,Deluxe Meen Curry,114,Roadside Stall,59,98,47.2,46.0,2025-04-13 17:36:03
5645,Litti Chokha,95,Street Food,21,79,50.9,42.0,2025-09-21 02:25:41
5646,Street-side Kadhi Bafla,63,Street Food,22,44,39.1,35.8,2025-04-20 02:30:30
5647,Royal Goan Fish Curry,34,Fine Dining,1073,1529,85.4,0,2025-02-02 11:54:30
5648,Street-side Thukpa,82,Street Food,28,131,67.0,15.0,2025-07-28 15:13:59
5649,Vada Pav,29,Fine Dining,1130,2201,86.8,0,2025-01-31 19:25:47
5650,Premium Undhiyu,29,Street Food,74,113,83.6,1.8,2025-04-28 21:55:14
5651,Quick-bite Amritsari Kulcha,93,Local Eatery,176,261,89.1,0,2025-10-27 22:16:46
5652,Extra Cheesy Misal Pav,32,Street Food,82,93,85.1,0,2025-09-11 19:15:27
5653,Premium Bafla,65,Mid-range Restaurant,168,338,78.8,10.6,2025-05-02 16:45:11
5654,Dal Bafla,22,Mid-range Restaurant,418,453,65.0,23.2,2025-09-26 04:40:58
5655,Family Recipe Momos,85,Mid-range Restaurant,220,444,59.1,45.5,2025-05-20 08:57:20
5656,Filter Coffee,59,Mid-range Restaurant,407,643,71.7,10.0,2026-06-18 01:29:29
5657,Homestyle Hyderabadi Biryani,50,Fine Dining,592,2015,58.6,41.2,2025-04-12 04:11:35
5658,Puttu Kadala,4,Fine Dining,960,1841,83.4,2.5,2025-12-26 00:44:58
5659,Undhiyu,72,Local Eatery,125,260,73.8,13.4,2025-06-01 16:41:48
5660,Rosogolla,16,Local Eatery,64,252,74.6,11.1,2025-11-01 00:21:57
5661,Family Recipe Mysore Pak,115,Street Food,40,140,75.6,10.5,2026-05-21 10:44:48
5662,Premium Bebinca,80,Sweet Shop,40,181,81.8,3.8,2025-11-19 08:40:15
5663,Bebinca,77,Mid-range Restaurant,407,552,79.7,9.0,2025-09-25 07:50:20
5664,Royal Chaat Papdi,120,Sweet Shop,145,183,65.6,17.6,2025-12-28 15:13:35
5665,Family Recipe Tandoori Roti,129,Fine Dining,1288,1738,54.9,46.3,2025-05-15 18:42:54
5666,Litti Chokha,120,Mid-range Restaurant,423,581,53.6,51.3,2026-04-07 09:44:25
5667,Deluxe Misal Pav,75,Mid-range Restaurant,180,286,86.3,0,2025-01-22 16:21:21
5668,Deluxe Amritsari Kulcha,40,Fine Dining,834,2393,84.3,1.2,2025-08-17 06:25:23
5669,Tandoori Roti,92,Local Eatery,87,131,93.0,0,2025-09-16 13:43:09
5670,Grandma's Sabudana Khichdi,63,Roadside Stall,66,86,93.8,0,2026-02-11 21:22:35
5671,Curd Rice,107,Mid-range Restaurant,226,576,38.8,71.4,2025-06-21 17:15:06
5672,Chef's Filter Coffee,1,Sweet Shop,149,322,67.8,26.7,2025-03-02 13:48:43
5673,Chaat Papdi,94,Street Food,59,80,52.7,22.4,2026-02-15 08:44:25
5674,Modak,28,Local Eatery,68,168,60.7,22.6,2026-03-03 06:37:51
5675,Grandma's Macher Jhol,19,Sweet Shop,133,315,45.3,60.8,2025-10-20 08:05:55
5676,Payasam,52,Mid-range Restaurant,161,548,86.1,0,2026-04-16 07:23:36
5677,Grandma's Amritsari Kulcha,36,Sweet Shop,184,336,83.3,1.1,2026-05-16 13:39:13
5678,Traditional Bafla,68,Local Eatery,118,252,59.7,38.0,2026-06-11 02:26:16
5679,Local Favourite Lassi,97,Local Eatery,117,291,68.5,13.6,2025-01-07 14:50:20
5680,Litti Chokha,135,Local Eatery,171,231,82.5,2.8,2025-06-25 19:02:08
5681,Deluxe Pav Bhaji,26,Sweet Shop,45,289,65.3,32.1,2026-01-26 15:27:37
5682,Roadside Rajma Chawal,122,Local Eatery,115,199,54.1,26.7,2025-10-20 08:32:10
5683,Royal Chila,66,Local Eatery,124,185,83.5,2.2,2025-02-19 02:55:11
5684,Meen Curry,106,Local Eatery,148,296,79.4,9.0,2025-08-30 06:42:37
5685,Festival Axone,14,Fine Dining,765,1279,73.9,14.4,2026-01-15 11:35:31
5686,Litti Chokha,87,Fine Dining,1320,1661,77.0,8.0,2026-04-17 13:34:17
5687,Bebinca,118,Roadside Stall,26,59,88.3,0,2025-09-25 19:58:27
5688,Roadside Vada Pav,76,Street Food,21,45,63.5,28.2,2025-11-07 06:22:37
5689,Signature Pav Bhaji,31,Mid-range Restaurant,293,493,58.8,39.0,2026-05-20 00:32:23
5690,Grandma's Pitha,9,Roadside Stall,49,83,67.3,13.3,2025-12-01 20:35:33
5691,Chef's Kosha Mangsho,46,Mid-range Restaurant,273,657,83.6,0.9,2026-06-06 16:54:24
5692,Modak,33,Local Eatery,136,231,84.7,0.2,2026-05-12 18:58:54
5693,Chef's Litti Chokha,95,Fine Dining,1184,1640,51.9,52.3,2025-05-03 19:32:08
5694,Axone,80,Fine Dining,1326,1401,53.3,57.1,2025-04-01 20:31:39
5695,Grandma's Chingri Malai Curry,17,Local Eatery,145,207,66.4,15.5,2025-04-21 08:21:43
5696,Prawn Balchao,76,Street Food,63,84,65.3,25.5,2025-08-30 22:08:24
5697,Idiyappam,57,Fine Dining,571,1518,88.7,0,2026-06-16 08:27:40
5698,Curd Rice,56,Street Food,27,81,81.5,3.3,2025-05-16 05:32:51
5699,Smoked Pork,85,Fine Dining,718,1979,68.9,15.1,2026-06-07 23:30:51
5700,Spicy Filter Coffee,52,Local Eatery,60,234,75.3,7.5,2026-03-03 17:23:35
5701,Signature Idiyappam,108,Local Eatery,145,275,71.1,10.1,2025-06-22 14:42:55
5702,Authentic Chaat Papdi,102,Roadside Stall,43,98,44.9,42.5,2026-04-24 10:16:59
5703,Modak,27,Roadside Stall,35,95,72.5,16.0,2025-08-02 19:47:35
5704,Spicy Pav Bhaji,75,Roadside Stall,30,66,51.4,56.7,2025-03-09 16:36:37
5705,Festival Smoked Pork,82,Street Food,41,100,80.2,3.6,2026-02-07 06:18:29
5706,Smoked Pork,11,Fine Dining,755,1112,60.0,26.1,2025-04-06 01:48:18
5707,Authentic Bamboo Shoot Curry,84,Street Food,74,129,67.9,14.3,2025-02-18 00:38:44
5708,Premium Puttu Kadala,113,Fine Dining,580,1917,77.6,9.0,2026-06-14 10:13:36
5709,Jadoh,83,Local Eatery,63,74,70.5,13.8,2025-09-19 16:44:45
5710,Meen Curry,116,Street Food,57,120,83.0,3.0,2025-09-27 00:02:50
5711,Chef's Bhel Puri,26,Local Eatery,85,288,56.8,29.3,2025-07-08 03:24:28
5712,Street-side Appam with Stew,111,Sweet Shop,120,367,78.2,10.7,2025-11-10 16:34:30
5713,Street-side Chingri Malai Curry,15,Mid-range Restaurant,161,638,79.2,6.1,2025-11-28 11:19:29
5714,Smoked Pork,12,Mid-range Restaurant,159,696,89.1,0,2025-11-28 07:13:52
5715,Spicy Poha Jalebi,21,Fine Dining,881,1599,84.7,0.4,2025-04-16 14:11:59
5716,Signature Sarson da Saag,99,Street Food,53,71,57.1,25.8,2026-06-08 19:11:35
5717,Quick-bite Sabudana Khichdi,67,Mid-range Restaurant,413,530,64.4,31.8,2025-10-29 04:40:14
5718,Momos,13,Roadside Stall,57,110,55.5,49.6,2026-01-15 06:00:12
5719,Chef's Misal Pav,28,Roadside Stall,22,107,59.2,36.4,2026-05-06 10:14:07
5720,Special Golgappa,38,Roadside Stall,52,98,82.4,3.3,2025-03-24 03:58:13
5721,Premium Chingri Malai Curry,137,Fine Dining,840,855,51.2,41.6,2025-02-27 11:35:56
5722,Extra Cheesy Mutton Rogan Josh,120,Street Food,33,108,44.3,49.8,2025-12-08 09:32:49
5723,Authentic Pitha,82,Local Eatery,99,261,81.5,3.5,2026-06-17 22:17:12
5724,Family Recipe Aloo Paratha,133,Fine Dining,1393,2296,65.2,29.7,2026-01-14 15:31:27
5725,Special Tandoori Roti,126,Roadside Stall,64,103,86.8,0,2025-03-31 21:11:38
5726,Malpua,62,Sweet Shop,155,338,90.1,0,2025-09-25 16:22:55
5727,Dahi Vada,88,Fine Dining,1175,1942,48.0,60.4,2025-04-10 01:30:43
5728,Smoked Pork,83,Mid-range Restaurant,206,412,59.1,18.9,2025-05-12 15:50:14
5729,Classic Amritsari Kulcha,121,Sweet Shop,79,300,56.6,20.2,2025-06-01 15:12:19
5730,Pav Bhaji,74,Street Food,44,79,62.7,13.7,2026-01-03 16:37:48
5731,Bebinca,80,Roadside Stall,43,94,69.8,20.9,2025-08-18 17:36:48
5732,Pesarattu,110,Roadside Stall,24,48,72.4,21.0,2026-01-15 08:56:23
5733,Payasam,56,Street Food,36,88,87.1,0,2026-01-16 06:57:35
5734,Sarson da Saag,121,Mid-range Restaurant,179,412,81.0,4.0,2025-06-11 13:21:23
5735,Local Favourite Chak-hao Kheer,80,Roadside Stall,60,112,68.6,23.5,2026-04-27 07:17:04
5736,Festival Puttu Kadala,110,Mid-range Restaurant,300,555,85.9,0,2025-08-28 04:06:21
5737,Dhokla,23,Sweet Shop,162,385,78.4,11.1,2026-05-13 04:45:12
5738,Special Bafla,64,Mid-range Restaurant,384,463,75.7,13.7,2026-04-28 04:02:36
5739,Local Favourite Mysore Pak,115,Local Eatery,151,171,85.5,0,2026-05-06 17:06:22
5740,Premium Pork with Bamboo Shoot,13,Fine Dining,951,2353,71.3,12.4,2025-03-15 18:09:46
5741,Festival Pitha,9,Roadside Stall,45,70,80.2,7.3,2026-02-08 17:15:08
5742,Homestyle Idli Sambar,48,Mid-range Restaurant,168,429,65.1,30.0,2025-05-23 06:39:42
5743,Signature Amritsari Kulcha,123,Sweet Shop,64,101,58.9,36.5,2025-12-06 12:55:50
5744,Litti Chokha,102,Sweet Shop,122,181,83.9,1.3,2025-07-27 05:07:45
5745,Village-style Nihari,122,Sweet Shop,189,318,72.7,14.9,2025-08-25 13:25:36
5746,Kosha Mangsho,90,Sweet Shop,155,323,79.6,5.5,2026-06-29 03:34:50
5747,Royal Rajma Chawal,123,Roadside Stall,20,88,87.8,0,2025-08-17 03:07:31
5748,Premium Uttapam,107,Fine Dining,1103,1475,82.1,4.0,2026-03-20 13:29:34
5749,Homestyle Amritsari Kulcha,91,Sweet Shop,215,277,89.9,0,2026-06-05 21:04:17
5750,Local Favourite Litti Chokha,133,Fine Dining,1055,2417,93.3,0,2025-08-23 07:32:27
5751,Homestyle Butter Chicken,38,Fine Dining,1461,2148,47.8,32.5,2025-02-08 14:27:13
5752,Roadside Bamboo Shoot Curry,82,Mid-range Restaurant,236,266,79.7,9.5,2025-10-18 10:20:54
5753,Traditional Bebinca,25,Local Eatery,167,249,62.7,23.4,2025-12-06 14:47:40
5754,Quick-bite Pork with Bamboo Shoot,14,Sweet Shop,48,73,73.2,18.2,2026-05-07 08:46:12
5755,Street-side Golgappa,43,Mid-range Restaurant,255,532,90.6,0,2025-11-06 11:17:27
5756,Quick-bite Litti Chokha,18,Fine Dining,885,1206,52.5,44.3,2025-06-02 08:41:46
5757,Classic Sandesh,86,Street Food,55,94,94.0,0,2025-06-03 07:23:53
5758,Deluxe Tandoori Roti,132,Sweet Shop,177,337,79.0,6.2,2025-02-21 13:32:20
5759,Street-side Kosha Mangsho,46,Mid-range Restaurant,171,500,46.4,59.2,2025-05-17 05:08:04
5760,Extra Cheesy Pav Bhaji,72,Fine Dining,1233,1758,57.3,24.7,2026-01-17 07:26:04
5761,Special Sabudana Khichdi,64,Sweet Shop,68,237,48.0,61.5,2025-12-08 14:59:02
5762,Village-style Bebinca,32,Fine Dining,1392,2207,56.0,20.0,2026-01-09 01:54:29
5763,Kadhi Chawal,121,Sweet Shop,186,241,51.3,53.2,2026-01-20 11:41:14
5764,Roadside Golgappa,35,Local Eatery,70,261,65.4,13.8,2026-01-08 22:31:39
5765,Rosogolla,87,Fine Dining,741,915,59.7,23.5,2025-02-16 21:19:49
5766,Khandvi,71,Roadside Stall,41,91,50.8,36.8,2025-05-14 08:43:08
5767,Roadside Rajma Chawal,124,Street Food,74,124,88.3,0,2026-06-20 08:06:16
5768,Spicy Pongal,111,Local Eatery,116,256,66.7,27.5,2025-12-26 05:26:07
5769,Extra Cheesy Modak,25,Street Food,44,142,77.1,10.5,2025-03-09 02:24:29
5770,Signature Litti Chokha,127,Fine Dining,1152,1185,37.0,38.7,2025-12-07 15:14:25
5771,Roadside Chettinad Chicken,109,Local Eatery,116,255,94.5,0,2025-06-02 04:50:44
5772,Masala Dosa,1,Fine Dining,1012,2326,80.4,5.1,2025-08-11 19:07:01
5773,Quick-bite Pesarattu,109,Roadside Stall,20,114,80.7,5.4,2026-02-26 14:29:35
5774,Village-style Bebinca,78,Mid-range Restaurant,249,616,57.0,23.8,2026-03-28 12:21:33
5775,Local Favourite Dal Makhani,37,Fine Dining,1013,1987,43.3,59.3,2026-01-01 09:35:27
5776,Signature Mutton Rogan Josh,94,Mid-range Restaurant,317,574,78.7,10.6,2025-09-09 21:20:31
5777,Quick-bite Masala Dosa,55,Sweet Shop,137,220,58.6,44.7,2025-03-28 16:50:01
5778,Authentic Hyderabadi Biryani,57,Fine Dining,879,928,61.5,18.0,2025-11-24 10:30:08
5779,Kadhi Chawal,101,Mid-range Restaurant,151,448,83.7,1.3,2026-05-18 10:29:07
5780,Royal Puttu Kadala,114,Roadside Stall,24,118,90.7,0,2025-04-24 00:06:14
5781,Extra Cheesy Kadhi Bafla,65,Local Eatery,131,179,82.3,4.8,2025-02-16 03:04:54
5782,Street-side Rajma Chawal,124,Mid-range Restaurant,311,590,81.1,5.7,2026-06-10 19:45:03
5783,Bisi Bele Bath,110,Sweet Shop,180,251,75.2,15.7,2026-04-21 19:51:29
5784,Aloo Paratha,123,Roadside Stall,64,86,60.8,20.2,2025-06-02 04:11:32
5785,Spicy Chingri Malai Curry,135,Local Eatery,130,242,72.6,19.2,2025-04-27 05:42:49
5786,Pitha,89,Local Eatery,131,252,91.5,0,2025-10-22 07:04:48
5787,Authentic Litti Chokha,90,Street Food,82,143,83.3,2.3,2026-05-06 17:46:04
5788,Meen Curry,61,Local Eatery,153,255,54.0,40.2,2026-02-11 01:07:47
5789,Village-style Smoked Pork,7,Roadside Stall,40,53,77.5,12.9,2025-08-13 17:13:46
5790,Dahi Vada,46,Street Food,70,139,55.4,43.3,2025-11-14 03:44:31
5791,Festival Chettinad Chicken,112,Street Food,77,138,69.5,23.1,2025-12-12 01:54:36
5792,Kosha Mangsho,138,Sweet Shop,212,280,78.6,7.5,2026-02-18 19:38:05
5793,Street-side Dahi Vada,18,Roadside Stall,43,86,87.2,0,2026-03-22 23:06:01
5794,Street-side Appam with Stew,59,Sweet Shop,154,235,45.8,43.5,2025-07-19 01:33:20
5795,Royal Litti Chokha,36,Local Eatery,90,138,62.5,28.5,2026-01-02 19:05:18
5796,Local Favourite Tandoori Roti,128,Roadside Stall,49,76,81.3,2.7,2026-02-21 17:28:44
5797,Local Favourite Chak-hao Kheer,105,Local Eatery,134,221,42.6,37.6,2025-10-10 23:35:49
5798,Roadside Dal Makhani,121,Local Eatery,136,286,65.7,29.3,2025-11-05 03:45:02
5799,Street-side Aloo Posto,134,Local Eatery,130,216,84.0,1.2,2026-06-24 11:32:16
5800,Homestyle Nihari,91,Roadside Stall,66,113,87.5,0,2026-06-18 10:10:30
5801,Sarson da Saag,42,Mid-range Restaurant,183,639,61.9,14.7,2026-01-26 20:42:39
5802,Aloo Paratha,120,Fine Dining,883,1452,59.7,23.9,2025-09-07 18:56:01
5803,Vada Sambar,61,Fine Dining,602,2077,47.9,44.5,2026-03-22 17:45:05
5804,Authentic Rasam,114,Local Eatery,149,268,63.9,35.6,2026-06-09 06:14:09
5805,Traditional Malpua,22,Street Food,21,49,71.7,10.1,2025-10-10 04:45:25
5806,Kosha Mangsho,16,Roadside Stall,45,110,78.4,5.9,2026-02-22 12:08:59
5807,Royal Axone,10,Local Eatery,171,251,67.0,23.6,2025-01-08 14:07:05
5808,Spicy Kolhapuri Mutton,30,Street Food,39,146,90.6,0,2025-09-23 16:06:19
5809,Homestyle Idli Sambar,2,Roadside Stall,58,73,90.1,0,2025-09-27 01:12:07
5810,Kothu Parotta,57,Mid-range Restaurant,281,454,66.1,21.2,2025-05-22 22:28:17
5811,Authentic Chettinad Chicken,55,Sweet Shop,167,334,63.9,32.1,2025-05-28 05:12:07
5812,Extra Cheesy Rajma Chawal,96,Roadside Stall,27,63,89.1,0,2025-03-03 11:12:31
5813,Quick-bite Smoked Pork,82,Street Food,81,91,65.8,26.7,2025-12-05 03:36:06
5814,Rajma Chawal,95,Local Eatery,112,150,77.0,5.4,2025-04-19 21:07:17
5815,Deluxe Golgappa,133,Roadside Stall,56,73,48.2,58.6,2025-01-20 07:36:00
5816,Village-style Aloo Paratha,97,Mid-range Restaurant,310,387,73.4,19.3,2026-02-08 11:07:45
5817,Village-style Paneer Tikka,102,Local Eatery,60,269,76.7,10.5,2025-02-13 19:31:07
5818,Special Paneer Tikka,93,Street Food,61,120,84.9,0.1,2025-05-28 09:48:45
5819,Royal Khandvi,28,Fine Dining,554,1101,78.6,8.0,2026-02-15 08:04:44
5820,Pesarattu,108,Roadside Stall,19,99,92.2,0,2025-01-13 00:02:11
5821,Chila,62,Fine Dining,571,1855,81.0,6.7,2026-05-14 05:48:10
5822,Grandma's Fish Tenga,14,Fine Dining,813,1907,70.8,14.2,2025-10-23 14:12:27
5823,Aloo Paratha,40,Sweet Shop,42,242,67.6,10.6,2026-05-19 21:07:08
5824,Jadoh,80,Mid-range Restaurant,155,264,54.4,51.0,2026-06-07 13:40:16
5825,Street-side Pesarattu,57,Sweet Shop,125,327,69.2,10.5,2025-10-07 16:22:59
5826,Premium Axone,8,Roadside Stall,38,95,78.4,7.4,2026-01-12 11:27:57
5827,Dahi Vada,138,Fine Dining,1086,1605,74.8,17.5,2025-08-28 12:40:15
5828,Traditional Sarson da Saag,125,Roadside Stall,52,64,78.7,6.2,2025-04-29 09:03:25
5829,Homestyle Chila,22,Street Food,37,105,68.8,24.9,2026-01-22 02:25:42
5830,Deluxe Chhena Poda,19,Sweet Shop,196,264,56.4,20.6,2026-05-07 03:46:49
5831,Bamboo Shoot Curry,13,Sweet Shop,64,194,71.2,11.5,2026-05-07 04:49:46
5832,Bebinca,28,Local Eatery,60,226,87.1,0,2025-03-17 21:58:57
5833,Family Recipe Malpua,68,Roadside Stall,64,74,58.7,28.0,2025-06-02 07:19:31
5834,Extra Cheesy Pitha,47,Local Eatery,162,265,68.6,17.8,2026-03-06 02:38:58
5835,Festival Kachori,101,Sweet Shop,115,145,44.2,59.5,2026-03-08 23:39:56
5836,Chef's Dalma,90,Mid-range Restaurant,390,590,85.0,0,2025-03-13 20:52:43
5837,Jadoh,81,Sweet Shop,115,357,73.3,14.9,2025-02-08 07:27:19
5838,Chaat Papdi,124,Sweet Shop,100,164,82.1,4.8,2026-02-08 14:22:15
5839,Puran Poli,30,Mid-range Restaurant,368,586,50.8,45.0,2026-04-07 07:22:53
5840,Royal Sandesh,88,Street Food,20,141,83.6,2.4,2025-11-19 08:38:40
5841,Local Favourite Litti Chokha,37,Roadside Stall,38,85,84.6,0.4,2025-09-16 06:49:28
5842,Traditional Vada Sambar,61,Fine Dining,935,1832,66.3,25.1,2025-10-01 13:23:45
5843,Traditional Bamboo Shoot Curry,12,Local Eatery,89,242,51.6,37.2,2025-05-24 08:14:39
5844,Roadside Kachori,98,Mid-range Restaurant,205,484,76.9,5.8,2025-10-26 23:33:48
5845,Village-style Malai Kofta,42,Local Eatery,151,246,73.2,7.9,2025-10-18 12:47:16
5846,Appam with Stew,53,Street Food,45,64,77.8,6.0,2025-12-01 17:55:35
5847,Prawn Balchao,30,Street Food,40,112,72.1,15.1,2025-08-19 18:25:31
5848,Zan,79,Fine Dining,674,2216,56.8,43.0,2025-03-27 15:05:15
5849,Litti Chokha,124,Fine Dining,1070,1408,85.8,0,2026-03-01 07:29:49
5850,Litti,88,Mid-range Restaurant,250,321,59.2,37.3,2025-09-01 23:02:57
5851,Homestyle Kadhi Chawal,127,Mid-range Restaurant,378,528,43.6,47.3,2026-04-19 20:43:05
5852,Paneer Tikka,123,Street Food,82,114,68.2,18.9,2026-04-04 02:07:07
5853,Royal Shorshe Ilish,15,Local Eatery,154,238,61.7,23.2,2025-03-09 01:18:18
5854,Premium Chole Bhature,130,Mid-range Restaurant,310,359,74.8,17.7,2025-04-08 21:32:32
5855,Pav Bhaji,75,Roadside Stall,42,82,64.0,18.9,2025-02-21 18:52:12
5856,Extra Cheesy Uttapam,110,Sweet Shop,200,307,61.1,40.4,2025-08-25 08:18:29
5857,Axone,79,Fine Dining,1205,1930,83.9,0.7,2025-10-07 03:56:24
5858,Roadside Amritsari Kulcha,98,Sweet Shop,57,261,78.1,6.6,2025-03-01 11:48:18
5859,Traditional Chingri Malai Curry,90,Fine Dining,1417,2487,62.1,33.6,2025-03-10 20:11:10
5860,Bisi Bele Bath,52,Roadside Stall,19,30,75.9,10.8,2026-03-22 17:15:37
5861,Golgappa,96,Mid-range Restaurant,326,388,64.1,21.5,2025-08-06 07:21:47
5862,Lassi,92,Roadside Stall,46,83,67.2,11.5,2025-12-29 17:29:47
5863,Local Favourite Dahi Vada,45,Street Food,26,104,61.4,39.5,2026-02-07 19:01:45
5864,Festival Shorshe Ilish,18,Local Eatery,169,238,79.0,10.6,2026-05-22 12:46:06
5865,Premium Payasam,6,Street Food,59,118,62.3,22.9,2025-07-03 09:16:15
5866,Masala Dosa,6,Mid-range Restaurant,333,406,77.7,9.8,2026-02-02 09:24:11
5867,Traditional Kadhi Bafla,22,Street Food,42,115,76.6,8.8,2025-04-18 17:43:51
5868,Family Recipe Bamboo Shoot Curry,117,Fine Dining,727,2442,69.0,26.1,2025-02-16 00:30:34
5869,Sabudana Khichdi,68,Fine Dining,1411,1512,65.0,13.2,2025-12-27 15:40:53
5870,Chef's Curd Rice,60,Local Eatery,81,198,80.5,6.2,2025-10-12 07:42:27
5871,Sabudana Khichdi,67,Mid-range Restaurant,257,555,70.6,11.9,2025-08-26 01:51:50
5872,Amritsari Kulcha,95,Mid-range Restaurant,372,533,54.8,20.3,2025-10-23 00:49:07
5873,Dalma,16,Roadside Stall,60,99,55.6,26.6,2025-01-09 14:22:52
5874,Thukpa,81,Local Eatery,74,183,63.1,33.9,2026-04-18 06:08:23
5875,Chef's Goan Fish Curry,23,Fine Dining,817,2295,46.6,52.6,2025-05-02 11:19:47
5876,Family Recipe Kadhi Chawal,93,Street Food,72,98,73.2,16.2,2026-05-27 18:33:05
5877,Chef's Litti Chokha,47,Local Eatery,106,234,75.6,12.6,2026-02-22 16:48:54
5878,Deluxe Bebinca,82,Roadside Stall,51,71,55.5,20.0,2026-01-10 20:04:44
5879,Signature Prawn Balchao,72,Roadside Stall,32,98,70.2,16.0,2025-09-02 10:08:47
5880,Dhokla,27,Roadside Stall,58,107,77.6,13.3,2025-06-06 18:43:03
5881,Spicy Momos,138,Fine Dining,855,2447,70.1,12.7,2025-01-03 12:38:22
5882,Dal Bafla,21,Local Eatery,88,262,80.6,6.3,2026-02-05 15:52:27
5883,Mutton Rogan Josh,127,Sweet Shop,97,198,49.1,33.9,2026-02-02 03:48:28
5884,Pesarattu,55,Mid-range Restaurant,382,539,74.1,13.4,2026-05-04 07:56:28
5885,Payasam,60,Local Eatery,131,173,66.3,19.6,2025-08-11 09:59:23
5886,Idli Sambar,56,Mid-range Restaurant,277,673,65.3,34.6,2025-10-01 09:13:53
5887,Chingri Malai Curry,17,Mid-range Restaurant,344,569,89.7,0,2025-12-02 23:22:41
5888,Dalma,137,Sweet Shop,68,208,70.7,25.1,2026-01-05 14:00:38
5889,Royal Smoked Pork,83,Street Food,29,43,82.2,4.4,2025-05-07 02:08:28
5890,Authentic Macher Jhol,46,Mid-range Restaurant,336,400,57.0,45.7,2025-11-21 07:09:32
5891,Authentic Aloo Paratha,132,Roadside Stall,37,80,51.4,59.5,2025-05-08 14:17:33
5892,Authentic Pork with Bamboo Shoot,105,Sweet Shop,62,130,63.3,21.3,2026-01-04 19:00:34
5893,Street-side Puran Poli,28,Street Food,70,142,73.4,13.1,2026-03-04 13:06:42
5894,Chole Bhature,129,Sweet Shop,120,181,58.7,29.1,2025-08-20 20:41:22
5895,Appam with Stew,48,Fine Dining,694,1395,66.0,17.5,2026-04-20 10:41:06
5896,Pork with Bamboo Shoot,11,Sweet Shop,174,364,57.6,17.6,2025-09-23 00:54:15
5897,Quick-bite Uttapam,114,Local Eatery,85,275,73.5,11.8,2025-09-22 15:45:01
5898,Litti Chokha,87,Roadside Stall,61,101,69.4,23.9,2026-05-05 08:06:00
5899,Butter Chicken,98,Mid-range Restaurant,369,524,42.7,59.7,2025-06-30 18:16:28
5900,Payasam,4,Roadside Stall,42,117,75.6,6.5,2025-10-17 18:39:49
5901,Festival Meen Curry,4,Roadside Stall,40,77,77.5,13.1,2026-03-19 08:02:44
5902,Quick-bite Kolhapuri Mutton,32,Sweet Shop,147,226,67.5,14.1,2026-05-28 04:50:07
5903,Street-side Poha Jalebi,22,Street Food,66,119,52.5,52.6,2025-09-11 21:18:01
5904,Chhena Poda,134,Fine Dining,715,1407,58.5,21.2,2026-01-03 18:56:03
5905,Bamboo Shoot Curry,9,Roadside Stall,53,88,68.3,18.7,2025-12-03 03:12:29
5906,Aloo Posto,137,Mid-range Restaurant,258,303,50.5,27.4,2025-02-22 01:29:00
5907,Local Favourite Dalma,16,Street Food,59,147,61.2,27.5,2026-04-22 15:04:05
5908,Pitha,104,Mid-range Restaurant,252,302,42.0,44.0,2026-01-20 16:29:58
5909,Litti,17,Sweet Shop,44,392,81.1,4.5,2026-03-22 06:32:10
5910,Idli Sambar,107,Roadside Stall,52,110,64.9,21.3,2025-12-17 14:03:23
5911,Village-style Pesarattu,49,Mid-range Restaurant,232,338,51.4,43.0,2025-09-16 23:26:55
5912,Family Recipe Amritsari Kulcha,43,Roadside Stall,42,57,68.9,22.1,2025-01-04 19:14:53
5913,Festival Amritsari Kulcha,132,Mid-range Restaurant,174,302,64.3,32.2,2025-08-23 13:22:45
5914,Homestyle Undhiyu,27,Street Food,64,75,77.5,10.8,2026-06-08 21:35:56
5915,Sol Kadhi,69,Roadside Stall,59,94,87.3,0,2025-07-17 19:10:10
5916,Litti Chokha,19,Mid-range Restaurant,381,460,64.5,18.9,2025-06-20 06:22:24
5917,Classic Sandesh,46,Sweet Shop,131,147,84.1,0.7,2025-01-21 07:47:49
5918,Extra Cheesy Macher Jhol,138,Sweet Shop,100,180,66.5,16.4,2026-03-20 15:53:54
5919,Naga Chutney,103,Local Eatery,117,237,71.9,10.6,2026-03-18 11:34:10
5920,Festival Bhel Puri,26,Local Eatery,99,207,67.5,30.2,2025-05-04 22:28:31
5921,Rosogolla,138,Street Food,40,51,75.6,15.1,2026-04-01 20:57:32
5922,Payasam,4,Mid-range Restaurant,201,636,83.4,1.6,2025-03-02 03:00:34
5923,Kadhi Bafla,20,Local Eatery,75,197,47.2,53.1,2025-09-30 01:48:24
5924,Signature Puttu Kadala,53,Street Food,69,85,63.9,29.0,2025-12-30 06:46:35
5925,Festival Mutton Rogan Josh,123,Mid-range Restaurant,251,500,50.3,26.6,2026-06-16 18:49:48
5926,Traditional Puran Poli,30,Street Food,20,55,88.3,0,2025-10-25 07:53:35
5927,Bisi Bele Bath,107,Street Food,44,84,48.8,26.1,2025-03-13 00:32:32
5928,Pongal,107,Roadside Stall,63,117,63.6,16.5,2026-05-25 12:51:43
5929,Special Appam with Stew,111,Local Eatery,62,223,85.7,0,2025-06-10 06:33:05
5930,Quick-bite Pitha,80,Street Food,65,123,76.7,6.9,2025-10-22 12:06:48
5931,Special Meen Curry,111,Mid-range Restaurant,364,474,64.8,30.2,2025-08-23 04:01:07
5932,Family Recipe Bamboo Shoot Curry,84,Sweet Shop,64,182,54.4,30.3,2025-06-18 00:48:05
5933,Naga Chutney,80,Sweet Shop,182,306,80.7,5.5,2025-07-18 13:49:49
5934,Extra Cheesy Axone,105,Roadside Stall,30,68,65.6,14.4,2026-04-17 19:12:23
5935,Local Favourite Butter Chicken,128,Fine Dining,795,985,54.7,52.0,2026-05-13 14:47:19
5936,Roadside Malpua,20,Mid-range Restaurant,283,528,71.9,8.0,2025-12-18 12:03:56
5937,Royal Rosogolla,86,Local Eatery,123,295,42.5,35.2,2025-07-29 04:54:45
5938,Undhiyu,30,Sweet Shop,118,192,67.1,23.7,2025-11-05 06:07:09
5939,Deluxe Mysore Pak,52,Local Eatery,153,181,57.5,45.3,2025-07-23 02:43:00
5940,Chef's Jadoh,81,Fine Dining,1021,2357,89.6,0,2025-12-03 17:01:05
5941,Local Favourite Kadhi Chawal,123,Local Eatery,109,271,72.3,18.4,2025-01-04 16:51:10
5942,Traditional Goan Fish Curry,23,Local Eatery,122,289,81.2,5.6,2026-03-04 07:30:25
5943,Extra Cheesy Amritsari Kulcha,35,Sweet Shop,136,316,84.8,0.1,2026-03-17 03:32:26
5944,Rajma Chawal,99,Mid-range Restaurant,198,646,73.2,8.8,2025-12-24 00:41:17
5945,Kachori,91,Sweet Shop,40,156,73.4,15.1,2025-09-11 10:18:23
5946,Litti Chokha,39,Roadside Stall,26,56,91.9,0,2025-09-01 09:55:39
5947,Thukpa,104,Street Food,68,126,48.8,62.4,2026-04-23 16:40:31
5948,Tandoori Roti,44,Fine Dining,1040,2276,46.2,48.8,2025-09-18 04:37:43
5949,Quick-bite Smoked Pork,12,Street Food,48,94,79.8,9.1,2025-02-25 07:06:29
5950,Street-side Dal Bafla,21,Local Eatery,63,285,83.9,0.8,2025-07-02 00:42:50
5951,Litti,136,Mid-range Restaurant,199,564,78.1,9.0,2025-04-30 15:50:00
5952,Authentic Zan,10,Street Food,46,87,66.7,23.1,2025-06-22 21:20:28
5953,Kothu Parotta,58,Mid-range Restaurant,184,248,78.5,11.4,2026-05-02 14:20:30
5954,Traditional Golgappa,128,Sweet Shop,147,311,55.6,37.1,2025-12-30 08:02:21
5955,Chaat Papdi,100,Local Eatery,110,121,76.5,12.4,2025-05-22 15:07:39
5956,Khandvi,34,Fine Dining,836,1059,63.7,30.3,2026-01-31 07:57:52
5957,Extra Cheesy Lassi,97,Street Food,71,100,82.9,2.2,2025-02-20 03:58:25
5958,Fish Tenga,80,Roadside Stall,54,104,53.3,38.3,2025-12-08 00:21:09
5959,Chole Bhature,37,Roadside Stall,20,38,58.8,39.6,2026-02-07 02:59:45
5960,Chef's Thepla,70,Mid-range Restaurant,193,499,78.7,4.7,2025-02-28 14:43:11
5961,Spicy Kothu Parotta,113,Local Eatery,62,232,65.2,11.9,2025-12-20 01:49:53
5962,Classic Khandvi,72,Mid-range Restaurant,294,426,84.1,0.7,2025-03-17 04:49:16
5963,Homestyle Malai Kofta,43,Roadside Stall,32,75,80.7,3.2,2025-11-14 23:00:15
5964,Local Favourite Modak,23,Sweet Shop,134,235,62.2,15.3,2026-02-13 17:40:50
5965,Spicy Thukpa,85,Local Eatery,124,160,58.0,16.7,2025-09-06 15:45:05
5966,Special Kadhi Chawal,124,Fine Dining,920,1255,56.8,45.8,2025-09-17 21:26:31
5967,Classic Pav Bhaji,69,Roadside Stall,28,105,65.8,30.0,2025-07-01 23:04:50
5968,Village-style Zan,81,Street Food,72,118,81.6,3.2,2025-12-03 21:15:46
5969,Pongal,106,Street Food,44,75,78.1,9.3,2025-03-20 00:47:54
5970,Litti Chokha,16,Mid-range Restaurant,416,600,78.1,11.1,2026-03-04 21:46:26
5971,Nihari,95,Street Food,32,78,67.3,13.4,2025-10-15 22:17:40
5972,Malpua,64,Roadside Stall,25,100,75.1,7.1,2025-07-30 05:53:56
5973,Naga Chutney,13,Sweet Shop,92,274,69.1,25.0,2025-11-06 23:56:02
5974,Local Favourite Litti Chokha,127,Fine Dining,597,1420,74.0,9.0,2026-02-15 15:14:39
5975,Extra Cheesy Prawn Balchao,71,Sweet Shop,147,179,73.4,18.8,2025-06-04 09:06:52
5976,Deluxe Momos,137,Fine Dining,1265,1368,65.7,13.6,2026-05-19 15:05:10
5977,Kadhi Bafla,66,Sweet Shop,172,189,57.4,33.7,2025-03-15 07:05:59
5978,Filter Coffee,56,Roadside Stall,26,75,76.3,14.2,2025-08-22 17:02:47
5979,Masala Dosa,60,Mid-range Restaurant,345,645,70.5,19.6,2025-08-19 10:22:01
5980,Quick-bite Lassi,38,Mid-range Restaurant,158,189,88.6,0,2025-11-23 01:31:26
5981,Premium Dalma,135,Mid-range Restaurant,334,347,47.9,26.9,2025-10-10 18:01:14
5982,Special Modak,23,Street Food,47,60,69.7,16.3,2025-10-31 01:41:59
5983,Homestyle Chingri Malai Curry,19,Street Food,69,130,73.8,10.3,2025-11-18 09:05:44
5984,Chak-hao Kheer,80,Local Eatery,161,178,88.7,0,2025-04-09 05:43:39
5985,Sandesh,136,Street Food,85,101,73.1,15.3,2026-04-15 10:13:37
5986,Roadside Aloo Paratha,36,Mid-range Restaurant,178,522,66.7,14.1,2025-08-29 01:49:46
5987,Family Recipe Chaat Papdi,128,Local Eatery,159,273,84.4,0.8,2025-11-10 14:19:02
5988,Quick-bite Butter Chicken,40,Street Food,54,138,77.8,6.9,2025-03-27 01:29:06
5989,Chef's Dal Makhani,123,Roadside Stall,16,34,69.5,22.3,2025-10-31 04:59:54
5990,Local Favourite Pongal,109,Fine Dining,637,851,78.5,10.1,2026-03-07 21:40:28
5991,Curd Rice,56,Sweet Shop,214,391,46.8,59.8,2026-01-09 22:22:42
5992,Chak-hao Kheer,11,Street Food,40,103,64.3,36.3,2025-10-26 08:06:58
5993,Spicy Pav Bhaji,72,Fine Dining,929,1876,51.1,39.0,2025-03-29 02:10:40
5994,Authentic Bhutte ka Kees,22,Fine Dining,518,742,72.6,17.2,2026-06-22 22:45:34
5995,Litti,87,Local Eatery,157,261,74.3,12.7,2026-04-04 00:30:23
5996,Family Recipe Mysore Pak,48,Mid-range Restaurant,220,406,70.3,10.2,2025-01-22 23:07:30
5997,Appam with Stew,61,Roadside Stall,66,116,72.3,11.6,2025-02-06 15:19:22
5998,Special Kachori,133,Sweet Shop,201,387,76.5,12.7,2025-05-29 11:49:08
5999,Chef's Bisi Bele Bath,3,Local Eatery,80,241,75.4,13.4,2026-01-21 05:49:17
6000,Chef's Aloo Posto,139,Street Food,20,38,78.9,5.3,2026-03-29 18:46:24
6001,Quick-bite Masala Dosa,56,Street Food,26,67,71.4,21.4,2025-11-23 12:14:50
6002,Pitha,89,Sweet Shop,175,354,83.5,1.1,2025-08-25 03:41:38
6003,Spicy Axone,11,Street Food,38,93,69.9,17.9,2026-06-07 09:40:40
6004,Bebinca,12,Local Eatery,147,275,79.7,6.8,2025-07-30 16:10:15
6005,Tandoori Roti,101,Street Food,34,110,80.8,6.4,2025-11-23 04:54:27
6006,Festival Bhel Puri,69,Local Eatery,112,272,87.3,0,2025-11-17 19:09:12
6007,Vada Sambar,50,Fine Dining,1406,1552,70.1,21.6,2025-09-05 05:10:23
6008,Payasam,48,Sweet Shop,176,366,63.5,30.3,2025-05-20 17:57:15
6009,Amritsari Kulcha,99,Sweet Shop,168,339,75.8,15.7,2026-02-27 16:29:28
6010,Roadside Modak,23,Local Eatery,93,186,83.5,2.3,2026-01-02 20:33:42
6011,Axone,10,Fine Dining,845,1547,45.5,44.1,2025-07-26 05:30:49
6012,Festival Prawn Balchao,76,Sweet Shop,214,361,73.0,19.0,2025-10-27 09:22:33
6013,Pongal,114,Street Food,32,70,86.1,0,2026-03-25 04:02:27
6014,Extra Cheesy Pongal,52,Mid-range Restaurant,191,353,85.5,0,2025-07-07 00:05:27
6015,Prawn Balchao,71,Roadside Stall,34,71,73.7,18.8,2025-05-16 11:49:41
6016,Homestyle Bafla,20,Local Eatery,99,230,73.0,17.1,2025-06-02 06:04:02
6017,Family Recipe Chaat Papdi,92,Sweet Shop,71,327,87.7,0,2026-01-25 13:35:00
6018,Deluxe Puttu Kadala,3,Mid-range Restaurant,308,521,77.1,7.4,2025-07-13 09:38:24
6019,Kosha Mangsho,46,Street Food,61,108,90.8,0,2025-11-22 03:07:38
6020,Sol Kadhi,27,Sweet Shop,78,117,81.4,4.2,2025-01-03 07:36:12
6021,Local Favourite Bafla,20,Street Food,79,90,75.2,10.3,2025-03-13 23:32:57
6022,Grandma's Pork with Bamboo Shoot,11,Local Eatery,100,233,78.3,5.1,2025-02-14 01:56:43
6023,Village-style Bamboo Shoot Curry,9,Fine Dining,1276,2495,92.3,0,2025-01-19 02:26:18
6024,Chak-hao Kheer,7,Mid-range Restaurant,290,337,65.5,31.6,2025-10-24 21:24:10
6025,Idli Sambar,61,Local Eatery,123,228,69.3,24.5,2025-05-26 13:06:56
6026,Royal Chettinad Chicken,6,Roadside Stall,51,72,83.0,2.5,2026-03-15 10:07:55
6027,Chef's Pesarattu,6,Street Food,49,141,71.0,15.0,2025-01-23 10:12:33
6028,Bamboo Shoot Curry,117,Local Eatery,79,276,62.5,40.0,2025-05-31 03:20:12
6029,Aloo Paratha,37,Fine Dining,1438,2196,68.7,19.1,2025-07-30 11:22:29
6030,Festival Litti Chokha,97,Local Eatery,95,134,91.6,0,2025-08-08 17:58:56
6031,Kachori,40,Roadside Stall,61,73,86.1,0,2026-01-05 22:02:36
6032,Grandma's Misal Pav,74,Sweet Shop,142,292,66.7,29.0,2025-10-12 19:32:11
6033,Quick-bite Bebinca,23,Local Eatery,117,272,60.6,25.9,2026-06-14 06:39:29
6034,Prawn Balchao,33,Mid-range Restaurant,196,410,65.6,15.9,2026-02-09 23:04:27
6035,Classic Tandoori Roti,126,Roadside Stall,44,115,72.9,10.8,2026-05-03 01:20:57
6036,Deluxe Sandesh,18,Fine Dining,1181,2184,69.6,17.5,2025-11-13 13:59:43
6037,Kothu Parotta,51,Street Food,22,56,48.5,45.4,2025-05-20 01:50:00
6038,Golgappa,128,Street Food,72,146,81.9,4.4,2025-12-07 06:40:20
6039,Goan Fish Curry,73,Mid-range Restaurant,165,507,70.7,25.2,2025-11-10 08:39:51
6040,Special Litti Chokha,45,Mid-range Restaurant,358,537,50.8,50.1,2025-09-04 23:46:31
6041,Traditional Puran Poli,30,Street Food,57,76,77.8,6.3,2026-02-09 21:07:18
6042,Premium Modak,33,Fine Dining,1138,1244,73.0,19.2,2025-12-01 02:55:59
6043,Kachori,131,Sweet Shop,94,327,83.7,2.0,2025-03-21 14:27:02
6044,Grandma's Butter Chicken,127,Roadside Stall,41,110,45.0,71.8,2026-06-19 03:58:40
6045,Family Recipe Aloo Posto,86,Mid-range Restaurant,189,576,54.0,55.6,2025-10-18 12:55:48
6046,Premium Litti Chokha,86,Fine Dining,1074,2010,91.5,0,2025-06-01 23:17:51
6047,Local Favourite Thukpa,82,Local Eatery,60,278,57.1,43.5,2025-12-26 17:16:47
6048,Pav Bhaji,32,Roadside Stall,18,35,54.7,45.3,2026-04-12 14:58:26
6049,Chole Bhature,133,Roadside Stall,31,97,92.2,0,2025-09-16 13:04:41
6050,Signature Chaat Papdi,93,Sweet Shop,195,260,55.1,24.4,2026-04-17 00:34:29
6051,Momos,18,Sweet Shop,46,337,81.8,4.4,2025-11-20 00:48:09
6052,Premium Sarson da Saag,100,Mid-range Restaurant,412,427,72.7,13.1,2026-02-05 17:57:37
6053,Authentic Tandoori Roti,128,Fine Dining,1413,2069,72.2,19.3,2025-11-28 15:42:03
6054,Golgappa,37,Local Eatery,119,142,76.2,8.0,2025-08-21 03:06:16
6055,Roadside Nihari,101,Roadside Stall,54,110,43.9,27.7,2025-11-07 02:13:49
6056,Deluxe Bebinca,8,Local Eatery,66,284,68.6,28.0,2025-11-27 15:24:17
6057,Classic Misal Pav,75,Roadside Stall,51,98,73.7,9.2,2025-07-27 20:15:56
6058,Deluxe Bebinca,69,Local Eatery,70,116,79.5,7.8,2025-04-19 13:53:39
6059,Family Recipe Bebinca,11,Roadside Stall,30,112,83.2,2.4,2025-03-13 11:54:09
6060,Authentic Dal Bafla,21,Street Food,63,85,94.1,0,2026-01-30 10:15:19
6061,Chef's Rajma Chawal,91,Mid-range Restaurant,166,508,63.1,16.0,2025-10-29 03:22:10
6062,Traditional Bamboo Shoot Curry,85,Street Food,77,150,70.9,9.8,2025-02-11 21:35:37
6063,Family Recipe Pork with Bamboo Shoot,12,Sweet Shop,140,156,70.9,13.3,2025-12-27 15:04:15
6064,Traditional Kadhi Chawal,131,Fine Dining,1478,1750,85.7,0,2025-07-31 09:31:28
6065,Uttapam,57,Local Eatery,77,142,93.6,0,2026-05-31 18:03:28
6066,Traditional Sarson da Saag,91,Fine Dining,1481,2401,71.1,9.3,2025-10-04 03:27:51
6067,Family Recipe Pitha,88,Fine Dining,1406,1984,80.7,5.7,2026-04-21 22:48:45
6068,Authentic Idiyappam,108,Local Eatery,71,115,77.9,11.8,2025-04-26 22:20:06
6069,Village-style Mutton Rogan Josh,92,Roadside Stall,27,115,56.4,24.2,2026-01-06 15:23:25
6070,Royal Undhiyu,31,Mid-range Restaurant,389,409,77.4,8.7,2025-02-15 10:24:18
6071,Zan,118,Sweet Shop,214,390,82.8,1.8,2025-08-22 02:49:14
6072,Malpua,65,Fine Dining,833,2182,75.4,10.8,2025-03-22 01:59:21
6073,Filter Coffee,60,Sweet Shop,136,350,72.8,14.4,2025-04-01 23:12:22
6074,Deluxe Bamboo Shoot Curry,11,Mid-range Restaurant,312,629,79.4,6.2,2025-06-29 07:02:15
6075,Village-style Misal Pav,72,Roadside Stall,28,50,82.4,4.1,2025-01-12 07:28:17
6076,Curd Rice,50,Roadside Stall,60,100,54.1,25.6,2025-05-26 14:14:15
6077,Mutton Rogan Josh,122,Fine Dining,1149,1304,75.5,10.1,2025-05-24 02:49:13
6078,Homestyle Goan Fish Curry,29,Roadside Stall,64,102,82.7,3.9,2026-02-06 00:25:34
6079,Traditional Zan,8,Fine Dining,1456,2095,74.3,12.8,2025-10-22 04:35:29
6080,Premium Bebinca,81,Sweet Shop,204,375,52.8,51.1,2026-05-30 23:45:46
6081,Traditional Thepla,69,Local Eatery,84,242,65.0,12.6,2025-02-26 19:29:45
6082,Village-style Bhutte ka Kees,20,Sweet Shop,41,53,45.4,65.2,2025-05-19 20:43:33
6083,Grandma's Vada Pav,33,Sweet Shop,72,103,73.3,10.3,2025-10-07 02:57:22
6084,Village-style Chole Bhature,99,Street Food,57,121,67.2,28.8,2025-04-01 12:23:24
6085,Deluxe Uttapam,4,Roadside Stall,26,69,82.5,4.0,2026-03-16 01:12:48
6086,Bebinca,26,Local Eatery,132,153,81.8,3.5,2025-02-15 06:34:17
6087,Naga Chutney,104,Roadside Stall,38,107,79.1,9.1,2025-05-22 23:48:33
6088,Royal Tandoori Roti,120,Local Eatery,166,220,47.0,54.2,2025-09-22 07:06:30
6089,Chef's Vada Sambar,4,Fine Dining,1303,1437,88.8,0,2025-09-29 10:37:11
6090,Sarson da Saag,40,Fine Dining,1123,1659,81.3,5.0,2025-09-01 20:43:36
6091,Local Favourite Rava Kesari,111,Fine Dining,978,1800,81.1,6.7,2025-07-17 13:15:59
6092,Royal Payasam,106,Sweet Shop,159,247,39.8,27.4,2025-01-11 11:54:38
6093,Extra Cheesy Thepla,29,Fine Dining,1022,1587,71.4,9.8,2026-01-04 17:05:49
6094,Dal Bafla,62,Local Eatery,101,296,89.4,0,2026-06-20 18:53:15
6095,Signature Puttu Kadala,58,Local Eatery,142,188,85.2,0,2025-07-02 18:31:51
6096,Street-side Puran Poli,69,Mid-range Restaurant,210,461,71.6,14.0,2026-02-23 15:43:04
6097,Special Mysore Pak,108,Sweet Shop,42,70,42.2,43.7,2025-03-09 00:29:30
6098,Local Favourite Bhel Puri,32,Sweet Shop,98,363,75.6,8.3,2025-06-17 04:29:14
6099,Rava Kesari,53,Street Food,56,73,53.6,55.4,2026-05-14 18:28:06
6100,Aloo Paratha,100,Sweet Shop,118,307,77.8,4.7,2025-01-15 15:39:21
6101,Grandma's Golgappa,129,Mid-range Restaurant,385,563,51.3,48.1,2025-03-27 03:58:27
6102,Festival Aloo Paratha,131,Local Eatery,122,145,77.5,9.3,2025-08-02 07:12:34
6103,Chila,66,Mid-range Restaurant,158,275,77.5,10.2,2025-03-10 01:43:14
6104,Malpua,63,Roadside Stall,34,66,75.9,7.2,2025-11-09 23:29:49
6105,Extra Cheesy Puran Poli,72,Fine Dining,1382,2311,61.0,38.6,2026-01-14 09:12:54
6106,Street-side Thukpa,10,Local Eatery,111,132,65.6,30.0,2026-03-15 19:50:11
6107,Family Recipe Rajma Chawal,125,Local Eatery,70,240,45.2,31.3,2025-10-29 10:06:36
6108,Extra Cheesy Golgappa,43,Sweet Shop,183,348,78.7,9.4,2025-12-04 07:28:12
6109,Royal Rava Kesari,6,Roadside Stall,67,101,40.4,78.7,2025-10-26 10:25:49
6110,Thukpa,104,Roadside Stall,26,106,74.5,17.2,2025-01-14 12:23:57
6111,Village-style Lassi,124,Local Eatery,106,259,82.5,1.6,2026-01-18 23:06:15
6112,Pork with Bamboo Shoot,83,Local Eatery,74,151,74.6,18.5,2025-04-15 13:48:52
6113,Quick-bite Kachori,129,Sweet Shop,133,204,77.3,7.6,2025-11-03 13:36:58
6114,Appam with Stew,111,Sweet Shop,100,305,89.0,0,2025-05-12 17:12:39
6115,Rosogolla,45,Roadside Stall,63,109,77.4,7.6,2025-09-24 12:20:35
6116,Traditional Chhena Poda,136,Local Eatery,162,261,73.1,16.6,2026-03-05 13:58:47
6117,Axone,118,Local Eatery,92,292,63.0,15.8,2025-01-31 10:31:03
6118,Nihari,130,Mid-range Restaurant,272,325,86.4,0,2025-05-25 19:11:24
6119,Chettinad Chicken,113,Fine Dining,1018,1457,63.0,26.3,2026-06-17 12:17:52
6120,Village-style Hyderabadi Biryani,49,Roadside Stall,20,79,77.4,5.3,2026-01-17 10:20:04
6121,Royal Filter Coffee,116,Mid-range Restaurant,172,360,47.0,64.6,2025-06-19 22:17:06
6122,Signature Uttapam,112,Fine Dining,1275,1820,51.9,44.7,2025-02-21 12:54:12
6123,Village-style Sarson da Saag,129,Street Food,23,129,41.5,69.2,2025-06-26 19:54:56
6124,Poha Jalebi,62,Mid-range Restaurant,159,430,87.7,0,2025-07-12 00:48:15
6125,Amritsari Kulcha,42,Roadside Stall,61,75,74.6,12.1,2026-01-18 03:55:56
6126,Deluxe Sarson da Saag,38,Fine Dining,1227,2098,90.1,0,2025-02-28 15:25:17
6127,Spicy Kadhi Chawal,133,Street Food,67,146,80.1,4.1,2025-11-05 11:50:32
6128,Extra Cheesy Bebinca,85,Street Food,33,80,72.4,18.8,2026-06-19 02:19:09
6129,Khandvi,31,Roadside Stall,63,73,85.0,0,2025-06-23 00:55:37
6130,Local Favourite Litti Chokha,134,Street Food,80,124,76.5,13.0,2025-10-22 01:37:03
6131,Local Favourite Litti Chokha,19,Sweet Shop,187,345,52.9,47.4,2026-03-22 21:21:26
6132,Chaat Papdi,41,Sweet Shop,158,375,76.4,12.3,2025-10-20 16:36:58
6133,Chaat Papdi,91,Sweet Shop,138,243,83.8,1.4,2026-05-31 10:33:01
6134,Extra Cheesy Bebinca,82,Fine Dining,719,2145,77.5,11.8,2026-01-29 18:26:49
6135,Extra Cheesy Idli Sambar,5,Sweet Shop,135,213,57.8,40.2,2026-01-04 21:53:42
6136,Quick-bite Puttu Kadala,61,Fine Dining,1290,1878,78.3,11.5,2025-05-17 11:31:06
6137,Festival Meen Curry,112,Mid-range Restaurant,379,415,69.8,20.9,2026-02-28 00:31:52
6138,Local Favourite Sarson da Saag,95,Sweet Shop,122,211,49.8,40.5,2025-06-13 04:44:39
6139,Traditional Rajma Chawal,35,Sweet Shop,115,388,82.1,4.1,2026-03-30 10:35:28
6140,Nihari,43,Local Eatery,151,201,74.9,16.0,2025-09-17 04:01:45
6141,Litti Chokha,128,Street Food,85,128,73.2,14.1,2026-06-16 00:40:50
6142,Zan,9,Sweet Shop,47,364,81.5,2.1,2025-04-09 22:51:25
6143,Uttapam,49,Local Eatery,158,246,63.2,15.1,2026-01-18 04:44:14
6144,Zan,80,Mid-range Restaurant,353,612,53.3,45.8,2025-05-03 23:57:39
6145,Khandvi,76,Roadside Stall,39,79,61.3,26.2,2025-02-06 12:25:36
6146,Bhutte ka Kees,65,Sweet Shop,208,395,81.1,6.9,2025-05-19 15:28:12
6147,Vada Pav,69,Local Eatery,131,267,47.4,62.7,2025-07-11 12:48:33
6148,Amritsari Kulcha,37,Fine Dining,934,1863,47.9,52.4,2026-04-27 07:58:59
6149,Royal Kadhi Bafla,20,Street Food,54,106,79.1,7.6,2026-04-10 22:21:40
6150,Chole Bhature,41,Roadside Stall,53,98,88.9,0,2025-04-27 09:23:35
6151,Traditional Macher Jhol,45,Roadside Stall,52,103,67.8,16.8,2025-05-29 04:48:07
6152,Smoked Pork,80,Sweet Shop,53,305,60.4,17.4,2026-01-10 17:59:07
6153,Roadside Bhutte ka Kees,66,Mid-range Restaurant,336,499,64.8,31.7,2025-05-23 08:46:33
6154,Classic Sabudana Khichdi,64,Street Food,73,121,80.1,3.5,2026-05-25 10:29:30
6155,Chef's Vada Sambar,106,Local Eatery,108,169,60.1,27.3,2025-08-28 00:30:48
6156,Classic Litti Chokha,131,Fine Dining,1459,2072,61.6,23.2,2025-09-04 06:40:24
6157,Quick-bite Uttapam,1,Mid-range Restaurant,268,481,61.5,14.7,2025-11-02 02:56:52
6158,Payasam,112,Sweet Shop,203,335,71.3,18.5,2025-06-11 12:44:18
6159,Bhutte ka Kees,68,Local Eatery,95,175,73.5,12.9,2026-03-30 14:10:13
6160,Classic Litti,17,Street Food,22,117,61.8,40.7,2025-02-28 22:48:39
6161,Sandesh,134,Fine Dining,1460,1897,75.3,12.8,2025-07-20 00:04:30
6162,Axone,104,Local Eatery,78,204,50.2,22.3,2026-04-26 04:41:04
6163,Family Recipe Prawn Balchao,27,Mid-range Restaurant,270,544,61.8,27.1,2025-01-21 02:21:21
6164,Khandvi,26,Mid-range Restaurant,174,281,95.2,0,2025-07-05 17:48:19
6165,Local Favourite Aloo Paratha,39,Roadside Stall,29,56,85.3,0,2026-01-16 06:45:31
6166,Premium Pav Bhaji,31,Mid-range Restaurant,205,286,72.2,19.1,2025-06-14 14:18:44
6167,Spicy Masala Dosa,1,Local Eatery,157,195,72.3,21.5,2026-05-25 06:05:47
6168,Grandma's Sarson da Saag,44,Fine Dining,1084,1276,71.6,14.5,2026-06-14 17:07:28
6169,Masala Dosa,112,Street Food,32,102,54.5,53.0,2025-04-26 23:51:12
6170,Classic Puttu Kadala,61,Local Eatery,153,216,66.3,13.1,2025-10-17 23:35:08
6171,Spicy Malpua,64,Roadside Stall,44,71,79.2,10.3,2026-06-27 04:42:48
6172,Homestyle Bisi Bele Bath,6,Street Food,54,121,77.4,5.4,2025-11-30 07:10:00
6173,Premium Malai Kofta,43,Street Food,36,83,62.8,27.9,2025-03-17 03:40:09
6174,Local Favourite Pork with Bamboo Shoot,103,Fine Dining,504,948,72.6,20.1,2025-08-10 05:50:00
6175,Puttu Kadala,113,Local Eatery,87,132,90.7,0,2025-12-03 03:54:41
6176,Rasam,52,Fine Dining,1024,1194,55.7,26.4,2025-08-17 01:15:34
6177,Litti Chokha,88,Roadside Stall,32,103,65.7,11.8,2025-07-20 12:31:48
6178,Special Kadhi Chawal,120,Mid-range Restaurant,259,408,62.0,13.9,2025-12-22 22:15:17
6179,Street-side Fish Tenga,77,Mid-range Restaurant,243,639,65.8,15.6,2025-07-11 15:15:04
6180,Undhiyu,33,Sweet Shop,167,370,60.1,36.7,2025-04-03 04:45:16
6181,Lassi,95,Sweet Shop,208,372,69.9,14.8,2025-07-24 22:16:47
6182,Paneer Tikka,127,Sweet Shop,112,352,43.6,46.1,2025-05-19 04:48:33
6183,Homestyle Chhena Poda,89,Fine Dining,1461,1825,57.5,26.4,2026-05-28 03:42:00
6184,Royal Rasam,115,Mid-range Restaurant,393,487,62.6,20.2,2025-04-11 10:37:06
6185,Grandma's Filter Coffee,110,Roadside Stall,63,116,92.7,0,2025-09-08 15:58:05
6186,Idiyappam,109,Roadside Stall,18,93,56.8,41.4,2026-05-14 03:58:05
6187,Premium Butter Chicken,129,Local Eatery,81,100,74.6,7.9,2025-05-18 10:19:32
6188,Quick-bite Vada Pav,30,Local Eatery,85,257,65.6,17.7,2026-03-15 18:32:36
6189,Sabudana Khichdi,21,Fine Dining,1386,1663,74.9,17.7,2025-01-09 17:23:59
6190,Special Lassi,43,Sweet Shop,72,168,71.0,17.8,2025-04-16 18:48:15
6191,Chaat Papdi,93,Roadside Stall,47,88,65.0,26.7,2026-06-03 10:20:10
6192,Family Recipe Sabudana Khichdi,65,Street Food,49,81,83.8,1.2,2026-03-04 22:26:56
6193,Rasam,2,Street Food,49,120,81.1,2.8,2025-03-24 04:16:34
6194,Local Favourite Rosogolla,89,Local Eatery,97,204,41.0,53.3,2026-03-13 13:13:15
6195,Street-side Dal Makhani,95,Street Food,65,85,81.4,2.8,2026-02-01 07:17:38
6196,Street-side Vada Sambar,107,Roadside Stall,52,101,79.2,10.2,2025-08-14 01:24:54
6197,Royal Kolhapuri Mutton,72,Fine Dining,612,1386,94.9,0,2025-07-02 07:18:43
6198,Jadoh,104,Local Eatery,120,162,78.5,8.7,2026-05-30 23:48:07
6199,Authentic Filter Coffee,6,Roadside Stall,42,116,62.5,32.1,2025-07-28 23:53:18
6200,Hyderabadi Biryani,59,Sweet Shop,143,291,88.0,0,2026-01-16 18:42:23
6201,Malpua,20,Sweet Shop,77,377,78.2,11.4,2026-06-07 20:35:34
6202,Signature Chak-hao Kheer,83,Roadside Stall,34,100,77.7,10.1,2025-02-10 02:08:16
6203,Zan,12,Street Food,26,65,66.5,16.0,2025-06-23 00:47:10
6204,Authentic Dahi Vada,90,Fine Dining,683,1106,61.8,40.6,2026-05-06 08:56:10
6205,Classic Puran Poli,23,Sweet Shop,169,344,93.8,0,2025-03-27 14:39:55
6206,Traditional Modak,70,Street Food,68,92,48.2,35.5,2025-04-01 00:16:56
6207,Prawn Balchao,29,Roadside Stall,66,97,75.7,12.2,2025-03-31 01:44:28
6208,Litti Chokha,38,Mid-range Restaurant,210,463,58.6,28.3,2025-10-30 21:54:58
6209,Festival Rava Kesari,109,Local Eatery,71,136,81.7,5.5,2025-01-19 00:23:45
6210,Quick-bite Uttapam,1,Street Food,33,43,86.6,0,2025-05-08 20:51:56
6211,Roadside Sandesh,47,Fine Dining,855,2448,61.8,39.5,2025-09-02 01:49:15
6212,Quick-bite Bhutte ka Kees,21,Sweet Shop,199,293,84.7,0.2,2025-12-16 15:05:03
6213,Puran Poli,29,Fine Dining,1093,2245,86.9,0,2026-05-14 05:43:57
6214,Bisi Bele Bath,55,Mid-range Restaurant,423,537,43.8,73.9,2026-04-25 06:03:17
6215,Village-style Vada Pav,70,Street Food,24,34,68.6,16.3,2026-04-22 07:20:13
6216,Premium Macher Jhol,139,Local Eatery,84,142,50.2,40.5,2025-05-11 20:02:24
6217,Deluxe Litti Chokha,100,Sweet Shop,90,124,69.8,9.2,2026-03-15 00:20:37
6218,Spicy Fish Tenga,7,Roadside Stall,22,39,66.9,13.3,2026-03-23 18:57:28
6219,Premium Sol Kadhi,27,Street Food,22,134,82.3,2.7,2025-05-06 23:56:41
6220,Local Favourite Naga Chutney,7,Sweet Shop,157,241,74.6,10.7,2025-10-05 13:52:11
6221,Premium Momos,137,Roadside Stall,38,103,67.3,25.8,2025-07-18 21:46:30
6222,Bafla,63,Street Food,38,146,94.6,0,2026-02-04 05:03:54
6223,Vada Pav,32,Sweet Shop,172,278,95.1,0,2026-06-06 15:58:47
6224,Street-side Dal Bafla,62,Fine Dining,540,1836,82.8,1.4,2026-05-03 09:15:16
6225,Macher Jhol,135,Local Eatery,91,284,56.6,28.5,2026-02-17 12:09:24
6226,Pav Bhaji,30,Local Eatery,154,276,70.4,10.5,2025-10-09 15:24:47
6227,Homestyle Bhel Puri,25,Roadside Stall,32,81,53.5,33.6,2025-12-04 16:03:52
6228,Idli Sambar,5,Local Eatery,162,260,75.6,15.6,2025-09-03 02:35:24
6229,Family Recipe Rajma Chawal,128,Mid-range Restaurant,329,618,63.6,38.1,2026-03-18 07:36:14
6230,Premium Rajma Chawal,91,Mid-range Restaurant,159,237,93.9,0,2025-07-25 13:07:38
6231,Pitha,8,Mid-range Restaurant,305,645,63.5,35.0,2025-11-25 09:09:54
6232,Mutton Rogan Josh,44,Fine Dining,857,1371,73.7,18.0,2025-12-21 18:28:38
6233,Street-side Kothu Parotta,56,Fine Dining,899,2430,68.0,17.5,2025-04-28 20:41:43
6234,Family Recipe Bafla,66,Local Eatery,73,297,92.6,0,2026-04-03 15:56:07
6235,Butter Chicken,127,Mid-range Restaurant,183,245,96.4,0,2025-02-15 08:27:34
6236,Festival Chaat Papdi,122,Local Eatery,101,121,77.8,9.7,2026-02-02 08:27:50
6237,Quick-bite Thukpa,13,Local Eatery,118,158,80.8,4.6,2025-05-14 01:41:56
6238,Traditional Payasam,53,Fine Dining,501,684,70.3,19.9,2025-12-14 12:49:26
6239,Spicy Kosha Mangsho,45,Roadside Stall,19,55,53.6,55.4,2025-03-18 13:49:11
6240,Pesarattu,49,Fine Dining,1442,1463,49.9,62.6,2026-03-04 20:24:29
6241,Thepla,33,Local Eatery,142,166,46.8,37.8,2026-06-16 07:51:44
6242,Idli Sambar,58,Sweet Shop,132,383,79.7,3.3,2025-12-18 23:35:44
6243,Grandma's Bhel Puri,25,Street Food,29,82,68.1,24.3,2025-06-20 19:37:34
6244,Smoked Pork,83,Sweet Shop,172,299,65.3,28.0,2026-01-31 09:28:58
6245,Traditional Sabudana Khichdi,67,Roadside Stall,24,48,65.6,30.7,2026-04-01 21:06:03
6246,Bisi Bele Bath,107,Fine Dining,1269,1408,67.0,15.0,2026-04-20 23:38:14
6247,Idli Sambar,54,Local Eatery,72,193,80.5,5.7,2026-02-03 20:16:25
6248,Homestyle Zan,12,Local Eatery,171,191,83.4,2.5,2025-09-17 17:49:07
6249,Chingri Malai Curry,87,Sweet Shop,52,130,89.9,0,2025-03-20 00:09:21
6250,Festival Macher Jhol,46,Sweet Shop,79,237,41.4,60.2,2025-12-31 09:48:26
6251,Deluxe Dahi Vada,19,Sweet Shop,211,308,76.3,14.4,2025-12-06 09:46:53
6252,Authentic Litti Chokha,100,Fine Dining,962,1183,51.7,24.9,2025-04-16 21:30:05
6253,Pork with Bamboo Shoot,12,Sweet Shop,152,339,62.0,31.2,2025-12-12 03:32:10
6254,Shorshe Ilish,88,Roadside Stall,61,82,58.7,16.0,2025-04-12 08:05:18
6255,Family Recipe Rava Kesari,48,Fine Dining,593,1427,94.7,0,2025-06-18 17:00:18
6256,Curd Rice,50,Roadside Stall,54,92,76.2,7.0,2025-02-20 19:52:08
6257,Classic Macher Jhol,17,Roadside Stall,25,91,80.3,2.9,2026-04-24 02:11:45
6258,Idli Sambar,55,Fine Dining,1145,1680,53.5,42.9,2026-06-27 11:08:42
6259,Special Goan Fish Curry,30,Sweet Shop,92,140,45.4,25.7,2025-03-31 02:40:31
6260,Roadside Fish Tenga,8,Street Food,62,95,76.9,5.3,2026-03-31 16:40:35
6261,Kosha Mangsho,88,Roadside Stall,66,101,78.9,4.3,2025-06-05 12:40:21
6262,Tandoori Roti,92,Local Eatery,77,204,81.1,6.0,2025-06-28 17:18:19
6263,Premium Dalma,47,Mid-range Restaurant,259,361,63.9,26.0,2026-02-27 20:13:30
6264,Spicy Meen Curry,6,Sweet Shop,211,332,66.1,22.1,2025-11-06 20:12:59
6265,Chef's Jadoh,81,Roadside Stall,25,105,74.2,9.8,2025-07-03 07:58:26
6266,Deluxe Litti Chokha,19,Local Eatery,93,219,61.6,33.8,2025-02-21 02:42:53
6267,Chila,20,Mid-range Restaurant,388,676,77.9,5.3,2025-05-03 19:50:19
6268,Dal Makhani,38,Mid-range Restaurant,288,622,74.4,10.0,2025-12-19 17:01:03
6269,Deluxe Naga Chutney,78,Sweet Shop,131,299,63.6,21.3,2026-06-28 10:22:47
6270,Dal Bafla,68,Fine Dining,643,1924,80.0,3.6,2025-04-13 22:06:34
6271,Signature Chole Bhature,98,Local Eatery,161,192,62.0,38.7,2025-04-11 16:48:43
6272,Vada Sambar,113,Street Food,36,73,79.7,5.4,2025-07-25 00:02:56
6273,Paneer Tikka,94,Street Food,46,112,56.6,49.9,2025-11-17 23:40:34
6274,Chef's Chaat Papdi,120,Roadside Stall,58,97,74.0,9.8,2026-04-20 23:50:49
6275,Local Favourite Bisi Bele Bath,55,Local Eatery,66,258,71.0,24.7,2025-06-14 17:53:27
6276,Premium Prawn Balchao,30,Sweet Shop,193,352,90.2,0,2025-05-03 21:05:10
6277,Rajma Chawal,133,Local Eatery,173,300,79.3,3.5,2025-07-03 11:38:58
6278,Kadhi Chawal,129,Mid-range Restaurant,323,338,66.4,19.9,2025-04-03 09:41:54
6279,Special Macher Jhol,89,Local Eatery,118,256,65.1,30.3,2026-05-08 21:48:37
6280,Special Bamboo Shoot Curry,105,Sweet Shop,130,222,77.8,11.9,2025-05-18 14:20:38
6281,Pork with Bamboo Shoot,80,Mid-range Restaurant,287,482,68.3,26.6,2025-09-30 13:22:58
6282,Bafla,22,Mid-range Restaurant,254,596,44.7,38.5,2025-10-26 23:33:48
6283,Festival Puttu Kadala,55,Mid-range Restaurant,295,475,82.1,2.1,2026-05-25 02:17:19
6284,Paneer Tikka,37,Sweet Shop,163,338,90.9,0,2025-03-19 18:36:10
6285,Uttapam,53,Mid-range Restaurant,275,313,73.7,13.8,2025-07-01 21:52:08
6286,Bebinca,7,Local Eatery,79,271,45.4,57.9,2025-08-28 19:40:16
6287,Signature Chhena Poda,18,Roadside Stall,43,58,82.9,3.6,2026-06-12 22:20:43
6288,Naga Chutney,104,Local Eatery,130,182,67.0,19.6,2025-08-13 21:05:43
6289,Litti,16,Roadside Stall,57,97,71.3,13.6,2025-08-17 01:45:18
6290,Bamboo Shoot Curry,105,Roadside Stall,37,49,79.6,4.2,2025-06-18 20:22:45
6291,Chef's Lassi,94,Local Eatery,103,169,61.2,42.7,2025-12-02 06:34:05
6292,Spicy Chila,67,Fine Dining,563,1445,70.9,14.0,2025-12-04 14:58:16
6293,Homestyle Jadoh,77,Street Food,54,129,56.8,21.0,2026-04-27 05:28:24
6294,Signature Malpua,67,Mid-range Restaurant,341,514,93.1,0,2025-11-05 02:04:40
6295,Classic Axone,84,Fine Dining,1343,1936,82.1,1.8,2026-02-11 02:45:07
6296,Street-side Vada Sambar,54,Local Eatery,131,269,62.6,29.0,2025-06-04 19:16:00
6297,Malai Kofta,39,Sweet Shop,134,342,72.0,16.0,2025-03-18 02:03:12
6298,Smoked Pork,8,Sweet Shop,76,357,65.5,34.0,2025-06-01 23:31:06
6299,Axone,9,Sweet Shop,138,174,89.9,0,2025-03-16 06:04:19
6300,Extra Cheesy Puttu Kadala,111,Sweet Shop,71,335,87.5,0,2025-01-23 17:37:17
6301,Grandma's Fish Tenga,12,Sweet Shop,188,273,82.3,1.6,2025-12-10 17:41:14
6302,Extra Cheesy Payasam,59,Roadside Stall,47,67,46.3,35.4,2025-10-14 22:57:09
6303,Premium Puran Poli,26,Mid-range Restaurant,285,382,85.8,0,2025-12-14 06:51:08
6304,Street-side Sandesh,134,Mid-range Restaurant,405,468,61.6,33.1,2026-02-07 11:46:09
6305,Golgappa,119,Street Food,61,122,75.6,15.0,2025-04-14 22:13:45
6306,Chef's Kolhapuri Mutton,30,Roadside Stall,17,107,48.1,46.7,2025-08-07 23:58:00
6307,Rava Kesari,4,Sweet Shop,90,217,40.6,59.8,2026-03-28 21:20:31
6308,Premium Zan,80,Street Food,60,143,57.4,48.2,2026-01-25 08:35:45
6309,Bamboo Shoot Curry,78,Fine Dining,1002,1947,62.5,25.2,2025-07-07 23:25:15
6310,Bisi Bele Bath,114,Fine Dining,1069,1782,83.2,1.5,2025-12-11 07:16:47
6311,Deluxe Misal Pav,26,Street Food,34,56,90.7,0,2025-10-14 15:39:52
6312,Deluxe Paneer Tikka,96,Fine Dining,620,1511,72.6,11.9,2026-03-02 08:43:38
6313,Lassi,42,Mid-range Restaurant,254,352,64.7,12.4,2025-03-05 14:27:29
6314,Festival Bamboo Shoot Curry,7,Sweet Shop,60,207,74.4,16.2,2025-07-29 14:33:24
6315,Special Poha Jalebi,20,Local Eatery,65,281,49.9,40.2,2025-08-26 07:00:36
6316,Festival Sarson da Saag,120,Mid-range Restaurant,393,694,69.4,28.0,2025-08-01 21:26:17
6317,Village-style Thepla,34,Sweet Shop,47,145,61.4,36.9,2026-02-23 16:08:46
6318,Sarson da Saag,40,Roadside Stall,16,89,45.8,32.0,2026-02-06 21:01:25
6319,Chaat Papdi,93,Fine Dining,1210,1810,56.1,26.9,2026-06-10 17:24:27
6320,Extra Cheesy Fish Tenga,80,Local Eatery,109,278,85.6,0,2026-05-29 21:23:26
6321,Local Favourite Misal Pav,75,Sweet Shop,63,73,71.2,19.9,2026-03-21 01:28:23
6322,Bamboo Shoot Curry,118,Local Eatery,149,188,79.2,7.1,2025-12-06 22:50:35
6323,Naga Chutney,7,Local Eatery,86,173,80.4,4.3,2025-06-29 02:20:25
6324,Street-side Curd Rice,113,Roadside Stall,56,67,78.2,11.9,2025-09-08 05:49:30
6325,Nihari,100,Roadside Stall,34,79,37.3,81.5,2025-12-17 02:19:11
6326,Tandoori Roti,133,Sweet Shop,126,277,75.9,8.7,2026-06-16 18:49:31
6327,Extra Cheesy Bebinca,76,Mid-range Restaurant,296,539,64.7,20.6,2026-01-17 00:33:01
6328,Litti Chokha,43,Fine Dining,521,2365,73.2,18.4,2025-04-11 07:51:16
6329,Dal Bafla,64,Street Food,21,118,76.5,11.2,2026-02-21 13:59:47
6330,Mysore Pak,3,Roadside Stall,23,113,61.9,22.6,2025-09-01 12:20:44
6331,Premium Masala Dosa,52,Local Eatery,81,121,53.6,39.5,2025-11-06 16:42:32
6332,Appam with Stew,6,Local Eatery,159,213,79.1,4.6,2025-05-10 06:16:16
6333,Traditional Paneer Tikka,127,Local Eatery,94,122,86.7,0,2025-02-14 23:20:40
6334,Festival Tandoori Roti,133,Sweet Shop,200,230,61.2,29.8,2026-05-19 11:08:57
6335,Bhel Puri,70,Local Eatery,87,272,90.5,0,2026-01-26 00:03:05
6336,Local Favourite Smoked Pork,78,Roadside Stall,51,89,49.8,42.6,2025-03-14 20:38:46
6337,Chef's Litti Chokha,131,Street Food,50,142,59.8,43.4,2026-06-23 03:47:16
6338,Family Recipe Pitha,82,Mid-range Restaurant,326,674,66.1,18.2,2025-12-13 21:12:29
6339,Signature Dhokla,34,Street Food,53,129,87.2,0,2026-05-10 18:46:54
6340,Roadside Sarson da Saag,127,Local Eatery,144,241,75.8,15.0,2025-06-05 20:12:08
6341,Signature Pork with Bamboo Shoot,9,Mid-range Restaurant,176,403,81.5,3.9,2025-07-28 19:18:09
6342,Hyderabadi Biryani,57,Street Food,71,81,83.4,2.5,2025-07-11 11:30:53
6343,Signature Rasam,1,Fine Dining,1264,2055,71.2,14.3,2026-01-30 09:09:57
6344,Nihari,92,Street Food,60,129,83.8,1.0,2025-09-16 04:18:41
6345,Chef's Pongal,57,Roadside Stall,17,50,60.8,35.5,2026-04-05 21:53:07
6346,Street-side Bebinca,75,Roadside Stall,61,89,77.9,8.2,2025-03-23 08:44:19
6347,Village-style Chaat Papdi,44,Sweet Shop,203,224,70.4,19.8,2025-05-01 04:39:00
6348,Bhel Puri,72,Roadside Stall,37,67,55.8,40.5,2025-12-20 01:24:07
6349,Smoked Pork,84,Sweet Shop,92,330,55.2,20.7,2026-06-23 12:20:42
6350,Royal Uttapam,6,Sweet Shop,114,294,78.3,7.7,2025-08-17 13:53:12
6351,Grandma's Aloo Paratha,123,Fine Dining,964,2439,63.7,20.4,2026-06-22 05:20:21
6352,Chole Bhature,131,Sweet Shop,132,391,76.2,10.8,2026-02-05 04:51:56
6353,Pork with Bamboo Shoot,14,Mid-range Restaurant,219,341,77.7,10.8,2025-01-08 12:57:22
6354,Deluxe Puttu Kadala,55,Roadside Stall,45,70,81.3,5.4,2026-06-16 18:24:49
6355,Appam with Stew,5,Street Food,49,124,89.5,0,2025-05-28 20:49:41
6356,Chef's Sarson da Saag,95,Local Eatery,116,182,52.2,56.4,2026-03-20 15:53:07
6357,Roadside Butter Chicken,95,Roadside Stall,55,119,92.3,0,2025-03-26 03:22:16
6358,Grandma's Chingri Malai Curry,139,Roadside Stall,44,83,54.3,25.0,2026-03-30 01:37:27
6359,Village-style Golgappa,35,Roadside Stall,24,100,60.2,38.7,2026-05-30 19:46:14
6360,Shorshe Ilish,139,Street Food,24,87,57.0,26.1,2025-11-30 02:41:23
6361,Naga Chutney,118,Street Food,48,127,48.1,39.3,2025-02-22 08:27:05
6362,Signature Chila,66,Sweet Shop,127,345,84.1,1.4,2025-07-31 16:59:35
6363,Special Khandvi,71,Mid-range Restaurant,191,222,51.9,30.3,2025-05-10 07:22:11
6364,Classic Chettinad Chicken,113,Fine Dining,734,774,79.8,9.3,2025-02-06 02:08:36
6365,Authentic Chingri Malai Curry,135,Mid-range Restaurant,239,686,59.6,19.2,2026-05-13 14:36:33
6366,Dal Makhani,122,Mid-range Restaurant,231,299,78.1,11.1,2025-05-11 12:20:24
6367,Traditional Paneer Tikka,125,Street Food,54,92,62.9,32.6,2025-10-26 00:49:34
6368,Family Recipe Idiyappam,60,Fine Dining,1275,2033,81.9,3.5,2025-12-28 06:32:12
6369,Rasam,113,Roadside Stall,59,86,68.2,17.2,2026-06-30 14:43:00
6370,Smoked Pork,78,Fine Dining,793,2358,80.3,6.3,2026-02-23 01:28:44
6371,Bisi Bele Bath,60,Sweet Shop,182,321,71.4,15.1,2025-08-14 11:21:36
6372,Chak-hao Kheer,103,Roadside Stall,20,93,71.1,11.6,2025-01-16 02:25:51
6373,Premium Pork with Bamboo Shoot,84,Roadside Stall,19,39,81.4,2.3,2026-01-10 11:37:34
6374,Malai Kofta,121,Street Food,40,143,68.3,19.6,2025-07-14 06:59:48
6375,Festival Dahi Vada,19,Sweet Shop,42,158,87.4,0,2025-02-13 22:10:19
6376,Premium Rajma Chawal,132,Roadside Stall,58,77,55.9,51.4,2025-07-20 13:06:16
6377,Grandma's Prawn Balchao,75,Sweet Shop,119,274,80.9,6.9,2025-05-05 12:16:37
6378,Pongal,114,Local Eatery,97,179,82.0,4.7,2026-06-17 20:45:11
6379,Extra Cheesy Thukpa,118,Fine Dining,1447,2259,73.9,12.6,2026-03-25 20:02:21
6380,Dal Bafla,67,Fine Dining,623,1080,70.8,18.9,2026-02-18 02:53:24
6381,Extra Cheesy Tandoori Roti,43,Roadside Stall,23,73,92.6,0,2025-06-08 16:30:48
6382,Signature Naga Chutney,8,Fine Dining,1077,1146,75.3,7.9,2025-03-01 13:49:57
6383,Macher Jhol,46,Local Eatery,100,292,81.6,2.5,2025-12-04 08:26:39
6384,Street-side Rajma Chawal,123,Fine Dining,675,1034,78.9,9.2,2025-03-21 08:31:20
6385,Classic Appam with Stew,52,Roadside Stall,33,80,60.0,35.2,2026-02-25 07:01:45
6386,Roadside Pongal,48,Street Food,41,96,86.0,0,2025-02-03 11:59:18
6387,Family Recipe Sabudana Khichdi,68,Street Food,40,114,80.7,3.2,2025-08-15 12:22:53
6388,Spicy Litti Chokha,124,Sweet Shop,149,290,58.6,21.9,2025-03-17 17:57:16
6389,Dal Makhani,126,Street Food,47,117,65.8,16.4,2025-11-20 00:23:04
6390,Roadside Chhena Poda,137,Mid-range Restaurant,202,577,75.2,10.4,2026-03-14 13:49:02
6391,Bhel Puri,26,Street Food,39,49,72.1,22.9,2026-04-28 18:51:12
6392,Curd Rice,110,Mid-range Restaurant,196,670,74.3,6.9,2025-11-10 03:08:11
6393,Sandesh,139,Roadside Stall,28,70,47.2,62.6,2025-02-06 12:18:41
6394,Family Recipe Mutton Rogan Josh,119,Sweet Shop,185,353,70.8,10.9,2025-09-21 20:03:26
6395,Street-side Lassi,121,Local Eatery,103,270,60.9,35.2,2025-04-02 09:08:51
6396,Signature Dal Makhani,41,Mid-range Restaurant,296,652,81.3,5.8,2025-09-02 13:13:31
6397,Homestyle Puttu Kadala,4,Mid-range Restaurant,217,396,61.1,26.6,2025-12-08 23:56:09
6398,Premium Aloo Paratha,39,Sweet Shop,154,297,57.8,16.7,2025-12-11 17:09:20
6399,Spicy Thukpa,82,Street Food,71,135,57.1,42.0,2026-04-28 17:58:45
6400,Momos,77,Street Food,78,101,70.6,11.0,2026-04-25 10:51:43
6401,Local Favourite Sol Kadhi,29,Street Food,47,108,48.7,49.4,2025-10-04 09:14:53
6402,Jadoh,78,Local Eatery,136,166,87.5,0,2025-10-24 23:08:46
6403,Rosogolla,86,Mid-range Restaurant,303,349,93.1,0,2025-05-20 12:02:28
6404,Bhel Puri,33,Sweet Shop,132,159,78.9,4.6,2026-04-06 21:13:56
6405,Special Curd Rice,60,Fine Dining,1291,1915,85.6,0,2026-05-09 00:26:36
6406,Pork with Bamboo Shoot,104,Roadside Stall,62,74,65.8,17.4,2025-01-26 20:11:30
6407,Roadside Butter Chicken,122,Sweet Shop,208,244,71.3,18.2,2025-03-04 10:28:57
6408,Chettinad Chicken,113,Street Food,24,103,77.7,6.7,2025-11-05 09:25:52
6409,Roadside Uttapam,52,Roadside Stall,40,63,80.8,4.6,2025-02-08 22:44:22
6410,Pitha,136,Mid-range Restaurant,321,589,82.7,1.9,2026-01-03 04:36:03
6411,Malai Kofta,123,Fine Dining,1228,2096,72.4,8.2,2025-11-11 07:26:23
6412,Royal Thukpa,85,Roadside Stall,50,88,62.8,21.4,2026-01-04 18:23:32
6413,Special Chettinad Chicken,50,Fine Dining,1021,1692,63.2,25.1,2026-01-06 12:09:04
6414,Local Favourite Butter Chicken,119,Sweet Shop,117,300,73.7,13.7,2025-05-29 05:00:03
6415,Naga Chutney,80,Mid-range Restaurant,268,363,84.4,0.9,2025-08-28 08:50:29
6416,Classic Bhutte ka Kees,22,Local Eatery,120,246,46.8,26.8,2026-05-14 23:55:05
6417,Local Favourite Kosha Mangsho,89,Fine Dining,1409,1585,73.2,18.7,2025-04-08 16:47:54
6418,Authentic Kothu Parotta,116,Roadside Stall,35,77,67.8,27.2,2025-11-25 01:30:58
6419,Spicy Kolhapuri Mutton,72,Sweet Shop,132,300,74.1,9.2,2025-05-05 18:51:41
6420,Classic Kadhi Bafla,62,Roadside Stall,28,103,72.6,18.2,2025-06-24 15:57:35
6421,Roadside Uttapam,59,Sweet Shop,69,262,84.3,0.8,2026-03-25 22:01:22
6422,Nihari,43,Fine Dining,939,1839,64.5,18.7,2026-04-20 05:23:08
6423,Street-side Uttapam,115,Street Food,39,117,88.8,0,2025-01-16 05:05:08
6424,Spicy Chettinad Chicken,53,Street Food,79,124,41.0,64.3,2025-11-12 09:08:20
6425,Bafla,66,Roadside Stall,19,79,92.2,0,2026-01-19 20:12:41
6426,Grandma's Kachori,125,Sweet Shop,185,390,63.3,32.9,2025-10-03 07:47:22
6427,Special Chhena Poda,16,Roadside Stall,22,78,90.6,0,2025-12-21 13:52:29
6428,Bebinca,84,Street Food,79,144,67.7,18.6,2025-04-01 07:02:55
6429,Deluxe Dal Makhani,97,Local Eatery,87,232,43.2,66.2,2025-02-07 15:12:00
6430,Royal Chole Bhature,122,Mid-range Restaurant,307,519,42.3,36.9,2026-03-11 06:46:32
6431,Quick-bite Sarson da Saag,97,Sweet Shop,112,126,70.1,22.5,2025-06-07 01:24:48
6432,Kolhapuri Mutton,25,Local Eatery,74,165,84.4,0.5,2026-04-10 21:41:47
6433,Family Recipe Litti Chokha,128,Fine Dining,793,949,76.6,13.5,2026-05-11 00:39:15
6434,Grandma's Rasam,57,Street Food,68,113,74.0,16.3,2026-06-24 14:39:27
6435,Quick-bite Nihari,99,Local Eatery,138,264,77.7,12.1,2026-05-19 03:28:21
6436,Village-style Sol Kadhi,34,Local Eatery,163,247,78.4,11.4,2025-11-17 21:14:16
6437,Curd Rice,56,Sweet Shop,200,214,48.6,24.7,2026-04-12 05:09:28
6438,Bafla,21,Mid-range Restaurant,216,390,57.8,45.7,2026-03-24 22:18:40
6439,Homestyle Aloo Paratha,94,Roadside Stall,39,95,62.1,33.8,2025-02-15 02:46:45
6440,Chhena Poda,87,Mid-range Restaurant,334,691,77.4,9.7,2025-07-21 18:50:27
6441,Special Bamboo Shoot Curry,81,Street Food,46,120,73.4,13.6,2026-05-06 13:32:05
6442,Uttapam,116,Sweet Shop,139,154,84.1,1.6,2025-02-21 19:10:40
6443,Homestyle Amritsari Kulcha,37,Fine Dining,1054,2057,75.6,9.6,2025-03-04 19:21:24
6444,Village-style Momos,11,Fine Dining,821,1444,56.8,39.9,2025-09-15 05:04:42
6445,Pongal,111,Local Eatery,81,249,47.2,56.5,2025-09-08 06:54:45
6446,Royal Undhiyu,69,Street Food,64,122,71.7,17.6,2025-04-22 12:15:24
6447,Mysore Pak,56,Fine Dining,509,2225,67.1,25.3,2026-05-17 20:37:29
6448,Traditional Paneer Tikka,127,Roadside Stall,64,120,57.6,34.9,2026-03-24 05:20:28
6449,Macher Jhol,86,Sweet Shop,65,102,63.7,25.1,2025-01-31 22:20:31
6450,Naga Chutney,79,Sweet Shop,144,254,53.7,51.7,2025-05-13 02:54:20
6451,Chef's Lassi,93,Fine Dining,1362,2000,59.2,22.7,2026-06-26 04:27:51
6452,Authentic Dal Makhani,102,Fine Dining,1392,1828,63.7,18.2,2025-07-03 00:31:38
6453,Homestyle Aloo Paratha,36,Fine Dining,762,1640,71.2,23.6,2025-01-24 04:57:26
6454,Poha Jalebi,64,Sweet Shop,105,158,73.3,16.8,2025-02-17 22:07:51
6455,Signature Kothu Parotta,55,Street Food,35,133,88.7,0,2025-07-30 00:42:27
6456,Street-side Appam with Stew,56,Street Food,26,140,74.7,17.2,2025-07-07 12:11:48
6457,Poha Jalebi,66,Sweet Shop,35,73,79.5,9.4,2025-11-10 22:23:24
6458,Village-style Kadhi Chawal,129,Mid-range Restaurant,416,581,55.5,30.1,2025-12-27 16:50:46
6459,Village-style Vada Sambar,113,Mid-range Restaurant,337,569,83.9,1.8,2025-08-31 02:50:39
6460,Signature Dal Makhani,37,Street Food,31,118,58.9,40.8,2025-04-12 08:33:21
6461,Zan,105,Local Eatery,169,202,80.7,3.5,2025-11-26 14:46:34
6462,Chole Bhature,99,Mid-range Restaurant,239,346,72.1,9.3,2025-08-02 07:06:38
6463,Deluxe Uttapam,116,Street Food,48,143,64.4,34.1,2025-12-16 01:28:42
6464,Family Recipe Filter Coffee,57,Mid-range Restaurant,275,549,67.2,31.3,2025-10-19 06:48:37
6465,Aloo Paratha,38,Mid-range Restaurant,329,443,59.3,29.8,2026-05-06 15:59:19
6466,Zan,77,Local Eatery,67,300,81.1,6.8,2025-09-06 18:28:11
6467,Village-style Aloo Posto,138,Fine Dining,864,1488,88.2,0,2025-10-29 15:55:50
6468,Festival Aloo Posto,18,Local Eatery,141,158,76.6,12.2,2026-02-01 07:38:50
6469,Naga Chutney,83,Sweet Shop,203,390,85.5,0,2025-04-09 13:17:31
6470,Chef's Kosha Mangsho,135,Fine Dining,919,1163,76.1,10.3,2025-01-19 07:37:19
6471,Special Smoked Pork,82,Sweet Shop,118,308,66.4,13.3,2026-01-19 11:46:49
6472,Chak-hao Kheer,77,Street Food,71,129,86.0,0,2026-03-07 22:23:50
6473,Homestyle Dahi Vada,136,Street Food,84,122,83.5,2.0,2025-01-07 02:10:44
6474,Spicy Dal Bafla,21,Sweet Shop,59,251,80.5,3.6,2025-07-22 13:56:56
6475,Local Favourite Idli Sambar,48,Sweet Shop,47,106,68.1,25.7,2026-01-09 23:03:34
6476,Homestyle Payasam,107,Local Eatery,102,150,84.5,0.8,2025-04-08 09:12:39
6477,Dahi Vada,18,Street Food,20,118,53.8,28.0,2026-01-21 17:09:04
6478,Vada Pav,27,Local Eatery,103,228,66.5,29.6,2025-04-04 12:56:34
6479,Momos,47,Local Eatery,170,218,72.1,16.5,2026-05-10 09:21:55
6480,Aloo Posto,16,Local Eatery,172,192,69.6,23.6,2025-03-03 01:32:17
6481,Litti,15,Fine Dining,714,2302,82.7,3.6,2026-02-12 19:03:21
6482,Chaat Papdi,99,Roadside Stall,49,90,73.1,19.3,2025-09-29 16:57:46
6483,Pesarattu,6,Mid-range Restaurant,247,312,73.5,10.0,2025-03-15 21:09:29
6484,Mutton Rogan Josh,39,Street Food,83,105,61.3,17.2,2025-10-05 23:19:30
6485,Pesarattu,6,Fine Dining,1419,2272,61.2,39.6,2025-03-27 02:30:50
6486,Quick-bite Paneer Tikka,99,Fine Dining,1061,2484,52.3,23.1,2025-09-16 16:17:23
6487,Deluxe Payasam,60,Street Food,79,142,54.0,19.4,2025-12-09 06:10:09
6488,Kosha Mangsho,137,Mid-range Restaurant,415,566,64.9,19.3,2025-05-18 07:33:01
6489,Dhokla,34,Fine Dining,1202,1223,53.7,39.6,2025-02-12 05:39:50
6490,Signature Mysore Pak,109,Local Eatery,117,278,57.8,40.0,2025-08-09 09:01:04
6491,Bafla,66,Street Food,24,85,69.5,14.8,2025-04-22 15:30:20
6492,Dalma,17,Roadside Stall,27,38,68.6,24.1,2025-08-18 07:53:51
6493,Royal Meen Curry,52,Sweet Shop,162,237,56.3,32.5,2025-09-26 15:21:19
6494,Traditional Dhokla,70,Local Eatery,103,166,78.2,8.7,2025-12-21 09:16:27
6495,Village-style Undhiyu,33,Roadside Stall,47,81,56.2,48.3,2025-06-21 18:29:54
6496,Rosogolla,87,Local Eatery,117,241,61.6,25.1,2026-03-26 19:29:19
6497,Traditional Appam with Stew,2,Fine Dining,1395,1631,59.4,30.0,2025-01-08 09:14:01
6498,Pitha,87,Sweet Shop,155,351,65.1,15.8,2025-03-06 02:02:15
6499,Chole Bhature,42,Street Food,39,76,77.3,7.2,2025-02-06 16:31:20
6500,Festival Puttu Kadala,49,Local Eatery,130,217,66.8,27.7,2025-06-13 06:21:20
6501,Street-side Chole Bhature,92,Mid-range Restaurant,360,492,73.4,12.6,2025-11-19 17:30:59
6502,Chef's Modak,72,Mid-range Restaurant,409,611,79.6,9.2,2026-04-24 17:16:31
6503,Quick-bite Dahi Vada,19,Sweet Shop,112,180,83.8,1.7,2025-08-29 11:01:51
6504,Bebinca,76,Local Eatery,149,200,75.2,11.7,2025-05-28 11:48:00
6505,Quick-bite Lassi,126,Local Eatery,129,192,50.5,47.5,2026-02-13 01:09:30
6506,Amritsari Kulcha,101,Fine Dining,735,1244,82.7,1.9,2026-02-02 19:08:38
6507,Special Bebinca,9,Mid-range Restaurant,207,411,72.2,12.2,2025-12-27 16:44:27
6508,Momos,117,Mid-range Restaurant,208,254,88.2,0,2025-07-22 10:57:27
6509,Smoked Pork,9,Fine Dining,906,1639,51.1,27.7,2025-11-26 09:16:22
6510,Sarson da Saag,124,Fine Dining,865,1337,65.7,16.2,2025-07-12 20:06:09
6511,Spicy Malpua,67,Roadside Stall,28,66,63.6,28.3,2025-11-24 17:51:39
6512,Thukpa,85,Local Eatery,79,269,90.3,0,2025-02-10 22:39:22
6513,Local Favourite Zan,77,Roadside Stall,42,109,68.3,24.8,2025-10-10 18:02:17
6514,Family Recipe Uttapam,111,Roadside Stall,58,81,60.0,42.6,2025-07-20 13:58:08
6515,Local Favourite Undhiyu,25,Roadside Stall,39,75,72.1,10.1,2026-06-07 03:33:41
6516,Amritsari Kulcha,43,Local Eatery,178,248,90.5,0,2026-05-12 11:04:29
6517,Chole Bhature,41,Street Food,30,129,67.5,24.3,2025-11-24 15:06:33
6518,Bisi Bele Bath,115,Fine Dining,1036,1940,83.5,2.6,2025-06-04 21:14:09
6519,Extra Cheesy Vada Pav,34,Street Food,32,93,75.9,8.2,2025-03-31 01:03:49
6520,Premium Litti Chokha,37,Sweet Shop,51,319,79.0,7.0,2025-02-14 04:13:15
6521,Puran Poli,30,Roadside Stall,58,97,62.0,36.4,2025-09-30 10:17:23
6522,Quick-bite Pav Bhaji,70,Roadside Stall,52,81,79.1,8.5,2026-02-19 22:20:22
6523,Fish Tenga,82,Fine Dining,795,1150,67.5,17.0,2025-04-21 04:28:01
6524,Homestyle Rava Kesari,114,Street Food,41,72,72.7,12.2,2026-01-25 11:42:34
6525,Homestyle Rasam,56,Street Food,50,104,70.0,14.0,2025-03-09 19:49:46
6526,Homestyle Vada Pav,30,Roadside Stall,26,68,68.0,27.2,2025-04-04 14:36:33
6527,Grandma's Malai Kofta,39,Sweet Shop,175,332,79.4,9.8,2025-12-22 09:42:03
6528,Traditional Shorshe Ilish,46,Mid-range Restaurant,176,259,39.6,50.9,2025-12-10 14:10:12
6529,Jadoh,14,Mid-range Restaurant,379,695,42.1,36.7,2025-08-05 11:19:52
6530,Roadside Smoked Pork,12,Sweet Shop,165,215,59.5,26.3,2026-01-25 00:32:14
6531,Festival Bebinca,72,Fine Dining,907,2192,77.4,9.5,2025-11-22 04:39:28
6532,Bebinca,73,Mid-range Restaurant,188,287,49.8,31.2,2026-03-19 07:59:21
6533,Chole Bhature,98,Sweet Shop,82,347,45.7,42.1,2025-12-27 06:48:01
6534,Classic Aloo Paratha,37,Mid-range Restaurant,257,462,50.5,30.9,2026-02-07 13:16:32
6535,Chingri Malai Curry,137,Fine Dining,605,2448,84.0,0.8,2026-04-28 00:46:15
6536,Sarson da Saag,130,Mid-range Restaurant,407,669,91.3,0,2025-02-10 22:47:22
6537,Spicy Bisi Bele Bath,111,Fine Dining,1087,2346,62.5,20.1,2026-02-03 02:18:58
6538,Street-side Litti Chokha,91,Fine Dining,1015,1718,73.7,17.1,2025-12-20 00:52:03
6539,Premium Pongal,113,Sweet Shop,65,232,75.9,13.8,2025-06-17 06:50:58
6540,Idli Sambar,54,Street Food,46,72,67.0,11.3,2026-02-25 19:00:43
6541,Amritsari Kulcha,102,Sweet Shop,103,180,85.1,0,2025-05-28 00:15:15
6542,Chef's Malai Kofta,101,Roadside Stall,15,111,59.3,17.9,2025-02-26 12:41:14
6543,Pesarattu,111,Street Food,78,106,90.6,0,2026-06-21 03:35:25
6544,Chole Bhature,38,Mid-range Restaurant,304,481,67.0,20.2,2025-06-21 17:17:27
6545,Local Favourite Tandoori Roti,99,Sweet Shop,171,351,80.4,3.9,2026-04-26 19:13:40
6546,Family Recipe Paneer Tikka,37,Street Food,56,89,51.2,29.6,2026-04-07 17:41:15
6547,Masala Dosa,48,Fine Dining,1076,1526,71.7,8.7,2025-03-13 20:40:01
6548,Chef's Momos,45,Fine Dining,1353,1808,79.9,6.9,2025-09-27 13:06:50
6549,Uttapam,2,Roadside Stall,58,107,53.8,24.5,2025-01-19 16:28:03
6550,Chef's Momos,18,Sweet Shop,103,277,85.9,0,2025-01-06 11:17:49
6551,Momos,83,Roadside Stall,55,70,88.3,0,2025-06-25 10:10:11
6552,Authentic Malai Kofta,40,Fine Dining,1093,1968,80.2,6.5,2026-03-01 02:48:04
6553,Festival Kachori,38,Local Eatery,130,143,78.2,9.9,2025-06-19 09:45:52
6554,Sabudana Khichdi,64,Sweet Shop,146,347,80.9,7.2,2025-11-11 06:02:04
6555,Street-side Sandesh,18,Sweet Shop,135,184,75.5,15.8,2025-11-23 16:39:57
6556,Classic Kolhapuri Mutton,23,Roadside Stall,22,114,49.2,38.6,2026-04-19 10:45:48
6557,Modak,74,Roadside Stall,26,57,88.7,0,2026-04-27 21:34:30
6558,Nihari,126,Mid-range Restaurant,417,534,76.8,6.4,2025-02-19 21:44:34
6559,Festival Fish Tenga,10,Roadside Stall,59,73,87.9,0,2025-06-28 09:25:47
6560,Signature Paneer Tikka,38,Sweet Shop,142,284,60.3,15.8,2026-05-01 08:40:21
6561,Royal Jadoh,80,Roadside Stall,28,77,80.7,4.0,2025-04-28 15:36:59
6562,Signature Momos,87,Mid-range Restaurant,303,360,82.4,3.1,2026-03-03 08:49:48
6563,Signature Kadhi Bafla,68,Local Eatery,134,177,72.1,17.6,2025-03-05 09:00:59
6564,Special Dahi Vada,15,Street Food,31,42,63.1,19.4,2026-04-06 09:52:20
6565,Kothu Parotta,114,Local Eatery,99,132,43.7,61.8,2025-04-29 11:22:24
6566,Grandma's Bamboo Shoot Curry,78,Roadside Stall,58,92,58.5,17.7,2025-10-20 11:18:15
6567,Festival Kachori,41,Street Food,79,139,81.5,5.4,2026-06-07 16:54:09
6568,Spicy Dahi Vada,139,Fine Dining,1448,2333,76.4,9.7,2025-05-26 05:22:22
6569,Homestyle Hyderabadi Biryani,107,Roadside Stall,46,102,81.9,3.9,2025-03-10 10:31:31
6570,Deluxe Macher Jhol,15,Sweet Shop,37,316,79.5,4.3,2026-04-06 01:24:12
6571,Street-side Momos,46,Street Food,34,105,68.5,13.1,2025-09-10 10:39:02
6572,Puran Poli,31,Roadside Stall,47,60,93.7,0,2025-11-20 13:02:43
6573,Roadside Axone,7,Street Food,67,82,72.0,17.8,2026-04-01 19:55:26
6574,Special Litti,86,Street Food,53,79,82.4,3.9,2026-01-08 08:03:58
6575,Masala Dosa,54,Roadside Stall,49,111,69.6,26.4,2025-10-28 05:34:27
6576,Chettinad Chicken,58,Roadside Stall,31,78,52.7,28.3,2025-05-30 03:27:34
6577,Naga Chutney,83,Sweet Shop,48,88,59.2,38.6,2025-01-12 17:00:59
6578,Bamboo Shoot Curry,8,Mid-range Restaurant,221,332,64.9,32.8,2025-01-19 05:45:07
6579,Extra Cheesy Chettinad Chicken,112,Street Food,67,137,86.6,0,2026-02-17 06:55:37
6580,Chettinad Chicken,52,Street Food,53,75,67.1,17.4,2025-09-23 09:36:32
6581,Deluxe Thepla,72,Street Food,84,130,55.2,28.9,2025-09-26 17:14:31
6582,Zan,81,Sweet Shop,105,234,58.0,23.7,2025-07-31 10:41:49
6583,Appam with Stew,5,Sweet Shop,116,167,71.8,13.6,2026-02-03 20:36:29
6584,Classic Momos,90,Fine Dining,628,1871,55.3,51.7,2026-02-20 20:10:06
6585,Pitha,9,Mid-range Restaurant,182,686,74.3,17.4,2025-07-15 07:45:27
6586,Chef's Kadhi Bafla,62,Street Food,42,130,85.3,0,2025-10-23 22:52:12
6587,Lassi,91,Mid-range Restaurant,180,628,55.6,22.5,2026-05-11 22:17:32
6588,Grandma's Rosogolla,137,Sweet Shop,106,369,90.4,0,2026-03-24 19:43:24
6589,Premium Chaat Papdi,40,Local Eatery,169,202,90.5,0,2025-11-04 17:46:27
6590,Festival Thukpa,84,Mid-range Restaurant,200,340,69.3,21.3,2025-02-04 15:07:46
6591,Roadside Goan Fish Curry,30,Fine Dining,1103,2150,88.5,0,2025-01-05 07:16:43
6592,Rasam,116,Sweet Shop,137,308,47.7,55.3,2026-03-13 05:10:22
6593,Filter Coffee,57,Mid-range Restaurant,370,483,56.8,29.4,2025-06-22 02:02:16
6594,Classic Kadhi Bafla,62,Fine Dining,835,1113,82.8,3.8,2026-03-01 08:01:22
6595,Amritsari Kulcha,97,Local Eatery,92,107,86.6,0,2025-02-06 13:09:07
6596,Classic Bamboo Shoot Curry,9,Fine Dining,1359,2053,84.6,0.3,2025-06-27 01:38:35
6597,Street-side Rosogolla,88,Roadside Stall,45,89,40.9,62.0,2026-04-05 06:34:57
6598,Mutton Rogan Josh,126,Roadside Stall,61,87,85.2,0,2025-09-27 01:34:46
6599,Poha Jalebi,21,Mid-range Restaurant,242,308,76.5,11.1,2026-02-18 14:09:05
6600,Special Kadhi Chawal,131,Local Eatery,180,280,62.5,21.2,2025-12-30 18:40:42
6601,Premium Meen Curry,48,Sweet Shop,80,167,38.9,48.1,2025-03-04 12:57:29
6602,Chaat Papdi,94,Mid-range Restaurant,246,633,79.9,3.1,2025-06-20 04:39:17
6603,Festival Bafla,65,Roadside Stall,50,118,72.2,9.9,2025-10-30 06:24:19
6604,Deluxe Golgappa,133,Local Eatery,146,282,87.1,0,2025-07-24 09:39:31
6605,Premium Hyderabadi Biryani,3,Street Food,26,105,52.0,47.0,2025-01-06 18:19:23
6606,Special Payasam,57,Sweet Shop,106,122,71.5,14.2,2026-03-20 13:17:51
6607,Spicy Malai Kofta,120,Fine Dining,1428,1878,61.1,23.1,2025-08-12 15:28:23
6608,Classic Idli Sambar,60,Mid-range Restaurant,395,577,86.4,0,2026-02-04 20:09:40
6609,Festival Aloo Paratha,38,Sweet Shop,166,318,51.2,36.3,2025-06-30 23:17:12
6610,Special Fish Tenga,118,Mid-range Restaurant,413,697,84.6,0.3,2025-06-25 08:00:35
6611,Royal Golgappa,37,Local Eatery,104,201,63.2,27.1,2025-12-04 17:07:10
6612,Spicy Kosha Mangsho,134,Sweet Shop,212,361,69.7,10.1,2025-05-10 13:52:25
6613,Pongal,52,Local Eatery,121,146,64.1,19.1,2025-04-20 05:06:42
6614,Homestyle Kadhi Chawal,123,Mid-range Restaurant,325,616,64.6,16.7,2025-10-12 19:54:14
6615,Bamboo Shoot Curry,13,Local Eatery,75,92,72.1,15.5,2026-05-19 02:07:19
6616,Goan Fish Curry,72,Mid-range Restaurant,197,336,60.3,30.1,2025-05-17 13:38:59
6617,Aloo Paratha,122,Mid-range Restaurant,173,448,77.2,9.3,2025-03-12 18:49:16
6618,Kosha Mangsho,137,Local Eatery,97,116,68.2,27.9,2025-08-10 09:13:00
6619,Traditional Thukpa,105,Mid-range Restaurant,374,480,82.0,2.7,2025-02-15 16:23:39
6620,Classic Lassi,44,Sweet Shop,130,237,63.1,27.6,2025-07-25 22:37:26
6621,Grandma's Prawn Balchao,30,Fine Dining,1180,1416,95.4,0,2025-12-16 14:20:41
6622,Dal Bafla,65,Sweet Shop,78,307,68.5,12.6,2026-05-08 15:03:40
6623,Roadside Amritsari Kulcha,94,Street Food,85,143,84.0,0.8,2025-12-14 19:30:07
6624,Extra Cheesy Puran Poli,72,Fine Dining,857,2057,77.0,10.6,2025-10-16 12:02:15
6625,Meen Curry,5,Local Eatery,120,189,68.5,26.7,2025-06-06 06:39:55
6626,Signature Aloo Paratha,96,Street Food,57,117,60.7,29.1,2026-05-19 23:40:48
6627,Classic Dahi Vada,15,Street Food,52,83,81.0,6.6,2025-11-01 21:36:29
6628,Traditional Hyderabadi Biryani,56,Local Eatery,111,212,78.2,11.8,2026-01-22 03:51:47
6629,Sol Kadhi,73,Roadside Stall,27,87,67.6,15.2,2025-04-22 15:18:04
6630,Homestyle Misal Pav,26,Mid-range Restaurant,173,353,87.4,0,2025-12-21 06:12:29
6631,Bebinca,72,Sweet Shop,179,241,61.9,40.1,2026-06-21 19:39:38
6632,Sarson da Saag,101,Roadside Stall,27,83,59.4,37.2,2025-09-18 22:50:09
6633,Dal Makhani,100,Mid-range Restaurant,226,596,82.2,2.1,2025-11-18 07:27:53
6634,Village-style Thukpa,117,Sweet Shop,70,289,79.7,3.6,2025-06-11 23:10:28
6635,Quick-bite Uttapam,111,Fine Dining,949,1407,57.5,21.2,2026-06-30 04:51:34
6636,Fish Tenga,118,Roadside Stall,32,50,63.4,25.6,2025-05-19 11:40:07
6637,Roadside Chak-hao Kheer,7,Local Eatery,116,225,74.9,17.5,2026-04-10 15:20:55
6638,Spicy Goan Fish Curry,26,Fine Dining,653,2285,82.7,2.1,2025-11-14 23:37:58
6639,Local Favourite Chak-hao Kheer,13,Street Food,79,126,72.9,21.0,2025-06-11 09:34:08
6640,Idiyappam,56,Fine Dining,1012,2026,80.4,6.4,2025-10-11 11:50:29
6641,Premium Puttu Kadala,108,Street Food,84,123,73.7,17.0,2025-10-26 06:55:48
6642,Quick-bite Litti Chokha,37,Fine Dining,725,1407,79.9,3.8,2025-02-07 04:21:40
6643,Chef's Chaat Papdi,91,Fine Dining,1035,1747,82.3,1.6,2026-04-27 17:40:52
6644,Sol Kadhi,76,Fine Dining,1275,2498,56.1,25.5,2026-05-18 21:21:49
6645,Royal Chak-hao Kheer,103,Fine Dining,1385,1710,87.2,0,2026-04-19 10:43:24
6646,Extra Cheesy Naga Chutney,11,Local Eatery,132,242,73.2,19.6,2025-06-30 10:50:42
6647,Meen Curry,110,Local Eatery,139,245,67.3,29.0,2025-04-10 11:41:18
6648,Local Favourite Aloo Paratha,122,Fine Dining,869,1632,40.5,27.2,2026-03-11 02:28:21
6649,Pav Bhaji,71,Local Eatery,159,297,74.4,7.6,2025-12-23 20:37:00
6650,Bamboo Shoot Curry,82,Street Food,80,128,40.7,53.0,2026-05-14 03:44:13
6651,Local Favourite Malai Kofta,129,Roadside Stall,26,83,68.5,11.3,2025-11-28 04:31:33
6652,Family Recipe Poha Jalebi,67,Street Food,36,117,43.4,33.5,2025-05-20 10:48:03
6653,Local Favourite Jadoh,78,Sweet Shop,135,311,50.8,49.2,2025-10-07 03:46:43
6654,Vada Sambar,111,Fine Dining,863,1892,82.7,2.2,2025-06-19 15:07:55
6655,Momos,136,Local Eatery,85,267,79.6,5.0,2026-04-29 14:38:05
6656,Dhokla,31,Street Food,78,113,80.8,5.4,2025-10-11 18:34:10
6657,Deluxe Rasam,115,Local Eatery,167,217,74.2,18.9,2025-02-12 22:32:12
6658,Classic Momos,117,Local Eatery,66,268,76.0,10.1,2025-10-29 16:24:15
6659,Authentic Chak-hao Kheer,84,Fine Dining,970,2448,75.1,8.9,2026-01-02 02:08:59
6660,Bhel Puri,29,Street Food,74,136,73.3,13.9,2025-03-30 22:26:14
6661,Momos,12,Roadside Stall,45,115,68.0,29.4,2025-02-06 02:28:53
6662,Family Recipe Bamboo Shoot Curry,14,Sweet Shop,93,323,63.9,16.0,2026-02-02 09:23:45
6663,Traditional Paneer Tikka,43,Local Eatery,78,95,75.4,6.9,2025-07-21 21:21:03
6664,Local Favourite Litti,87,Sweet Shop,57,142,79.9,8.5,2025-05-12 13:00:04
6665,Homestyle Sarson da Saag,93,Street Food,30,64,74.3,11.6,2025-07-22 17:05:26
6666,Litti Chokha,90,Street Food,76,135,64.4,30.1,2026-03-12 08:26:34
6667,Mysore Pak,57,Mid-range Restaurant,163,353,68.2,20.4,2026-04-24 09:46:39
6668,Signature Mutton Rogan Josh,124,Sweet Shop,199,394,57.8,45.7,2025-08-11 17:31:24
6669,Local Favourite Masala Dosa,51,Local Eatery,163,218,72.2,22.2,2026-02-15 12:49:12
6670,Street-side Sol Kadhi,75,Roadside Stall,67,78,68.5,21.3,2026-03-01 23:57:09
6671,Quick-bite Bhel Puri,30,Fine Dining,573,705,61.4,30.5,2026-01-20 10:26:38
6672,Royal Modak,25,Fine Dining,759,1637,73.3,15.6,2025-10-27 00:49:14
6673,Extra Cheesy Pitha,137,Roadside Stall,16,50,75.3,7.5,2025-12-24 18:19:32
6674,Classic Chole Bhature,124,Sweet Shop,168,368,71.8,9.1,2026-06-22 23:19:30
6675,Lassi,130,Mid-range Restaurant,242,680,74.6,14.2,2025-02-11 19:29:51
6676,Kothu Parotta,59,Fine Dining,707,1192,89.5,0,2025-01-24 17:04:39
6677,Bhutte ka Kees,65,Local Eatery,81,258,87.2,0,2025-11-21 13:05:35
6678,Deluxe Fish Tenga,80,Street Food,53,80,89.5,0,2025-01-11 21:38:37
6679,Pitha,9,Mid-range Restaurant,342,441,78.4,9.5,2025-06-23 08:43:39
6680,Village-style Kadhi Bafla,67,Local Eatery,98,150,86.6,0,2025-08-10 03:39:58
6681,Local Favourite Rava Kesari,113,Fine Dining,724,1080,78.6,4.5,2026-05-03 20:04:38
6682,Bhutte ka Kees,65,Street Food,78,147,57.7,19.2,2025-08-06 08:20:44
6683,Hyderabadi Biryani,58,Fine Dining,1086,1411,61.2,27.8,2026-06-25 06:41:37
6684,Extra Cheesy Thukpa,103,Local Eatery,101,273,79.0,8.7,2025-01-31 08:39:51
6685,Shorshe Ilish,86,Street Food,77,106,71.4,12.6,2025-10-31 16:54:46
6686,Roadside Lassi,126,Local Eatery,109,168,79.2,3.5,2026-06-03 20:20:13
6687,Bebinca,27,Roadside Stall,56,114,74.6,7.9,2026-01-27 18:25:51
6688,Quick-bite Idli Sambar,52,Street Food,48,84,85.6,0,2026-06-03 13:22:48
6689,Street-side Chak-hao Kheer,83,Roadside Stall,41,53,71.7,17.9,2025-05-31 13:44:44
6690,Authentic Smoked Pork,9,Local Eatery,158,238,65.1,15.2,2025-10-14 17:29:32
6691,Khandvi,30,Local Eatery,128,223,65.0,21.2,2026-05-01 00:33:27
6692,Bhutte ka Kees,62,Street Food,39,109,72.3,10.6,2025-08-18 20:35:19
6693,Chingri Malai Curry,137,Mid-range Restaurant,350,408,54.0,49.9,2025-11-14 01:57:09
6694,Aloo Posto,90,Street Food,24,123,83.1,2.9,2025-06-14 16:51:03
6695,Royal Chila,21,Fine Dining,983,2461,73.7,11.4,2025-12-11 13:55:41
6696,Roadside Thepla,27,Local Eatery,137,184,76.4,12.2,2026-02-08 15:16:44
6697,Roadside Rosogolla,18,Local Eatery,130,223,76.2,8.0,2026-04-27 13:40:29
6698,Grandma's Axone,103,Mid-range Restaurant,172,695,64.6,18.6,2026-02-07 01:54:54
6699,Dahi Vada,86,Sweet Shop,207,228,67.4,11.6,2025-07-06 15:39:45
6700,Village-style Nihari,122,Roadside Stall,52,98,63.0,30.1,2026-02-28 02:18:02
6701,Chak-hao Kheer,78,Fine Dining,539,848,81.7,4.3,2025-01-28 03:24:07
6702,Street-side Kadhi Chawal,94,Sweet Shop,63,126,92.5,0,2026-04-25 15:00:52
6703,Chettinad Chicken,5,Fine Dining,976,2007,57.9,33.6,2026-01-26 15:55:34
6704,Traditional Puran Poli,24,Roadside Stall,29,65,58.4,28.3,2025-12-28 03:01:56
6705,Grandma's Idli Sambar,115,Fine Dining,1092,1381,65.9,23.9,2025-03-20 13:08:40
6706,Chaat Papdi,37,Local Eatery,78,183,59.4,23.0,2026-06-30 20:12:55
6707,Festival Nihari,92,Mid-range Restaurant,158,479,80.5,5.0,2026-01-13 15:50:03
6708,Authentic Dhokla,71,Sweet Shop,58,113,80.1,7.4,2025-09-11 06:04:07
6709,Roadside Fish Tenga,78,Roadside Stall,63,95,41.5,61.5,2025-11-13 14:54:00
6710,Special Rosogolla,19,Roadside Stall,20,30,71.6,12.0,2026-01-10 09:36:56
6711,Traditional Golgappa,125,Roadside Stall,55,105,65.1,14.2,2025-08-24 18:10:18
6712,Extra Cheesy Butter Chicken,101,Fine Dining,676,802,63.9,18.8,2025-05-19 06:32:08
6713,Deluxe Momos,77,Street Food,33,63,49.3,45.2,2025-11-26 21:49:31
6714,Chef's Rava Kesari,53,Mid-range Restaurant,322,518,83.1,1.3,2026-04-12 02:28:25
6715,Traditional Bisi Bele Bath,5,Local Eatery,127,248,73.1,13.2,2025-12-22 03:14:15
6716,Local Favourite Curd Rice,113,Roadside Stall,66,108,81.0,3.4,2025-07-08 00:39:58
6717,Street-side Hyderabadi Biryani,53,Roadside Stall,62,78,68.2,27.0,2025-05-29 00:57:57
6718,Village-style Poha Jalebi,22,Street Food,28,134,63.7,15.7,2026-02-05 03:22:03
6719,Family Recipe Chole Bhature,121,Local Eatery,173,262,53.7,48.8,2025-12-25 12:05:46
6720,Traditional Chhena Poda,138,Sweet Shop,129,282,55.7,44.7,2026-01-30 16:56:29
6721,Traditional Dal Makhani,133,Mid-range Restaurant,251,580,68.4,21.3,2026-05-02 19:43:03
6722,Pitha,79,Fine Dining,718,1032,61.0,18.9,2026-04-05 08:08:32
6723,Special Dal Makhani,43,Local Eatery,99,110,88.4,0,2025-11-09 22:36:28
6724,Homestyle Misal Pav,74,Roadside Stall,67,86,87.4,0,2025-10-16 02:21:50
6725,Axone,7,Sweet Shop,164,216,67.2,30.0,2025-11-30 14:11:28
6726,Thepla,25,Sweet Shop,163,345,80.3,3.7,2025-09-21 06:48:06
6727,Bamboo Shoot Curry,13,Local Eatery,70,233,69.6,18.0,2025-02-06 21:57:07
6728,Deluxe Pitha,77,Local Eatery,94,131,63.0,31.5,2025-11-20 12:00:23
6729,Authentic Smoked Pork,81,Fine Dining,556,1091,68.1,15.1,2025-01-22 00:36:51
6730,Deluxe Chettinad Chicken,113,Fine Dining,1414,2216,92.0,0,2025-10-05 05:45:34
6731,Uttapam,56,Fine Dining,1274,2367,58.8,24.6,2025-10-20 05:45:09
6732,Signature Aloo Paratha,98,Fine Dining,1432,1821,63.8,31.7,2025-07-19 13:29:53
6733,Village-style Golgappa,44,Sweet Shop,48,148,84.1,1.3,2026-05-13 10:32:29
6734,Filter Coffee,106,Roadside Stall,24,88,92.4,0,2026-03-30 00:02:29
6735,Premium Chaat Papdi,119,Mid-range Restaurant,408,455,74.7,14.7,2025-01-29 21:09:45
6736,Festival Pitha,105,Fine Dining,855,1687,91.2,0,2025-08-17 14:06:38
6737,Spicy Naga Chutney,10,Local Eatery,78,170,81.8,5.5,2026-01-26 22:25:24
6738,Special Bhel Puri,69,Local Eatery,95,222,49.2,61.9,2025-09-27 20:16:21
6739,Tandoori Roti,101,Mid-range Restaurant,185,671,57.2,27.9,2025-03-28 02:19:49
6740,Village-style Paneer Tikka,91,Fine Dining,1013,1885,85.7,0,2026-01-11 12:23:22
6741,Filter Coffee,2,Fine Dining,641,684,86.0,0,2025-07-05 22:42:32
6742,Authentic Vada Sambar,50,Street Food,71,128,80.9,5.8,2025-02-26 01:06:39
6743,Festival Meen Curry,54,Fine Dining,1206,1497,89.1,0,2025-06-25 10:19:14
6744,Family Recipe Rajma Chawal,94,Street Food,59,115,73.4,14.8,2025-11-19 19:13:37
6745,Idiyappam,57,Mid-range Restaurant,220,378,82.8,1.4,2025-01-31 08:53:26
6746,Sandesh,15,Sweet Shop,35,249,76.7,12.6,2025-01-10 20:25:23
6747,Village-style Malai Kofta,96,Mid-range Restaurant,230,568,61.6,30.3,2026-05-23 03:49:20
6748,Rajma Chawal,129,Sweet Shop,160,233,56.0,50.4,2026-01-15 21:43:45
6749,Royal Litti Chokha,15,Roadside Stall,62,96,68.0,23.8,2025-02-03 15:48:31
6750,Malai Kofta,42,Sweet Shop,76,354,85.6,0,2026-04-23 08:09:10
6751,Litti Chokha,130,Sweet Shop,180,359,84.4,1.0,2026-01-10 13:22:18
6752,Bebinca,29,Sweet Shop,171,359,57.6,29.1,2025-03-09 08:37:22
6753,Traditional Aloo Posto,18,Local Eatery,108,217,80.7,7.0,2025-08-26 08:54:24
6754,Chef's Khandvi,73,Sweet Shop,102,229,46.9,36.3,2025-04-21 01:35:33
6755,Rasam,111,Mid-range Restaurant,324,536,69.3,27.7,2025-02-20 02:50:37
6756,Bebinca,28,Fine Dining,1075,2406,49.5,38.7,2025-01-03 14:28:06
6757,Street-side Kadhi Chawal,99,Roadside Stall,46,110,68.6,24.8,2025-03-01 03:20:33
6758,Malai Kofta,121,Roadside Stall,39,61,85.0,0,2026-05-04 01:19:58
6759,Homestyle Aloo Paratha,121,Roadside Stall,61,72,55.1,39.4,2026-06-28 14:27:31
6760,Chef's Golgappa,35,Roadside Stall,54,91,76.1,14.6,2025-08-25 17:32:15
6761,Authentic Mutton Rogan Josh,102,Mid-range Restaurant,340,684,67.6,22.0,2026-06-23 01:03:54
6762,Sandesh,138,Fine Dining,1075,1690,83.2,2.9,2026-06-19 20:29:07
6763,Village-style Vada Sambar,6,Mid-range Restaurant,341,589,86.3,0,2025-09-27 17:26:20
6764,Pork with Bamboo Shoot,117,Mid-range Restaurant,367,608,74.6,13.7,2025-12-31 03:27:09
6765,Special Bhel Puri,34,Fine Dining,585,980,76.9,6.1,2026-05-03 02:15:42
6766,Chettinad Chicken,59,Fine Dining,720,1948,86.5,0,2026-05-06 15:45:56
6767,Premium Bebinca,73,Roadside Stall,43,103,72.7,17.4,2025-10-25 18:46:15
6768,Kachori,94,Fine Dining,611,1713,81.7,2.3,2026-01-10 15:39:35
6769,Roadside Aloo Paratha,92,Fine Dining,610,1917,74.4,14.5,2025-12-09 16:18:19
6770,Macher Jhol,89,Mid-range Restaurant,364,485,83.0,1.9,2025-08-05 23:13:49
6771,Street-side Shorshe Ilish,15,Street Food,32,91,82.7,3.8,2025-12-03 13:21:01
6772,Payasam,107,Local Eatery,158,284,81.7,4.0,2025-07-05 13:24:40
6773,Family Recipe Chettinad Chicken,55,Local Eatery,122,183,48.3,40.2,2026-02-06 06:15:05
6774,Chef's Sandesh,45,Roadside Stall,19,45,86.1,0,2026-01-03 04:14:52
6775,Spicy Chettinad Chicken,115,Mid-range Restaurant,366,675,50.3,33.4,2025-12-31 00:54:33
6776,Uttapam,4,Roadside Stall,28,113,80.2,4.4,2025-10-05 02:39:43
6777,Local Favourite Pav Bhaji,75,Street Food,82,135,52.1,21.4,2025-12-02 04:13:28
6778,Family Recipe Mutton Rogan Josh,101,Local Eatery,66,84,61.6,24.6,2026-06-24 18:23:09
6779,Litti Chokha,131,Mid-range Restaurant,243,329,55.3,22.3,2025-02-10 14:01:48
6780,Vada Sambar,5,Roadside Stall,45,112,63.8,15.7,2025-07-31 09:02:25
6781,Special Chole Bhature,35,Street Food,46,92,89.7,0,2025-10-22 00:58:59
6782,Dal Makhani,120,Street Food,55,119,68.6,29.4,2026-05-14 16:06:16
6783,Festival Fish Tenga,8,Fine Dining,1125,1929,54.6,21.2,2025-12-03 21:48:27
6784,Authentic Amritsari Kulcha,124,Mid-range Restaurant,349,534,72.1,22.9,2025-11-05 13:09:51
6785,Malai Kofta,94,Sweet Shop,191,385,51.1,47.6,2025-10-06 00:57:26
6786,Traditional Prawn Balchao,27,Fine Dining,1219,1564,56.3,50.3,2025-01-30 22:11:11
6787,Homestyle Rajma Chawal,97,Local Eatery,169,181,78.9,6.3,2026-03-20 09:41:48
6788,Premium Aloo Paratha,98,Fine Dining,1063,1470,86.4,0,2025-02-25 18:50:03
6789,Misal Pav,69,Roadside Stall,24,67,78.4,6.4,2025-12-30 19:55:07
6790,Deluxe Pork with Bamboo Shoot,78,Street Food,79,141,66.6,20.5,2025-10-27 10:27:32
6791,Premium Prawn Balchao,23,Street Food,48,79,94.1,0,2025-05-21 06:09:43
6792,Butter Chicken,96,Roadside Stall,45,104,49.9,53.2,2025-04-15 13:23:58
6793,Misal Pav,27,Roadside Stall,60,70,92.2,0,2025-10-21 23:30:44
6794,Chole Bhature,122,Sweet Shop,59,386,59.7,31.1,2025-06-16 04:35:44
6795,Homestyle Dahi Vada,16,Sweet Shop,160,192,67.7,29.0,2025-05-25 22:55:27
6796,Homestyle Sabudana Khichdi,22,Street Food,31,112,66.5,12.5,2025-09-29 16:47:11
6797,Traditional Golgappa,41,Roadside Stall,43,103,65.8,21.0,2025-05-25 05:24:32
6798,Royal Bisi Bele Bath,48,Fine Dining,1446,2142,79.5,7.9,2026-02-06 00:33:25
6799,Street-side Thukpa,80,Sweet Shop,175,275,82.3,3.5,2026-04-15 11:40:52
6800,Family Recipe Chettinad Chicken,48,Local Eatery,148,227,61.3,38.6,2025-01-22 06:21:00
6801,Smoked Pork,103,Roadside Stall,55,76,78.3,5.1,2026-04-04 23:52:43
6802,Litti Chokha,126,Fine Dining,567,1706,57.6,47.3,2025-05-11 12:04:04
6803,Chhena Poda,90,Street Food,57,95,56.9,19.4,2025-03-30 19:58:10
6804,Roadside Dal Makhani,124,Sweet Shop,45,231,49.4,28.8,2026-02-14 11:10:50
6805,Spicy Naga Chutney,10,Fine Dining,1462,1476,72.8,20.8,2025-06-05 03:09:12
6806,Momos,88,Fine Dining,1382,1793,55.1,27.5,2025-02-16 05:14:28
6807,Chaat Papdi,92,Fine Dining,872,2046,80.8,5.4,2025-09-03 09:21:07
6808,Butter Chicken,123,Fine Dining,1362,1693,75.4,13.8,2025-12-01 08:24:17
6809,Chhena Poda,138,Street Food,76,104,87.6,0,2025-06-27 00:28:21
6810,Chole Bhature,123,Sweet Shop,48,254,71.4,14.5,2026-06-21 04:44:07
6811,Signature Dal Makhani,122,Local Eatery,153,237,49.7,54.5,2025-11-21 12:46:14
6812,Homestyle Amritsari Kulcha,42,Street Food,46,79,42.1,66.1,2026-03-26 11:44:09
6813,Undhiyu,23,Roadside Stall,30,108,82.4,4.4,2025-02-21 15:26:20
6814,Chak-hao Kheer,85,Sweet Shop,47,321,75.1,8.7,2026-01-10 04:40:47
6815,Traditional Uttapam,60,Local Eatery,132,280,72.5,19.7,2026-02-15 23:43:27
6816,Special Rasam,116,Sweet Shop,40,204,54.5,26.8,2025-12-31 07:22:40
6817,Naga Chutney,103,Street Food,21,125,89.2,0,2025-12-23 10:29:08
6818,Rava Kesari,110,Fine Dining,1254,1334,75.5,11.0,2025-10-14 00:43:23
6819,Mutton Rogan Josh,39,Roadside Stall,54,68,57.6,33.7,2025-08-28 12:04:29
6820,Momos,18,Fine Dining,1142,2480,61.6,29.1,2026-05-16 07:26:43
6821,Chhena Poda,86,Mid-range Restaurant,279,432,89.7,0,2025-06-09 08:49:51
6822,Street-side Bafla,67,Sweet Shop,172,349,72.0,13.5,2025-09-15 07:59:50
6823,Village-style Rosogolla,17,Local Eatery,141,177,69.7,27.5,2026-02-11 10:34:17
6824,Festival Bisi Bele Bath,116,Street Food,63,150,83.6,2.2,2026-04-08 10:31:56
6825,Rava Kesari,111,Roadside Stall,62,100,77.9,11.3,2025-09-21 01:59:37
6826,Kadhi Bafla,65,Mid-range Restaurant,270,541,80.6,5.5,2025-12-16 11:36:25
6827,Traditional Idiyappam,112,Local Eatery,95,225,72.7,19.3,2025-03-28 23:16:32
6828,Spicy Filter Coffee,3,Roadside Stall,48,94,85.2,0,2025-08-10 08:03:27
6829,Chef's Kothu Parotta,108,Roadside Stall,59,74,82.4,4.3,2026-06-25 11:22:46
6830,Special Litti,89,Roadside Stall,22,110,42.2,28.1,2025-07-30 10:09:55
6831,Royal Puran Poli,72,Fine Dining,795,1984,85.3,0,2025-01-20 09:36:10
6832,Kachori,98,Roadside Stall,15,39,71.0,13.0,2026-02-07 00:40:51
6833,Classic Dhokla,76,Fine Dining,1363,2323,53.0,27.6,2025-10-25 06:29:33
6834,Prawn Balchao,76,Sweet Shop,178,194,81.0,4.7,2025-05-30 14:49:24
6835,Quick-bite Pitha,88,Local Eatery,152,231,91.2,0,2026-04-13 22:48:15
6836,Traditional Amritsari Kulcha,93,Street Food,72,129,87.2,0,2025-07-10 01:31:17
6837,Spicy Sandesh,47,Mid-range Restaurant,332,405,68.7,19.5,2026-02-06 04:07:58
6838,Signature Meen Curry,50,Local Eatery,157,180,63.9,36.1,2026-01-22 13:57:14
6839,Village-style Bhel Puri,31,Mid-range Restaurant,222,470,84.1,1.3,2026-05-01 02:32:18
6840,Spicy Pesarattu,109,Mid-range Restaurant,334,455,81.7,5.4,2025-05-07 02:01:12
6841,Sandesh,134,Mid-range Restaurant,399,630,89.0,0,2025-10-16 03:20:58
6842,Deluxe Kolhapuri Mutton,69,Fine Dining,1030,2256,75.0,9.6,2025-09-22 03:18:22
6843,Village-style Chettinad Chicken,56,Roadside Stall,29,39,85.1,0,2025-01-24 09:02:01
6844,Festival Macher Jhol,19,Street Food,44,126,73.4,9.6,2025-01-14 06:29:34
6845,Chole Bhature,43,Fine Dining,1142,2476,65.4,32.6,2025-05-08 16:14:16
6846,Idiyappam,52,Fine Dining,1251,1358,49.4,56.5,2025-02-24 06:24:17
6847,Kolhapuri Mutton,28,Sweet Shop,140,323,62.1,15.4,2025-11-17 20:53:27
6848,Pitha,86,Mid-range Restaurant,188,460,82.9,1.4,2026-05-16 06:24:28
6849,Traditional Golgappa,127,Local Eatery,163,203,72.3,15.7,2026-04-02 02:00:18
6850,Special Jadoh,118,Local Eatery,81,225,64.1,22.7,2025-06-23 15:30:57
6851,Mysore Pak,59,Sweet Shop,31,135,59.6,19.7,2025-03-14 00:56:58
6852,Royal Paneer Tikka,128,Roadside Stall,26,104,74.4,9.5,2026-06-29 01:51:45
6853,Homestyle Thukpa,83,Street Food,22,77,86.8,0,2025-07-26 00:33:42
6854,Quick-bite Fish Tenga,118,Street Food,62,120,54.5,54.1,2025-06-18 11:53:35
6855,Roadside Bebinca,10,Sweet Shop,211,336,68.1,20.6,2025-09-19 13:29:12
6856,Thepla,69,Fine Dining,1317,1887,64.7,16.0,2025-09-09 19:33:02
6857,Chila,67,Fine Dining,712,1230,59.4,15.7,2025-06-22 23:55:44
6858,Extra Cheesy Bisi Bele Bath,2,Sweet Shop,133,220,60.3,44.4,2025-05-18 03:59:12
6859,Aloo Paratha,94,Local Eatery,141,285,82.4,4.1,2026-04-06 13:50:12
6860,Homestyle Vada Pav,74,Local Eatery,135,233,54.1,36.6,2026-01-26 10:43:24
6861,Bhel Puri,27,Mid-range Restaurant,200,365,67.4,19.3,2025-11-21 08:42:39
6862,Street-side Rasam,61,Sweet Shop,96,226,76.6,9.8,2025-12-21 03:19:29
6863,Roadside Rajma Chawal,95,Local Eatery,170,221,65.9,17.5,2025-05-09 10:25:31
6864,Dhokla,33,Mid-range Restaurant,384,601,67.4,11.8,2026-01-14 05:34:54
6865,Quick-bite Chak-hao Kheer,79,Street Food,39,97,52.1,28.7,2026-03-07 23:46:12
6866,Royal Puran Poli,26,Roadside Stall,65,98,76.1,15.2,2025-02-14 01:17:45
6867,Sandesh,15,Fine Dining,843,1743,39.6,40.9,2026-03-14 10:26:35
6868,Roadside Sarson da Saag,95,Mid-range Restaurant,343,642,83.1,3.3,2025-10-08 01:16:11
6869,Special Kachori,95,Mid-range Restaurant,158,214,93.5,0,2025-09-12 15:41:14
6870,Premium Dal Makhani,35,Mid-range Restaurant,162,263,66.1,22.3,2025-05-09 03:45:51
6871,Homestyle Dhokla,70,Sweet Shop,57,302,54.2,25.3,2026-04-05 21:31:23
6872,Roadside Pork with Bamboo Shoot,77,Street Food,37,85,91.4,0,2026-06-07 21:38:32
6873,Chaat Papdi,93,Fine Dining,716,1317,52.3,47.7,2025-12-13 08:16:39
6874,Tandoori Roti,39,Fine Dining,731,1386,71.5,18.4,2025-10-31 01:45:13
6875,Extra Cheesy Pitha,18,Roadside Stall,46,102,58.8,43.0,2026-06-15 07:04:10
6876,Classic Dal Makhani,94,Local Eatery,163,254,64.6,30.3,2026-03-20 03:39:42
6877,Classic Macher Jhol,88,Mid-range Restaurant,277,502,88.6,0,2026-03-02 08:04:08
6878,Deluxe Paneer Tikka,127,Roadside Stall,47,94,73.9,12.0,2025-01-26 07:19:12
6879,Bisi Bele Bath,110,Mid-range Restaurant,303,690,55.4,44.3,2026-06-21 04:59:52
6880,Local Favourite Bebinca,13,Local Eatery,159,296,65.0,23.7,2026-06-15 10:15:16
6881,Thukpa,13,Street Food,20,141,69.1,20.5,2026-02-09 08:21:04
6882,Roadside Puran Poli,74,Sweet Shop,112,214,91.7,0,2025-09-25 04:18:16
6883,Kadhi Bafla,62,Mid-range Restaurant,392,612,79.4,9.3,2026-04-18 10:41:15
6884,Festival Litti Chokha,91,Mid-range Restaurant,177,550,51.3,41.5,2025-08-03 17:24:02
6885,Family Recipe Momos,79,Mid-range Restaurant,284,618,71.4,9.0,2025-08-03 07:43:38
6886,Classic Dahi Vada,46,Sweet Shop,81,310,74.5,11.1,2025-06-24 16:48:04
6887,Momos,77,Street Food,23,67,65.6,29.2,2026-02-08 13:09:38
6888,Deluxe Fish Tenga,11,Fine Dining,868,1262,87.2,0,2025-06-15 09:47:57
6889,Spicy Payasam,6,Fine Dining,1433,1847,64.0,15.7,2025-10-20 00:16:23
6890,Classic Axone,14,Local Eatery,168,270,74.5,9.6,2025-09-19 07:29:20
6891,Thepla,76,Local Eatery,84,114,75.3,13.1,2025-06-14 08:44:17
6892,Dalma,19,Sweet Shop,41,335,53.4,44.8,2025-02-01 14:33:27
6893,Signature Idiyappam,56,Sweet Shop,170,186,86.1,0,2026-01-23 22:44:07
6894,Amritsari Kulcha,133,Roadside Stall,64,102,87.8,0,2025-11-20 08:38:21
6895,Kachori,99,Mid-range Restaurant,252,683,58.1,19.0,2025-09-06 21:29:38
6896,Festival Bebinca,9,Roadside Stall,19,113,57.1,21.4,2025-08-16 21:34:03
6897,Roadside Thukpa,12,Mid-range Restaurant,252,567,60.0,26.3,2026-04-28 20:41:55
6898,Roadside Nihari,133,Local Eatery,125,207,60.9,23.6,2025-06-16 17:47:40
6899,Dal Makhani,125,Street Food,31,145,87.6,0,2026-06-02 09:59:12
6900,Deluxe Nihari,95,Local Eatery,170,182,44.8,32.9,2025-06-24 11:33:20
6901,Homestyle Bamboo Shoot Curry,10,Sweet Shop,185,229,67.1,22.3,2025-11-06 15:16:00
6902,Royal Kosha Mangsho,16,Roadside Stall,37,88,78.2,7.0,2025-02-08 07:22:57
6903,Festival Macher Jhol,89,Sweet Shop,149,376,77.8,7.6,2025-03-13 05:08:16
6904,Bamboo Shoot Curry,78,Local Eatery,97,185,59.8,30.1,2025-01-03 09:47:44
6905,Special Bhutte ka Kees,66,Street Food,26,116,86.1,0,2025-11-02 06:35:05
6906,Royal Khandvi,71,Mid-range Restaurant,394,536,84.0,1.8,2026-04-06 07:37:01
6907,Roadside Litti Chokha,92,Local Eatery,122,218,80.1,3.5,2026-01-15 07:13:22
6908,Rosogolla,18,Fine Dining,679,1422,68.3,17.7,2025-06-11 20:19:41
6909,Roadside Tandoori Roti,128,Mid-range Restaurant,187,513,47.8,56.2,2025-01-25 01:30:20
6910,Roadside Bamboo Shoot Curry,7,Street Food,36,103,70.4,22.6,2025-10-30 05:40:04
6911,Paneer Tikka,102,Mid-range Restaurant,391,679,70.8,13.6,2025-03-17 10:50:48
6912,Village-style Goan Fish Curry,34,Mid-range Restaurant,239,296,71.2,20.4,2026-01-13 17:23:23
6913,Dal Bafla,65,Roadside Stall,31,48,77.3,12.8,2026-01-03 06:33:37
6914,Spicy Thepla,23,Fine Dining,571,1872,68.6,29.0,2026-04-02 20:27:55
6915,Authentic Rajma Chawal,129,Local Eatery,148,293,78.2,5.1,2026-04-07 17:07:42
6916,Deluxe Thukpa,79,Mid-range Restaurant,151,637,60.5,37.2,2025-06-02 00:16:39
6917,Village-style Bebinca,12,Local Eatery,169,296,72.3,18.4,2025-05-12 23:51:26
6918,Signature Paneer Tikka,93,Roadside Stall,43,82,62.4,38.2,2025-10-30 19:52:48
6919,Local Favourite Rava Kesari,54,Mid-range Restaurant,371,554,74.2,9.7,2025-03-06 12:35:42
6920,Grandma's Uttapam,4,Local Eatery,152,180,92.8,0,2025-03-14 10:54:01
6921,Quick-bite Chhena Poda,90,Roadside Stall,49,63,56.1,32.1,2026-03-12 15:51:50
6922,Local Favourite Shorshe Ilish,135,Sweet Shop,171,225,60.1,22.0,2025-10-16 12:05:26
6923,Pav Bhaji,26,Mid-range Restaurant,234,332,64.6,18.7,2026-06-14 23:59:04
6924,Extra Cheesy Puran Poli,74,Street Food,80,115,73.5,8.3,2025-03-09 06:51:52
6925,Roadside Chettinad Chicken,55,Fine Dining,692,818,72.2,12.2,2025-08-04 11:05:14
6926,Extra Cheesy Momos,47,Mid-range Restaurant,325,683,62.2,36.4,2025-10-18 13:42:46
6927,Sol Kadhi,32,Local Eatery,60,87,68.2,24.1,2025-07-23 16:15:56
6928,Local Favourite Chaat Papdi,130,Roadside Stall,20,77,79.8,3.6,2025-10-31 16:34:53
6929,Lassi,91,Local Eatery,160,269,61.1,16.5,2025-06-18 07:08:53
6930,Royal Idli Sambar,112,Street Food,58,129,87.4,0,2025-05-15 19:14:01
6931,Deluxe Khandvi,33,Street Food,71,121,49.8,33.0,2025-08-14 17:04:43
6932,Bhel Puri,26,Mid-range Restaurant,155,193,72.5,18.4,2026-02-07 03:09:08
6933,Payasam,4,Street Food,79,137,75.8,13.2,2026-06-25 15:28:30
6934,Premium Fish Tenga,10,Roadside Stall,65,112,69.0,23.8,2026-06-25 03:42:05
6935,Royal Sabudana Khichdi,21,Fine Dining,522,2265,77.4,9.3,2026-02-08 08:51:28
6936,Malpua,20,Sweet Shop,179,363,53.1,51.6,2025-02-22 07:19:12
6937,Spicy Pesarattu,109,Sweet Shop,177,321,86.7,0,2026-03-01 17:37:35
6938,Aloo Posto,137,Roadside Stall,26,38,58.4,33.7,2025-10-13 13:54:01
6939,Grandma's Nihari,38,Mid-range Restaurant,180,223,85.2,0,2025-08-13 01:05:50
6940,Homestyle Malpua,22,Roadside Stall,50,81,50.6,43.1,2026-05-13 21:34:32
6941,Pav Bhaji,24,Fine Dining,1364,2469,71.4,12.6,2025-02-13 04:49:00
6942,Thukpa,83,Fine Dining,1385,2237,70.0,17.2,2025-03-19 18:33:11
6943,Deluxe Lassi,98,Local Eatery,72,282,92.2,0,2025-08-12 02:18:36
6944,Festival Vada Sambar,48,Sweet Shop,201,308,74.9,10.2,2025-03-15 20:35:27
6945,Grandma's Payasam,57,Street Food,33,97,73.5,10.9,2025-02-21 01:11:00
6946,Dal Makhani,38,Street Food,42,80,72.5,14.2,2026-02-21 08:30:04
6947,Chef's Idli Sambar,49,Mid-range Restaurant,388,598,89.9,0,2025-01-03 00:44:54
6948,Spicy Dal Makhani,102,Roadside Stall,25,54,65.8,33.4,2025-10-05 06:03:30
6949,Spicy Rasam,52,Street Food,66,101,57.2,31.5,2025-12-08 07:02:04
6950,Spicy Chole Bhature,35,Mid-range Restaurant,290,597,76.9,8.4,2026-03-25 10:56:41
6951,Homestyle Tandoori Roti,128,Mid-range Restaurant,273,524,81.2,4.0,2026-06-20 03:52:29
6952,Village-style Pitha,16,Sweet Shop,132,213,74.1,13.3,2025-12-10 09:58:40
6953,Jadoh,14,Fine Dining,652,1857,63.4,24.5,2026-04-27 15:36:17
6954,Bhutte ka Kees,22,Local Eatery,117,284,72.6,21.4,2025-01-28 17:46:32
6955,Extra Cheesy Bebinca,69,Local Eatery,148,293,89.1,0,2025-05-12 01:45:18
6956,Extra Cheesy Kothu Parotta,55,Fine Dining,502,2082,74.0,18.2,2026-01-05 18:58:57
6957,Thukpa,10,Sweet Shop,106,204,93.6,0,2025-03-09 18:48:25
6958,Premium Bamboo Shoot Curry,12,Local Eatery,72,87,86.5,0,2026-01-02 10:04:31
6959,Street-side Poha Jalebi,68,Sweet Shop,117,261,55.0,18.9,2026-04-03 16:01:27
6960,Tandoori Roti,132,Roadside Stall,22,101,47.8,57.0,2025-05-27 01:57:01
6961,Royal Zan,8,Roadside Stall,65,110,76.7,13.8,2025-09-14 17:30:26
6962,Axone,79,Roadside Stall,23,96,76.5,12.1,2026-04-11 07:11:48
6963,Nihari,102,Street Food,83,110,72.0,18.4,2025-08-21 03:13:33
6964,Roadside Rasam,107,Local Eatery,81,139,56.5,35.5,2025-07-17 06:18:24
6965,Homestyle Lassi,43,Mid-range Restaurant,386,443,88.7,0,2026-06-29 00:17:22
6966,Authentic Kadhi Chawal,125,Roadside Stall,49,116,82.2,4.8,2025-11-13 07:34:45
6967,Authentic Uttapam,112,Street Food,30,48,69.2,10.2,2025-03-20 01:50:43
6968,Sarson da Saag,41,Street Food,32,130,68.3,19.2,2025-05-19 17:20:24
6969,Vada Pav,26,Fine Dining,1125,2464,87.5,0,2025-05-21 16:51:56
6970,Festival Misal Pav,24,Local Eatery,153,167,55.6,31.0,2025-02-23 22:19:05
6971,Thukpa,80,Local Eatery,95,170,59.1,33.7,2025-08-19 18:18:46
6972,Curd Rice,2,Sweet Shop,129,285,55.0,38.6,2025-11-02 21:14:59
6973,Signature Goan Fish Curry,32,Mid-range Restaurant,384,464,82.3,3.8,2025-02-23 00:59:48
6974,Festival Kosha Mangsho,135,Street Food,75,91,63.9,22.5,2025-01-14 11:05:41
6975,Rasam,54,Sweet Shop,120,373,49.1,48.4,2026-06-03 01:39:58
6976,Chef's Meen Curry,112,Local Eatery,169,259,49.2,27.7,2025-03-13 01:52:28
6977,Homestyle Undhiyu,26,Roadside Stall,64,78,84.9,0.2,2026-05-31 09:36:00
6978,Premium Kadhi Chawal,98,Roadside Stall,15,88,47.5,45.8,2025-06-22 04:32:00
6979,Extra Cheesy Dhokla,75,Sweet Shop,86,231,54.7,36.0,2025-11-20 04:24:20
6980,Quick-bite Fish Tenga,77,Local Eatery,100,287,69.7,24.1,2025-03-17 13:11:00
6981,Rava Kesari,108,Mid-range Restaurant,406,600,83.0,1.8,2025-07-26 16:19:09
6982,Grandma's Bisi Bele Bath,57,Fine Dining,1438,2256,59.3,30.3,2026-01-24 20:02:17
6983,Thukpa,11,Street Food,69,105,60.6,42.0,2026-01-19 18:27:02
6984,Premium Golgappa,92,Fine Dining,823,1661,70.3,16.2,2025-10-22 03:13:35
6985,Local Favourite Meen Curry,109,Fine Dining,1323,1856,91.3,0,2025-06-20 16:15:51
6986,Village-style Pitha,78,Roadside Stall,63,119,90.5,0,2025-06-15 01:23:26
6987,Authentic Kadhi Chawal,43,Fine Dining,1218,1751,80.0,4.2,2025-04-16 11:28:00
6988,Goan Fish Curry,73,Local Eatery,75,163,67.9,10.5,2025-08-09 15:09:18
6989,Tandoori Roti,132,Street Food,26,78,83.9,0.8,2026-04-26 03:08:03
6990,Grandma's Mysore Pak,50,Mid-range Restaurant,354,661,47.5,49.3,2025-03-08 11:48:14
6991,Signature Momos,138,Local Eatery,139,266,74.5,6.7,2025-09-07 04:16:43
6992,Naga Chutney,118,Street Food,22,101,46.6,39.5,2026-04-04 13:31:55
6993,Momos,85,Mid-range Restaurant,340,407,58.8,29.2,2025-08-02 18:50:42
6994,Bamboo Shoot Curry,10,Local Eatery,153,201,78.2,4.4,2026-06-11 08:23:50
6995,Classic Dahi Vada,86,Local Eatery,161,196,54.8,45.6,2025-03-17 04:15:42
6996,Quick-bite Lassi,93,Roadside Stall,62,95,74.3,8.6,2025-07-28 03:42:14
6997,Extra Cheesy Dahi Vada,18,Fine Dining,846,1516,87.3,0,2025-02-05 18:48:12
6998,Special Bhel Puri,31,Fine Dining,1285,1295,58.5,33.3,2026-06-05 20:30:05
6999,Grandma's Dal Bafla,64,Local Eatery,110,138,85.5,0,2026-06-25 03:28:34
7000,Quick-bite Sol Kadhi,32,Street Food,73,126,49.1,57.5,2026-02-28 15:22:00
7001,Special Prawn Balchao,31,Mid-range Restaurant,359,652,71.8,10.7,2025-03-31 17:10:51
7002,Traditional Sol Kadhi,31,Local Eatery,75,180,58.8,41.9,2025-07-19 22:43:47
7003,Chef's Rosogolla,90,Sweet Shop,179,342,67.8,19.8,2025-03-10 08:33:53
7004,Authentic Filter Coffee,51,Street Food,43,92,58.2,38.9,2025-10-24 01:52:10
7005,Litti Chokha,98,Street Food,45,143,82.3,4.8,2025-03-02 19:02:40
7006,Quick-bite Momos,86,Mid-range Restaurant,157,560,37.4,76.5,2025-08-15 08:52:22
7007,Authentic Filter Coffee,108,Sweet Shop,171,251,75.2,9.2,2025-12-17 21:13:47
7008,Premium Aloo Paratha,96,Street Food,23,94,63.3,15.9,2025-06-06 23:01:07
7009,Traditional Curd Rice,49,Sweet Shop,92,321,87.3,0,2025-12-11 04:00:16
7010,Village-style Macher Jhol,90,Street Food,77,131,67.4,21.9,2025-09-19 01:27:05
7011,Jadoh,84,Roadside Stall,42,100,50.5,28.9,2026-06-13 00:20:19
7012,Village-style Chhena Poda,88,Street Food,63,73,71.0,11.9,2026-06-30 14:28:30
7013,Authentic Chingri Malai Curry,16,Sweet Shop,202,347,64.2,36.9,2025-07-12 21:05:57
7014,Local Favourite Kachori,100,Street Food,47,134,79.9,7.6,2026-06-20 19:43:14
7015,Traditional Litti Chokha,133,Roadside Stall,44,96,63.9,13.2,2026-06-04 07:43:58
7016,Special Dal Bafla,21,Sweet Shop,121,228,86.5,0,2025-07-21 14:44:30
7017,Family Recipe Chaat Papdi,42,Sweet Shop,68,350,86.1,0,2025-09-30 19:11:14
7018,Curd Rice,107,Fine Dining,514,1125,47.1,48.0,2025-12-27 21:49:41
7019,Extra Cheesy Undhiyu,73,Street Food,69,114,73.4,9.8,2025-09-19 22:11:45
7020,Nihari,128,Roadside Stall,65,84,62.0,34.4,2025-04-12 12:15:36
7021,Street-side Pesarattu,60,Roadside Stall,34,71,80.5,4.0,2025-06-23 03:22:03
7022,Butter Chicken,100,Fine Dining,701,1822,78.7,5.5,2025-03-27 04:01:03
7023,Kadhi Chawal,36,Sweet Shop,158,343,77.2,7.3,2025-07-19 04:10:25
7024,Kachori,93,Sweet Shop,61,396,83.8,1.5,2026-01-27 18:30:28
7025,Quick-bite Mutton Rogan Josh,99,Roadside Stall,67,115,85.6,0,2025-03-30 12:23:48
7026,Spicy Dahi Vada,46,Mid-range Restaurant,416,492,70.3,11.0,2025-09-28 00:05:06
7027,Bhutte ka Kees,21,Mid-range Restaurant,206,640,79.3,6.2,2025-08-29 22:49:48
7028,Family Recipe Meen Curry,115,Street Food,84,112,84.9,0.1,2025-04-01 07:06:38
7029,Homestyle Kadhi Bafla,66,Local Eatery,71,256,75.0,10.5,2026-01-02 10:37:52
7030,Mutton Rogan Josh,37,Local Eatery,147,289,61.5,21.5,2025-05-13 12:23:02
7031,Filter Coffee,114,Mid-range Restaurant,334,510,75.7,6.6,2025-05-17 12:20:37
7032,Premium Kosha Mangsho,139,Street Food,40,63,76.5,12.0,2026-01-06 19:23:34
7033,Chak-hao Kheer,79,Mid-range Restaurant,366,493,67.6,13.0,2026-01-27 05:46:48
7034,Homestyle Meen Curry,56,Street Food,40,74,84.9,0.2,2026-05-25 11:04:36
7035,Homestyle Mutton Rogan Josh,42,Roadside Stall,26,50,79.6,4.1,2025-06-20 02:22:04
7036,Nihari,95,Roadside Stall,55,107,69.7,27.3,2026-05-29 04:10:39
7037,Thukpa,85,Sweet Shop,140,312,57.2,25.5,2025-04-27 09:13:04
7038,Grandma's Poha Jalebi,68,Roadside Stall,44,76,60.1,37.8,2026-04-08 10:10:05
7039,Chhena Poda,17,Roadside Stall,47,97,81.2,3.9,2025-05-12 15:42:47
7040,Chaat Papdi,40,Local Eatery,106,277,74.8,12.9,2025-10-03 20:11:09
7041,Deluxe Axone,82,Street Food,61,108,79.5,6.6,2025-12-18 05:10:26
7042,Quick-bite Kosha Mangsho,46,Roadside Stall,47,108,69.8,13.7,2025-10-12 07:54:00
7043,Rasam,61,Fine Dining,1264,1715,54.9,19.9,2026-05-02 13:11:32
7044,Kadhi Bafla,20,Sweet Shop,120,312,85.5,0,2025-12-01 02:58:24
7045,Hyderabadi Biryani,49,Sweet Shop,60,271,84.4,0.5,2025-09-28 05:57:09
7046,Meen Curry,109,Sweet Shop,126,241,71.7,21.0,2025-02-09 12:57:30
7047,Chef's Masala Dosa,61,Local Eatery,169,245,69.0,23.1,2025-04-10 00:17:05
7048,Nihari,99,Sweet Shop,146,241,88.9,0,2025-01-16 10:12:23
7049,Special Momos,86,Roadside Stall,41,93,73.5,9.4,2026-01-29 16:07:59
7050,Golgappa,132,Fine Dining,660,1616,62.2,25.1,2025-01-09 02:43:11
7051,Special Bafla,63,Mid-range Restaurant,238,659,72.8,7.7,2025-07-02 23:58:24
7052,Signature Rajma Chawal,96,Roadside Stall,32,114,69.7,15.4,2025-01-16 18:22:12
7053,Spicy Chole Bhature,123,Sweet Shop,96,131,82.2,4.0,2026-05-28 15:27:54
7054,Litti,19,Local Eatery,162,245,91.7,0,2025-09-10 07:47:15
7055,Classic Fish Tenga,85,Mid-range Restaurant,165,315,89.9,0,2026-06-12 20:03:20
7056,Royal Idli Sambar,48,Street Food,34,73,88.3,0,2026-05-22 11:15:35
7057,Grandma's Payasam,59,Street Food,75,126,76.5,13.7,2025-04-06 20:05:32
7058,Paneer Tikka,91,Local Eatery,93,186,81.8,2.1,2026-03-04 14:15:53
7059,Masala Dosa,109,Sweet Shop,85,344,84.6,0.6,2025-10-25 14:13:12
7060,Butter Chicken,120,Fine Dining,1280,1310,69.1,27.3,2025-02-16 12:52:00
7061,Homestyle Rava Kesari,108,Street Food,49,81,73.7,10.5,2026-06-26 22:53:07
7062,Modak,25,Street Food,78,127,42.4,35.9,2026-02-05 21:52:21
7063,Traditional Pesarattu,50,Local Eatery,154,201,84.9,0.1,2025-09-30 13:28:41
7064,Authentic Dal Makhani,92,Sweet Shop,50,94,60.9,22.0,2025-08-16 23:54:52
7065,Dhokla,27,Roadside Stall,23,82,66.7,26.3,2025-09-12 17:17:56
7066,Traditional Chingri Malai Curry,45,Sweet Shop,196,363,68.3,20.1,2025-09-09 13:04:39
7067,Momos,105,Roadside Stall,32,83,80.4,5.6,2025-08-01 16:37:33
7068,Idli Sambar,113,Street Food,67,139,74.2,14.1,2025-09-14 15:05:39
7069,Traditional Dhokla,27,Mid-range Restaurant,281,622,81.1,5.2,2026-04-25 01:48:50
7070,Masala Dosa,56,Roadside Stall,34,86,70.1,23.8,2025-07-23 16:21:15
7071,Poha Jalebi,65,Local Eatery,67,199,82.8,2.6,2025-08-29 10:59:12
7072,Lassi,99,Sweet Shop,68,362,68.8,26.0,2025-03-01 05:31:10
7073,Extra Cheesy Aloo Paratha,130,Roadside Stall,19,33,72.2,19.7,2026-03-01 17:40:11
7074,Traditional Macher Jhol,139,Street Food,34,58,45.9,45.0,2026-01-31 01:48:30
7075,Roadside Undhiyu,69,Local Eatery,159,203,65.8,22.3,2025-03-11 10:18:25
7076,Classic Dahi Vada,17,Street Food,20,102,62.2,33.6,2026-06-12 12:38:21
7077,Misal Pav,34,Roadside Stall,55,73,48.9,36.5,2025-03-10 17:54:38
7078,Spicy Chak-hao Kheer,77,Street Food,20,30,73.0,14.6,2026-02-09 17:29:41
7079,Kachori,121,Street Food,59,99,70.2,16.8,2025-05-05 08:31:12
7080,Grandma's Pitha,46,Fine Dining,1307,1705,49.6,53.3,2026-03-14 19:56:48
7081,Deluxe Curd Rice,60,Street Food,25,127,88.7,0,2025-12-26 23:08:32
7082,Uttapam,107,Roadside Stall,61,73,60.3,43.2,2025-12-17 12:58:13
7083,Royal Bhutte ka Kees,64,Local Eatery,164,280,64.4,32.4,2025-12-20 02:17:18
7084,Traditional Bebinca,82,Roadside Stall,35,59,78.4,6.7,2025-02-22 20:04:25
7085,Roadside Khandvi,76,Street Food,83,109,88.1,0,2026-01-03 09:00:45
7086,Quick-bite Aloo Paratha,35,Roadside Stall,67,110,73.1,8.3,2026-02-12 14:42:49
7087,Paneer Tikka,130,Sweet Shop,42,276,67.0,27.5,2026-06-14 11:08:35
7088,Axone,9,Mid-range Restaurant,424,671,95.3,0,2025-04-22 22:09:51
7089,Aloo Paratha,95,Fine Dining,1107,1949,71.0,12.6,2025-10-17 21:44:26
7090,Local Favourite Khandvi,70,Fine Dining,1303,1328,56.8,38.4,2025-06-16 18:29:04
7091,Chef's Paneer Tikka,127,Mid-range Restaurant,383,452,92.5,0,2025-12-05 13:08:29
7092,Dahi Vada,47,Fine Dining,1034,2335,80.9,3.4,2025-06-27 18:07:24
7093,Village-style Dal Bafla,68,Street Food,53,84,67.8,17.0,2026-06-17 23:58:48
7094,Undhiyu,75,Sweet Shop,197,368,79.1,8.2,2026-01-29 04:01:41
7095,Dahi Vada,135,Roadside Stall,53,113,85.4,0,2025-02-24 14:47:21
7096,Sabudana Khichdi,20,Mid-range Restaurant,302,376,51.0,45.1,2025-06-13 06:45:59
7097,Pitha,77,Fine Dining,757,1483,80.2,4.5,2025-11-19 02:27:08
7098,Sarson da Saag,44,Mid-range Restaurant,299,358,68.1,14.5,2025-11-26 22:42:15
7099,Royal Kadhi Chawal,99,Street Food,27,65,59.4,33.4,2025-07-19 19:36:50
7100,Authentic Bisi Bele Bath,113,Sweet Shop,40,267,82.3,3.8,2025-01-17 16:23:04
7101,Nihari,96,Roadside Stall,64,94,68.7,27.9,2025-04-13 08:20:37
7102,Signature Modak,25,Roadside Stall,47,58,69.5,11.9,2025-04-27 19:01:56
7103,Classic Chingri Malai Curry,16,Roadside Stall,59,97,85.3,0,2025-10-22 13:23:19
7104,Extra Cheesy Vada Sambar,109,Roadside Stall,35,111,78.4,10.2,2025-02-18 04:34:09
7105,Goan Fish Curry,23,Street Food,67,148,64.6,18.9,2025-02-22 08:33:51
7106,Local Favourite Goan Fish Curry,75,Fine Dining,1418,2444,81.6,4.4,2025-03-27 19:35:01
7107,Chaat Papdi,37,Mid-range Restaurant,222,439,50.9,25.5,2025-11-22 09:48:42
7108,Quick-bite Chole Bhature,121,Local Eatery,169,268,79.0,9.4,2025-04-19 23:42:44
7109,Spicy Thukpa,7,Sweet Shop,110,252,70.4,13.1,2025-04-15 03:19:55
7110,Naga Chutney,84,Sweet Shop,134,250,61.2,39.5,2025-06-27 04:26:14
7111,Idli Sambar,5,Local Eatery,173,232,85.6,0,2026-05-14 12:56:40
7112,Classic Amritsari Kulcha,101,Sweet Shop,194,390,75.4,13.5,2025-01-06 22:31:48
7113,Pitha,88,Fine Dining,1209,1997,56.2,27.0,2025-08-07 01:33:53
7114,Special Vada Sambar,110,Street Food,24,89,91.7,0,2025-02-20 13:13:08
7115,Dalma,89,Fine Dining,593,1686,75.7,13.6,2026-03-22 18:47:16
7116,Classic Shorshe Ilish,139,Fine Dining,894,2488,52.5,33.4,2026-06-05 11:24:27
7117,Festival Bhutte ka Kees,20,Mid-range Restaurant,179,421,82.7,2.2,2025-06-07 12:28:51
7118,Family Recipe Rajma Chawal,99,Mid-range Restaurant,235,633,77.3,12.3,2025-10-28 17:49:32
7119,Kolhapuri Mutton,25,Sweet Shop,50,126,64.1,20.8,2025-05-05 05:20:56
7120,Litti Chokha,18,Sweet Shop,189,260,81.7,2.8,2025-12-20 03:31:44
7121,Masala Dosa,53,Street Food,50,143,55.8,50.1,2026-01-28 17:33:09
7122,Payasam,114,Local Eatery,119,247,66.6,32.0,2026-06-21 06:12:47
7123,Royal Modak,76,Roadside Stall,34,91,54.3,36.1,2025-09-20 03:34:44
7124,Homestyle Goan Fish Curry,70,Fine Dining,768,1974,63.5,15.0,2025-07-03 19:12:10
7125,Kothu Parotta,6,Mid-range Restaurant,313,507,55.5,50.2,2025-10-18 20:44:32
7126,Jadoh,83,Local Eatery,81,221,65.4,32.1,2025-02-25 05:14:23
7127,Bhutte ka Kees,67,Sweet Shop,81,166,65.8,18.8,2025-12-01 21:42:01
7128,Thepla,28,Sweet Shop,84,99,65.7,13.9,2026-05-04 06:32:52
7129,Special Filter Coffee,59,Sweet Shop,209,281,71.5,23.4,2026-06-25 23:58:40
7130,Premium Meen Curry,108,Local Eatery,155,196,89.7,0,2025-10-15 17:21:00
7131,Authentic Dalma,46,Street Food,29,52,72.4,8.0,2026-03-21 14:15:20
7132,Village-style Idli Sambar,56,Roadside Stall,28,66,58.7,34.8,2025-02-19 02:31:49
7133,Premium Pongal,49,Sweet Shop,185,338,89.4,0,2025-01-17 07:32:51
7134,Village-style Butter Chicken,42,Roadside Stall,41,115,76.5,10.7,2025-07-26 13:58:53
7135,Appam with Stew,61,Sweet Shop,162,279,57.0,35.0,2025-10-14 19:26:18
7136,Homestyle Malai Kofta,130,Roadside Stall,48,107,70.0,20.9,2026-04-06 13:48:36
7137,Street-side Pongal,112,Roadside Stall,46,62,57.0,26.3,2025-07-22 22:22:29
7138,Dhokla,70,Roadside Stall,48,104,93.7,0,2025-07-31 02:34:20
7139,Sarson da Saag,132,Roadside Stall,26,96,43.9,31.8,2025-02-01 09:20:33
7140,Mutton Rogan Josh,125,Local Eatery,178,269,61.7,30.3,2025-01-29 17:15:05
7141,Extra Cheesy Undhiyu,24,Roadside Stall,50,109,84.3,0.6,2025-11-08 23:31:49
7142,Royal Payasam,49,Roadside Stall,40,95,80.8,4.4,2026-06-10 22:46:59
7143,Royal Dalma,135,Local Eatery,166,210,73.2,10.7,2025-09-22 09:12:41
7144,Traditional Puran Poli,71,Roadside Stall,67,89,77.0,6.5,2025-11-20 13:51:40
7145,Roadside Appam with Stew,49,Fine Dining,559,1606,77.6,5.1,2026-01-04 03:03:36
7146,Litti Chokha,92,Sweet Shop,104,270,77.3,8.2,2026-02-08 10:47:51
7147,Quick-bite Kolhapuri Mutton,69,Sweet Shop,185,400,88.3,0,2025-04-06 10:51:58
7148,Street-side Zan,13,Street Food,52,63,89.2,0,2025-06-16 06:32:16
7149,Quick-bite Kosha Mangsho,87,Fine Dining,1443,2171,72.6,20.1,2025-05-15 20:34:36
7150,Chhena Poda,46,Mid-range Restaurant,161,479,63.0,24.7,2025-07-30 17:59:02
7151,Deluxe Pitha,137,Sweet Shop,212,395,67.7,26.2,2026-02-19 02:12:21
7152,Deluxe Sol Kadhi,28,Sweet Shop,110,345,68.0,29.6,2025-12-02 18:04:52
7153,Mysore Pak,55,Street Food,24,150,72.1,17.9,2025-07-01 18:43:42
7154,Spicy Pork with Bamboo Shoot,13,Roadside Stall,59,117,44.7,46.8,2025-11-26 03:45:29
7155,Chef's Bisi Bele Bath,113,Street Food,78,91,64.5,20.6,2025-01-24 02:03:50
7156,Chef's Goan Fish Curry,29,Mid-range Restaurant,266,658,50.5,52.4,2025-04-15 03:32:00
7157,Kadhi Chawal,125,Sweet Shop,87,146,71.8,15.9,2025-07-02 01:20:49
7158,Authentic Poha Jalebi,66,Street Food,26,51,65.0,24.5,2025-09-06 10:41:13
7159,Litti Chokha,39,Local Eatery,177,197,46.2,56.0,2026-02-09 00:51:29
7160,Signature Chingri Malai Curry,87,Roadside Stall,33,96,54.5,19.5,2025-08-14 13:04:45
7161,Special Butter Chicken,35,Fine Dining,901,1956,56.6,22.7,2025-06-26 04:55:27
7162,Momos,78,Roadside Stall,20,66,74.1,17.1,2025-12-08 14:52:29
7163,Bhutte ka Kees,66,Roadside Stall,59,77,70.4,20.1,2025-03-22 04:40:38
7164,Quick-bite Filter Coffee,50,Local Eatery,154,199,70.6,20.7,2025-07-29 18:56:42
7165,Roadside Payasam,54,Mid-range Restaurant,378,441,73.0,17.2,2026-02-15 15:11:50
7166,Fish Tenga,103,Mid-range Restaurant,293,544,91.4,0,2025-08-10 19:08:55
7167,Royal Chingri Malai Curry,86,Sweet Shop,144,201,69.8,26.3,2025-12-20 15:39:34
7168,Premium Filter Coffee,52,Fine Dining,575,847,60.9,26.7,2026-02-03 06:37:56
7169,Modak,27,Mid-range Restaurant,331,479,89.1,0,2025-06-20 10:23:36
7170,Puttu Kadala,113,Fine Dining,962,2331,78.6,4.0,2026-06-11 14:53:49
7171,Undhiyu,27,Roadside Stall,49,116,68.5,14.2,2025-07-29 17:31:42
7172,Traditional Hyderabadi Biryani,50,Street Food,71,112,53.6,37.9,2025-12-17 21:22:54
7173,Chak-hao Kheer,83,Sweet Shop,158,241,45.1,24.7,2025-04-27 11:15:17
7174,Chhena Poda,18,Sweet Shop,182,339,71.3,19.7,2026-02-07 09:22:30
7175,Chingri Malai Curry,86,Street Food,71,134,87.6,0,2026-06-18 17:20:18
7176,Kothu Parotta,114,Roadside Stall,62,83,71.6,16.7,2025-06-01 05:10:36
7177,Signature Chole Bhature,100,Roadside Stall,17,118,84.3,0.8,2026-06-13 05:32:29
7178,Dahi Vada,137,Fine Dining,1174,2364,72.2,11.3,2026-06-28 08:35:17
7179,Homestyle Bhutte ka Kees,63,Local Eatery,111,154,62.6,27.1,2025-05-29 07:06:08
7180,Malpua,21,Sweet Shop,126,269,81.2,4.5,2025-07-15 22:16:06
7181,Smoked Pork,83,Local Eatery,78,252,87.7,0,2025-10-11 20:47:50
7182,Local Favourite Fish Tenga,79,Roadside Stall,48,111,77.3,9.2,2026-03-08 16:30:56
7183,Quick-bite Curd Rice,3,Fine Dining,793,1173,39.5,34.3,2026-03-19 22:40:05
7184,Aloo Paratha,39,Local Eatery,144,269,85.0,0,2025-08-19 01:07:28
7185,Deluxe Kosha Mangsho,45,Roadside Stall,57,99,47.8,27.8,2025-12-25 06:41:45
7186,Litti,46,Roadside Stall,50,115,63.3,13.8,2026-03-21 02:24:17
7187,Spicy Bebinca,104,Local Eatery,127,223,60.2,28.7,2025-03-26 17:52:13
7188,Homestyle Litti Chokha,46,Street Food,60,143,77.9,9.7,2025-02-07 00:58:07
7189,Homestyle Smoked Pork,85,Local Eatery,79,157,71.7,8.5,2025-05-12 01:51:30
7190,Chef's Sabudana Khichdi,22,Street Food,27,86,73.2,7.2,2026-06-18 21:45:43
7191,Authentic Jadoh,105,Local Eatery,131,233,64.7,13.1,2026-05-03 05:46:46
7192,Homestyle Chettinad Chicken,49,Sweet Shop,165,209,77.2,12.2,2025-08-21 20:40:56
7193,Quick-bite Modak,69,Street Food,69,91,35.6,51.6,2026-05-25 21:24:56
7194,Roadside Chole Bhature,125,Local Eatery,112,187,37.2,71.9,2025-10-24 18:56:45
7195,Pav Bhaji,71,Street Food,85,103,57.2,26.3,2025-06-24 06:10:09
7196,Street-side Mutton Rogan Josh,43,Local Eatery,91,146,58.0,40.2,2025-04-05 00:58:01
7197,Kothu Parotta,56,Local Eatery,178,279,73.3,20.0,2026-01-30 00:23:22
7198,Family Recipe Undhiyu,31,Mid-range Restaurant,168,354,54.3,44.7,2026-04-25 17:02:00
7199,Special Chila,22,Street Food,63,101,78.0,12.3,2025-01-01 01:12:58
7200,Signature Bebinca,85,Mid-range Restaurant,241,667,84.9,0.2,2026-02-24 14:12:10
7201,Bebinca,23,Local Eatery,141,233,83.8,1.7,2026-04-26 19:33:05
7202,Pitha,78,Roadside Stall,44,65,71.3,12.2,2026-06-01 04:26:20
7203,Royal Khandvi,28,Mid-range Restaurant,257,641,52.6,36.4,2025-12-13 07:38:40
7204,Deluxe Thukpa,14,Street Food,58,139,72.6,19.6,2025-11-12 16:26:26
7205,Malpua,68,Sweet Shop,190,207,76.3,11.7,2025-05-27 08:21:37
7206,Signature Dalma,46,Mid-range Restaurant,224,565,78.2,8.7,2025-06-08 21:34:00
7207,Bamboo Shoot Curry,117,Sweet Shop,209,251,46.8,68.7,2025-09-02 23:34:36
7208,Mutton Rogan Josh,97,Fine Dining,1133,1336,85.7,0,2025-02-25 17:17:11
7209,Premium Chaat Papdi,37,Mid-range Restaurant,159,268,59.9,25.5,2026-03-24 19:10:18
7210,Hyderabadi Biryani,116,Local Eatery,143,195,64.0,28.5,2025-12-20 02:33:15
7211,Chef's Zan,12,Roadside Stall,42,117,70.8,17.9,2025-12-06 08:50:38
7212,Khandvi,30,Street Food,37,135,54.5,44.0,2025-08-13 09:44:39
7213,Homestyle Jadoh,12,Street Food,74,133,81.6,4.2,2025-07-18 14:09:22
7214,Street-side Fish Tenga,82,Fine Dining,1266,1542,56.2,44.8,2025-07-23 10:08:36
7215,Amritsari Kulcha,133,Fine Dining,513,1117,65.0,27.5,2026-04-19 16:21:26
7216,Festival Rasam,48,Fine Dining,1499,1545,65.4,29.2,2025-08-22 21:10:38
7217,Signature Amritsari Kulcha,119,Street Food,41,102,74.1,7.8,2025-07-09 09:15:06
7218,Grandma's Bisi Bele Bath,58,Roadside Stall,34,70,42.5,58.0,2025-11-21 06:41:51
7219,Naga Chutney,117,Local Eatery,75,97,93.1,0,2025-02-08 19:08:05
7220,Authentic Lassi,129,Mid-range Restaurant,354,496,65.3,24.2,2025-05-27 21:22:25
7221,Street-side Bafla,67,Mid-range Restaurant,373,565,79.7,8.4,2025-03-03 08:11:07
7222,Sarson da Saag,121,Mid-range Restaurant,167,434,94.2,0,2026-06-04 05:23:41
7223,Pitha,78,Local Eatery,156,170,75.1,9.3,2025-10-11 16:57:47
7224,Special Khandvi,70,Roadside Stall,28,47,83.6,2.2,2026-06-26 06:25:42
7225,Quick-bite Kolhapuri Mutton,73,Mid-range Restaurant,217,321,83.8,1.1,2026-04-30 16:56:27
7226,Litti,86,Mid-range Restaurant,229,463,90.1,0,2026-04-11 18:30:48
7227,Puttu Kadala,106,Roadside Stall,35,88,42.9,74.0,2025-08-25 06:21:06
7228,Idiyappam,114,Street Food,75,110,73.5,18.4,2026-01-29 05:01:35
7229,Rosogolla,17,Roadside Stall,63,83,65.7,15.4,2025-04-04 09:10:15
7230,Local Favourite Kadhi Chawal,130,Street Food,30,95,92.8,0,2025-10-14 11:41:39
7231,Aloo Paratha,100,Street Food,26,123,63.3,30.7,2025-05-31 04:26:06
7232,Pesarattu,52,Street Food,30,84,67.8,16.4,2025-12-23 02:08:24
7233,Local Favourite Lassi,94,Street Food,53,112,92.5,0,2025-06-13 14:53:36
7234,Dahi Vada,88,Local Eatery,152,260,82.6,2.5,2026-01-04 14:31:52
7235,Jadoh,118,Street Food,74,130,68.6,17.6,2025-09-03 00:22:14
7236,Deluxe Litti Chokha,119,Local Eatery,91,199,66.1,22.9,2025-03-30 23:34:24
7237,Special Filter Coffee,115,Roadside Stall,67,103,70.3,15.7,2025-06-25 03:08:26
7238,Bisi Bele Bath,48,Local Eatery,89,178,62.7,24.7,2025-05-14 16:59:09
7239,Special Lassi,129,Local Eatery,151,295,58.6,31.6,2025-08-09 22:12:07
7240,Deluxe Rasam,114,Sweet Shop,85,209,78.5,7.1,2025-02-13 08:10:54
7241,Vada Pav,30,Fine Dining,989,1783,81.1,2.6,2025-06-16 18:39:26
7242,Classic Goan Fish Curry,73,Mid-range Restaurant,201,430,77.7,11.5,2026-05-31 09:25:01
7243,Kadhi Chawal,93,Roadside Stall,55,105,47.2,53.4,2025-03-26 17:43:50
7244,Local Favourite Kadhi Chawal,131,Fine Dining,885,907,91.4,0,2025-10-16 02:56:52
7245,Deluxe Vada Sambar,116,Street Food,46,104,85.5,0,2025-05-12 05:22:27
7246,Dhokla,73,Fine Dining,682,986,71.8,22.4,2026-05-03 07:04:25
7247,Extra Cheesy Rajma Chawal,37,Fine Dining,1265,1964,93.0,0,2025-06-29 22:30:44
7248,Shorshe Ilish,15,Local Eatery,123,259,80.5,7.7,2026-06-02 12:13:20
7249,Mysore Pak,50,Fine Dining,576,1116,70.3,16.4,2025-10-01 21:34:26
7250,Spicy Amritsari Kulcha,121,Local Eatery,80,191,52.3,47.6,2025-04-09 18:48:34
7251,Bisi Bele Bath,51,Mid-range Restaurant,379,478,61.9,21.1,2025-03-09 20:11:24
7252,Roadside Smoked Pork,117,Local Eatery,114,148,63.6,26.3,2025-02-26 18:36:26
7253,Bebinca,7,Mid-range Restaurant,394,666,82.4,4.6,2025-07-09 17:16:38
7254,Homestyle Pongal,53,Street Food,48,138,60.4,18.2,2025-11-02 20:02:04
7255,Homestyle Meen Curry,107,Local Eatery,142,162,73.0,11.9,2026-04-11 13:17:26
7256,Momos,138,Street Food,70,131,78.2,6.6,2026-04-25 21:15:49
7257,Quick-bite Kachori,94,Street Food,44,55,89.6,0,2026-04-02 22:51:55
7258,Village-style Curd Rice,113,Roadside Stall,59,110,80.8,7.2,2025-02-12 17:07:33
7259,Roadside Bebinca,76,Fine Dining,576,1397,68.2,23.0,2026-06-09 12:08:11
7260,Homestyle Thepla,26,Mid-range Restaurant,295,574,65.8,24.7,2025-11-22 17:25:58
7261,Homestyle Modak,23,Roadside Stall,65,76,72.4,21.4,2025-09-02 06:22:31
7262,Quick-bite Sarson da Saag,123,Sweet Shop,154,256,72.9,21.7,2025-02-11 13:03:34
7263,Quick-bite Kadhi Chawal,44,Fine Dining,568,2271,59.2,34.1,2025-04-21 12:25:02
7264,Traditional Bebinca,118,Mid-range Restaurant,284,645,62.0,35.5,2026-02-25 12:49:51
7265,Pesarattu,6,Local Eatery,143,168,91.0,0,2026-04-12 09:08:56
7266,Local Favourite Bamboo Shoot Curry,83,Mid-range Restaurant,330,687,69.7,18.7,2025-08-18 04:19:51
7267,Spicy Litti Chokha,95,Local Eatery,66,167,52.3,39.9,2025-03-07 02:08:35
7268,Appam with Stew,106,Fine Dining,734,926,92.2,0,2025-06-04 07:18:11
7269,Litti Chokha,91,Fine Dining,1084,2393,65.1,12.9,2026-05-07 10:46:38
7270,Royal Chhena Poda,16,Street Food,51,95,58.5,47.5,2025-11-29 18:04:51
7271,Dal Makhani,40,Fine Dining,688,951,84.4,0.5,2025-05-31 23:00:15
7272,Extra Cheesy Malpua,62,Local Eatery,62,299,93.6,0,2026-04-25 04:44:48
7273,Special Prawn Balchao,33,Roadside Stall,42,52,67.1,14.8,2026-04-20 20:15:27
7274,Village-style Hyderabadi Biryani,116,Local Eatery,92,196,68.0,26.5,2025-09-12 06:02:56
7275,Street-side Filter Coffee,60,Sweet Shop,179,368,47.3,24.0,2026-06-08 03:13:10
7276,Festival Chole Bhature,99,Fine Dining,813,1363,59.8,42.6,2026-04-01 05:48:33
7277,Bisi Bele Bath,58,Fine Dining,1442,1597,68.2,23.6,2025-10-09 16:56:50
7278,Traditional Appam with Stew,109,Fine Dining,1195,1371,41.8,62.0,2025-03-03 03:46:30
7279,Chef's Dal Bafla,63,Local Eatery,62,130,86.3,0,2025-11-28 20:57:58
7280,Extra Cheesy Kadhi Chawal,129,Street Food,31,93,75.1,6.4,2025-09-24 03:20:22
7281,Pork with Bamboo Shoot,8,Street Food,71,99,72.1,17.2,2026-02-14 12:40:41
7282,Authentic Bisi Bele Bath,3,Roadside Stall,36,58,76.3,12.1,2026-02-13 02:12:10
7283,Family Recipe Kothu Parotta,58,Street Food,59,100,76.4,10.3,2025-09-26 21:02:18
7284,Traditional Chingri Malai Curry,136,Sweet Shop,204,281,67.4,30.3,2026-01-10 17:56:39
7285,Village-style Vada Sambar,110,Local Eatery,66,82,79.9,4.3,2025-01-12 08:32:29
7286,Signature Kadhi Bafla,62,Fine Dining,1369,1929,60.1,34.8,2025-01-14 02:17:55
7287,Family Recipe Pitha,135,Fine Dining,531,1119,61.8,34.4,2025-09-19 19:15:43
7288,Family Recipe Sandesh,90,Mid-range Restaurant,412,698,90.1,0,2025-05-14 13:24:57
7289,Quick-bite Vada Pav,25,Roadside Stall,17,71,81.2,5.4,2025-12-20 14:21:49
7290,Sabudana Khichdi,68,Roadside Stall,63,100,83.0,3.4,2025-01-23 06:12:11
7291,Mutton Rogan Josh,120,Local Eatery,144,295,85.2,0,2025-12-17 15:22:20
7292,Masala Dosa,109,Sweet Shop,94,196,71.0,18.3,2025-07-06 03:47:03
7293,Pesarattu,106,Roadside Stall,55,102,86.2,0,2025-06-03 01:44:44
7294,Pongal,56,Mid-range Restaurant,261,481,60.0,28.3,2026-05-05 17:22:23
7295,Signature Chila,21,Mid-range Restaurant,377,670,47.9,50.3,2026-06-30 17:26:48
7296,Jadoh,80,Roadside Stall,25,82,72.3,22.0,2026-03-27 18:17:38
7297,Festival Undhiyu,28,Fine Dining,765,1443,74.4,7.6,2026-01-29 13:28:58
7298,Street-side Filter Coffee,52,Fine Dining,898,2477,72.6,19.5,2025-07-19 14:32:19
7299,Rajma Chawal,98,Street Food,69,120,79.7,3.6,2025-03-22 13:25:56
7300,Malai Kofta,128,Sweet Shop,213,253,44.0,44.3,2025-05-31 16:51:38
7301,Misal Pav,34,Fine Dining,723,798,57.1,42.4,2026-06-15 16:49:14
7302,Spicy Malai Kofta,127,Local Eatery,102,235,73.7,12.5,2025-12-24 11:19:55
7303,Homestyle Mysore Pak,55,Local Eatery,170,192,52.4,46.0,2025-05-10 05:47:52
7304,Festival Puran Poli,71,Mid-range Restaurant,290,547,75.7,16.3,2025-08-20 18:47:54
7305,Bhutte ka Kees,68,Street Food,72,147,58.5,20.9,2025-11-22 10:12:38
7306,Malai Kofta,37,Roadside Stall,24,62,71.2,8.7,2026-04-05 23:36:04
7307,Family Recipe Masala Dosa,108,Sweet Shop,185,325,42.4,48.3,2025-07-10 16:25:58
7308,Family Recipe Golgappa,39,Local Eatery,149,284,88.2,0,2025-03-18 00:31:02
7309,Authentic Misal Pav,27,Fine Dining,1441,2364,89.4,0,2025-02-24 18:22:25
7310,Extra Cheesy Undhiyu,31,Street Food,69,104,52.7,31.6,2025-06-04 01:45:15
7311,Rosogolla,135,Local Eatery,143,271,72.2,13.7,2025-03-28 10:36:36
7312,Quick-bite Bhel Puri,24,Local Eatery,131,200,78.1,6.5,2026-06-16 11:42:14
7313,Authentic Vada Pav,69,Sweet Shop,41,393,72.3,21.4,2025-09-16 13:19:53
7314,Quick-bite Dalma,139,Sweet Shop,193,257,66.9,17.5,2026-01-31 09:47:27
7315,Festival Chak-hao Kheer,81,Street Food,58,146,80.7,5.8,2026-04-25 00:51:56
7316,Signature Pitha,46,Fine Dining,1185,1889,69.3,15.4,2026-02-09 11:07:40
7317,Festival Smoked Pork,105,Mid-range Restaurant,325,665,59.0,34.1,2025-04-12 01:24:19
7318,Thukpa,79,Local Eatery,122,184,57.6,22.1,2025-11-04 00:08:57
7319,Village-style Momos,78,Sweet Shop,106,274,62.9,28.4,2025-02-16 17:09:51
7320,Village-style Butter Chicken,38,Fine Dining,739,1479,75.7,6.8,2025-04-10 06:14:15
7321,Puran Poli,24,Roadside Stall,42,84,78.7,9.2,2025-05-07 17:46:00
7322,Family Recipe Uttapam,111,Mid-range Restaurant,225,580,86.0,0,2025-01-28 15:27:02
7323,Street-side Khandvi,31,Mid-range Restaurant,368,568,55.3,53.2,2026-05-04 00:38:52
7324,Authentic Prawn Balchao,33,Local Eatery,92,176,59.4,28.1,2025-04-30 01:42:56
7325,Spicy Chole Bhature,40,Mid-range Restaurant,283,480,87.8,0,2026-05-11 01:08:45
7326,Meen Curry,108,Fine Dining,1494,1553,69.5,10.5,2025-02-09 16:09:11
7327,Mutton Rogan Josh,96,Mid-range Restaurant,269,538,85.7,0,2025-04-11 07:17:25
7328,Extra Cheesy Chhena Poda,88,Sweet Shop,82,326,50.9,24.7,2026-05-18 13:33:54
7329,Festival Kosha Mangsho,19,Sweet Shop,194,307,75.9,13.0,2026-01-02 22:48:56
7330,Kadhi Bafla,21,Roadside Stall,63,78,66.2,24.6,2025-04-03 20:59:20
7331,Spicy Litti,136,Roadside Stall,28,97,72.5,8.4,2026-05-19 05:11:40
7332,Quick-bite Rajma Chawal,119,Street Food,64,125,93.9,0,2025-03-24 10:46:25
7333,Homestyle Idli Sambar,3,Fine Dining,1223,1376,81.7,5.0,2025-02-04 14:38:30
7334,Spicy Pesarattu,112,Roadside Stall,17,34,57.9,30.7,2025-01-04 05:03:51
7335,Shorshe Ilish,139,Mid-range Restaurant,366,481,74.9,6.7,2025-12-24 04:53:47
7336,Chef's Dhokla,76,Roadside Stall,27,94,93.7,0,2025-07-04 02:02:38
7337,Roadside Goan Fish Curry,29,Street Food,38,98,78.1,10.3,2025-11-13 01:05:42
7338,Local Favourite Paneer Tikka,41,Local Eatery,174,213,67.4,11.7,2025-03-14 22:44:00
7339,Rava Kesari,60,Mid-range Restaurant,410,675,69.4,9.9,2026-04-05 22:24:18
7340,Litti Chokha,129,Street Food,30,110,42.0,32.0,2025-10-31 09:47:12
7341,Classic Pitha,134,Roadside Stall,19,53,79.9,8.7,2025-05-26 00:03:12
7342,Puttu Kadala,110,Sweet Shop,102,340,72.7,15.1,2026-06-28 18:58:54
7343,Deluxe Litti Chokha,136,Roadside Stall,22,109,72.6,15.4,2025-06-18 05:03:14
7344,Kothu Parotta,55,Local Eatery,85,290,53.8,38.1,2026-05-15 12:05:45
7345,Payasam,58,Fine Dining,827,1464,50.8,28.9,2026-02-16 13:12:53
7346,Chole Bhature,121,Mid-range Restaurant,294,317,82.0,3.0,2025-08-19 22:19:25
7347,Grandma's Lassi,125,Mid-range Restaurant,207,688,58.4,47.5,2026-04-27 05:47:33
7348,Signature Chak-hao Kheer,11,Local Eatery,152,238,74.8,17.7,2025-08-04 11:30:12
7349,Vada Pav,27,Fine Dining,1337,2475,70.3,18.8,2026-01-21 01:18:25
7350,Tandoori Roti,92,Street Food,55,105,80.3,4.5,2026-01-22 21:22:35
7351,Dhokla,73,Local Eatery,119,183,70.1,11.9,2025-11-04 23:08:06
7352,Extra Cheesy Momos,89,Mid-range Restaurant,290,591,90.0,0,2025-04-04 12:30:01
7353,Dal Makhani,42,Mid-range Restaurant,187,345,76.9,11.1,2025-07-08 01:42:04
7354,Payasam,107,Street Food,27,111,51.2,26.1,2025-09-26 16:27:22
7355,Mutton Rogan Josh,131,Sweet Shop,43,121,75.4,16.3,2026-01-30 13:52:11
7356,Aloo Paratha,91,Sweet Shop,185,315,42.7,47.5,2025-07-21 22:19:23
7357,Thukpa,9,Fine Dining,775,1920,74.5,16.8,2026-03-09 10:11:28
7358,Misal Pav,34,Fine Dining,1123,1391,61.7,15.9,2025-09-15 00:59:30
7359,Bhutte ka Kees,63,Mid-range Restaurant,303,561,75.6,16.8,2025-09-12 10:48:45
7360,Chak-hao Kheer,10,Mid-range Restaurant,289,608,40.9,66.8,2025-07-08 09:01:51
7361,Family Recipe Smoked Pork,85,Street Food,69,88,41.9,44.6,2025-02-15 04:52:35
7362,Sol Kadhi,26,Roadside Stall,55,88,60.7,18.9,2025-03-16 15:08:41
7363,Roadside Golgappa,119,Roadside Stall,50,93,64.0,27.2,2025-10-10 08:20:20
7364,Royal Uttapam,55,Mid-range Restaurant,315,357,68.8,13.9,2025-07-09 11:50:45
7365,Village-style Litti Chokha,136,Fine Dining,1364,2319,91.5,0,2025-12-20 12:02:00
7366,Festival Bhutte ka Kees,65,Roadside Stall,65,83,81.0,5.7,2026-01-17 12:30:44
7367,Royal Golgappa,91,Roadside Stall,49,88,83.1,2.6,2026-06-17 13:42:45
7368,Extra Cheesy Idli Sambar,50,Mid-range Restaurant,392,683,68.2,23.2,2025-10-22 19:14:39
7369,Roadside Naga Chutney,82,Local Eatery,166,176,45.0,64.7,2025-06-08 17:04:23
7370,Homestyle Dal Makhani,42,Fine Dining,682,736,68.7,18.2,2025-05-14 14:00:52
7371,Aloo Paratha,129,Roadside Stall,55,84,79.0,8.8,2025-01-23 11:59:17
7372,Kosha Mangsho,47,Sweet Shop,75,390,68.1,24.8,2026-02-01 20:20:21
7373,Spicy Chettinad Chicken,2,Roadside Stall,56,113,55.4,48.9,2026-03-11 07:42:26
7374,Special Pork with Bamboo Shoot,14,Sweet Shop,71,167,80.0,4.9,2026-02-13 16:54:50
7375,Extra Cheesy Kadhi Bafla,22,Sweet Shop,195,252,65.6,24.0,2025-11-26 12:02:49
7376,Village-style Mysore Pak,60,Local Eatery,62,155,78.3,5.2,2025-09-12 05:41:24
7377,Street-side Kachori,36,Sweet Shop,52,338,76.6,14.0,2025-07-09 20:32:35
7378,Chef's Meen Curry,5,Roadside Stall,57,70,88.9,0,2025-04-21 02:48:46
7379,Authentic Rajma Chawal,43,Local Eatery,155,271,65.8,14.5,2025-03-15 21:29:47
7380,Street-side Macher Jhol,16,Sweet Shop,99,279,57.0,45.8,2025-09-28 07:30:29
7381,Momos,14,Street Food,28,115,76.3,10.0,2025-09-07 18:17:20
7382,Butter Chicken,130,Sweet Shop,61,113,92.0,0,2025-09-08 18:05:19
7383,Royal Rava Kesari,6,Local Eatery,152,249,47.7,25.8,2025-05-10 08:56:28
7384,Classic Chaat Papdi,129,Roadside Stall,26,86,70.6,9.4,2026-03-16 17:08:42
7385,Signature Dahi Vada,15,Street Food,76,98,62.7,38.9,2026-01-18 19:25:31
7386,Special Khandvi,28,Mid-range Restaurant,206,371,53.2,33.6,2026-02-22 22:26:37
7387,Signature Amritsari Kulcha,129,Fine Dining,565,661,74.2,13.7,2025-08-18 18:58:44
7388,Traditional Dalma,139,Roadside Stall,19,49,70.6,23.8,2025-11-20 21:57:04
7389,Rava Kesari,48,Roadside Stall,62,75,66.0,28.8,2026-06-15 08:11:09
7390,Signature Rava Kesari,50,Roadside Stall,19,90,73.6,11.7,2025-11-24 13:18:37
7391,Vada Sambar,50,Sweet Shop,191,372,66.6,31.8,2026-01-29 00:25:06
7392,Festival Macher Jhol,19,Fine Dining,986,1169,70.7,9.0,2025-12-17 13:02:33
7393,Golgappa,93,Fine Dining,1431,1710,93.9,0,2025-02-15 07:42:08
7394,Street-side Amritsari Kulcha,100,Street Food,51,63,70.8,24.2,2025-09-29 00:12:36
7395,Local Favourite Idiyappam,60,Roadside Stall,19,70,76.1,15.6,2026-02-21 14:31:08
7396,Masala Dosa,6,Sweet Shop,173,281,86.2,0,2025-11-30 02:49:30
7397,Village-style Idli Sambar,1,Mid-range Restaurant,388,565,64.2,31.1,2025-08-20 02:46:43
7398,Roadside Macher Jhol,135,Mid-range Restaurant,271,671,75.0,9.4,2026-04-13 17:18:14
7399,Local Favourite Litti Chokha,44,Local Eatery,136,234,51.1,59.6,2026-02-10 16:28:26
7400,Traditional Goan Fish Curry,28,Local Eatery,84,165,87.6,0,2026-05-16 20:51:38
7401,Thukpa,78,Local Eatery,133,183,70.4,17.0,2026-06-11 15:07:51
7402,Chef's Thukpa,117,Roadside Stall,53,115,76.9,6.0,2025-11-01 16:37:58
7403,Special Idli Sambar,6,Street Food,51,147,76.2,10.6,2025-02-22 10:16:37
7404,Chingri Malai Curry,139,Sweet Shop,211,355,76.7,10.7,2026-03-20 23:49:56
7405,Quick-bite Poha Jalebi,62,Fine Dining,1474,1967,54.5,30.0,2025-08-21 02:01:16
7406,Chak-hao Kheer,13,Street Food,73,106,76.4,5.4,2025-07-31 04:18:38
7407,Pitha,105,Street Food,62,72,68.6,21.0,2025-05-22 19:43:22
7408,Mutton Rogan Josh,94,Roadside Stall,64,112,70.1,17.2,2026-03-10 22:53:59
7409,Poha Jalebi,68,Mid-range Restaurant,208,515,43.5,74.7,2025-04-04 17:13:54
7410,Signature Filter Coffee,106,Local Eatery,84,221,74.3,12.1,2025-06-27 22:26:43
7411,Homestyle Bebinca,9,Local Eatery,163,222,80.6,3.3,2026-04-04 23:44:12
7412,Lassi,42,Roadside Stall,42,88,69.8,13.8,2025-10-17 11:53:05
7413,Family Recipe Momos,82,Local Eatery,159,284,91.9,0,2025-08-17 03:56:28
7414,Signature Prawn Balchao,70,Mid-range Restaurant,343,536,46.8,60.6,2025-03-18 23:09:23
7415,Homestyle Pitha,83,Mid-range Restaurant,413,536,86.3,0,2026-02-22 19:28:47
7416,Special Chole Bhature,38,Local Eatery,151,188,87.4,0,2025-11-11 04:56:31
7417,Rosogolla,45,Sweet Shop,138,323,70.8,14.7,2026-01-18 10:49:08
7418,Extra Cheesy Fish Tenga,81,Roadside Stall,42,109,54.5,18.9,2025-01-22 01:36:24
7419,Extra Cheesy Payasam,112,Mid-range Restaurant,413,652,82.2,3.8,2026-03-29 16:11:23
7420,Chef's Dal Bafla,67,Mid-range Restaurant,205,271,39.7,77.4,2026-05-07 12:34:42
7421,Village-style Kadhi Bafla,21,Local Eatery,102,229,48.9,48.5,2026-04-05 01:25:44
7422,Mysore Pak,51,Fine Dining,919,1667,72.1,15.6,2026-02-13 10:03:42
7423,Aloo Paratha,131,Street Food,73,91,77.0,9.1,2025-04-13 17:24:07
7424,Lassi,91,Mid-range Restaurant,285,588,58.0,20.0,2026-06-05 11:08:42
7425,Malai Kofta,123,Fine Dining,772,901,81.5,6.1,2025-07-29 11:53:50
7426,Chef's Undhiyu,70,Local Eatery,173,249,72.6,17.7,2025-08-31 22:47:35
7427,Village-style Poha Jalebi,22,Street Food,82,112,83.3,1.8,2026-06-14 17:43:13
7428,Signature Malpua,64,Local Eatery,166,270,72.1,16.1,2026-02-08 17:57:53
7429,Street-side Chettinad Chicken,52,Sweet Shop,82,375,79.7,5.7,2025-08-14 03:29:45
7430,Homestyle Rasam,60,Local Eatery,110,272,74.8,12.5,2025-12-23 12:52:02
7431,Roadside Paneer Tikka,35,Fine Dining,917,1111,90.3,0,2025-06-20 04:15:41
7432,Signature Naga Chutney,80,Sweet Shop,127,159,51.2,24.4,2026-05-01 10:08:44
7433,Authentic Shorshe Ilish,137,Local Eatery,70,111,87.6,0,2025-03-24 12:04:03
7434,Classic Litti Chokha,36,Fine Dining,619,2045,40.0,55.6,2025-11-14 20:03:29
7435,Mysore Pak,109,Mid-range Restaurant,278,304,62.7,30.4,2026-03-26 22:36:39
7436,Poha Jalebi,22,Mid-range Restaurant,381,490,68.9,16.7,2026-01-21 00:54:54
7437,Litti Chokha,19,Mid-range Restaurant,378,609,76.6,8.1,2025-09-07 17:14:47
7438,Authentic Golgappa,91,Local Eatery,178,196,78.4,8.9,2025-07-12 06:44:55
7439,Nihari,97,Sweet Shop,42,138,81.6,4.1,2026-03-24 23:33:28
7440,Mysore Pak,116,Local Eatery,159,173,71.6,23.4,2026-05-15 12:29:17
7441,Grandma's Sabudana Khichdi,20,Sweet Shop,212,280,57.6,30.0,2026-04-04 12:17:04
7442,Premium Prawn Balchao,74,Local Eatery,123,276,58.6,30.9,2025-08-05 19:36:32
7443,Chef's Sol Kadhi,76,Mid-range Restaurant,319,560,52.6,55.5,2025-09-14 11:30:14
7444,Sarson da Saag,94,Fine Dining,1053,1581,70.9,25.2,2026-06-18 13:14:17
7445,Roadside Momos,103,Sweet Shop,74,362,50.9,40.9,2026-01-13 12:29:46
7446,Quick-bite Misal Pav,24,Mid-range Restaurant,289,457,57.4,47.9,2025-05-27 03:31:11
7447,Family Recipe Tandoori Roti,97,Street Food,21,70,56.3,40.7,2025-10-16 12:58:50
7448,Pitha,83,Fine Dining,1472,1600,56.2,18.5,2025-06-30 03:54:24
7449,Festival Misal Pav,23,Street Food,68,149,57.2,21.4,2026-04-26 12:53:46
7450,Chaat Papdi,122,Mid-range Restaurant,251,326,89.3,0,2026-02-21 15:17:42
7451,Royal Kothu Parotta,57,Sweet Shop,117,153,66.3,23.1,2025-04-01 23:12:13
7452,Family Recipe Naga Chutney,80,Mid-range Restaurant,209,253,85.1,0,2025-06-30 10:51:06
7453,Extra Cheesy Misal Pav,70,Street Food,74,97,80.3,6.2,2026-02-24 08:12:57
7454,Traditional Kadhi Bafla,68,Street Food,70,111,71.7,8.1,2026-06-16 20:10:53
7455,Special Chettinad Chicken,113,Street Food,36,63,67.6,18.8,2025-08-27 05:36:16
7456,Deluxe Axone,12,Roadside Stall,47,98,94.5,0,2025-03-28 21:44:55
7457,Mutton Rogan Josh,122,Street Food,21,40,70.1,15.4,2025-08-16 11:59:53
7458,Extra Cheesy Pesarattu,61,Mid-range Restaurant,197,284,90.6,0,2025-01-19 13:31:20
7459,Traditional Malpua,20,Roadside Stall,46,73,77.3,6.8,2026-04-01 08:10:57
7460,Amritsari Kulcha,44,Roadside Stall,58,75,79.7,3.7,2026-03-06 18:59:55
7461,Street-side Sarson da Saag,126,Fine Dining,758,1225,80.4,4.9,2026-02-21 18:50:42
7462,Sabudana Khichdi,65,Sweet Shop,154,262,45.6,58.0,2025-06-15 09:43:40
7463,Smoked Pork,82,Roadside Stall,32,77,87.1,0,2026-01-09 18:47:42
7464,Authentic Kosha Mangsho,45,Fine Dining,793,1783,55.1,49.0,2026-05-14 09:38:47
7465,Sabudana Khichdi,63,Local Eatery,140,246,45.9,65.0,2026-06-18 02:09:46
7466,Authentic Chettinad Chicken,56,Fine Dining,838,1616,51.5,46.2,2025-10-02 21:01:08
7467,Momos,136,Sweet Shop,48,291,59.4,34.5,2026-01-29 23:12:38
7468,Bhutte ka Kees,22,Local Eatery,96,293,87.4,0,2025-08-06 11:01:02
7469,Family Recipe Bebinca,29,Local Eatery,105,269,71.5,10.7,2026-02-03 06:23:10
7470,Authentic Aloo Paratha,131,Roadside Stall,29,114,71.4,12.4,2026-03-02 01:00:36
7471,Premium Momos,10,Local Eatery,112,235,69.5,16.1,2025-03-06 10:59:09
7472,Classic Puran Poli,71,Sweet Shop,182,271,62.7,33.0,2025-04-20 10:23:57
7473,Signature Aloo Paratha,119,Roadside Stall,27,57,81.8,2.7,2025-07-17 01:55:54
7474,Chef's Momos,137,Mid-range Restaurant,340,579,76.6,13.6,2025-06-20 00:18:30
7475,Classic Malai Kofta,127,Roadside Stall,27,46,52.0,55.8,2025-10-30 10:44:51
7476,Royal Pork with Bamboo Shoot,85,Fine Dining,758,1477,89.2,0,2026-04-23 23:31:37
7477,Chaat Papdi,97,Street Food,65,136,52.0,54.2,2025-03-14 16:57:59
7478,Festival Rajma Chawal,93,Local Eatery,161,228,60.1,26.8,2026-05-07 02:50:35
7479,Homestyle Lassi,96,Mid-range Restaurant,306,373,80.6,2.9,2025-07-08 13:34:26
7480,Bhutte ka Kees,67,Fine Dining,697,2390,77.3,4.8,2026-05-30 01:50:17
7481,Street-side Dhokla,33,Fine Dining,733,2420,73.2,9.6,2025-04-08 22:30:45
7482,Local Favourite Idli Sambar,111,Sweet Shop,172,360,80.1,5.4,2025-06-28 22:16:43
7483,Meen Curry,1,Fine Dining,1326,1917,73.4,14.5,2025-06-27 08:45:19
7484,Chaat Papdi,131,Roadside Stall,21,104,56.4,36.7,2025-09-15 21:22:01
7485,Homestyle Bhutte ka Kees,21,Roadside Stall,34,118,77.0,9.8,2025-05-28 14:33:32
7486,Quick-bite Momos,82,Fine Dining,877,1276,53.7,45.8,2026-04-17 03:55:02
7487,Prawn Balchao,75,Local Eatery,171,268,77.3,5.1,2025-03-05 12:04:31
7488,Poha Jalebi,63,Local Eatery,85,138,60.3,35.3,2025-11-01 11:45:15
7489,Kosha Mangsho,19,Fine Dining,889,1532,85.9,0,2025-02-27 09:38:17
7490,Local Favourite Macher Jhol,87,Sweet Shop,201,275,88.2,0,2026-04-15 23:12:31
7491,Premium Tandoori Roti,38,Mid-range Restaurant,391,688,55.2,38.8,2025-02-10 05:16:22
7492,Homestyle Rosogolla,135,Street Food,45,78,55.8,18.9,2025-01-10 22:59:18
7493,Festival Pitha,136,Sweet Shop,78,376,49.8,50.4,2025-07-27 16:31:19
7494,Pork with Bamboo Shoot,118,Street Food,66,103,74.0,13.6,2026-05-28 10:27:07
7495,Filter Coffee,57,Street Food,59,103,55.9,48.1,2025-04-23 11:46:36
7496,Royal Mysore Pak,61,Street Food,22,116,91.8,0,2025-04-26 04:09:17
7497,Family Recipe Idiyappam,53,Sweet Shop,193,227,45.3,69.9,2025-03-19 07:55:44
7498,Mysore Pak,2,Roadside Stall,46,94,74.1,15.4,2025-08-07 15:41:16
7499,Quick-bite Chole Bhature,40,Fine Dining,1353,2193,84.0,1.1,2025-07-07 05:54:35
7500,Vada Pav,27,Mid-range Restaurant,321,433,49.4,52.4,2026-05-07 01:17:30
7501,Dhokla,72,Fine Dining,834,2366,82.5,2.0,2025-03-03 17:44:23
7502,Kadhi Bafla,67,Mid-range Restaurant,156,659,89.6,0,2025-06-02 06:36:43
7503,Hyderabadi Biryani,59,Mid-range Restaurant,170,459,87.2,0,2025-07-21 13:08:46
7504,Special Aloo Paratha,132,Sweet Shop,103,222,94.9,0,2025-02-27 02:20:32
7505,Rajma Chawal,102,Fine Dining,1468,2241,81.5,5.1,2025-06-23 14:12:56
7506,Chef's Zan,8,Local Eatery,167,290,77.2,9.2,2026-02-28 12:10:40
7507,Local Favourite Sabudana Khichdi,67,Street Food,76,90,51.6,28.5,2026-02-03 17:17:53
7508,Authentic Vada Pav,27,Fine Dining,1068,2142,53.5,56.3,2025-06-12 01:58:36
7509,Village-style Pesarattu,60,Local Eatery,95,141,77.2,6.8,2025-08-15 13:57:54
7510,Spicy Dhokla,34,Street Food,35,78,76.5,14.8,2025-04-20 14:39:43
7511,Grandma's Masala Dosa,50,Fine Dining,1302,2003,80.4,5.3,2025-01-10 18:12:08
7512,Authentic Thukpa,104,Street Food,82,108,60.4,19.9,2025-01-22 18:38:24
7513,Sandesh,139,Roadside Stall,47,82,78.5,8.3,2025-07-13 08:24:46
7514,Premium Misal Pav,26,Fine Dining,942,2010,40.3,77.9,2025-11-01 19:04:12
7515,Festival Kadhi Chawal,122,Sweet Shop,190,226,69.7,25.4,2026-05-31 07:32:56
7516,Authentic Filter Coffee,110,Sweet Shop,126,302,81.6,4.4,2025-10-21 15:22:06
7517,Spicy Rava Kesari,109,Fine Dining,876,2110,77.8,9.8,2025-02-01 04:15:38
7518,Family Recipe Pitha,47,Fine Dining,1215,1834,68.4,29.4,2025-08-04 17:49:58
7519,Aloo Posto,47,Fine Dining,888,1396,63.2,34.3,2026-06-03 20:47:42
7520,Street-side Chole Bhature,44,Fine Dining,1178,1979,72.2,13.2,2025-05-04 16:18:57
7521,Traditional Macher Jhol,134,Sweet Shop,97,195,85.6,0,2025-08-12 11:47:22
7522,Curd Rice,108,Mid-range Restaurant,231,275,77.1,10.8,2025-09-20 02:42:26
7523,Paneer Tikka,122,Fine Dining,1086,2223,57.9,17.7,2025-02-06 21:06:40
7524,Chef's Chole Bhature,38,Local Eatery,85,107,88.0,0,2026-03-15 12:02:03
7525,Special Masala Dosa,5,Street Food,66,100,57.1,33.6,2025-08-28 21:24:50
7526,Kosha Mangsho,16,Mid-range Restaurant,323,338,88.5,0,2025-05-06 07:32:42
7527,Festival Amritsari Kulcha,125,Fine Dining,704,859,75.2,10.2,2025-08-03 03:26:57
7528,Local Favourite Smoked Pork,14,Sweet Shop,127,275,78.8,6.9,2026-05-10 06:56:01
7529,Spicy Fish Tenga,9,Fine Dining,856,1040,53.9,33.6,2025-07-14 05:40:40
7530,Signature Tandoori Roti,122,Local Eatery,160,186,81.6,2.5,2025-04-23 04:43:03
7531,Extra Cheesy Idiyappam,61,Roadside Stall,46,63,80.9,2.5,2026-02-16 10:37:51
7532,Grandma's Sandesh,88,Sweet Shop,182,244,82.4,3.5,2025-11-06 12:03:52
7533,Sabudana Khichdi,62,Street Food,43,77,86.1,0,2026-05-17 05:23:24
7534,Spicy Appam with Stew,50,Fine Dining,658,679,58.7,46.6,2025-02-13 13:57:48
7535,Modak,34,Street Food,77,118,70.7,24.0,2025-11-22 15:48:57
7536,Traditional Rosogolla,138,Roadside Stall,56,94,69.3,17.9,2026-04-16 21:11:34
7537,Bisi Bele Bath,4,Street Food,25,78,65.1,30.1,2025-02-20 08:12:15
7538,Khandvi,72,Mid-range Restaurant,184,528,77.0,5.6,2026-04-25 16:25:01
7539,Festival Bamboo Shoot Curry,12,Sweet Shop,173,221,68.6,13.2,2025-09-09 23:36:52
7540,Aloo Posto,87,Street Food,53,107,96.1,0,2025-02-03 18:19:51
7541,Premium Litti,134,Fine Dining,525,1010,68.6,15.1,2026-03-29 03:05:10
7542,Goan Fish Curry,23,Street Food,73,110,53.3,54.4,2025-06-03 12:43:15
7543,Chef's Chila,64,Local Eatery,128,145,62.0,19.9,2025-05-19 04:29:33
7544,Roadside Sarson da Saag,99,Mid-range Restaurant,411,469,68.1,22.0,2025-08-01 08:04:19
7545,Filter Coffee,107,Sweet Shop,159,273,73.7,11.2,2026-04-21 12:20:11
7546,Spicy Puran Poli,28,Sweet Shop,34,366,71.3,21.8,2025-07-15 23:07:27
7547,Sol Kadhi,25,Street Food,74,86,77.6,13.3,2025-03-19 00:35:05
7548,Mutton Rogan Josh,36,Fine Dining,531,859,78.4,8.2,2025-05-09 16:22:38
7549,Festival Sarson da Saag,38,Sweet Shop,142,169,64.1,13.8,2025-11-15 06:07:35
7550,Premium Mutton Rogan Josh,125,Mid-range Restaurant,166,194,81.2,5.3,2025-05-22 19:14:25
7551,Modak,29,Roadside Stall,43,106,63.7,29.3,2025-01-06 10:31:00
7552,Festival Pitha,80,Street Food,30,91,65.4,13.4,2025-08-30 02:19:12
7553,Authentic Mysore Pak,112,Roadside Stall,37,55,54.5,31.9,2025-11-24 18:18:24
7554,Homestyle Nihari,35,Street Food,55,87,87.9,0,2026-05-30 20:36:33
7555,Deluxe Sol Kadhi,75,Fine Dining,1033,1747,86.0,0,2026-02-14 18:24:48
7556,Dahi Vada,19,Roadside Stall,16,108,62.3,33.6,2025-06-30 04:03:19
7557,Litti,87,Street Food,37,147,69.9,23.8,2026-04-20 03:13:10
7558,Royal Sol Kadhi,24,Street Food,37,60,91.9,0,2025-09-27 05:53:29
7559,Village-style Pitha,134,Roadside Stall,27,87,76.4,12.6,2025-05-11 19:12:22
7560,Tandoori Roti,97,Sweet Shop,107,247,68.9,18.7,2025-02-23 13:26:49
7561,Premium Dal Makhani,131,Local Eatery,73,233,77.4,9.5,2025-09-24 01:40:00
7562,Paneer Tikka,42,Local Eatery,75,101,64.0,17.3,2025-06-24 14:09:39
7563,Bhutte ka Kees,21,Mid-range Restaurant,397,638,76.3,14.3,2025-01-07 15:09:02
7564,Sabudana Khichdi,66,Sweet Shop,74,92,67.0,11.6,2025-06-28 15:24:08
7565,Deluxe Kosha Mangsho,88,Sweet Shop,72,345,62.4,36.4,2025-03-01 10:50:11
7566,Prawn Balchao,34,Roadside Stall,28,106,70.2,18.1,2026-02-01 11:10:47
7567,Special Thepla,70,Mid-range Restaurant,191,335,91.2,0,2025-11-18 23:55:20
7568,Extra Cheesy Dhokla,72,Street Food,41,57,83.5,1.1,2026-03-13 02:40:41
7569,Chole Bhature,125,Roadside Stall,62,112,73.4,9.0,2026-03-20 07:27:55
7570,Street-side Sarson da Saag,38,Fine Dining,676,2411,72.2,8.0,2025-11-19 16:55:49
7571,Chhena Poda,139,Fine Dining,747,1108,87.7,0,2026-03-23 00:25:53
7572,Street-side Mutton Rogan Josh,119,Local Eatery,69,207,89.0,0,2025-01-15 08:50:25
7573,Mysore Pak,111,Sweet Shop,115,342,66.3,19.5,2025-08-06 03:23:19
7574,Authentic Idli Sambar,6,Fine Dining,584,1437,48.6,27.7,2025-12-22 05:40:32
7575,Pesarattu,114,Roadside Stall,36,79,85.6,0,2026-06-27 14:50:49
7576,Special Filter Coffee,110,Roadside Stall,48,65,85.9,0,2025-05-14 17:32:13
7577,Grandma's Bhel Puri,30,Roadside Stall,30,46,88.9,0,2026-06-10 02:11:51
7578,Authentic Khandvi,71,Roadside Stall,32,94,82.0,3.8,2025-12-30 15:15:09
7579,Royal Fish Tenga,103,Fine Dining,1294,1559,52.8,33.7,2025-01-29 04:51:06
7580,Thukpa,13,Local Eatery,67,292,82.0,2.6,2026-03-05 09:56:39
7581,Classic Vada Sambar,112,Fine Dining,1412,1658,75.6,16.8,2025-09-15 08:56:08
7582,Quick-bite Dal Makhani,124,Mid-range Restaurant,185,529,59.9,27.7,2025-09-01 12:49:01
7583,Chingri Malai Curry,19,Sweet Shop,198,372,89.1,0,2025-06-28 16:34:19
7584,Signature Paneer Tikka,123,Roadside Stall,66,77,67.8,14.3,2026-04-21 16:59:07
7585,Filter Coffee,57,Sweet Shop,122,170,77.4,5.0,2026-04-16 11:36:18
7586,Dhokla,28,Roadside Stall,26,70,72.6,21.6,2025-03-14 23:39:40
7587,Royal Uttapam,56,Mid-range Restaurant,416,439,70.1,24.5,2025-03-08 10:06:25
7588,Special Dahi Vada,15,Sweet Shop,94,278,83.9,1.4,2026-02-02 04:53:29
7589,Mutton Rogan Josh,122,Fine Dining,731,1809,77.2,7.7,2025-09-10 23:58:50
7590,Local Favourite Prawn Balchao,71,Street Food,73,132,56.6,23.6,2026-06-12 13:19:12
7591,Momos,13,Local Eatery,110,170,70.5,23.8,2025-09-25 05:48:41
7592,Village-style Chole Bhature,123,Street Food,21,124,81.7,3.9,2026-02-25 02:05:30
7593,Spicy Appam with Stew,58,Fine Dining,565,1170,78.3,9.8,2025-11-04 23:45:22
7594,Grandma's Malpua,68,Local Eatery,68,93,86.2,0,2025-11-15 14:54:25
7595,Idiyappam,110,Mid-range Restaurant,243,495,64.4,35.5,2025-08-01 08:54:06
7596,Special Dahi Vada,134,Mid-range Restaurant,329,406,76.0,12.7,2025-09-26 01:03:58
7597,Signature Payasam,52,Mid-range Restaurant,381,519,40.1,62.9,2025-09-17 05:40:42
7598,Mysore Pak,106,Mid-range Restaurant,237,474,82.2,2.9,2025-09-15 01:44:39
7599,Nihari,44,Sweet Shop,68,218,43.9,66.8,2025-05-27 06:35:27
7600,Naga Chutney,9,Sweet Shop,48,127,56.0,51.1,2026-03-27 21:34:48
7601,Premium Thepla,73,Sweet Shop,110,138,52.0,25.7,2026-06-06 19:48:28
7602,Royal Bafla,64,Local Eatery,146,170,47.9,47.6,2025-02-01 10:23:20
7603,Sol Kadhi,32,Mid-range Restaurant,199,499,56.8,34.2,2025-04-20 02:52:13
7604,Khandvi,76,Street Food,20,105,79.1,9.8,2025-12-17 15:28:58
7605,Fish Tenga,8,Roadside Stall,19,38,80.3,6.1,2026-04-19 01:01:21
7606,Rava Kesari,58,Fine Dining,974,1832,54.7,52.9,2025-08-01 00:06:17
7607,Premium Chaat Papdi,100,Street Food,79,98,52.9,48.8,2026-01-13 05:01:49
7608,Macher Jhol,45,Local Eatery,121,285,81.6,5.0,2025-02-13 03:44:44
7609,Pitha,104,Fine Dining,797,1170,73.0,20.9,2025-08-22 19:48:44
7610,Local Favourite Chaat Papdi,94,Mid-range Restaurant,412,657,57.9,19.1,2025-06-17 01:33:25
7611,Premium Kadhi Chawal,94,Roadside Stall,39,109,62.3,24.7,2025-08-14 21:12:32
7612,Royal Pork with Bamboo Shoot,80,Roadside Stall,22,79,88.8,0,2025-11-23 04:18:49
7613,Dal Makhani,129,Sweet Shop,215,262,76.1,5.7,2025-08-15 15:49:39
7614,Masala Dosa,111,Fine Dining,1199,2114,92.4,0,2025-04-14 12:43:14
7615,Prawn Balchao,74,Street Food,33,108,71.0,18.8,2026-01-11 08:05:01
7616,Bebinca,27,Street Food,52,133,49.8,60.5,2025-05-05 01:27:09
7617,Royal Chaat Papdi,126,Sweet Shop,71,333,64.5,12.6,2026-05-08 15:17:02
7618,Mysore Pak,53,Local Eatery,83,102,63.7,33.2,2025-11-05 22:28:49
7619,Family Recipe Dal Bafla,64,Local Eatery,142,281,93.2,0,2026-03-28 14:55:12
7620,Bebinca,117,Street Food,33,144,49.9,22.2,2025-06-27 20:57:45
7621,Vada Sambar,108,Roadside Stall,60,95,70.2,10.8,2025-12-08 11:19:26
7622,Extra Cheesy Payasam,111,Fine Dining,677,1508,67.1,12.8,2025-07-30 08:50:21
7623,Festival Shorshe Ilish,17,Sweet Shop,206,309,74.7,6.7,2025-12-12 18:52:24
7624,Chettinad Chicken,56,Local Eatery,117,145,77.5,12.8,2025-03-08 04:09:42
7625,Amritsari Kulcha,91,Sweet Shop,34,354,84.0,1.5,2025-12-23 06:45:44
7626,Spicy Filter Coffee,57,Mid-range Restaurant,226,519,83.7,1.0,2026-01-15 04:55:41
7627,Shorshe Ilish,134,Roadside Stall,32,43,64.6,25.5,2026-05-21 02:53:01
7628,Homestyle Dhokla,29,Local Eatery,154,260,72.3,14.9,2025-07-13 08:41:21
7629,Royal Butter Chicken,121,Roadside Stall,58,100,70.2,10.7,2026-06-29 14:11:52
7630,Nihari,94,Local Eatery,157,293,73.8,8.0,2025-04-23 20:23:57
7631,Traditional Nihari,92,Roadside Stall,58,104,49.4,42.4,2026-06-01 20:20:11
7632,Village-style Mysore Pak,55,Mid-range Restaurant,231,301,64.3,14.4,2025-04-14 18:58:35
7633,Homestyle Rajma Chawal,101,Street Food,37,114,78.9,7.2,2025-09-02 20:53:39
7634,Mutton Rogan Josh,97,Roadside Stall,59,82,92.6,0,2026-05-02 14:16:39
7635,Family Recipe Aloo Paratha,120,Mid-range Restaurant,232,465,77.3,11.7,2025-12-10 19:08:55
7636,Special Masala Dosa,55,Local Eatery,164,199,65.4,15.0,2026-06-09 08:55:30
7637,Deluxe Thepla,69,Fine Dining,574,2017,80.0,7.5,2025-04-21 03:16:53
7638,Spicy Litti Chokha,125,Roadside Stall,60,114,63.9,23.7,2026-05-13 17:56:36
7639,Smoked Pork,81,Street Food,49,69,78.8,6.7,2025-11-02 12:43:28
7640,Pitha,12,Fine Dining,646,1916,63.7,15.8,2025-10-03 12:28:41
7641,Premium Masala Dosa,106,Street Food,53,129,41.2,55.4,2025-02-15 11:23:25
7642,Pesarattu,110,Mid-range Restaurant,150,368,76.7,13.3,2026-06-14 20:40:38
7643,Kachori,38,Fine Dining,830,884,65.1,29.6,2026-05-06 14:50:08
7644,Thepla,76,Sweet Shop,137,149,92.2,0,2025-08-01 21:34:26
7645,Dal Makhani,100,Fine Dining,1422,2490,58.5,30.3,2025-09-18 20:50:34
7646,Village-style Malpua,67,Sweet Shop,43,126,59.1,16.1,2026-05-11 18:31:41
7647,Classic Rosogolla,17,Street Food,22,84,69.9,14.6,2025-10-17 12:31:23
7648,Shorshe Ilish,135,Sweet Shop,63,219,79.4,7.6,2026-01-20 19:31:09
7649,Royal Prawn Balchao,70,Sweet Shop,194,298,94.3,0,2025-09-15 20:41:21
7650,Roadside Kachori,126,Fine Dining,1141,1658,85.0,0,2025-03-16 10:50:48
7651,Royal Naga Chutney,78,Mid-range Restaurant,235,679,62.3,37.9,2025-08-08 13:35:39
7652,Grandma's Vada Sambar,51,Mid-range Restaurant,190,502,96.9,0,2025-11-28 01:52:27
7653,Momos,13,Local Eatery,114,298,92.8,0,2025-11-24 18:21:42
7654,Spicy Dal Makhani,127,Mid-range Restaurant,267,419,86.8,0,2025-03-17 12:43:31
7655,Malai Kofta,119,Roadside Stall,58,115,45.7,52.4,2025-10-30 08:17:28
7656,Local Favourite Malai Kofta,93,Fine Dining,1127,1448,77.2,13.7,2025-04-01 11:35:58
7657,Local Favourite Sabudana Khichdi,20,Mid-range Restaurant,395,545,93.9,0,2025-05-15 21:46:30
7658,Spicy Golgappa,131,Sweet Shop,94,240,63.9,24.7,2025-02-25 04:10:55
7659,Quick-bite Shorshe Ilish,138,Street Food,49,136,46.8,24.6,2025-02-10 14:36:55
7660,Kachori,130,Roadside Stall,63,118,60.0,36.8,2025-09-12 10:31:39
7661,Deluxe Amritsari Kulcha,124,Street Food,47,67,75.2,14.4,2025-02-19 14:27:36
7662,Lassi,39,Local Eatery,102,166,76.3,12.7,2025-08-12 20:09:52
7663,Spicy Dhokla,31,Sweet Shop,75,108,69.0,26.7,2025-11-01 11:55:08
7664,Premium Idli Sambar,106,Local Eatery,125,275,65.0,19.3,2025-02-24 06:24:14
7665,Authentic Bhutte ka Kees,20,Mid-range Restaurant,167,335,81.4,6.0,2025-09-18 10:05:14
7666,Authentic Sarson da Saag,95,Sweet Shop,144,325,86.1,0,2025-02-20 04:34:57
7667,Grandma's Jadoh,14,Roadside Stall,49,89,68.2,24.8,2026-01-29 18:49:50
7668,Premium Butter Chicken,131,Sweet Shop,94,268,55.6,18.6,2025-03-26 21:06:32
7669,Mutton Rogan Josh,129,Fine Dining,783,985,85.0,0,2026-03-11 10:11:57
7670,Authentic Pav Bhaji,28,Street Food,58,101,73.9,12.1,2025-06-27 20:22:51
7671,Village-style Mysore Pak,107,Roadside Stall,35,92,61.9,29.0,2026-03-14 18:35:04
7672,Pesarattu,115,Mid-range Restaurant,400,429,83.1,1.9,2025-04-19 08:42:06
7673,Deluxe Dalma,135,Local Eatery,172,282,82.1,3.9,2025-01-26 06:23:21
7674,Special Macher Jhol,139,Sweet Shop,182,297,57.0,39.8,2026-03-16 03:36:52
7675,Spicy Pitha,84,Fine Dining,595,1269,81.8,2.0,2025-01-06 14:32:13
7676,Meen Curry,53,Roadside Stall,58,77,53.3,24.7,2025-01-07 23:31:51
7677,Payasam,108,Street Food,26,124,79.1,6.8,2026-06-16 11:27:17
7678,Special Zan,84,Mid-range Restaurant,347,427,95.4,0,2026-06-16 02:38:52
7679,Spicy Sol Kadhi,73,Fine Dining,1367,1505,79.8,8.3,2025-12-21 15:03:02
7680,Mutton Rogan Josh,131,Sweet Shop,31,337,65.2,26.2,2026-03-04 19:13:50
7681,Classic Bebinca,8,Street Food,65,123,41.9,37.0,2025-04-10 13:04:26
7682,Litti Chokha,100,Mid-range Restaurant,199,237,60.1,25.8,2025-07-12 16:26:59
7683,Naga Chutney,7,Local Eatery,89,99,84.2,0.6,2025-11-15 16:17:20
7684,Golgappa,124,Sweet Shop,137,288,77.0,13.6,2025-12-13 05:31:06
7685,Deluxe Mysore Pak,2,Roadside Stall,18,107,77.3,5.2,2025-12-31 22:35:36
7686,Signature Kachori,40,Mid-range Restaurant,419,602,65.8,19.4,2026-05-06 12:11:21
7687,Chef's Idli Sambar,115,Mid-range Restaurant,197,431,82.4,1.8,2025-02-08 20:57:25
7688,Pork with Bamboo Shoot,14,Sweet Shop,40,221,85.8,0,2025-06-20 07:32:07
7689,Roadside Bebinca,79,Fine Dining,791,1805,66.9,20.2,2025-11-09 10:16:42
7690,Momos,87,Sweet Shop,77,346,67.9,14.5,2026-03-29 07:37:01
7691,Bisi Bele Bath,60,Mid-range Restaurant,220,412,68.7,25.2,2026-05-20 18:11:33
7692,Street-side Axone,103,Mid-range Restaurant,258,629,59.8,44.2,2025-09-26 04:10:00
7693,Local Favourite Vada Pav,76,Mid-range Restaurant,201,352,72.2,13.6,2026-03-10 10:18:55
7694,Authentic Chingri Malai Curry,46,Local Eatery,177,266,60.9,16.3,2026-05-08 11:54:24
7695,Paneer Tikka,38,Street Food,31,101,70.8,14.8,2025-05-30 03:22:12
7696,Traditional Meen Curry,110,Fine Dining,1312,1917,89.7,0,2025-03-22 22:18:32
7697,Litti Chokha,88,Roadside Stall,55,75,82.9,3.1,2025-07-04 10:09:33
7698,Quick-bite Masala Dosa,108,Street Food,80,102,85.0,0,2025-10-10 16:37:22
7699,Special Thepla,26,Local Eatery,140,295,73.2,18.0,2026-02-09 04:31:12
7700,Classic Appam with Stew,110,Street Food,38,76,40.1,69.8,2025-10-04 07:09:37
7701,Deluxe Chaat Papdi,97,Fine Dining,1471,2220,71.4,18.1,2025-07-16 22:58:12
7702,Grandma's Paneer Tikka,40,Roadside Stall,64,97,48.6,23.1,2025-06-04 01:21:13
7703,Dhokla,29,Street Food,58,101,53.9,25.8,2025-03-03 05:32:47
7704,Roadside Axone,80,Local Eatery,121,200,51.7,30.2,2025-07-15 02:35:20
7705,Grandma's Litti Chokha,47,Local Eatery,171,198,71.8,22.2,2025-05-23 08:35:24
7706,Deluxe Meen Curry,3,Sweet Shop,57,217,77.7,7.8,2026-04-18 09:48:11
7707,Nihari,125,Sweet Shop,159,395,62.8,18.4,2025-03-31 15:30:36
7708,Spicy Amritsari Kulcha,43,Street Food,54,65,86.6,0,2025-01-22 06:30:23
7709,Mysore Pak,58,Street Food,28,98,54.8,52.6,2026-06-24 02:09:31
7710,Bhel Puri,23,Fine Dining,1485,2268,62.7,34.7,2025-02-18 05:24:42
7711,Aloo Posto,16,Local Eatery,142,175,92.3,0,2025-04-09 16:17:23
7712,Deluxe Kachori,42,Local Eatery,88,137,69.6,14.7,2025-08-28 08:46:36
7713,Traditional Chole Bhature,92,Local Eatery,98,231,68.9,15.1,2026-04-29 01:17:56
7714,Chef's Bamboo Shoot Curry,83,Mid-range Restaurant,252,634,70.8,19.5,2025-05-21 07:11:23
7715,Extra Cheesy Kachori,41,Mid-range Restaurant,280,413,80.6,3.3,2025-10-07 03:06:25
7716,Local Favourite Goan Fish Curry,74,Street Food,61,114,59.9,43.7,2025-10-03 17:49:34
7717,Village-style Pitha,90,Roadside Stall,52,68,79.7,8.6,2026-02-16 04:55:07
7718,Roadside Momos,16,Sweet Shop,94,244,80.1,6.3,2026-03-07 23:28:48
7719,Momos,86,Street Food,35,141,84.9,0.2,2025-06-23 07:01:41
7720,Chak-hao Kheer,14,Local Eatery,154,184,86.7,0,2025-11-28 11:48:12
7721,Extra Cheesy Kolhapuri Mutton,26,Mid-range Restaurant,196,594,81.8,3.7,2026-06-12 06:58:26
7722,Homestyle Modak,26,Sweet Shop,199,362,72.4,19.9,2025-06-19 16:55:27
7723,Spicy Dhokla,25,Local Eatery,143,281,51.1,60.7,2025-12-12 07:26:14
7724,Premium Bebinca,73,Sweet Shop,197,344,71.0,23.5,2025-10-04 17:09:08
7725,Street-side Bafla,66,Local Eatery,171,299,82.5,4.1,2025-02-14 11:24:05
7726,Spicy Shorshe Ilish,139,Roadside Stall,56,70,64.2,17.7,2025-07-12 17:27:03
7727,Paneer Tikka,97,Local Eatery,158,229,89.0,0,2025-10-27 00:25:55
7728,Spicy Bebinca,71,Mid-range Restaurant,309,539,88.4,0,2026-03-14 08:42:43
7729,Grandma's Butter Chicken,37,Roadside Stall,48,81,46.8,64.3,2025-04-27 17:19:11
7730,Premium Chaat Papdi,95,Local Eatery,144,168,85.1,0,2025-05-09 15:35:34
7731,Authentic Payasam,107,Local Eatery,178,204,45.4,52.9,2025-11-11 09:54:55
7732,Hyderabadi Biryani,107,Local Eatery,103,121,71.3,9.4,2025-01-29 22:25:44
7733,Deluxe Idiyappam,4,Mid-range Restaurant,415,687,55.9,22.5,2025-04-09 15:51:28
7734,Classic Naga Chutney,80,Local Eatery,172,190,71.6,22.2,2026-01-28 07:02:53
7735,Signature Nihari,121,Street Food,64,103,73.3,19.8,2026-06-23 21:43:32
7736,Zan,104,Sweet Shop,78,334,86.2,0,2025-12-10 12:23:11
7737,Authentic Zan,104,Street Food,45,107,69.7,11.4,2026-03-23 15:26:36
7738,Chila,65,Street Food,43,77,94.7,0,2025-04-24 02:55:07
7739,Premium Momos,45,Roadside Stall,62,101,89.0,0,2025-06-21 00:08:26
7740,Spicy Momos,79,Local Eatery,139,243,77.8,7.7,2025-08-28 23:01:10
7741,Sandesh,19,Fine Dining,950,2257,63.2,28.0,2026-03-16 18:46:02
7742,Village-style Pav Bhaji,71,Fine Dining,1027,1047,73.3,18.6,2026-02-12 00:28:12
7743,Chef's Dahi Vada,16,Fine Dining,1112,1920,62.8,32.6,2025-02-20 12:25:35
7744,Mutton Rogan Josh,122,Mid-range Restaurant,267,584,91.4,0,2025-09-30 20:47:28
7745,Classic Bamboo Shoot Curry,83,Street Food,44,60,73.4,16.5,2025-12-28 23:15:38
7746,Spicy Meen Curry,52,Local Eatery,120,262,70.8,24.8,2025-07-14 02:35:38
7747,Amritsari Kulcha,35,Roadside Stall,64,87,76.3,7.4,2025-06-03 02:15:12
7748,Grandma's Bhel Puri,33,Fine Dining,976,1541,59.6,34.4,2025-01-18 12:32:19
7749,Premium Bhel Puri,75,Local Eatery,90,200,54.3,38.6,2026-05-19 23:13:29
7750,Kolhapuri Mutton,30,Mid-range Restaurant,153,606,89.1,0,2026-04-04 14:03:00
7751,Goan Fish Curry,76,Street Food,85,128,40.9,61.8,2026-06-08 03:18:03
7752,Traditional Macher Jhol,89,Street Food,55,85,74.1,12.4,2025-06-05 16:47:27
7753,Roadside Rasam,4,Roadside Stall,61,95,79.9,6.4,2025-10-21 04:59:05
7754,Special Misal Pav,76,Sweet Shop,146,296,78.2,4.9,2025-12-17 16:00:51
7755,Bebinca,117,Fine Dining,934,1610,84.3,0.7,2026-02-02 23:17:07
7756,Paneer Tikka,131,Street Food,72,100,71.2,13.1,2025-03-20 06:21:40
7757,Royal Modak,73,Mid-range Restaurant,363,438,60.4,41.4,2026-02-18 03:04:07
7758,Local Favourite Filter Coffee,61,Roadside Stall,18,32,60.2,19.1,2026-06-13 03:18:35
7759,Fish Tenga,79,Sweet Shop,199,358,77.4,5.6,2026-04-20 22:07:23
7760,Chef's Rajma Chawal,92,Mid-range Restaurant,317,514,55.0,39.6,2026-05-09 01:47:18
7761,Appam with Stew,3,Local Eatery,141,156,90.6,0,2026-05-18 05:18:18
7762,Chef's Naga Chutney,9,Local Eatery,165,259,55.5,26.3,2025-01-02 16:40:57
7763,Signature Idli Sambar,53,Local Eatery,140,277,48.4,50.2,2025-07-22 01:21:33
7764,Local Favourite Sarson da Saag,38,Sweet Shop,120,380,75.7,11.6,2026-05-28 23:29:21
7765,Family Recipe Prawn Balchao,32,Street Food,73,86,83.2,1.2,2026-04-21 11:03:12
7766,Local Favourite Curd Rice,48,Sweet Shop,50,104,63.1,13.7,2025-05-13 02:31:41
7767,Puran Poli,25,Roadside Stall,66,76,82.5,1.7,2025-12-23 12:10:20
7768,Uttapam,106,Roadside Stall,21,52,83.2,3.1,2026-04-03 18:53:08
7769,Authentic Sabudana Khichdi,64,Mid-range Restaurant,281,361,77.3,11.6,2025-06-09 15:42:42
7770,Signature Kadhi Bafla,22,Fine Dining,681,2328,52.4,30.3,2025-05-05 08:52:29
7771,Kachori,122,Mid-range Restaurant,374,395,71.0,10.9,2026-06-20 04:58:51
7772,Spicy Bhutte ka Kees,66,Mid-range Restaurant,178,330,48.2,30.3,2025-01-18 17:25:26
7773,Amritsari Kulcha,97,Street Food,25,130,95.0,0,2025-09-07 19:18:18
7774,Family Recipe Pitha,87,Sweet Shop,176,251,80.5,6.4,2025-07-30 01:28:13
7775,Royal Malpua,65,Roadside Stall,34,96,65.0,30.8,2025-01-02 21:32:13
7776,Tandoori Roti,39,Roadside Stall,66,109,83.0,3.1,2025-05-23 04:08:02
7777,Chettinad Chicken,58,Fine Dining,950,1010,75.2,12.6,2025-10-15 20:52:58
7778,Authentic Rava Kesari,53,Street Food,83,96,53.2,50.0,2025-09-04 01:31:27
7779,Malai Kofta,129,Street Food,67,124,88.1,0,2025-04-15 15:20:37
7780,Sabudana Khichdi,68,Roadside Stall,45,70,58.5,40.1,2025-11-10 23:45:34
7781,Festival Prawn Balchao,24,Street Food,59,77,51.8,59.7,2025-02-20 20:56:40
7782,Royal Misal Pav,34,Sweet Shop,208,381,38.5,66.4,2025-02-07 16:36:16
7783,Signature Litti Chokha,36,Fine Dining,1380,2351,69.5,9.8,2025-08-09 17:30:29
7784,Filter Coffee,50,Sweet Shop,182,247,78.4,6.4,2025-07-02 20:07:47
7785,Extra Cheesy Mutton Rogan Josh,94,Street Food,63,129,63.5,35.8,2025-03-06 18:16:21
7786,Royal Chaat Papdi,126,Fine Dining,798,1876,74.5,11.0,2025-07-03 01:31:15
7787,Paneer Tikka,40,Roadside Stall,39,78,52.0,41.0,2026-05-08 16:55:58
7788,Festival Puran Poli,26,Fine Dining,501,1712,75.9,13.1,2026-05-17 04:59:36
7789,Chef's Litti Chokha,41,Street Food,39,104,55.7,46.2,2026-02-02 23:56:52
7790,Homestyle Sarson da Saag,35,Mid-range Restaurant,224,269,69.9,12.8,2025-03-27 16:20:06
7791,Thukpa,13,Fine Dining,744,2273,58.6,35.6,2025-08-10 03:33:42
7792,Amritsari Kulcha,123,Mid-range Restaurant,354,607,85.7,0,2025-02-16 21:47:06
7793,Local Favourite Filter Coffee,49,Local Eatery,167,243,51.6,41.7,2026-02-01 04:22:23
7794,Roadside Malai Kofta,95,Local Eatery,161,245,59.9,32.3,2026-06-14 09:54:00
7795,Chef's Chaat Papdi,91,Roadside Stall,63,106,85.6,0,2025-12-25 06:51:46
7796,Litti,87,Fine Dining,562,762,93.5,0,2025-08-11 18:25:37
7797,Signature Paneer Tikka,39,Sweet Shop,124,325,70.9,23.3,2025-05-02 16:25:48
7798,Momos,9,Fine Dining,1296,2430,82.5,3.7,2026-04-08 19:12:21
7799,Quick-bite Naga Chutney,14,Local Eatery,100,292,80.3,4.2,2026-02-28 03:09:06
7800,Royal Rosogolla,46,Fine Dining,922,1857,78.4,5.3,2026-03-20 23:20:52
7801,Kolhapuri Mutton,69,Street Food,67,105,76.4,15.1,2025-03-25 15:25:00
7802,Golgappa,39,Local Eatery,174,233,67.9,11.3,2025-11-15 00:14:02
7803,Authentic Golgappa,39,Mid-range Restaurant,382,398,83.2,2.3,2025-11-30 03:50:24
7804,Grandma's Sarson da Saag,121,Street Food,75,103,60.1,19.6,2025-10-04 23:55:27
7805,Kachori,35,Mid-range Restaurant,320,684,76.4,14.9,2025-12-11 21:08:35
7806,Village-style Fish Tenga,105,Local Eatery,167,286,83.7,0.8,2025-10-05 20:25:53
7807,Classic Pesarattu,108,Local Eatery,66,267,77.4,4.7,2025-08-05 01:02:03
7808,Chef's Payasam,51,Local Eatery,173,267,69.9,9.2,2026-05-23 13:11:22
7809,Traditional Tandoori Roti,93,Sweet Shop,75,231,56.3,36.5,2025-07-14 16:17:41
7810,Authentic Thepla,34,Street Food,32,137,70.7,9.2,2025-06-06 08:49:53
7811,Nihari,125,Street Food,75,116,73.4,15.1,2025-09-24 20:18:17
7812,Sabudana Khichdi,67,Fine Dining,1211,1380,54.0,39.4,2025-02-13 00:54:50
7813,Pongal,56,Mid-range Restaurant,421,668,81.5,3.2,2026-04-22 09:06:15
7814,Khandvi,24,Roadside Stall,56,95,59.4,22.5,2025-05-30 05:16:12
7815,Thukpa,84,Street Food,73,100,57.6,24.5,2025-08-01 07:41:19
7816,Fish Tenga,7,Sweet Shop,175,379,80.2,7.0,2025-07-09 18:33:29
7817,Chef's Puttu Kadala,61,Sweet Shop,163,297,58.5,36.8,2025-09-11 13:49:46
7818,Rosogolla,135,Roadside Stall,25,113,76.3,13.7,2026-02-17 09:23:34
7819,Village-style Dahi Vada,87,Roadside Stall,49,59,64.6,27.3,2025-02-21 22:53:42
7820,Spicy Aloo Posto,90,Fine Dining,808,1091,84.1,1.5,2025-12-26 07:32:40
7821,Street-side Idli Sambar,51,Fine Dining,800,1758,45.2,62.3,2026-01-07 22:37:31
7822,Authentic Sandesh,16,Sweet Shop,41,189,88.4,0,2026-04-19 08:35:27
7823,Khandvi,28,Sweet Shop,99,335,68.8,13.5,2026-05-27 13:43:17
7824,Premium Zan,117,Local Eatery,125,139,88.6,0,2025-02-01 15:25:52
7825,Homestyle Thepla,30,Fine Dining,940,972,87.7,0,2026-04-01 08:45:44
7826,Signature Goan Fish Curry,26,Fine Dining,521,2140,65.0,25.9,2026-06-08 19:58:44
7827,Royal Appam with Stew,115,Street Food,42,114,80.0,8.9,2025-11-24 21:35:41
7828,Classic Dal Makhani,43,Roadside Stall,33,52,97.1,0,2025-04-26 10:47:15
7829,Special Dhokla,33,Sweet Shop,159,299,69.0,21.9,2025-02-22 19:52:18
7830,Smoked Pork,104,Street Food,59,79,78.3,8.7,2026-01-21 04:42:48
7831,Sarson da Saag,41,Roadside Stall,36,110,90.5,0,2025-09-30 02:49:14
7832,Vada Sambar,54,Sweet Shop,48,378,45.2,68.8,2025-06-05 01:24:48
7833,Grandma's Momos,80,Fine Dining,1361,1956,74.3,17.9,2026-05-13 07:43:31
7834,Festival Idli Sambar,55,Street Food,80,136,76.1,15.0,2025-06-30 10:50:52
7835,Local Favourite Puran Poli,70,Local Eatery,135,151,83.7,2.3,2025-05-11 20:57:50
7836,Chaat Papdi,100,Mid-range Restaurant,277,661,59.7,26.6,2025-09-04 04:15:36
7837,Kadhi Bafla,21,Sweet Shop,212,268,71.1,13.6,2025-04-18 23:56:50
7838,Puttu Kadala,116,Sweet Shop,71,152,87.4,0,2026-02-15 02:41:43
7839,Extra Cheesy Filter Coffee,109,Roadside Stall,19,53,80.5,5.7,2025-05-28 04:12:53
7840,Pitha,87,Roadside Stall,21,34,81.3,2.9,2026-05-16 02:01:45
7841,Chef's Momos,83,Sweet Shop,167,231,66.5,15.1,2025-04-01 11:17:18
7842,Pesarattu,52,Fine Dining,593,1237,91.1,0,2025-02-16 23:08:43
7843,Quick-bite Zan,85,Roadside Stall,50,79,59.4,42.4,2025-05-14 03:09:46
7844,Premium Golgappa,42,Street Food,79,108,69.3,15.8,2025-02-01 09:31:15
7845,Traditional Axone,104,Sweet Shop,31,54,68.9,24.1,2025-09-27 12:16:33
7846,Family Recipe Tandoori Roti,42,Local Eatery,166,178,76.7,6.6,2025-08-05 08:05:11
7847,Roadside Butter Chicken,120,Mid-range Restaurant,406,577,46.5,26.6,2025-11-10 09:18:48
7848,Deluxe Paneer Tikka,124,Roadside Stall,54,79,54.5,20.3,2025-01-18 01:56:30
7849,Aloo Posto,136,Fine Dining,830,1136,48.3,47.1,2025-05-05 07:13:42
7850,Kadhi Chawal,99,Mid-range Restaurant,262,322,42.3,55.8,2025-04-15 14:05:21
7851,Signature Bebinca,7,Mid-range Restaurant,416,535,76.3,10.4,2026-05-16 03:40:39
7852,Spicy Nihari,121,Roadside Stall,62,110,56.6,36.8,2026-01-20 08:32:01
7853,Festival Bisi Bele Bath,50,Roadside Stall,31,107,41.7,39.8,2025-11-09 07:30:32
7854,Royal Butter Chicken,129,Street Food,32,101,71.0,13.1,2025-09-28 03:09:08
7855,Pork with Bamboo Shoot,9,Sweet Shop,207,348,53.2,36.5,2025-11-28 23:26:15
7856,Rava Kesari,110,Roadside Stall,62,98,74.0,8.1,2025-01-21 03:36:26
7857,Quick-bite Appam with Stew,5,Roadside Stall,56,73,78.6,7.4,2025-02-14 17:02:04
7858,Local Favourite Zan,79,Roadside Stall,36,83,85.4,0,2025-01-30 07:09:52
7859,Village-style Pitha,139,Street Food,45,117,56.0,49.3,2026-03-22 07:40:15
7860,Masala Dosa,53,Roadside Stall,65,76,72.5,12.0,2025-04-13 22:22:41
7861,Deluxe Momos,105,Street Food,83,107,84.4,0.6,2025-04-18 20:02:11
7862,Amritsari Kulcha,43,Local Eatery,161,246,86.4,0,2026-01-13 15:12:37
7863,Pongal,108,Local Eatery,165,206,72.1,13.0,2025-08-07 18:29:35
7864,Kadhi Chawal,122,Sweet Shop,185,348,66.1,18.7,2025-12-14 17:40:06
7865,Lassi,91,Roadside Stall,29,85,44.2,69.0,2026-06-24 14:22:32
7866,Bhutte ka Kees,65,Street Food,80,130,83.7,2.1,2025-07-12 21:48:55
7867,Signature Khandvi,33,Sweet Shop,30,135,86.4,0,2025-05-25 03:08:24
7868,Authentic Bebinca,32,Sweet Shop,145,383,77.2,10.8,2025-05-02 05:59:01
7869,Nihari,36,Roadside Stall,61,101,81.9,4.4,2026-06-09 08:29:44
7870,Masala Dosa,112,Local Eatery,67,185,84.1,0.7,2026-02-12 04:40:03
7871,Pav Bhaji,74,Fine Dining,1279,2483,87.3,0,2026-01-04 02:47:39
7872,Lassi,119,Local Eatery,130,240,57.8,37.2,2026-01-01 11:18:56
7873,Deluxe Vada Sambar,53,Fine Dining,1059,1754,79.0,9.9,2026-05-29 07:33:44
7874,Family Recipe Dal Makhani,121,Sweet Shop,34,180,78.7,5.5,2026-04-13 14:36:42
7875,Sol Kadhi,23,Local Eatery,154,218,73.8,7.4,2026-05-20 03:01:30
7876,Shorshe Ilish,138,Roadside Stall,20,96,47.0,62.9,2025-03-22 17:58:18
7877,Classic Kadhi Chawal,122,Local Eatery,151,276,81.1,5.3,2026-01-21 02:34:30
7878,Masala Dosa,3,Street Food,42,146,58.3,43.1,2025-05-05 09:07:21
7879,Special Kadhi Chawal,97,Roadside Stall,23,95,70.7,9.4,2026-03-05 14:47:43
7880,Uttapam,60,Sweet Shop,139,316,61.4,14.7,2025-07-09 10:29:03
7881,Extra Cheesy Pesarattu,111,Roadside Stall,48,96,71.4,17.8,2025-06-22 01:38:24
7882,Homestyle Dahi Vada,19,Street Food,64,119,62.1,24.0,2026-01-12 14:58:12
7883,Village-style Bafla,67,Street Food,48,129,50.2,58.3,2025-03-17 17:37:21
7884,Signature Sarson da Saag,124,Street Food,80,129,57.2,21.4,2025-10-15 09:58:01
7885,Signature Puttu Kadala,52,Local Eatery,85,101,78.3,10.1,2025-11-08 16:39:22
7886,Extra Cheesy Chole Bhature,39,Fine Dining,1338,1844,53.2,39.4,2025-10-11 21:23:24
7887,Lassi,129,Sweet Shop,55,331,69.3,16.4,2026-04-13 05:12:08
7888,Chef's Litti Chokha,92,Sweet Shop,167,302,62.6,17.0,2025-06-08 08:01:29
7889,Street-side Khandvi,75,Local Eatery,162,237,54.7,45.6,2026-03-31 06:42:13
7890,Kachori,41,Mid-range Restaurant,280,443,74.0,6.7,2025-03-28 14:31:14
7891,Deluxe Curd Rice,5,Roadside Stall,54,88,40.4,58.6,2026-05-10 16:49:03
7892,Family Recipe Zan,117,Fine Dining,824,2148,80.4,5.0,2026-02-22 08:10:44
7893,Signature Chak-hao Kheer,7,Mid-range Restaurant,385,458,42.9,30.5,2026-02-03 07:33:39
7894,Grandma's Mysore Pak,6,Street Food,42,106,63.7,16.2,2025-06-06 15:35:17
7895,Bafla,20,Local Eatery,65,113,40.9,50.1,2025-10-06 07:32:12
7896,Kachori,125,Mid-range Restaurant,417,468,78.3,6.4,2025-08-19 03:00:15
7897,Sol Kadhi,70,Fine Dining,1264,1618,60.1,36.0,2026-03-18 20:38:33
7898,Traditional Kachori,99,Fine Dining,622,1004,91.3,0,2025-07-22 16:29:01
7899,Golgappa,91,Fine Dining,1368,1895,47.4,50.5,2025-01-24 16:16:00
7900,Dal Makhani,102,Sweet Shop,184,364,88.7,0,2026-05-28 20:36:53
7901,Kachori,96,Local Eatery,138,184,70.1,18.9,2026-05-05 12:13:13
7902,Authentic Vada Sambar,49,Roadside Stall,15,115,61.9,27.2,2026-04-18 17:00:10
7903,Festival Appam with Stew,57,Mid-range Restaurant,177,341,76.2,10.2,2025-10-28 03:13:16
7904,Litti Chokha,41,Street Food,53,74,59.9,37.5,2025-01-27 10:40:22
7905,Extra Cheesy Payasam,50,Mid-range Restaurant,191,354,82.9,1.7,2025-02-21 22:43:02
7906,Quick-bite Chhena Poda,19,Fine Dining,1471,1979,60.0,27.5,2025-09-05 23:47:03
7907,Traditional Litti,45,Sweet Shop,109,356,68.6,12.1,2025-09-23 20:14:51
7908,Deluxe Dalma,137,Sweet Shop,152,358,57.7,45.0,2025-01-08 13:06:38
7909,Royal Pongal,1,Street Food,65,93,50.7,31.5,2026-06-02 22:20:33
7910,Spicy Kachori,123,Fine Dining,1218,1435,75.8,9.8,2025-10-24 03:42:40
7911,Chef's Puran Poli,75,Local Eatery,118,186,58.5,17.4,2025-12-07 22:51:48
7912,Local Favourite Zan,78,Local Eatery,71,91,70.7,16.4,2026-05-17 03:41:02
7913,Traditional Aloo Paratha,95,Mid-range Restaurant,190,338,87.0,0,2026-01-09 11:32:59
7914,Quick-bite Golgappa,95,Street Food,42,110,80.4,3.1,2026-04-19 07:06:58
7915,Pesarattu,51,Street Food,39,49,90.4,0,2025-10-06 07:34:34
7916,Local Favourite Sandesh,88,Sweet Shop,44,59,62.8,22.7,2026-03-02 08:58:45
7917,Momos,118,Sweet Shop,162,176,93.5,0,2025-05-29 20:00:13
7918,Royal Pav Bhaji,71,Roadside Stall,41,60,44.8,24.5,2025-06-05 09:12:43
7919,Grandma's Thukpa,14,Sweet Shop,192,237,85.0,0,2026-03-09 06:39:02
7920,Classic Idli Sambar,6,Street Food,85,129,68.2,25.9,2026-05-28 14:29:51
7921,Pav Bhaji,74,Local Eatery,171,250,64.1,15.2,2026-04-11 03:07:56
7922,Extra Cheesy Bafla,67,Roadside Stall,16,118,66.2,24.3,2025-07-13 03:16:34
7923,Festival Rajma Chawal,44,Mid-range Restaurant,396,618,78.7,10.5,2025-09-25 09:32:49
7924,Premium Pongal,51,Mid-range Restaurant,342,416,78.5,4.8,2025-09-27 09:44:16
7925,Festival Kadhi Bafla,22,Street Food,42,111,72.5,16.8,2026-03-11 10:17:48
7926,Village-style Kachori,94,Roadside Stall,39,107,78.6,7.4,2026-04-09 08:52:49
7927,Festival Litti Chokha,93,Street Food,61,147,77.2,8.5,2025-09-28 23:28:18
7928,Amritsari Kulcha,37,Local Eatery,148,235,72.7,15.5,2025-10-22 01:49:22
7929,Village-style Prawn Balchao,69,Street Food,62,86,77.0,9.7,2025-04-18 17:56:43
7930,Kadhi Chawal,97,Local Eatery,78,295,85.9,0,2025-07-05 20:57:20
7931,Bebinca,83,Roadside Stall,48,59,78.4,5.7,2025-04-15 03:12:47
7932,Extra Cheesy Dal Makhani,97,Sweet Shop,167,223,69.6,27.2,2025-01-13 14:34:30
7933,Street-side Rasam,112,Mid-range Restaurant,152,244,85.4,0,2026-05-23 21:44:57
7934,Royal Litti Chokha,43,Sweet Shop,167,358,89.7,0,2025-09-11 03:26:53
7935,Idli Sambar,112,Roadside Stall,30,63,60.8,35.9,2025-12-01 23:04:10
7936,Aloo Paratha,126,Sweet Shop,95,129,49.9,44.8,2026-01-06 04:39:49
7937,Special Filter Coffee,55,Local Eatery,62,288,79.6,8.9,2025-05-12 09:05:30
7938,Local Favourite Macher Jhol,46,Street Food,82,110,77.6,10.0,2026-04-26 07:10:24
7939,Quick-bite Idiyappam,58,Fine Dining,748,1216,93.9,0,2025-01-13 05:21:01
7940,Local Favourite Pitha,86,Mid-range Restaurant,373,682,57.4,42.5,2025-10-25 18:07:34
7941,Roadside Hyderabadi Biryani,110,Sweet Shop,181,381,68.9,26.9,2025-10-20 09:30:56
7942,Kothu Parotta,58,Fine Dining,783,1062,77.3,8.5,2025-06-13 18:42:39
7943,Family Recipe Rajma Chawal,129,Street Food,21,54,83.1,2.6,2025-02-12 19:39:24
7944,Momos,105,Sweet Shop,80,126,62.8,25.5,2025-07-10 12:11:36
7945,Royal Chila,64,Roadside Stall,28,63,73.5,14.5,2025-07-19 13:22:19
7946,Litti,88,Roadside Stall,43,97,82.9,3.0,2026-06-14 10:07:46
7947,Litti Chokha,87,Sweet Shop,117,351,55.2,18.6,2025-10-25 03:14:33
7948,Special Pitha,117,Local Eatery,170,267,80.6,5.0,2025-01-13 12:11:38
7949,Royal Puttu Kadala,5,Fine Dining,819,1426,87.6,0,2026-06-30 15:30:45
7950,Traditional Malpua,22,Mid-range Restaurant,264,370,78.3,10.6,2025-11-26 00:21:11
7951,Premium Chole Bhature,93,Local Eatery,127,155,72.0,18.0,2026-02-19 04:59:04
7952,Deluxe Vada Sambar,57,Street Food,51,147,46.9,25.5,2025-12-28 18:10:09
7953,Chef's Litti,18,Roadside Stall,62,74,67.2,27.8,2025-10-26 05:01:04
7954,Special Shorshe Ilish,89,Sweet Shop,156,381,64.0,16.1,2025-11-17 11:27:59
7955,Chef's Dal Makhani,125,Street Food,75,141,71.7,15.7,2025-09-20 21:05:18
7956,Spicy Idiyappam,51,Roadside Stall,59,100,78.8,11.1,2025-06-11 16:12:16
7957,Authentic Fish Tenga,77,Street Food,85,134,77.9,6.0,2025-11-05 16:12:24
7958,Paneer Tikka,130,Roadside Stall,64,111,80.0,4.5,2025-08-23 02:53:50
7959,Classic Butter Chicken,35,Roadside Stall,16,84,59.6,26.2,2025-05-14 11:36:07
7960,Chaat Papdi,102,Mid-range Restaurant,240,568,86.8,0,2026-06-11 11:43:05
7961,Grandma's Rosogolla,139,Street Food,44,104,52.9,50.6,2025-07-28 17:44:40
7962,Classic Masala Dosa,112,Street Food,32,114,79.2,5.9,2025-02-06 02:25:49
7963,Local Favourite Dal Makhani,121,Fine Dining,646,1576,51.6,56.2,2025-09-30 15:15:52
7964,Homestyle Prawn Balchao,34,Local Eatery,178,285,96.6,0,2025-09-16 21:57:51
7965,Bhutte ka Kees,68,Sweet Shop,70,200,74.6,9.5,2025-07-15 13:27:59
7966,Kadhi Chawal,119,Roadside Stall,52,68,76.1,11.5,2025-09-03 09:00:44
7967,Kadhi Chawal,126,Street Food,57,121,78.0,7.3,2025-06-14 02:00:57
7968,Local Favourite Bebinca,29,Local Eatery,83,257,74.0,13.9,2026-04-03 14:48:05
7969,Kadhi Bafla,67,Roadside Stall,34,57,78.4,11.2,2025-04-09 04:07:52
7970,Grandma's Puttu Kadala,111,Roadside Stall,23,97,40.3,63.6,2025-05-05 18:53:34
7971,Deluxe Filter Coffee,55,Sweet Shop,213,232,77.4,5.9,2025-04-26 17:41:56
7972,Momos,11,Roadside Stall,63,117,84.2,1.1,2025-08-14 03:47:25
7973,Kachori,42,Street Food,81,125,56.7,27.7,2025-07-23 02:09:48
7974,Homestyle Golgappa,97,Fine Dining,1402,2444,80.2,6.6,2025-12-05 05:58:29
7975,Special Shorshe Ilish,19,Sweet Shop,68,140,70.3,18.1,2026-05-30 10:13:03
7976,Dalma,137,Sweet Shop,52,284,76.8,8.8,2025-11-09 16:42:41
7977,Golgappa,131,Local Eatery,80,150,85.6,0,2026-02-16 18:41:59
7978,Deluxe Undhiyu,74,Street Food,78,124,79.5,9.6,2025-08-23 11:39:09
7979,Chaat Papdi,95,Street Food,76,87,63.2,37.9,2026-05-15 22:05:57
7980,Special Fish Tenga,80,Local Eatery,109,150,61.4,38.4,2026-06-18 21:59:02
7981,Chef's Chhena Poda,139,Local Eatery,79,113,83.7,1.6,2026-06-28 11:11:33
7982,Street-side Golgappa,97,Roadside Stall,21,77,67.6,12.7,2025-02-15 07:45:16
7983,Spicy Paneer Tikka,125,Fine Dining,1024,2431,85.5,0,2025-08-15 02:52:23
7984,Spicy Litti,15,Street Food,63,143,80.8,6.3,2025-08-12 14:23:49
7985,Puran Poli,76,Local Eatery,124,177,95.0,0,2025-04-19 20:07:57
7986,Dal Bafla,67,Street Food,34,98,89.3,0,2025-08-09 08:55:13
7987,Roadside Dal Makhani,122,Local Eatery,161,210,64.2,27.5,2026-01-20 17:02:13
7988,Festival Pitha,77,Street Food,48,84,87.7,0,2026-03-26 09:55:31
7989,Roadside Puttu Kadala,51,Roadside Stall,26,62,73.5,8.1,2026-01-15 14:06:20
7990,Quick-bite Misal Pav,29,Sweet Shop,142,348,65.6,24.7,2026-04-22 07:17:58
7991,Dal Makhani,35,Fine Dining,916,1989,44.3,31.1,2025-12-31 03:26:26
7992,Special Curd Rice,114,Mid-range Restaurant,292,516,57.5,33.0,2025-11-24 23:43:13
7993,Amritsari Kulcha,39,Street Food,75,103,75.9,14.4,2026-04-04 08:18:19
7994,Roadside Kolhapuri Mutton,71,Local Eatery,160,297,54.1,31.7,2026-06-03 00:09:25
7995,Premium Litti Chokha,125,Roadside Stall,64,105,64.1,15.2,2025-08-10 12:36:07
7996,Dahi Vada,136,Sweet Shop,86,299,80.3,7.7,2026-04-25 05:46:07
7997,Special Masala Dosa,111,Mid-range Restaurant,402,470,66.4,26.5,2026-03-25 19:39:08
7998,Special Zan,118,Sweet Shop,99,277,76.1,16.0,2026-04-25 07:28:14
7999,Roadside Rajma Chawal,101,Roadside Stall,44,112,82.9,1.5,2026-01-30 18:38:47
8000,Pav Bhaji,73,Mid-range Restaurant,164,507,84.2,0.7,2025-10-09 04:29:54
8001,Family Recipe Aloo Paratha,35,Fine Dining,915,2127,78.6,5.3,2026-05-26 13:17:03
8002,Extra Cheesy Aloo Posto,16,Roadside Stall,42,87,65.2,34.5,2026-06-12 05:11:14
8003,Spicy Hyderabadi Biryani,57,Fine Dining,1132,1298,70.6,22.7,2026-03-21 20:19:21
8004,Roadside Payasam,57,Local Eatery,81,205,78.9,8.0,2025-03-19 17:24:44
8005,Grandma's Butter Chicken,133,Mid-range Restaurant,401,437,47.3,61.6,2026-03-10 23:40:25
8006,Chingri Malai Curry,136,Street Food,37,150,74.0,15.2,2025-01-20 08:07:04
8007,Dalma,89,Local Eatery,177,237,84.6,0.3,2026-03-26 11:15:04
8008,Mysore Pak,116,Local Eatery,116,147,88.4,0,2026-03-10 05:33:41
8009,Spicy Chhena Poda,46,Street Food,71,150,70.1,12.0,2025-08-21 20:38:30
8010,Zan,12,Mid-range Restaurant,425,472,91.0,0,2025-11-19 16:50:22
8011,Homestyle Paneer Tikka,130,Local Eatery,167,243,50.8,61.5,2026-01-12 23:24:53
8012,Filter Coffee,56,Mid-range Restaurant,236,593,71.1,18.4,2026-05-13 23:54:36
8013,Signature Sabudana Khichdi,68,Roadside Stall,45,75,62.0,26.5,2026-01-25 05:39:25
8014,Bafla,21,Mid-range Restaurant,179,528,73.5,18.3,2026-03-21 00:33:53
8015,Royal Tandoori Roti,95,Mid-range Restaurant,375,409,66.8,30.5,2025-07-24 16:32:00
8016,Lassi,120,Street Food,81,132,76.4,14.8,2025-05-20 20:24:09
8017,Deluxe Litti,138,Roadside Stall,47,87,54.7,48.8,2026-02-12 11:56:17
8018,Signature Litti,17,Street Food,43,71,89.0,0,2025-04-03 23:55:12
8019,Chef's Vada Pav,69,Roadside Stall,59,99,70.2,26.4,2026-05-06 21:07:20
8020,Local Favourite Sabudana Khichdi,64,Roadside Stall,29,84,72.3,20.6,2025-09-22 23:53:49
8021,Khandvi,71,Fine Dining,999,2306,84.9,0.1,2026-01-27 01:36:59
8022,Aloo Paratha,37,Sweet Shop,55,378,68.2,24.5,2025-11-05 16:39:12
8023,Sol Kadhi,72,Sweet Shop,93,227,66.1,19.9,2026-02-07 16:50:14
8024,Village-style Dal Makhani,133,Fine Dining,509,1336,88.8,0,2026-03-27 20:35:56
8025,Extra Cheesy Golgappa,121,Street Food,59,92,74.6,12.6,2025-02-16 22:24:41
8026,Rasam,116,Local Eatery,115,263,50.6,22.8,2026-05-31 20:31:44
8027,Traditional Chila,67,Local Eatery,78,278,42.2,71.2,2025-09-25 13:26:38
8028,Special Smoked Pork,77,Mid-range Restaurant,196,581,56.8,23.1,2026-05-23 04:09:07
8029,Chef's Rasam,107,Roadside Stall,31,56,83.6,1.9,2025-07-18 19:13:56
8030,Kachori,39,Street Food,62,136,47.3,30.6,2025-05-21 16:39:41
8031,Uttapam,55,Sweet Shop,72,133,77.5,11.2,2026-03-01 00:45:14
8032,Spicy Kothu Parotta,4,Mid-range Restaurant,229,270,90.3,0,2025-08-20 02:28:15
8033,Premium Pesarattu,60,Local Eatery,61,268,76.0,6.0,2025-09-06 01:34:04
8034,Paneer Tikka,121,Roadside Stall,18,41,68.6,16.5,2025-08-27 04:42:27
8035,Chef's Kachori,93,Mid-range Restaurant,327,484,80.0,7.4,2025-06-25 17:45:06
8036,Local Favourite Masala Dosa,111,Roadside Stall,21,72,61.6,14.3,2026-04-13 02:12:33
8037,Chhena Poda,134,Street Food,77,147,57.2,44.9,2025-12-06 03:49:38
8038,Authentic Kolhapuri Mutton,34,Local Eatery,152,234,80.1,5.4,2025-03-25 05:05:24
8039,Roadside Sandesh,139,Sweet Shop,142,200,54.5,29.2,2025-01-20 16:14:58
8040,Local Favourite Vada Sambar,114,Sweet Shop,94,106,89.3,0,2026-02-08 04:32:47
8041,Zan,77,Roadside Stall,53,115,80.1,4.1,2026-03-21 03:53:17
8042,Butter Chicken,97,Local Eatery,95,118,73.6,10.3,2026-01-04 17:16:21
8043,Mutton Rogan Josh,98,Sweet Shop,118,323,56.7,40.3,2025-12-19 16:53:19
8044,Street-side Bhel Puri,32,Sweet Shop,162,307,83.1,3.0,2025-08-14 22:49:31
8045,Royal Kadhi Bafla,62,Mid-range Restaurant,312,651,72.6,13.1,2026-04-05 15:25:42
8046,Pitha,103,Street Food,78,108,47.2,54.1,2026-03-25 21:35:32
8047,Authentic Axone,117,Street Food,78,120,39.9,49.2,2025-12-11 18:42:56
8048,Special Naga Chutney,78,Local Eatery,61,251,76.2,9.5,2026-06-20 16:43:13
8049,Roadside Pongal,111,Fine Dining,1400,1904,88.4,0,2026-03-01 22:58:42
8050,Classic Thepla,25,Roadside Stall,63,119,69.3,18.0,2025-12-28 11:07:48
8051,Malai Kofta,38,Street Food,84,144,86.9,0,2025-08-25 08:02:13
8052,Litti Chokha,119,Sweet Shop,90,360,45.0,42.9,2026-01-15 06:32:39
8053,Premium Chhena Poda,15,Street Food,74,143,77.9,5.0,2025-11-13 04:33:07
8054,Village-style Pav Bhaji,72,Fine Dining,553,1086,85.9,0,2026-03-26 10:20:18
8055,Dhokla,23,Local Eatery,114,175,81.0,3.1,2025-01-23 22:19:58
8056,Chaat Papdi,43,Street Food,29,66,80.7,5.1,2025-02-02 21:17:31
8057,Traditional Meen Curry,112,Fine Dining,896,1894,65.6,26.2,2025-10-18 18:49:51
8058,Rasam,54,Street Food,51,140,85.1,0,2026-01-09 13:58:32
8059,Premium Bebinca,78,Local Eatery,180,259,60.3,43.1,2026-06-08 14:17:40
8060,Momos,82,Street Food,44,81,83.2,2.7,2025-01-29 17:23:41
8061,Undhiyu,27,Fine Dining,1440,1679,65.8,13.4,2026-05-10 00:15:35
8062,Festival Litti,139,Sweet Shop,77,336,46.9,30.1,2025-05-12 20:00:27
8063,Goan Fish Curry,76,Local Eatery,108,127,63.8,17.7,2025-07-27 22:44:43
8064,Aloo Posto,89,Fine Dining,1295,1811,74.3,10.3,2026-02-21 10:07:49
8065,Signature Dal Bafla,22,Roadside Stall,65,92,78.8,10.5,2026-01-15 14:11:11
8066,Quick-bite Curd Rice,113,Fine Dining,1118,1508,84.2,0.9,2025-02-10 12:41:41
8067,Dal Bafla,22,Fine Dining,863,2126,64.2,33.3,2026-05-05 22:26:55
8068,Traditional Tandoori Roti,99,Sweet Shop,48,365,58.3,19.8,2025-12-27 05:41:38
8069,Naga Chutney,8,Fine Dining,820,938,72.8,21.5,2025-12-30 07:35:25
8070,Extra Cheesy Pork with Bamboo Shoot,13,Local Eatery,101,152,62.9,27.9,2025-03-21 21:55:42
8071,Roadside Kothu Parotta,110,Sweet Shop,211,360,61.5,23.8,2025-05-07 00:24:25
8072,Roadside Paneer Tikka,119,Fine Dining,854,2419,58.4,35.7,2026-05-03 16:49:11
8073,Kothu Parotta,115,Street Food,56,132,55.0,50.3,2025-05-11 10:14:14
8074,Meen Curry,51,Local Eatery,106,289,74.4,17.5,2026-04-12 10:18:13
8075,Malai Kofta,98,Mid-range Restaurant,154,552,68.6,12.2,2025-03-08 12:38:04
8076,Classic Axone,103,Fine Dining,862,1065,49.9,62.1,2025-01-23 14:52:08
8077,Grandma's Pesarattu,61,Street Food,27,123,90.7,0,2025-02-09 19:19:26
8078,Homestyle Vada Sambar,107,Sweet Shop,153,285,77.2,6.4,2025-03-23 12:30:26
8079,Homestyle Mysore Pak,49,Mid-range Restaurant,259,545,44.7,25.4,2025-11-27 03:36:59
8080,Signature Sabudana Khichdi,63,Local Eatery,114,273,78.6,4.7,2026-04-14 14:24:28
8081,Extra Cheesy Nihari,128,Street Food,32,145,67.2,25.0,2026-06-19 11:31:39
8082,Classic Misal Pav,29,Roadside Stall,17,30,62.0,27.1,2025-03-21 00:47:15
8083,Classic Pork with Bamboo Shoot,84,Sweet Shop,38,58,75.7,9.3,2025-12-16 11:43:03
8084,Kadhi Bafla,21,Street Food,26,120,79.5,9.5,2026-05-28 22:51:09
8085,Butter Chicken,94,Fine Dining,1465,1499,87.2,0,2025-09-10 07:22:59
8086,Kothu Parotta,48,Local Eatery,88,131,66.0,26.5,2025-06-06 21:19:43
8087,Premium Bisi Bele Bath,51,Local Eatery,82,257,81.5,6.0,2026-06-10 22:45:07
8088,Homestyle Pork with Bamboo Shoot,78,Roadside Stall,57,107,87.5,0,2025-01-13 21:21:21
8089,Special Vada Sambar,56,Local Eatery,122,240,79.7,3.3,2025-07-18 06:22:24
8090,Deluxe Sarson da Saag,124,Sweet Shop,88,104,75.5,13.9,2025-03-21 04:01:59
8091,Prawn Balchao,31,Fine Dining,1431,1468,82.4,4.2,2026-01-15 01:20:08
8092,Signature Vada Sambar,108,Mid-range Restaurant,255,366,63.0,30.4,2025-07-08 06:48:24
8093,Extra Cheesy Litti,90,Local Eatery,118,138,81.4,5.1,2026-01-30 03:26:53
8094,Pork with Bamboo Shoot,12,Fine Dining,1388,1569,58.5,22.7,2025-09-11 08:21:07
8095,Homestyle Smoked Pork,7,Local Eatery,91,285,88.6,0,2025-03-29 12:02:43
8096,Signature Aloo Paratha,102,Mid-range Restaurant,331,689,87.9,0,2025-07-02 12:10:10
8097,Chettinad Chicken,106,Local Eatery,61,133,61.9,31.9,2025-12-03 07:16:54
8098,Chettinad Chicken,1,Local Eatery,178,204,68.0,22.8,2025-04-12 10:33:09
8099,Village-style Hyderabadi Biryani,116,Local Eatery,83,247,63.6,13.2,2026-04-02 06:53:00
8100,Lassi,126,Street Food,20,129,57.5,24.3,2026-05-05 15:11:42
8101,Poha Jalebi,68,Roadside Stall,41,96,68.7,26.5,2026-03-10 02:24:26
8102,Litti Chokha,92,Mid-range Restaurant,418,474,80.6,5.0,2025-06-13 19:14:11
8103,Pork with Bamboo Shoot,10,Local Eatery,160,244,63.4,31.6,2025-03-25 08:45:31
8104,Idiyappam,55,Local Eatery,76,109,81.0,6.6,2025-06-28 21:33:03
8105,Street-side Momos,10,Local Eatery,139,233,66.9,15.0,2025-04-11 05:24:42
8106,Quick-bite Masala Dosa,51,Roadside Stall,46,79,43.5,26.1,2025-12-18 20:42:41
8107,Street-side Paneer Tikka,92,Sweet Shop,74,250,66.1,24.8,2025-03-07 02:16:25
8108,Homestyle Kachori,131,Local Eatery,88,261,81.7,3.0,2026-02-14 04:03:43
8109,Deluxe Kadhi Chawal,123,Local Eatery,60,159,59.9,25.7,2025-11-23 00:33:09
8110,Spicy Sol Kadhi,34,Street Food,82,116,80.8,7.2,2026-05-08 21:21:12
8111,Authentic Pesarattu,48,Local Eatery,137,259,87.0,0,2025-07-20 23:42:41
8112,Quick-bite Thepla,23,Local Eatery,171,182,60.0,30.0,2025-11-02 05:31:05
8113,Deluxe Thukpa,80,Mid-range Restaurant,164,278,60.2,30.6,2026-01-02 08:38:45
8114,Premium Bamboo Shoot Curry,80,Sweet Shop,81,327,51.7,57.0,2025-07-18 12:34:24
8115,Deluxe Idiyappam,48,Roadside Stall,59,109,73.0,18.4,2026-01-29 08:58:42
8116,Traditional Kachori,94,Local Eatery,144,293,81.3,2.9,2025-04-29 00:58:00
8117,Momos,14,Fine Dining,773,1918,86.2,0,2025-03-14 04:50:02
8118,Mutton Rogan Josh,95,Mid-range Restaurant,394,420,57.6,43.9,2025-04-05 00:53:18
8119,Homestyle Chaat Papdi,133,Mid-range Restaurant,170,466,56.1,25.4,2025-10-09 17:54:18
8120,Poha Jalebi,68,Street Food,72,87,87.1,0,2025-06-26 16:48:24
8121,Local Favourite Litti,88,Sweet Shop,128,212,54.7,43.1,2025-12-03 02:42:08
8122,Classic Mysore Pak,48,Street Food,66,138,77.2,5.9,2025-06-27 21:04:52
8123,Litti,87,Fine Dining,635,1589,62.6,32.0,2025-08-19 07:51:44
8124,Family Recipe Bebinca,117,Mid-range Restaurant,285,437,67.0,20.5,2025-09-02 22:41:28
8125,Street-side Vada Sambar,58,Roadside Stall,33,80,71.7,18.8,2025-11-24 23:06:15
8126,Kadhi Chawal,126,Street Food,40,99,44.0,55.9,2025-12-20 13:43:09
8127,Momos,14,Street Food,23,87,89.5,0,2025-04-23 11:28:12
8128,Hyderabadi Biryani,50,Roadside Stall,40,115,89.1,0,2026-02-26 06:37:40
8129,Royal Kosha Mangsho,138,Mid-range Restaurant,309,517,78.1,11.0,2025-07-23 14:44:37
8130,Special Dalma,19,Sweet Shop,74,157,75.3,17.4,2025-02-15 22:10:30
8131,Special Payasam,109,Roadside Stall,26,51,70.8,11.2,2026-04-30 21:17:12
8132,Special Bamboo Shoot Curry,81,Fine Dining,954,2023,84.3,0.6,2026-05-28 08:42:22
8133,Classic Zan,105,Fine Dining,921,2381,66.7,17.4,2026-03-09 08:07:06
8134,Extra Cheesy Aloo Paratha,102,Sweet Shop,199,344,65.8,25.1,2025-12-12 08:56:53
8135,Kolhapuri Mutton,29,Roadside Stall,45,71,62.7,27.3,2025-03-30 08:37:14
8136,Extra Cheesy Dalma,136,Fine Dining,703,1158,71.0,17.4,2025-12-21 00:42:54
8137,Kadhi Bafla,67,Fine Dining,1238,1681,56.1,30.7,2026-02-08 00:54:44
8138,Spicy Thepla,29,Sweet Shop,187,253,67.9,11.2,2026-06-22 11:56:24
8139,Paneer Tikka,101,Sweet Shop,75,360,55.5,47.0,2025-01-23 10:23:11
8140,Kadhi Chawal,124,Mid-range Restaurant,359,461,79.9,4.8,2026-05-13 17:10:34
8141,Roadside Dal Bafla,63,Sweet Shop,57,133,60.5,38.8,2025-08-10 19:16:18
8142,Family Recipe Bafla,22,Mid-range Restaurant,416,501,65.5,31.7,2025-09-23 12:33:59
8143,Traditional Undhiyu,31,Roadside Stall,24,78,47.8,45.9,2025-10-24 21:55:12
8144,Grandma's Vada Pav,33,Local Eatery,92,279,81.2,3.9,2025-08-24 15:41:47
8145,Chef's Malai Kofta,36,Mid-range Restaurant,227,501,60.9,38.5,2025-04-16 05:04:36
8146,Spicy Idli Sambar,114,Fine Dining,1162,1324,62.3,36.3,2025-11-04 15:32:20
8147,Traditional Dhokla,75,Roadside Stall,21,94,85.9,0,2025-07-02 04:25:36
8148,Family Recipe Undhiyu,34,Mid-range Restaurant,185,430,90.2,0,2025-04-29 00:17:13
8149,Extra Cheesy Bhutte ka Kees,21,Mid-range Restaurant,233,390,64.2,28.0,2025-01-11 08:34:53
8150,Thukpa,7,Street Food,81,101,83.8,1.5,2026-02-22 21:33:57
8151,Homestyle Kolhapuri Mutton,74,Street Food,54,89,94.9,0,2025-04-01 23:31:12
8152,Bebinca,24,Roadside Stall,46,71,70.8,17.4,2025-11-20 12:26:29
8153,Aloo Posto,47,Street Food,67,129,60.5,31.0,2025-11-06 14:31:16
8154,Modak,70,Mid-range Restaurant,159,460,80.6,4.6,2025-10-28 16:57:07
8155,Family Recipe Mysore Pak,2,Local Eatery,109,280,77.3,9.1,2025-08-29 08:03:54
8156,Special Malai Kofta,44,Fine Dining,1487,1575,82.5,1.7,2026-06-24 22:45:24
8157,Traditional Mysore Pak,52,Mid-range Restaurant,247,317,60.1,43.3,2025-03-13 14:12:07
8158,Street-side Golgappa,37,Mid-range Restaurant,313,481,71.1,23.0,2025-06-09 01:56:40
8159,Quick-bite Bisi Bele Bath,6,Sweet Shop,52,71,60.4,36.4,2025-06-25 07:19:27
8160,Local Favourite Amritsari Kulcha,122,Roadside Stall,36,46,55.9,33.6,2025-12-08 01:09:36
8161,Spicy Chak-hao Kheer,14,Street Food,46,59,78.6,6.3,2025-12-08 20:17:42
8162,Uttapam,109,Fine Dining,1099,1423,67.6,11.4,2025-08-09 18:04:01
8163,Spicy Malai Kofta,40,Fine Dining,787,875,82.8,2.6,2026-05-29 10:38:01
8164,Extra Cheesy Macher Jhol,87,Mid-range Restaurant,298,346,60.7,36.8,2026-02-28 23:48:59
8165,Puran Poli,34,Sweet Shop,92,281,65.5,20.9,2025-12-24 03:41:37
8166,Puttu Kadala,53,Fine Dining,1282,1497,71.6,18.0,2026-02-03 01:10:19
8167,Chef's Jadoh,12,Street Food,26,37,67.8,12.5,2025-09-02 17:51:27
8168,Butter Chicken,91,Street Food,52,62,77.6,9.0,2026-01-29 01:23:59
8169,Spicy Amritsari Kulcha,120,Fine Dining,1462,1966,95.3,0,2025-04-24 14:03:28
8170,Premium Vada Pav,28,Street Food,33,57,62.5,33.0,2026-04-13 08:51:03
8171,Local Favourite Amritsari Kulcha,36,Street Food,85,148,75.4,11.1,2025-05-30 20:27:21
8172,Kosha Mangsho,134,Mid-range Restaurant,350,668,40.5,80.0,2026-05-08 16:57:59
8173,Premium Vada Pav,29,Local Eatery,174,213,72.5,9.8,2025-04-25 16:07:11
8174,Family Recipe Idiyappam,54,Mid-range Restaurant,258,502,64.3,29.3,2025-04-16 13:29:45
8175,Chole Bhature,120,Sweet Shop,111,135,77.0,13.9,2026-05-05 04:56:38
8176,Authentic Chingri Malai Curry,138,Roadside Stall,40,96,85.0,0,2025-12-09 18:11:35
8177,Litti Chokha,128,Fine Dining,1059,2102,70.7,11.8,2025-01-08 17:13:11
8178,Village-style Sarson da Saag,132,Fine Dining,634,647,87.7,0,2025-11-27 05:28:11
8179,Premium Hyderabadi Biryani,55,Roadside Stall,51,95,95.7,0,2025-08-29 20:20:59
8180,Local Favourite Aloo Paratha,129,Sweet Shop,34,264,80.2,6.1,2026-01-19 21:47:04
8181,Homestyle Butter Chicken,92,Street Food,58,150,47.3,31.9,2026-03-10 16:13:50
8182,Special Rosogolla,139,Local Eatery,68,168,91.3,0,2025-10-07 22:19:27
8183,Momos,137,Mid-range Restaurant,314,658,86.3,0,2025-05-23 21:03:09
8184,Local Favourite Axone,85,Street Food,76,124,59.3,45.0,2025-12-17 12:01:34
8185,Butter Chicken,100,Sweet Shop,80,185,81.3,4.3,2026-03-20 06:57:43
8186,Local Favourite Amritsari Kulcha,131,Sweet Shop,200,269,76.8,8.5,2025-07-22 18:04:19
8187,Quick-bite Chak-hao Kheer,105,Sweet Shop,139,162,61.6,34.1,2025-09-12 19:32:30
8188,Homestyle Bisi Bele Bath,6,Local Eatery,177,260,81.9,4.6,2026-03-12 00:34:53
8189,Rajma Chawal,131,Local Eatery,151,208,62.5,40.0,2025-10-09 05:17:14
8190,Traditional Kadhi Chawal,128,Local Eatery,100,261,66.0,13.1,2025-05-02 03:44:10
8191,Quick-bite Chak-hao Kheer,104,Roadside Stall,63,118,59.5,37.9,2026-05-05 07:50:50
8192,Dal Makhani,129,Fine Dining,657,1770,67.2,27.6,2025-04-16 08:06:12
8193,Street-side Modak,26,Fine Dining,729,1427,75.2,6.8,2025-05-23 10:10:55
8194,Chaat Papdi,91,Mid-range Restaurant,296,349,81.9,3.8,2025-04-26 09:00:14
8195,Bebinca,72,Street Food,43,96,75.8,11.1,2026-03-10 09:54:23
8196,Extra Cheesy Lassi,94,Local Eatery,137,272,61.9,31.6,2025-11-06 15:27:19
8197,Grandma's Idiyappam,2,Local Eatery,144,254,55.7,46.8,2026-04-01 20:41:40
8198,Undhiyu,29,Mid-range Restaurant,261,675,74.3,11.1,2026-04-08 09:08:17
8199,Smoked Pork,82,Fine Dining,1500,1675,89.9,0,2025-07-12 01:41:10
8200,Premium Meen Curry,112,Roadside Stall,53,113,58.5,22.1,2025-06-20 22:59:01
8201,Thukpa,13,Local Eatery,120,253,92.6,0,2026-02-26 05:35:29
8202,Festival Pav Bhaji,24,Roadside Stall,46,58,66.1,24.4,2026-02-26 12:21:07
8203,Street-side Undhiyu,73,Street Food,41,94,82.3,4.6,2025-12-21 21:32:41
8204,Paneer Tikka,131,Local Eatery,74,138,42.8,33.2,2025-01-25 05:22:29
8205,Rasam,60,Mid-range Restaurant,304,335,84.6,0.4,2025-06-30 19:26:48
8206,Bisi Bele Bath,52,Street Food,73,118,92.1,0,2026-06-17 00:24:18
8207,Naga Chutney,118,Sweet Shop,136,385,44.2,68.2,2025-06-27 17:03:36
8208,Meen Curry,51,Fine Dining,861,1906,88.0,0,2025-04-12 10:56:37
8209,Deluxe Kosha Mangsho,18,Mid-range Restaurant,425,488,74.1,16.6,2025-06-09 16:55:59
8210,Chhena Poda,45,Street Food,70,88,65.9,27.1,2025-01-24 02:17:31
8211,Extra Cheesy Bhutte ka Kees,21,Roadside Stall,60,98,74.1,6.8,2025-08-21 05:47:47
8212,Chole Bhature,120,Fine Dining,687,984,64.6,32.8,2025-02-04 07:40:57
8213,Signature Kadhi Bafla,20,Street Food,79,132,62.6,28.1,2026-04-06 22:18:48
8214,Family Recipe Bebinca,10,Roadside Stall,65,89,68.3,10.4,2025-08-28 09:16:45
8215,Homestyle Sol Kadhi,72,Sweet Shop,191,205,68.7,10.8,2025-10-06 16:49:07
8216,Classic Litti Chokha,127,Local Eatery,133,285,60.8,16.6,2025-03-16 03:44:33
8217,Quick-bite Lassi,41,Local Eatery,77,295,50.2,50.4,2026-02-21 05:51:53
8218,Royal Masala Dosa,115,Local Eatery,147,231,78.1,6.4,2025-02-24 18:35:33
8219,Special Kachori,102,Street Food,51,94,44.0,51.2,2025-08-07 17:10:48
8220,Classic Nihari,122,Mid-range Restaurant,172,324,92.4,0,2026-05-10 02:06:37
8221,Quick-bite Thepla,75,Roadside Stall,60,77,84.6,0.3,2025-10-23 06:03:01
8222,Classic Sarson da Saag,91,Roadside Stall,16,78,54.1,40.0,2025-09-03 14:40:55
8223,Goan Fish Curry,34,Roadside Stall,55,117,67.7,19.7,2025-10-02 19:22:56
8224,Premium Kosha Mangsho,16,Sweet Shop,200,392,59.4,44.5,2025-04-26 07:01:41
8225,Chak-hao Kheer,13,Local Eatery,162,208,41.0,37.7,2026-02-01 07:05:44
8226,Family Recipe Puran Poli,73,Local Eatery,92,248,70.6,14.1,2025-12-14 03:41:07
8227,Traditional Bamboo Shoot Curry,82,Fine Dining,587,663,58.8,20.6,2025-04-03 08:25:53
8228,Family Recipe Shorshe Ilish,135,Mid-range Restaurant,172,313,66.7,29.8,2025-02-21 03:01:10
8229,Poha Jalebi,63,Roadside Stall,54,89,83.0,2.7,2025-05-20 20:38:00
8230,Premium Jadoh,105,Fine Dining,516,1498,42.4,40.5,2025-10-21 11:49:47
8231,Grandma's Macher Jhol,45,Local Eatery,122,197,55.4,48.0,2025-11-07 05:36:13
8232,Khandvi,27,Mid-range Restaurant,305,373,77.4,11.2,2025-07-14 20:48:12
8233,Quick-bite Jadoh,83,Mid-range Restaurant,304,682,84.9,0.1,2025-04-24 18:51:39
8234,Kadhi Chawal,38,Roadside Stall,48,82,82.1,3.1,2026-05-28 10:51:01
8235,Prawn Balchao,28,Fine Dining,1393,1520,84.0,1.1,2026-04-22 00:48:51
8236,Spicy Masala Dosa,4,Street Food,39,53,87.6,0,2025-10-15 02:38:22
8237,Rasam,111,Mid-range Restaurant,245,313,93.5,0,2025-10-13 09:41:52
8238,Roadside Sarson da Saag,41,Mid-range Restaurant,164,635,69.3,15.5,2025-12-21 13:34:28
8239,Quick-bite Pitha,136,Mid-range Restaurant,340,669,60.6,30.3,2025-12-29 04:33:19
8240,Mutton Rogan Josh,126,Local Eatery,100,293,71.8,15.8,2025-08-18 17:34:06
8241,Royal Dal Makhani,38,Local Eatery,159,289,80.0,7.8,2025-01-10 10:49:26
8242,Deluxe Filter Coffee,3,Local Eatery,82,154,53.8,42.1,2025-08-12 19:40:46
8243,Chole Bhature,35,Fine Dining,1102,1546,79.2,5.8,2026-02-01 22:25:03
8244,Thepla,75,Street Food,85,114,68.3,10.3,2025-01-20 18:52:43
8245,Malpua,63,Roadside Stall,18,111,58.8,44.7,2025-03-17 11:19:46
8246,Sabudana Khichdi,64,Mid-range Restaurant,392,477,79.6,3.6,2025-12-17 01:17:39
8247,Special Uttapam,52,Sweet Shop,213,328,71.4,24.0,2026-06-16 00:10:21
8248,Momos,45,Mid-range Restaurant,422,499,68.1,29.3,2025-03-16 23:56:01
8249,Village-style Rajma Chawal,97,Street Food,47,124,69.4,20.2,2025-08-02 05:07:53
8250,Litti Chokha,41,Mid-range Restaurant,153,525,63.3,25.9,2025-10-17 07:35:00
8251,Aloo Posto,19,Local Eatery,179,209,57.5,43.6,2025-02-26 02:51:45
8252,Litti Chokha,18,Street Food,28,141,88.0,0,2025-12-30 18:48:54
8253,Special Butter Chicken,121,Sweet Shop,164,221,83.7,1.5,2025-03-31 19:49:56
8254,Classic Bebinca,117,Roadside Stall,36,117,69.4,16.8,2025-04-06 10:42:22
8255,Extra Cheesy Rajma Chawal,40,Sweet Shop,102,244,64.0,21.3,2025-10-21 06:54:46
8256,Deluxe Chaat Papdi,93,Fine Dining,1413,2110,95.4,0,2026-02-15 01:04:55
8257,Festival Rava Kesari,48,Local Eatery,178,256,81.7,2.4,2025-01-11 23:22:00
8258,Dhokla,25,Mid-range Restaurant,407,556,77.5,7.4,2025-05-27 23:07:21
8259,Local Favourite Bamboo Shoot Curry,84,Fine Dining,610,2049,79.2,5.6,2026-05-03 03:49:45
8260,Royal Sabudana Khichdi,22,Fine Dining,1444,2215,54.7,29.5,2025-07-23 17:32:40
8261,Roadside Kachori,92,Local Eatery,68,240,56.9,18.8,2026-02-15 05:18:48
8262,Classic Shorshe Ilish,46,Roadside Stall,31,98,57.4,35.8,2025-11-11 20:55:43
8263,Extra Cheesy Appam with Stew,58,Sweet Shop,38,354,65.7,13.2,2026-06-15 08:34:37
8264,Authentic Dal Bafla,22,Sweet Shop,140,175,65.8,17.4,2025-04-28 11:55:28
8265,Special Dalma,89,Roadside Stall,63,103,78.3,11.5,2025-05-03 05:21:18
8266,Festival Bhutte ka Kees,62,Local Eatery,71,259,80.5,3.6,2026-01-10 19:51:57
8267,Homestyle Chingri Malai Curry,90,Street Food,76,101,79.5,9.0,2025-03-14 14:05:30
8268,Festival Prawn Balchao,69,Local Eatery,111,158,76.6,9.5,2026-05-23 00:05:27
8269,Royal Bhel Puri,69,Local Eatery,74,206,79.4,9.2,2025-09-02 03:00:19
8270,Spicy Golgappa,35,Roadside Stall,31,90,73.6,8.5,2025-04-29 21:22:11
8271,Thukpa,104,Sweet Shop,120,334,83.5,1.2,2026-06-30 03:10:25
8272,Premium Dhokla,73,Sweet Shop,43,167,76.0,6.7,2025-04-05 08:53:15
8273,Village-style Bamboo Shoot Curry,11,Street Food,32,104,44.5,25.3,2026-01-21 14:00:21
8274,Signature Aloo Paratha,121,Street Food,67,94,52.9,45.7,2025-01-03 21:46:31
8275,Vada Pav,33,Roadside Stall,45,62,76.3,9.6,2025-06-26 16:41:19
8276,Authentic Misal Pav,32,Roadside Stall,19,35,83.4,1.8,2025-03-28 21:29:22
8277,Spicy Golgappa,102,Sweet Shop,95,138,78.1,7.3,2025-02-09 11:00:00
8278,Festival Jadoh,104,Roadside Stall,58,120,80.1,6.0,2026-05-23 10:04:44
8279,Deluxe Bebinca,74,Local Eatery,96,193,47.6,34.7,2026-04-24 22:32:17
8280,Local Favourite Nihari,130,Mid-range Restaurant,263,530,68.8,28.9,2025-08-16 12:19:52
8281,Family Recipe Thukpa,81,Local Eatery,123,239,68.8,28.4,2025-07-04 09:46:01
8282,Grandma's Puran Poli,28,Mid-range Restaurant,197,562,70.5,18.1,2025-06-15 07:07:05
8283,Special Macher Jhol,47,Roadside Stall,21,101,68.4,17.3,2025-10-31 14:12:58
8284,Rava Kesari,55,Roadside Stall,58,89,68.6,23.4,2026-01-17 19:53:45
8285,Homestyle Rajma Chawal,125,Sweet Shop,126,394,93.8,0,2026-03-07 18:04:50
8286,Traditional Shorshe Ilish,47,Mid-range Restaurant,243,358,66.2,15.4,2026-02-08 20:13:05
8287,Homestyle Butter Chicken,122,Mid-range Restaurant,192,609,58.8,21.4,2025-05-17 15:11:32
8288,Local Favourite Naga Chutney,84,Local Eatery,72,98,76.2,5.4,2026-03-03 02:47:35
8289,Village-style Goan Fish Curry,70,Local Eatery,112,151,65.7,29.7,2025-12-30 05:53:28
8290,Family Recipe Bebinca,30,Sweet Shop,126,200,70.8,16.3,2025-05-29 19:07:04
8291,Street-side Dal Bafla,62,Street Food,34,126,77.8,11.1,2025-12-04 15:59:23
8292,Litti Chokha,89,Fine Dining,1296,1886,93.1,0,2025-01-08 14:40:28
8293,Tandoori Roti,44,Mid-range Restaurant,231,363,64.4,25.1,2025-07-17 03:36:17
8294,Kachori,96,Local Eatery,145,287,63.9,14.2,2025-08-13 00:20:01
8295,Premium Shorshe Ilish,19,Street Food,60,111,64.6,14.7,2026-04-18 13:56:13
8296,Deluxe Idli Sambar,110,Mid-range Restaurant,209,656,76.4,8.2,2025-07-28 17:56:42
8297,Festival Lassi,36,Mid-range Restaurant,415,532,58.3,41.4,2025-09-21 04:03:01
8298,Rajma Chawal,123,Roadside Stall,65,120,66.2,22.7,2025-07-30 13:55:52
8299,Vada Pav,70,Mid-range Restaurant,381,628,92.1,0,2025-12-18 17:11:25
8300,Nihari,40,Local Eatery,123,250,80.1,3.4,2025-01-01 08:00:23
8301,Fish Tenga,7,Mid-range Restaurant,176,695,75.4,6.9,2026-01-04 11:24:58
8302,Royal Mysore Pak,61,Roadside Stall,36,103,80.2,3.7,2025-10-10 08:03:40
8303,Local Favourite Amritsari Kulcha,42,Local Eatery,143,161,78.3,11.8,2025-03-28 02:59:19
8304,Village-style Chole Bhature,133,Sweet Shop,197,361,64.7,27.5,2026-05-20 03:37:49
8305,Bamboo Shoot Curry,82,Street Food,37,61,91.1,0,2026-03-24 19:32:47
8306,Spicy Chak-hao Kheer,80,Local Eatery,131,168,80.3,7.0,2026-03-19 04:56:32
8307,Authentic Sandesh,138,Fine Dining,1429,1531,51.6,38.8,2025-10-19 14:28:55
8308,Pitha,14,Local Eatery,119,144,78.1,9.1,2025-07-03 11:19:45
8309,Aloo Paratha,98,Roadside Stall,48,109,81.7,3.6,2025-09-21 11:07:24
8310,Chef's Sandesh,17,Fine Dining,688,1862,67.1,25.8,2025-02-13 04:00:19
8311,Classic Sandesh,89,Roadside Stall,17,101,56.2,33.7,2025-05-26 00:41:44
8312,Roadside Naga Chutney,82,Fine Dining,924,1053,72.1,17.9,2025-01-21 23:49:57
8313,Puttu Kadala,113,Fine Dining,549,590,80.0,6.5,2025-07-17 11:33:40
8314,Litti,16,Fine Dining,1028,1755,80.6,4.1,2026-04-07 14:00:11
8315,Lassi,39,Local Eatery,91,165,73.0,14.5,2026-03-18 00:31:13
8316,Spicy Jadoh,82,Street Food,36,68,90.2,0,2025-12-11 07:01:19
8317,Local Favourite Bisi Bele Bath,109,Street Food,83,150,77.5,10.7,2026-04-24 16:15:59
8318,Spicy Dahi Vada,87,Sweet Shop,191,322,61.8,36.9,2025-06-29 23:59:37
8319,Fish Tenga,77,Local Eatery,129,200,62.9,37.7,2026-05-10 14:44:48
8320,Traditional Butter Chicken,121,Local Eatery,110,276,82.5,3.0,2026-01-06 22:18:47
8321,Premium Aloo Paratha,92,Sweet Shop,185,221,57.6,25.1,2026-03-04 20:18:44
8322,Authentic Puttu Kadala,60,Fine Dining,1457,1647,66.9,15.6,2026-01-25 20:13:52
8323,Bhel Puri,72,Fine Dining,655,2247,81.3,3.7,2025-05-16 12:06:29
8324,Deluxe Zan,84,Mid-range Restaurant,256,357,63.9,28.7,2026-05-10 17:33:10
8325,Premium Aloo Paratha,97,Sweet Shop,164,175,72.8,12.5,2025-05-14 12:52:04
8326,Local Favourite Chak-hao Kheer,9,Sweet Shop,185,377,61.0,37.4,2025-11-03 16:00:30
8327,Signature Momos,14,Sweet Shop,96,215,65.3,34.7,2025-11-08 16:13:38
8328,Signature Kolhapuri Mutton,26,Local Eatery,174,249,54.0,35.6,2025-02-26 05:08:46
8329,Deluxe Thepla,29,Fine Dining,847,1780,75.0,14.5,2026-03-09 13:27:17
8330,Traditional Vada Pav,29,Local Eatery,80,156,37.9,55.8,2026-06-12 08:25:11
8331,Special Malai Kofta,42,Sweet Shop,190,282,80.5,4.4,2025-02-20 02:37:28
8332,Spicy Sarson da Saag,37,Street Food,20,140,75.9,5.5,2025-08-22 13:53:24
8333,Festival Kadhi Bafla,63,Mid-range Restaurant,185,254,74.8,12.6,2025-06-24 03:29:41
8334,Idli Sambar,108,Local Eatery,93,113,66.7,28.7,2025-03-03 18:54:15
8335,Street-side Idli Sambar,52,Local Eatery,89,243,66.8,15.0,2026-03-16 00:44:11
8336,Family Recipe Bhel Puri,30,Street Food,72,144,52.9,57.3,2026-04-10 07:31:33
8337,Idiyappam,107,Mid-range Restaurant,307,601,92.0,0,2025-04-11 10:34:21
8338,Sabudana Khichdi,64,Local Eatery,145,180,64.2,13.7,2025-06-18 16:10:21
8339,Signature Kadhi Chawal,44,Fine Dining,1472,2419,72.8,21.2,2026-03-17 22:36:07
8340,Special Sol Kadhi,34,Mid-range Restaurant,186,313,70.6,12.2,2025-09-30 23:38:06
8341,Payasam,116,Roadside Stall,61,72,73.9,13.4,2025-08-14 03:23:58
8342,Sol Kadhi,26,Fine Dining,1132,2472,81.4,4.8,2025-06-17 11:19:07
8343,Traditional Payasam,112,Sweet Shop,182,342,77.4,11.9,2025-05-24 19:54:56
8344,Street-side Bamboo Shoot Curry,8,Mid-range Restaurant,233,305,47.9,46.3,2025-03-16 17:26:21
8345,Prawn Balchao,31,Roadside Stall,55,70,60.6,30.3,2026-04-02 06:56:00
8346,Special Puttu Kadala,59,Fine Dining,703,2116,90.2,0,2026-03-23 11:17:19
8347,Tandoori Roti,35,Sweet Shop,64,216,75.6,11.1,2025-03-28 18:39:01
8348,Royal Jadoh,12,Local Eatery,163,258,83.7,2.2,2025-03-23 17:04:02
8349,Puttu Kadala,2,Street Food,72,117,83.8,1.8,2025-01-20 17:49:53
8350,Payasam,59,Sweet Shop,132,208,52.7,39.9,2026-03-08 16:55:51
8351,Premium Mysore Pak,6,Local Eatery,167,294,71.9,9.1,2025-08-25 03:45:04
8352,Paneer Tikka,132,Roadside Stall,66,83,56.4,30.1,2025-07-17 02:35:26
8353,Village-style Pav Bhaji,74,Street Food,28,123,87.0,0,2025-08-15 12:37:49
8354,Malpua,21,Mid-range Restaurant,403,582,67.3,28.2,2025-02-27 11:08:22
8355,Traditional Bisi Bele Bath,59,Local Eatery,166,199,75.4,15.5,2025-07-21 07:40:59
8356,Payasam,60,Roadside Stall,56,75,81.3,3.1,2026-04-19 12:21:09
8357,Pork with Bamboo Shoot,103,Fine Dining,1345,1697,81.1,4.3,2025-07-29 19:25:34
8358,Filter Coffee,114,Local Eatery,133,167,68.8,27.1,2025-05-10 05:44:11
8359,Chef's Rasam,114,Fine Dining,1218,1504,77.8,11.9,2025-07-01 13:32:50
8360,Kadhi Chawal,102,Street Food,21,144,78.2,9.5,2025-10-03 18:29:09
8361,Vada Pav,74,Sweet Shop,190,371,67.2,30.4,2025-11-25 03:29:47
8362,Signature Rajma Chawal,94,Sweet Shop,157,348,64.1,18.0,2026-03-26 00:46:31
8363,Dhokla,29,Mid-range Restaurant,320,552,63.2,15.9,2026-04-01 15:08:47
8364,Homestyle Masala Dosa,51,Mid-range Restaurant,150,383,88.5,0,2025-01-10 16:27:25
8365,Quick-bite Idli Sambar,61,Sweet Shop,159,226,81.4,3.0,2025-07-31 03:19:30
8366,Local Favourite Axone,77,Street Food,25,83,69.0,15.6,2025-02-11 05:19:36
8367,Premium Bebinca,74,Fine Dining,1485,1911,83.7,1.3,2025-11-13 22:15:03
8368,Classic Rajma Chawal,95,Fine Dining,1178,2370,55.3,26.1,2025-02-09 01:52:57
8369,Village-style Hyderabadi Biryani,4,Mid-range Restaurant,214,690,73.1,18.7,2025-09-15 15:03:00
8370,Street-side Chak-hao Kheer,84,Sweet Shop,73,399,77.9,5.5,2026-02-28 04:35:11
8371,Appam with Stew,6,Sweet Shop,100,247,44.0,27.2,2025-02-20 08:07:25
8372,Spicy Pesarattu,1,Roadside Stall,45,115,75.2,8.5,2025-12-02 17:32:51
8373,Deluxe Chila,66,Sweet Shop,69,137,83.1,2.5,2026-06-15 19:26:14
8374,Dahi Vada,134,Fine Dining,1077,2083,74.8,11.7,2026-03-28 01:41:58
8375,Rava Kesari,60,Mid-range Restaurant,371,477,84.4,0.7,2025-04-10 20:35:48
8376,Classic Uttapam,52,Sweet Shop,133,160,66.2,33.7,2026-04-07 01:15:03
8377,Special Bhel Puri,74,Mid-range Restaurant,421,492,95.5,0,2025-10-14 13:35:31
8378,Extra Cheesy Jadoh,79,Local Eatery,93,198,71.4,15.9,2026-03-19 19:02:30
8379,Sandesh,139,Sweet Shop,44,129,82.2,4.4,2025-06-23 00:13:00
8380,Nihari,44,Street Food,76,135,79.0,7.0,2025-07-02 05:10:29
8381,Paneer Tikka,39,Roadside Stall,60,76,81.6,5.0,2025-10-08 05:13:03
8382,Family Recipe Puttu Kadala,116,Local Eatery,83,155,78.6,6.9,2025-01-29 17:07:21
8383,Grandma's Sol Kadhi,24,Fine Dining,1138,2235,72.6,21.7,2025-05-10 18:48:04
8384,Dahi Vada,16,Street Food,37,81,55.1,29.1,2025-05-27 07:38:22
8385,Spicy Pitha,10,Roadside Stall,32,84,68.1,24.4,2025-04-22 14:12:53
8386,Grandma's Pongal,113,Street Food,37,137,89.1,0,2026-04-05 16:23:53
8387,Deluxe Bhel Puri,75,Fine Dining,581,1141,67.7,15.2,2026-05-16 21:34:23
8388,Authentic Bebinca,13,Sweet Shop,143,163,52.5,27.8,2025-05-02 09:54:04
8389,Sarson da Saag,125,Local Eatery,74,195,75.0,13.7,2026-01-07 03:30:25
8390,Roadside Thepla,69,Roadside Stall,22,78,85.1,0,2025-11-30 01:31:56
8391,Rajma Chawal,96,Local Eatery,72,212,68.0,15.5,2025-09-22 15:03:22
8392,Quick-bite Rajma Chawal,36,Mid-range Restaurant,193,446,68.3,29.4,2026-02-02 09:38:38
8393,Thukpa,105,Street Food,64,112,87.9,0,2025-06-23 05:03:57
8394,Momos,16,Local Eatery,107,199,64.9,26.6,2025-10-08 02:55:30
8395,Extra Cheesy Payasam,51,Sweet Shop,208,301,82.8,1.4,2026-05-09 22:26:33
8396,Authentic Rava Kesari,107,Local Eatery,169,197,84.2,1.0,2025-07-11 16:51:34
8397,Street-side Rasam,107,Street Food,25,84,78.8,3.9,2025-03-19 10:59:16
8398,Homestyle Sabudana Khichdi,22,Local Eatery,87,267,55.8,30.0,2025-08-25 17:41:17
8399,Appam with Stew,58,Mid-range Restaurant,313,429,82.9,3.0,2025-09-18 04:19:26
8400,Authentic Momos,103,Sweet Shop,109,170,84.4,0.4,2025-11-04 03:40:30
8401,Family Recipe Pongal,57,Roadside Stall,39,72,56.3,50.3,2026-04-28 08:04:50
8402,Paneer Tikka,125,Roadside Stall,67,93,59.3,28.6,2026-06-29 02:00:04
8403,Quick-bite Bebinca,13,Street Food,78,125,57.7,44.8,2025-01-04 03:57:12
8404,Macher Jhol,90,Sweet Shop,147,174,76.2,5.9,2026-02-17 07:00:18
8405,Grandma's Chila,20,Mid-range Restaurant,422,617,79.6,3.6,2025-10-11 16:14:14
8406,Hyderabadi Biryani,52,Local Eatery,131,199,77.1,7.0,2025-04-28 03:26:14
8407,Premium Modak,71,Sweet Shop,50,223,90.4,0,2026-06-15 05:01:58
8408,Rosogolla,137,Fine Dining,769,2492,72.8,13.3,2026-05-02 01:59:46
8409,Zan,81,Roadside Stall,28,61,61.9,33.5,2026-05-22 13:34:03
8410,Pitha,103,Local Eatery,126,286,69.3,23.9,2026-04-25 22:53:08
8411,Homestyle Pongal,106,Sweet Shop,137,243,74.3,14.3,2025-02-12 01:44:28
8412,Deluxe Axone,9,Mid-range Restaurant,236,624,62.9,20.5,2025-04-21 05:50:55
8413,Festival Kosha Mangsho,46,Roadside Stall,27,56,65.2,13.8,2025-05-03 22:15:37
8414,Premium Litti Chokha,97,Sweet Shop,167,223,83.9,0.9,2025-12-23 04:30:07
8415,Traditional Filter Coffee,48,Sweet Shop,35,330,67.7,10.8,2025-04-11 07:12:35
8416,Special Pork with Bamboo Shoot,103,Street Food,34,135,57.1,44.5,2025-08-18 18:54:16
8417,Appam with Stew,3,Street Food,81,117,38.3,65.7,2026-01-15 03:31:54
8418,Signature Thepla,30,Roadside Stall,28,104,67.0,11.3,2025-12-28 17:11:38
8419,Authentic Jadoh,8,Roadside Stall,42,103,79.3,6.8,2026-02-17 13:22:42
8420,Appam with Stew,108,Sweet Shop,98,235,41.1,63.0,2025-04-26 11:25:42
8421,Premium Misal Pav,34,Mid-range Restaurant,274,620,64.6,32.1,2025-04-05 12:58:20
8422,Golgappa,130,Sweet Shop,118,148,76.0,14.2,2025-04-24 20:50:37
8423,Chhena Poda,17,Sweet Shop,125,248,56.7,23.1,2025-01-07 18:22:44
8424,Kosha Mangsho,134,Sweet Shop,157,242,74.4,13.1,2025-07-25 19:46:23
8425,Chila,21,Local Eatery,101,276,80.4,5.6,2025-08-03 14:29:17
8426,Authentic Momos,79,Local Eatery,86,130,55.3,32.9,2025-01-16 21:30:09
8427,Kothu Parotta,53,Roadside Stall,21,83,82.1,3.5,2025-01-30 09:04:12
8428,Sarson da Saag,100,Roadside Stall,38,90,79.9,3.9,2026-03-28 22:51:37
8429,Kachori,130,Street Food,23,74,72.1,11.5,2025-01-07 12:47:04
8430,Quick-bite Vada Sambar,116,Sweet Shop,105,307,58.3,26.1,2026-01-22 18:18:31
8431,Royal Aloo Paratha,122,Roadside Stall,36,76,84.7,0.3,2025-07-06 08:59:05
8432,Curd Rice,56,Mid-range Restaurant,172,504,95.7,0,2026-05-23 23:27:18
8433,Sabudana Khichdi,63,Sweet Shop,190,389,60.9,43.1,2025-09-12 07:33:48
8434,Vada Sambar,5,Mid-range Restaurant,305,439,59.3,31.4,2025-01-16 13:49:15
8435,Roadside Lassi,42,Street Food,42,112,92.4,0,2025-11-02 18:15:06
8436,Deluxe Sarson da Saag,97,Sweet Shop,134,391,81.8,4.6,2025-10-20 16:46:10
8437,Dal Makhani,132,Roadside Stall,37,87,52.3,38.5,2025-02-11 00:09:57
8438,Pav Bhaji,25,Fine Dining,557,1376,94.1,0,2026-01-21 21:01:44
8439,Classic Pesarattu,4,Fine Dining,1227,1926,51.8,30.8,2025-03-11 08:09:22
8440,Dhokla,72,Roadside Stall,41,60,92.1,0,2026-04-18 03:02:26
8441,Thukpa,79,Roadside Stall,25,54,82.2,4.3,2025-02-19 22:27:41
8442,Street-side Goan Fish Curry,69,Street Food,33,128,53.1,20.1,2025-01-27 23:34:23
8443,Pitha,78,Sweet Shop,168,204,68.7,28.4,2026-01-27 11:53:40
8444,Village-style Fish Tenga,9,Sweet Shop,131,256,87.3,0,2026-03-26 16:45:00
8445,Local Favourite Paneer Tikka,126,Sweet Shop,99,291,64.4,21.6,2026-03-05 12:29:24
8446,Signature Kadhi Chawal,41,Local Eatery,148,238,88.9,0,2025-10-05 07:52:08
8447,Authentic Paneer Tikka,128,Street Food,35,132,50.2,21.8,2025-04-19 17:07:51
8448,Pongal,110,Fine Dining,987,1935,85.6,0,2025-04-05 06:10:30
8449,Authentic Rosogolla,46,Fine Dining,911,1428,69.5,15.7,2025-10-08 14:45:20
8450,Payasam,114,Street Food,44,103,93.0,0,2025-03-13 13:59:00
8451,Misal Pav,24,Local Eatery,102,157,54.1,41.0,2025-06-26 09:25:40
8452,Dal Makhani,102,Roadside Stall,45,80,85.9,0,2026-06-16 18:14:15
8453,Lassi,120,Sweet Shop,146,318,53.8,32.0,2025-03-18 17:23:28
8454,Classic Uttapam,56,Fine Dining,646,2423,42.9,28.9,2025-06-09 15:19:51
8455,Roadside Dahi Vada,135,Fine Dining,1497,2192,73.7,10.8,2026-05-08 21:53:10
8456,Quick-bite Zan,14,Mid-range Restaurant,276,600,59.0,18.2,2025-05-24 11:21:46
8457,Mysore Pak,56,Sweet Shop,76,364,64.6,21.4,2025-11-06 23:10:00
8458,Pitha,117,Street Food,70,114,70.3,8.9,2025-09-22 11:34:26
8459,Traditional Butter Chicken,95,Street Food,35,139,68.3,16.5,2026-01-16 00:54:45
8460,Signature Jadoh,12,Fine Dining,1184,1323,87.7,0,2026-01-08 12:39:35
8461,Pitha,46,Mid-range Restaurant,400,615,83.5,1.8,2025-12-03 23:29:46
8462,Premium Dal Bafla,65,Local Eatery,156,181,76.0,8.5,2025-03-05 09:32:16
8463,Chaat Papdi,128,Street Food,74,138,71.4,19.4,2026-02-13 03:42:27
8464,Amritsari Kulcha,101,Sweet Shop,197,317,41.2,55.5,2025-07-17 20:04:02
8465,Thepla,73,Local Eatery,170,223,79.2,8.8,2025-01-02 11:08:16
8466,Signature Smoked Pork,13,Sweet Shop,144,314,69.2,14.2,2026-06-17 18:33:21
8467,Traditional Malpua,68,Sweet Shop,208,335,76.5,8.0,2025-10-07 08:14:23
8468,Golgappa,40,Local Eatery,154,185,94.3,0,2025-07-10 21:07:20
8469,Idli Sambar,52,Local Eatery,161,185,53.0,40.3,2025-02-12 15:07:37
8470,Chingri Malai Curry,139,Fine Dining,1496,1810,52.0,58.2,2025-11-21 11:31:31
8471,Masala Dosa,5,Fine Dining,1147,2056,61.9,32.8,2026-02-03 10:06:57
8472,Village-style Rajma Chawal,99,Sweet Shop,95,171,80.5,4.8,2025-08-17 16:20:59
8473,Extra Cheesy Pitha,138,Sweet Shop,37,129,80.3,3.6,2025-06-01 10:15:04
8474,Classic Curd Rice,110,Street Food,60,94,82.5,2.4,2026-02-11 20:22:34
8475,Homestyle Momos,16,Mid-range Restaurant,202,388,70.5,10.7,2025-02-18 17:48:00
8476,Deluxe Dalma,87,Local Eatery,84,246,41.4,60.5,2025-08-13 06:36:06
8477,Festival Thukpa,78,Street Food,76,94,83.3,1.2,2026-01-26 15:14:27
8478,Special Curd Rice,52,Local Eatery,106,190,96.4,0,2026-02-21 05:01:55
8479,Bhel Puri,71,Mid-range Restaurant,303,675,79.5,6.0,2025-01-02 11:10:37
8480,Kothu Parotta,109,Mid-range Restaurant,411,620,88.9,0,2025-01-14 04:39:55
8481,Premium Filter Coffee,48,Street Food,81,143,61.5,18.0,2025-11-23 22:51:41
8482,Special Pitha,78,Sweet Shop,77,271,66.3,17.8,2026-03-06 21:42:53
8483,Homestyle Lassi,131,Local Eatery,134,293,74.3,6.6,2025-03-14 01:35:15
8484,Street-side Filter Coffee,3,Local Eatery,171,255,77.9,4.4,2025-03-21 08:19:58
8485,Traditional Zan,8,Mid-range Restaurant,276,442,36.0,41.9,2025-01-29 06:48:13
8486,Masala Dosa,109,Street Food,79,100,82.6,3.2,2025-02-07 00:54:54
8487,Classic Bisi Bele Bath,49,Mid-range Restaurant,407,503,77.5,6.0,2025-07-15 20:32:09
8488,Quick-bite Fish Tenga,103,Local Eatery,138,268,63.1,17.1,2026-01-16 21:11:27
8489,Traditional Nihari,126,Sweet Shop,63,126,62.3,19.2,2025-05-05 10:46:11
8490,Family Recipe Puttu Kadala,51,Sweet Shop,39,84,84.0,0.9,2025-10-26 05:09:23
8491,Authentic Dal Makhani,132,Local Eatery,91,188,68.7,11.0,2025-08-12 11:51:05
8492,Royal Mysore Pak,50,Mid-range Restaurant,348,428,74.9,12.8,2025-04-27 07:47:39
8493,Malpua,64,Local Eatery,69,215,88.9,0,2026-05-08 14:09:28
8494,Bafla,66,Fine Dining,1114,1210,63.5,26.5,2025-09-18 21:54:11
8495,Deluxe Tandoori Roti,101,Fine Dining,1066,2394,72.8,8.9,2026-01-02 16:11:27
8496,Thukpa,118,Sweet Shop,140,302,67.6,15.9,2025-11-04 06:30:59
8497,Street-side Butter Chicken,93,Mid-range Restaurant,356,521,81.4,3.5,2025-01-27 04:50:58
8498,Chaat Papdi,121,Local Eatery,70,261,94.7,0,2025-07-10 06:54:28
8499,Special Pitha,85,Street Food,84,108,78.9,10.2,2026-04-05 03:03:24
8500,Paneer Tikka,126,Street Food,25,91,69.8,24.9,2026-06-06 07:20:50
8501,Lassi,130,Sweet Shop,183,214,77.9,5.7,2026-04-03 13:14:23
8502,Extra Cheesy Amritsari Kulcha,39,Roadside Stall,42,59,89.1,0,2026-02-17 15:22:09
8503,Bisi Bele Bath,61,Roadside Stall,42,71,68.3,18.5,2025-03-07 04:03:22
8504,Amritsari Kulcha,102,Street Food,28,106,68.4,16.7,2025-07-04 04:07:35
8505,Premium Momos,84,Sweet Shop,157,303,81.2,2.6,2025-03-16 22:29:40
8506,Extra Cheesy Poha Jalebi,66,Street Food,49,97,90.8,0,2025-01-27 11:45:41
8507,Paneer Tikka,130,Fine Dining,1465,2089,77.7,11.3,2025-10-19 09:07:39
8508,Grandma's Paneer Tikka,39,Fine Dining,766,1712,69.3,11.2,2026-03-02 08:59:05
8509,Classic Sabudana Khichdi,63,Street Food,29,89,72.1,11.7,2025-12-11 03:00:10
8510,Special Chingri Malai Curry,16,Local Eatery,106,239,64.8,14.6,2025-03-02 04:27:42
8511,Bafla,65,Mid-range Restaurant,241,525,82.7,2.3,2026-05-06 20:36:02
8512,Zan,104,Street Food,33,141,46.3,44.8,2025-10-27 11:20:34
8513,Chettinad Chicken,1,Sweet Shop,63,285,49.3,33.3,2026-04-27 12:13:45
8514,Mutton Rogan Josh,132,Street Food,20,59,75.0,8.4,2026-03-11 13:26:32
8515,Street-side Vada Pav,32,Mid-range Restaurant,324,441,80.9,3.4,2026-05-09 07:11:03
8516,Authentic Kadhi Chawal,122,Fine Dining,870,2073,71.8,9.3,2026-01-06 10:21:21
8517,Thepla,24,Fine Dining,1181,2260,77.1,8.0,2025-12-10 16:54:54
8518,Street-side Malai Kofta,38,Local Eatery,139,246,77.6,5.6,2026-02-10 11:03:42
8519,Kadhi Bafla,20,Street Food,47,65,50.8,34.0,2026-02-05 02:22:59
8520,Street-side Lassi,44,Local Eatery,95,275,57.3,45.3,2025-04-02 02:19:28
8521,Amritsari Kulcha,41,Sweet Shop,76,361,72.7,18.9,2026-04-02 02:43:16
8522,Grandma's Undhiyu,25,Fine Dining,544,1875,77.3,13.1,2025-08-08 07:46:40
8523,Family Recipe Sabudana Khichdi,64,Mid-range Restaurant,333,677,82.6,2.3,2025-04-20 05:55:04
8524,Undhiyu,71,Local Eatery,82,107,94.3,0,2026-05-21 17:15:36
8525,Homestyle Prawn Balchao,29,Street Food,54,70,80.0,7.1,2025-03-06 04:13:38
8526,Extra Cheesy Fish Tenga,104,Local Eatery,111,270,60.7,17.5,2025-02-03 23:42:25
8527,Village-style Tandoori Roti,119,Mid-range Restaurant,261,418,76.3,9.0,2026-01-06 18:28:48
8528,Grandma's Pav Bhaji,74,Sweet Shop,31,356,63.6,15.3,2025-08-04 01:27:26
8529,Spicy Lassi,95,Fine Dining,1068,1156,53.1,37.7,2025-03-17 13:23:11
8530,Thukpa,84,Street Food,20,80,57.6,17.6,2025-11-21 19:28:35
8531,Dhokla,25,Local Eatery,108,156,78.0,10.8,2025-10-28 19:34:57
8532,Royal Bhel Puri,29,Roadside Stall,44,110,68.2,15.9,2025-04-13 08:23:14
8533,Rasam,52,Mid-range Restaurant,168,641,87.6,0,2026-05-13 20:11:34
8534,Grandma's Zan,79,Local Eatery,156,168,81.4,5.8,2026-06-22 16:37:59
8535,Homestyle Fish Tenga,81,Local Eatery,81,236,38.9,30.5,2025-03-22 09:22:10
8536,Goan Fish Curry,30,Roadside Stall,30,75,52.0,57.9,2026-06-17 14:41:56
8537,Authentic Paneer Tikka,130,Local Eatery,170,190,80.4,4.8,2025-03-22 09:36:37
8538,Naga Chutney,12,Street Food,63,79,67.4,27.5,2026-04-12 22:25:54
8539,Pesarattu,58,Sweet Shop,99,138,43.1,61.5,2025-08-23 00:34:06
8540,Festival Litti Chokha,90,Fine Dining,1048,2271,55.6,20.7,2025-08-27 09:36:04
8541,Kadhi Bafla,68,Mid-range Restaurant,320,418,54.4,40.7,2026-04-26 14:44:27
8542,Kadhi Bafla,68,Roadside Stall,22,80,44.0,46.7,2026-03-18 20:03:47
8543,Spicy Pav Bhaji,74,Roadside Stall,44,57,80.2,3.3,2025-04-08 21:14:31
8544,Spicy Rosogolla,90,Mid-range Restaurant,302,368,76.5,15.2,2025-12-03 16:07:51
8545,Classic Pongal,114,Mid-range Restaurant,305,475,67.4,27.0,2025-09-25 19:42:43
8546,Rajma Chawal,132,Fine Dining,749,2481,54.2,29.6,2025-06-12 10:50:02
8547,Pesarattu,51,Sweet Shop,120,175,85.2,0,2025-12-27 22:41:10
8548,Local Favourite Bhutte ka Kees,67,Sweet Shop,189,334,66.6,31.2,2025-01-20 04:12:00
8549,Spicy Shorshe Ilish,87,Sweet Shop,177,331,74.3,15.9,2025-04-24 14:53:01
8550,Dahi Vada,17,Fine Dining,883,1700,58.7,35.7,2025-04-25 22:29:46
8551,Premium Kachori,96,Roadside Stall,43,103,50.8,49.2,2025-12-07 23:31:23
8552,Special Idiyappam,106,Roadside Stall,65,82,42.6,58.4,2026-02-28 03:45:28
8553,Street-side Kadhi Chawal,128,Roadside Stall,52,99,60.1,27.5,2026-05-16 15:38:07
8554,Traditional Idli Sambar,5,Street Food,60,128,73.8,18.2,2025-05-04 14:30:13
8555,Naga Chutney,82,Local Eatery,62,203,88.1,0,2025-04-08 23:06:05
8556,Signature Zan,14,Roadside Stall,39,55,57.1,41.9,2025-06-30 10:02:01
8557,Special Nihari,122,Sweet Shop,199,370,67.4,23.0,2026-06-16 16:10:53
8558,Extra Cheesy Hyderabadi Biryani,113,Sweet Shop,158,262,66.8,27.8,2025-12-25 14:30:37
8559,Sarson da Saag,122,Sweet Shop,30,307,66.3,28.1,2025-05-20 23:43:05
8560,Shorshe Ilish,135,Roadside Stall,23,89,55.0,46.1,2025-01-06 00:51:05
8561,Signature Lassi,97,Local Eatery,158,279,70.7,17.6,2025-08-27 18:03:24
8562,Premium Prawn Balchao,27,Sweet Shop,133,165,61.7,28.7,2026-01-16 13:42:19
8563,Dal Makhani,131,Roadside Stall,40,106,78.3,9.6,2025-04-05 13:47:23
8564,Kadhi Chawal,92,Fine Dining,571,1554,69.4,16.9,2025-10-23 11:00:10
8565,Dal Makhani,119,Local Eatery,106,240,69.1,24.1,2025-09-16 01:57:30
8566,Roadside Macher Jhol,87,Mid-range Restaurant,408,535,48.3,30.8,2025-02-14 00:15:56
8567,Family Recipe Momos,89,Roadside Stall,30,53,85.3,0,2026-06-18 05:19:26
8568,Poha Jalebi,64,Sweet Shop,127,325,61.7,19.8,2025-06-29 12:46:34
8569,Street-side Malai Kofta,129,Street Food,33,106,62.8,23.0,2025-03-05 23:53:39
8570,Premium Kachori,132,Mid-range Restaurant,360,563,77.5,12.4,2025-03-20 14:31:20
8571,Authentic Curd Rice,116,Sweet Shop,41,365,70.2,15.1,2025-10-20 07:50:06
8572,Bebinca,28,Roadside Stall,29,74,88.4,0,2026-06-01 08:31:46
8573,Street-side Chole Bhature,94,Street Food,65,82,40.1,67.7,2025-01-29 04:49:08
8574,Masala Dosa,50,Sweet Shop,212,374,72.5,11.1,2025-10-20 09:24:14
8575,Village-style Bisi Bele Bath,60,Mid-range Restaurant,369,542,73.4,20.4,2026-04-13 17:57:24
8576,Rava Kesari,50,Mid-range Restaurant,351,670,88.3,0,2025-07-25 12:41:07
8577,Signature Momos,19,Roadside Stall,45,58,59.9,34.9,2025-02-10 02:18:04
8578,Special Undhiyu,23,Local Eatery,176,235,76.4,9.6,2025-02-03 15:14:34
8579,Nihari,100,Sweet Shop,50,302,76.0,15.1,2025-08-01 07:25:39
8580,Zan,103,Mid-range Restaurant,404,566,86.8,0,2025-01-26 15:26:31
8581,Pitha,16,Street Food,28,105,77.1,8.7,2025-01-04 01:45:08
8582,Bamboo Shoot Curry,103,Street Food,21,132,67.2,22.1,2026-01-08 20:45:42
8583,Street-side Payasam,2,Mid-range Restaurant,233,368,55.1,32.6,2026-05-11 11:30:53
8584,Roadside Puttu Kadala,106,Mid-range Restaurant,323,351,76.5,7.8,2025-01-26 21:09:15
8585,Kadhi Chawal,123,Roadside Stall,24,50,41.4,29.4,2025-06-26 20:58:19
8586,Authentic Chak-hao Kheer,84,Fine Dining,1423,1969,90.2,0,2025-09-24 22:01:23
8587,Grandma's Hyderabadi Biryani,56,Street Food,85,145,84.7,0.3,2025-12-31 20:46:10
8588,Classic Thukpa,11,Fine Dining,813,1459,50.2,38.5,2025-11-26 02:22:08
8589,Amritsari Kulcha,39,Sweet Shop,174,315,63.8,29.4,2026-06-28 00:11:08
8590,Special Sol Kadhi,69,Sweet Shop,176,363,59.6,44.6,2025-03-18 00:23:40
8591,Local Favourite Lassi,127,Local Eatery,146,258,73.1,18.1,2025-07-20 14:01:54
8592,Puran Poli,30,Street Food,57,109,85.4,0,2025-08-08 00:12:37
8593,Filter Coffee,5,Sweet Shop,88,332,65.1,34.5,2025-03-22 03:56:58
8594,Nihari,44,Local Eatery,75,280,85.3,0,2026-04-20 09:36:25
8595,Extra Cheesy Aloo Posto,87,Fine Dining,529,738,69.0,22.3,2026-04-27 22:46:20
8596,Family Recipe Kadhi Chawal,95,Local Eatery,101,146,85.3,0,2025-01-11 15:57:35
8597,Bamboo Shoot Curry,77,Fine Dining,866,2153,83.3,2.2,2025-09-09 16:28:07
8598,Homestyle Undhiyu,72,Street Food,60,141,75.5,13.2,2026-02-07 15:56:26
8599,Amritsari Kulcha,36,Roadside Stall,64,115,78.2,7.6,2025-01-09 23:57:17
8600,Aloo Paratha,130,Fine Dining,989,1279,77.2,7.9,2026-02-25 19:27:30
8601,Chef's Aloo Paratha,129,Sweet Shop,181,276,60.7,38.4,2025-03-03 01:08:02
8602,Local Favourite Bamboo Shoot Curry,9,Roadside Stall,62,98,62.9,19.1,2025-08-17 19:46:20
8603,Homestyle Kadhi Bafla,67,Mid-range Restaurant,298,493,57.7,34.3,2025-05-13 06:55:00
8604,Roadside Aloo Paratha,40,Street Food,77,91,81.2,6.7,2026-03-16 20:44:59
8605,Zan,83,Roadside Stall,24,88,71.7,10.4,2025-05-04 12:43:35
8606,Curd Rice,113,Fine Dining,885,1969,85.6,0,2026-03-07 13:54:21
8607,Grandma's Rosogolla,18,Local Eatery,73,161,69.4,24.6,2026-03-28 10:16:14
8608,Village-style Appam with Stew,57,Sweet Shop,85,230,66.1,22.3,2025-06-24 02:38:29
8609,Local Favourite Aloo Paratha,99,Mid-range Restaurant,407,564,86.4,0,2026-02-28 04:14:44
8610,Macher Jhol,19,Fine Dining,869,1960,79.2,5.0,2026-02-18 00:09:11
8611,Village-style Naga Chutney,105,Street Food,78,107,64.1,15.6,2025-05-19 06:27:36
8612,Sol Kadhi,76,Sweet Shop,142,343,50.2,59.4,2026-05-23 16:29:31
8613,Chef's Momos,10,Street Food,51,104,77.3,12.5,2026-01-04 19:16:54
8614,Thukpa,84,Roadside Stall,40,78,53.7,42.2,2026-03-04 17:15:19
8615,Traditional Nihari,127,Street Food,25,149,55.0,36.2,2026-05-16 04:32:30
8616,Festival Mutton Rogan Josh,95,Roadside Stall,19,66,80.3,6.4,2025-12-28 15:01:27
8617,Homestyle Golgappa,43,Roadside Stall,22,58,72.3,15.2,2025-04-08 05:14:38
8618,Sol Kadhi,30,Local Eatery,111,121,69.3,16.6,2026-02-23 13:05:10
8619,Roadside Sarson da Saag,130,Roadside Stall,33,74,50.4,28.8,2025-04-14 22:59:20
8620,Vada Pav,34,Mid-range Restaurant,165,649,92.7,0,2025-08-09 19:22:47
8621,Pesarattu,56,Fine Dining,1084,1527,84.5,0.8,2026-01-26 10:40:06
8622,Sarson da Saag,126,Mid-range Restaurant,220,675,96.8,0,2025-09-14 20:40:40
8623,Deluxe Chettinad Chicken,5,Roadside Stall,15,70,45.5,53.6,2026-06-28 20:48:42
8624,Street-side Puran Poli,73,Fine Dining,1330,1817,66.8,24.2,2026-05-22 12:08:08
8625,Dal Makhani,99,Sweet Shop,215,390,55.9,19.8,2025-10-16 13:24:26
8626,Roadside Malpua,22,Roadside Stall,56,74,86.0,0,2026-06-18 19:07:08
8627,Street-side Chaat Papdi,130,Street Food,47,111,80.3,3.3,2026-04-14 03:49:20
8628,Tandoori Roti,44,Roadside Stall,58,100,79.0,9.6,2025-08-06 13:58:01
8629,Puran Poli,75,Local Eatery,78,207,68.8,23.1,2025-01-03 01:16:11
8630,Spicy Idiyappam,116,Fine Dining,1451,2287,63.1,30.2,2025-04-09 14:47:05
8631,Street-side Rasam,1,Street Food,49,141,66.7,23.6,2025-05-02 03:33:52
8632,Special Puttu Kadala,61,Roadside Stall,52,94,64.3,14.6,2025-11-30 20:51:10
8633,Roadside Curd Rice,1,Street Food,32,125,56.1,49.0,2025-10-02 12:42:21
8634,Bisi Bele Bath,116,Mid-range Restaurant,352,567,78.7,6.1,2025-09-10 18:43:15
8635,Grandma's Rosogolla,88,Sweet Shop,46,347,61.9,20.9,2025-09-19 03:56:37
8636,Bhel Puri,71,Sweet Shop,32,316,66.4,27.9,2025-02-18 20:46:43
8637,Malpua,21,Mid-range Restaurant,380,581,84.8,0.3,2026-06-18 08:11:03
8638,Grandma's Misal Pav,76,Local Eatery,103,189,77.1,14.1,2026-01-25 05:10:43
8639,Authentic Puttu Kadala,6,Local Eatery,132,264,76.9,11.7,2025-08-13 18:27:39
8640,Extra Cheesy Axone,7,Sweet Shop,192,343,69.9,23.9,2025-06-10 20:24:31
8641,Street-side Litti Chokha,89,Roadside Stall,53,92,67.7,12.2,2025-02-10 05:46:05
8642,Mysore Pak,115,Local Eatery,165,241,86.5,0,2026-05-16 13:23:06
8643,Momos,89,Sweet Shop,172,201,73.6,18.4,2026-03-03 21:38:13
8644,Chaat Papdi,91,Sweet Shop,143,193,49.8,43.1,2026-03-09 13:35:42
8645,Traditional Litti Chokha,138,Mid-range Restaurant,326,397,77.6,5.3,2026-06-04 16:27:20
8646,Local Favourite Bafla,63,Local Eatery,66,205,82.7,4.0,2025-07-21 21:35:56
8647,Homestyle Litti,139,Local Eatery,153,287,81.0,3.0,2026-01-18 16:33:33
8648,Homestyle Misal Pav,72,Street Food,31,87,69.3,26.7,2025-11-19 16:38:39
8649,Special Filter Coffee,61,Roadside Stall,32,111,66.7,21.0,2026-04-17 18:44:11
8650,Payasam,50,Roadside Stall,21,49,61.0,17.4,2025-08-11 04:25:18
8651,Local Favourite Litti Chokha,126,Fine Dining,782,1914,61.8,16.3,2025-09-15 16:08:20
8652,Royal Vada Pav,28,Local Eatery,177,260,88.6,0,2025-03-21 12:37:22
8653,Fish Tenga,117,Mid-range Restaurant,246,600,88.0,0,2025-02-24 05:14:40
8654,Pongal,49,Street Food,44,63,76.5,12.6,2025-03-23 11:36:11
8655,Aloo Paratha,124,Sweet Shop,188,355,71.4,22.5,2026-01-06 16:49:00
8656,Royal Chettinad Chicken,114,Mid-range Restaurant,180,647,81.9,4.9,2025-05-19 05:35:12
8657,Classic Bebinca,83,Mid-range Restaurant,334,481,70.1,22.4,2025-04-19 03:22:24
8658,Homestyle Dalma,137,Roadside Stall,63,85,71.6,13.2,2025-09-28 04:31:46
8659,Filter Coffee,110,Roadside Stall,67,112,58.3,31.9,2025-09-03 06:30:12
8660,Deluxe Filter Coffee,5,Street Food,25,56,71.7,20.0,2025-07-05 14:21:31
8661,Local Favourite Sarson da Saag,102,Sweet Shop,151,262,48.5,49.5,2025-02-03 13:15:32
8662,Signature Paneer Tikka,93,Sweet Shop,157,375,65.6,32.9,2025-09-10 01:43:28
8663,Signature Zan,79,Sweet Shop,44,114,64.4,23.0,2026-05-26 05:11:51
8664,Deluxe Meen Curry,3,Roadside Stall,60,109,59.2,31.4,2026-02-10 10:53:57
8665,Kothu Parotta,49,Mid-range Restaurant,379,695,52.4,56.4,2026-06-16 09:20:09
8666,Classic Smoked Pork,104,Street Food,56,104,61.5,14.6,2025-06-25 21:00:11
8667,Chef's Dalma,46,Mid-range Restaurant,411,478,80.7,6.8,2026-01-15 11:12:35
8668,Classic Dal Bafla,68,Street Food,66,124,64.5,20.4,2026-06-12 14:29:57
8669,Litti Chokha,139,Fine Dining,1218,1605,43.0,31.0,2026-01-30 06:08:58
8670,Roadside Payasam,52,Street Food,60,72,63.0,28.7,2025-02-15 18:40:44
8671,Homestyle Vada Sambar,3,Street Food,83,118,92.9,0,2026-01-30 19:35:20
8672,Bhel Puri,33,Local Eatery,140,163,44.2,52.8,2025-12-31 02:38:43
8673,Village-style Puttu Kadala,56,Roadside Stall,53,116,57.0,27.4,2025-01-20 04:39:14
8674,Signature Litti Chokha,37,Roadside Stall,25,80,71.4,21.9,2025-10-07 13:44:38
8675,Meen Curry,116,Fine Dining,836,1338,81.9,2.7,2025-12-12 11:27:05
8676,Chhena Poda,138,Street Food,48,108,52.8,52.4,2025-08-07 07:18:08
8677,Festival Chila,62,Roadside Stall,47,81,91.7,0,2025-02-27 09:36:44
8678,Royal Chingri Malai Curry,87,Local Eatery,61,84,78.3,4.2,2025-10-13 21:06:24
8679,Roadside Kadhi Chawal,98,Roadside Stall,53,88,73.5,19.9,2026-01-12 19:55:16
8680,Naga Chutney,79,Roadside Stall,44,94,87.1,0,2025-06-12 04:32:37
8681,Filter Coffee,50,Sweet Shop,92,111,80.1,3.7,2025-03-09 07:57:15
8682,Signature Pitha,84,Sweet Shop,69,82,73.0,10.2,2025-11-15 19:29:03
8683,Prawn Balchao,26,Local Eatery,124,254,75.0,11.7,2025-03-09 13:06:20
8684,Homestyle Kosha Mangsho,17,Local Eatery,67,299,63.2,34.8,2025-11-12 16:16:18
8685,Chef's Pav Bhaji,25,Local Eatery,131,281,78.1,10.2,2025-10-14 19:53:09
8686,Royal Chole Bhature,123,Sweet Shop,184,388,68.2,12.3,2025-11-19 21:01:06
8687,Litti Chokha,90,Sweet Shop,32,126,77.6,8.0,2025-11-23 21:16:43
8688,Chef's Rosogolla,135,Sweet Shop,143,337,83.2,1.5,2026-03-15 23:32:19
8689,Local Favourite Smoked Pork,105,Street Food,28,64,70.2,13.9,2025-05-04 10:04:06
8690,Kothu Parotta,54,Mid-range Restaurant,343,601,59.0,45.8,2025-02-05 21:21:26
8691,Litti Chokha,137,Street Food,55,128,77.2,11.1,2025-06-21 07:44:03
8692,Quick-bite Filter Coffee,6,Roadside Stall,58,69,84.2,0.7,2026-02-01 03:01:17
8693,Roadside Litti Chokha,136,Roadside Stall,28,120,83.1,1.9,2025-12-29 22:57:54
8694,Butter Chicken,38,Sweet Shop,46,386,74.9,7.4,2026-01-11 18:13:45
8695,Authentic Bisi Bele Bath,58,Local Eatery,66,208,74.3,11.2,2026-06-18 01:40:13
8696,Payasam,3,Mid-range Restaurant,188,435,83.8,1.7,2026-04-06 18:16:45
8697,Authentic Kachori,130,Fine Dining,1049,1918,71.1,15.2,2025-08-02 08:27:28
8698,Bafla,62,Local Eatery,91,192,74.9,15.3,2025-05-23 04:10:27
8699,Kosha Mangsho,16,Roadside Stall,55,67,48.8,38.8,2025-11-08 02:01:03
8700,Grandma's Amritsari Kulcha,95,Mid-range Restaurant,401,636,91.5,0,2025-05-04 20:22:22
8701,Bafla,63,Fine Dining,902,2193,68.7,18.4,2026-02-13 08:49:00
8702,Modak,75,Sweet Shop,31,152,60.5,15.3,2025-10-25 09:02:49
8703,Royal Chole Bhature,130,Local Eatery,117,230,65.8,25.9,2025-11-02 05:31:34
8704,Street-side Pork with Bamboo Shoot,9,Mid-range Restaurant,406,591,68.3,23.4,2025-06-06 22:38:33
8705,Puttu Kadala,107,Local Eatery,135,176,75.6,16.8,2026-05-08 19:01:01
8706,Dalma,87,Local Eatery,143,218,59.3,23.1,2026-03-28 19:44:39
8707,Family Recipe Rajma Chawal,128,Local Eatery,64,185,52.9,27.9,2025-12-12 12:58:58
8708,Local Favourite Chole Bhature,120,Roadside Stall,45,61,89.1,0,2026-03-03 08:37:26
8709,Rajma Chawal,120,Sweet Shop,179,334,91.1,0,2025-03-10 04:28:22
8710,Classic Aloo Posto,15,Sweet Shop,72,217,53.6,35.8,2025-08-01 15:35:44
8711,Vada Pav,34,Roadside Stall,33,65,76.4,6.4,2025-12-22 23:44:05
8712,Momos,17,Fine Dining,1330,1965,73.8,12.3,2025-12-09 18:13:17
8713,Traditional Undhiyu,29,Roadside Stall,51,117,60.0,26.3,2025-12-25 01:51:11
8714,Bebinca,81,Roadside Stall,55,95,78.2,12.0,2025-02-16 06:23:02
8715,Mutton Rogan Josh,40,Roadside Stall,25,106,52.3,54.9,2025-02-05 04:04:48
8716,Traditional Lassi,43,Mid-range Restaurant,185,630,85.2,0,2025-01-01 21:23:42
8717,Street-side Dal Makhani,44,Roadside Stall,23,42,68.4,22.6,2026-03-22 11:14:09
8718,Paneer Tikka,36,Roadside Stall,27,95,37.2,82.2,2026-05-01 01:48:26
8719,Spicy Dal Makhani,125,Local Eatery,132,192,87.6,0,2025-02-10 10:45:44
8720,Chef's Hyderabadi Biryani,4,Sweet Shop,112,205,53.0,29.5,2025-02-01 16:53:00
8721,Authentic Paneer Tikka,100,Fine Dining,1482,1802,80.0,5.4,2025-01-17 19:48:17
8722,Jadoh,103,Roadside Stall,62,82,61.1,34.2,2026-04-19 03:02:15
8723,Family Recipe Fish Tenga,7,Sweet Shop,74,321,68.0,24.6,2026-03-28 14:24:33
8724,Classic Bisi Bele Bath,6,Roadside Stall,26,38,83.7,2.2,2025-12-03 00:46:36
8725,Festival Sol Kadhi,34,Sweet Shop,188,323,55.9,43.1,2025-09-15 09:47:20
8726,Village-style Kothu Parotta,55,Fine Dining,796,1453,59.7,23.3,2025-02-28 08:08:19
8727,Festival Vada Sambar,48,Roadside Stall,17,95,65.5,18.5,2025-04-21 18:06:40
8728,Mysore Pak,3,Local Eatery,75,122,94.1,0,2026-02-18 01:12:19
8729,Premium Chingri Malai Curry,46,Sweet Shop,110,275,65.2,17.5,2026-06-06 12:43:34
8730,Royal Jadoh,85,Local Eatery,89,210,67.1,30.4,2025-11-20 18:28:30
8731,Grandma's Kosha Mangsho,47,Street Food,28,114,77.6,6.4,2025-05-30 10:01:38
8732,Classic Bafla,68,Street Food,52,107,81.3,3.5,2026-05-25 13:37:46
8733,Family Recipe Aloo Posto,16,Fine Dining,706,1777,76.9,9.8,2025-01-10 13:52:50
8734,Royal Vada Sambar,116,Sweet Shop,207,357,81.0,5.8,2025-06-27 11:30:19
8735,Street-side Sandesh,87,Local Eatery,164,191,39.9,35.6,2025-12-04 07:28:25
8736,Naga Chutney,117,Roadside Stall,38,61,55.6,43.7,2025-01-02 09:32:14
8737,Zan,81,Fine Dining,695,2001,42.5,60.2,2025-06-30 13:15:25
8738,Street-side Dal Makhani,133,Sweet Shop,39,160,74.9,16.3,2025-03-26 22:59:31
8739,Street-side Pitha,16,Local Eatery,164,245,86.0,0,2025-01-03 20:25:22
8740,Village-style Idiyappam,51,Street Food,62,86,86.3,0,2026-01-27 06:26:42
8741,Grandma's Kachori,42,Street Food,30,143,87.1,0,2025-08-07 13:04:56
8742,Grandma's Mutton Rogan Josh,36,Local Eatery,125,258,46.6,45.1,2026-03-28 09:18:50
8743,Deluxe Puran Poli,23,Local Eatery,177,277,80.1,3.2,2026-03-03 11:09:40
8744,Village-style Hyderabadi Biryani,52,Street Food,67,144,87.7,0,2025-07-17 15:52:50
8745,Family Recipe Pork with Bamboo Shoot,104,Local Eatery,97,207,68.1,16.5,2025-05-21 21:02:42
8746,Authentic Bafla,66,Street Food,22,33,52.0,31.4,2025-03-18 01:38:46
8747,Thukpa,11,Roadside Stall,43,56,79.8,6.0,2025-02-04 22:31:59
8748,Homestyle Sabudana Khichdi,66,Street Food,47,101,44.2,59.0,2025-01-11 08:30:40
8749,Family Recipe Sarson da Saag,95,Mid-range Restaurant,405,560,49.2,26.7,2026-03-04 04:02:09
8750,Bebinca,32,Mid-range Restaurant,240,600,73.3,14.2,2025-10-09 09:42:56
8751,Bafla,22,Local Eatery,132,289,40.0,39.1,2026-03-27 12:26:26
8752,Goan Fish Curry,28,Mid-range Restaurant,403,489,73.7,13.3,2026-03-04 07:08:06
8753,Royal Fish Tenga,78,Street Food,74,100,79.4,4.6,2025-03-31 09:33:18
8754,Authentic Vada Sambar,51,Sweet Shop,104,174,74.5,12.1,2026-06-05 20:40:59
8755,Classic Kothu Parotta,51,Local Eatery,135,237,85.6,0,2025-01-22 22:48:38
8756,Classic Dalma,86,Sweet Shop,128,259,78.1,4.9,2025-05-22 11:20:34
8757,Masala Dosa,114,Fine Dining,1294,1588,69.1,25.5,2025-03-15 14:21:11
8758,Deluxe Naga Chutney,11,Fine Dining,928,1015,76.6,14.8,2026-04-13 00:16:26
8759,Quick-bite Nihari,131,Local Eatery,126,241,71.7,12.6,2025-06-29 20:56:07
8760,Payasam,51,Roadside Stall,66,97,82.9,3.2,2025-09-06 18:57:11
8761,Deluxe Chole Bhature,132,Fine Dining,1208,1549,66.1,19.4,2025-09-07 22:20:28
8762,Pork with Bamboo Shoot,8,Local Eatery,137,232,82.2,1.9,2025-06-01 02:42:32
8763,Momos,19,Street Food,58,132,65.1,23.5,2025-09-21 02:16:03
8764,Roadside Kadhi Bafla,20,Street Food,43,133,68.4,11.5,2026-04-02 10:59:00
8765,Royal Puttu Kadala,115,Fine Dining,685,1570,77.0,7.7,2025-09-09 08:18:29
8766,Local Favourite Kachori,132,Street Food,53,114,86.6,0,2025-11-26 02:49:52
8767,Idiyappam,1,Fine Dining,804,2179,65.2,15.7,2025-08-25 08:41:58
8768,Classic Thukpa,104,Roadside Stall,38,89,52.3,21.5,2026-05-07 15:16:27
8769,Chef's Rosogolla,138,Sweet Shop,59,246,63.3,15.5,2025-09-05 23:21:18
8770,Malai Kofta,119,Street Food,51,141,70.4,12.4,2025-03-28 04:09:55
8771,Quick-bite Kolhapuri Mutton,23,Local Eatery,176,274,70.1,9.7,2025-06-03 15:11:02
8772,Vada Sambar,108,Street Food,75,111,55.3,42.9,2026-01-02 19:29:40
8773,Pitha,135,Roadside Stall,32,85,69.1,28.0,2025-02-17 16:54:29
8774,Lassi,101,Sweet Shop,181,336,82.6,2.4,2025-07-26 19:21:42
8775,Chingri Malai Curry,47,Roadside Stall,16,39,66.9,24.7,2025-09-19 12:23:22
8776,Roadside Vada Sambar,51,Local Eatery,157,183,67.1,15.5,2025-01-21 06:27:25
8777,Homestyle Poha Jalebi,64,Mid-range Restaurant,237,690,92.3,0,2025-05-04 08:46:42
8778,Pesarattu,52,Roadside Stall,39,114,73.1,17.8,2026-06-17 17:04:27
8779,Special Uttapam,59,Fine Dining,702,2123,72.1,15.4,2026-02-25 20:18:28
8780,Roadside Bafla,66,Local Eatery,74,236,81.8,3.8,2025-02-09 18:32:00
8781,Paneer Tikka,98,Fine Dining,1055,2261,63.9,35.6,2025-11-17 13:03:04
8782,Authentic Appam with Stew,1,Sweet Shop,84,386,42.6,57.2,2025-03-30 01:09:00
8783,Authentic Sandesh,86,Mid-range Restaurant,228,497,60.9,31.4,2026-03-10 04:36:34
8784,Authentic Pav Bhaji,27,Mid-range Restaurant,402,418,86.8,0,2026-06-16 10:44:02
8785,Bafla,67,Local Eatery,110,121,78.5,6.4,2026-01-16 13:20:31
8786,Family Recipe Chettinad Chicken,61,Fine Dining,605,951,61.0,19.8,2026-04-10 12:15:44
8787,Deluxe Axone,83,Local Eatery,95,163,86.8,0,2026-05-13 11:36:45
8788,Quick-bite Shorshe Ilish,139,Roadside Stall,18,55,43.7,64.1,2025-10-17 01:21:35
8789,Tandoori Roti,102,Sweet Shop,192,357,45.2,48.2,2026-01-09 13:57:56
8790,Classic Fish Tenga,82,Fine Dining,893,1067,60.2,20.3,2025-04-12 10:41:35
8791,Appam with Stew,60,Mid-range Restaurant,270,700,42.5,38.3,2025-03-11 23:56:09
8792,Signature Bamboo Shoot Curry,79,Street Food,64,84,79.8,4.3,2025-10-04 22:47:44
8793,Royal Bebinca,73,Street Food,74,99,76.8,5.8,2025-04-27 06:56:14
8794,Authentic Sandesh,136,Fine Dining,1157,1351,91.2,0,2025-05-15 15:16:56
8795,Dal Bafla,62,Fine Dining,645,1407,50.6,28.6,2026-01-06 09:48:52
8796,Golgappa,37,Roadside Stall,15,70,66.3,24.7,2026-02-03 10:54:57
8797,Village-style Modak,73,Street Food,47,91,64.0,27.6,2025-06-17 06:06:27
8798,Chingri Malai Curry,15,Roadside Stall,56,110,56.7,37.5,2026-01-04 11:26:45
8799,Naga Chutney,104,Fine Dining,1024,2060,72.4,16.9,2025-01-01 06:45:57
8800,Family Recipe Litti,18,Roadside Stall,51,83,50.5,57.0,2025-02-09 13:37:35
8801,Chettinad Chicken,108,Mid-range Restaurant,222,245,66.7,30.7,2025-06-06 02:09:11
8802,Smoked Pork,10,Street Food,38,119,71.8,19.3,2025-06-19 21:22:17
8803,Bhel Puri,74,Roadside Stall,64,75,49.2,64.1,2025-02-13 16:45:46
8804,Deluxe Bebinca,79,Sweet Shop,63,134,62.4,22.7,2026-06-22 21:42:41
8805,Extra Cheesy Litti Chokha,138,Roadside Stall,50,61,63.2,25.1,2025-11-03 01:36:53
8806,Quick-bite Litti Chokha,46,Mid-range Restaurant,302,555,89.0,0,2026-01-09 16:03:36
8807,Amritsari Kulcha,40,Roadside Stall,55,108,89.4,0,2025-10-10 10:18:18
8808,Traditional Aloo Posto,15,Mid-range Restaurant,263,667,83.7,1.8,2026-04-19 21:20:29
8809,Street-side Kadhi Chawal,120,Sweet Shop,188,290,76.0,5.9,2025-01-02 03:45:29
8810,Bebinca,11,Street Food,79,145,60.7,31.2,2026-01-14 17:27:58
8811,Pesarattu,56,Roadside Stall,15,99,58.3,22.8,2025-03-11 12:37:24
8812,Shorshe Ilish,134,Sweet Shop,179,323,78.1,8.9,2025-07-18 06:01:02
8813,Local Favourite Aloo Paratha,99,Sweet Shop,212,321,60.0,17.0,2026-03-02 00:14:43
8814,Quick-bite Momos,13,Sweet Shop,30,284,60.2,19.7,2025-03-15 13:22:52
8815,Royal Mutton Rogan Josh,133,Street Food,82,136,58.6,44.3,2026-02-13 05:52:42
8816,Chole Bhature,101,Street Food,78,136,79.7,5.2,2025-10-12 06:08:15
8817,Meen Curry,5,Fine Dining,1015,2372,69.0,10.1,2026-01-16 14:47:38
8818,Street-side Chole Bhature,128,Sweet Shop,78,374,81.8,4.0,2026-03-24 16:16:51
8819,Idiyappam,114,Roadside Stall,20,61,76.1,6.0,2026-01-14 21:45:57
8820,Classic Dalma,15,Mid-range Restaurant,349,551,75.0,7.3,2025-07-20 19:16:47
8821,Quick-bite Chaat Papdi,122,Roadside Stall,52,70,67.6,16.0,2025-03-13 18:13:06
8822,Puttu Kadala,58,Roadside Stall,57,89,79.8,8.2,2026-05-06 10:04:09
8823,Homestyle Litti,15,Mid-range Restaurant,319,447,43.7,31.4,2025-03-26 13:28:01
8824,Goan Fish Curry,74,Sweet Shop,137,338,68.3,12.3,2026-04-07 02:01:16
8825,Chef's Poha Jalebi,66,Sweet Shop,96,129,54.4,38.2,2025-03-12 00:40:12
8826,Pongal,111,Roadside Stall,55,78,59.0,27.4,2025-04-06 01:58:51
8827,Masala Dosa,5,Roadside Stall,36,111,75.8,10.8,2026-03-16 08:30:27
8828,Classic Prawn Balchao,31,Mid-range Restaurant,238,301,74.9,15.3,2025-11-13 23:49:44
8829,Homestyle Tandoori Roti,37,Sweet Shop,148,194,78.9,3.8,2026-01-09 19:20:44
8830,Authentic Uttapam,111,Street Food,59,102,49.3,38.3,2026-06-18 23:51:26
8831,Signature Chole Bhature,35,Sweet Shop,182,337,76.1,11.4,2026-03-20 22:32:25
8832,Prawn Balchao,72,Street Food,42,101,68.9,26.9,2026-03-24 11:44:00
8833,Extra Cheesy Vada Sambar,59,Roadside Stall,56,92,66.6,33.0,2025-01-31 02:15:27
8834,Chak-hao Kheer,8,Local Eatery,134,231,80.4,7.8,2026-01-17 04:44:45
8835,Deluxe Pork with Bamboo Shoot,7,Local Eatery,104,209,59.0,19.3,2025-10-30 00:19:09
8836,Chingri Malai Curry,16,Roadside Stall,46,106,70.9,18.8,2025-11-22 09:01:23
8837,Premium Kolhapuri Mutton,32,Street Food,59,117,78.5,5.8,2025-08-09 23:03:19
8838,Extra Cheesy Chaat Papdi,126,Mid-range Restaurant,303,699,81.9,5.1,2026-05-01 21:04:23
8839,Rava Kesari,56,Street Food,24,45,56.9,17.8,2025-05-19 10:56:26
8840,Sandesh,17,Mid-range Restaurant,224,626,47.1,42.9,2026-01-25 03:19:38
8841,Classic Macher Jhol,15,Fine Dining,669,795,65.7,18.9,2025-05-13 18:12:35
8842,Premium Thukpa,117,Fine Dining,1144,2278,42.1,44.9,2025-01-28 14:56:28
8843,Local Favourite Bebinca,14,Roadside Stall,30,66,86.2,0,2026-02-14 14:14:20
8844,Mysore Pak,3,Local Eatery,159,219,72.9,21.6,2026-01-11 04:03:44
8845,Extra Cheesy Rajma Chawal,131,Mid-range Restaurant,243,538,80.0,3.6,2025-03-16 09:25:37
8846,Mysore Pak,49,Local Eatery,124,261,51.3,48.7,2025-01-19 06:13:08
8847,Momos,46,Fine Dining,1354,1396,62.0,15.6,2025-08-15 14:58:09
8848,Special Mutton Rogan Josh,91,Roadside Stall,47,88,57.0,37.3,2026-04-19 10:19:55
8849,Street-side Filter Coffee,114,Mid-range Restaurant,285,648,75.8,14.5,2025-03-31 20:20:38
8850,Premium Poha Jalebi,20,Fine Dining,946,2358,85.5,0,2026-02-28 19:31:01
8851,Royal Goan Fish Curry,28,Street Food,58,129,51.3,29.8,2026-06-10 23:01:30
8852,Vada Pav,76,Street Food,63,109,43.9,58.5,2025-06-06 18:07:01
8853,Pesarattu,51,Roadside Stall,18,35,85.7,0,2025-09-13 00:35:10
8854,Pork with Bamboo Shoot,81,Local Eatery,153,288,69.8,10.6,2025-11-22 18:02:20
8855,Kachori,133,Street Food,34,100,71.6,10.9,2025-02-11 10:09:55
8856,Dal Bafla,65,Mid-range Restaurant,275,525,75.3,14.6,2025-11-08 19:17:13
8857,Family Recipe Idiyappam,107,Sweet Shop,44,260,75.4,12.2,2025-01-15 17:12:51
8858,Thukpa,79,Mid-range Restaurant,424,545,45.6,34.3,2025-02-09 16:28:59
8859,Extra Cheesy Pork with Bamboo Shoot,7,Street Food,24,57,83.2,3.0,2025-09-12 12:32:23
8860,Momos,16,Mid-range Restaurant,374,425,39.2,50.5,2026-05-20 21:05:25
8861,Tandoori Roti,127,Local Eatery,115,239,83.5,2.4,2025-04-26 18:02:12
8862,Bhutte ka Kees,64,Street Food,23,112,63.0,22.5,2026-03-25 10:27:02
8863,Royal Mutton Rogan Josh,119,Street Food,41,52,83.9,1.0,2026-02-27 11:35:42
8864,Chila,20,Roadside Stall,22,42,42.5,42.8,2025-04-15 11:37:35
8865,Dal Makhani,119,Fine Dining,1487,2295,56.6,19.9,2026-04-15 13:35:29
8866,Naga Chutney,82,Fine Dining,615,2059,56.0,34.7,2025-09-30 03:58:48
8867,Authentic Malai Kofta,92,Mid-range Restaurant,419,507,54.7,51.6,2025-01-06 13:52:10
8868,Extra Cheesy Lassi,131,Local Eatery,144,208,67.3,15.7,2025-03-06 00:28:40
8869,Pitha,105,Sweet Shop,116,127,54.7,37.6,2026-05-30 16:21:37
8870,Kosha Mangsho,88,Local Eatery,103,213,72.3,14.4,2026-06-22 01:58:57
8871,Festival Naga Chutney,14,Sweet Shop,82,271,84.4,1.0,2025-04-21 10:17:27
8872,Authentic Malai Kofta,129,Mid-range Restaurant,306,363,60.5,42.1,2025-05-14 14:37:35
8873,Royal Dahi Vada,46,Street Food,71,117,60.1,33.7,2026-04-27 23:50:16
8874,Chhena Poda,86,Street Food,72,148,61.8,35.1,2025-03-01 05:28:40
8875,Idli Sambar,110,Sweet Shop,46,142,54.8,22.0,2025-04-17 04:41:22
8876,Malai Kofta,91,Fine Dining,1285,1607,60.3,28.5,2025-08-30 21:37:11
8877,Village-style Kadhi Chawal,132,Sweet Shop,88,307,74.3,12.9,2026-06-30 21:16:04
8878,Dhokla,33,Roadside Stall,21,58,66.8,31.0,2025-12-29 19:45:33
8879,Thepla,24,Local Eatery,163,200,63.7,14.8,2026-01-01 07:40:35
8880,Premium Kothu Parotta,6,Street Food,27,133,61.8,36.2,2025-09-24 12:04:15
8881,Quick-bite Dahi Vada,138,Street Food,34,47,77.7,11.7,2026-01-13 08:55:15
8882,Deluxe Filter Coffee,106,Mid-range Restaurant,252,413,41.0,29.7,2025-06-29 09:37:11
8883,Pongal,107,Mid-range Restaurant,339,581,82.3,4.2,2026-06-25 04:58:27
8884,Traditional Dal Makhani,93,Roadside Stall,53,92,53.4,49.6,2025-10-11 12:41:07
8885,Curd Rice,1,Mid-range Restaurant,185,245,37.9,55.8,2025-03-09 21:44:55
8886,Jadoh,84,Roadside Stall,51,71,56.6,48.8,2026-06-07 06:07:30
8887,Spicy Rava Kesari,50,Roadside Stall,43,73,66.5,32.2,2026-03-07 01:38:57
8888,Curd Rice,58,Sweet Shop,184,345,64.3,17.1,2025-06-10 20:05:09
8889,Naga Chutney,77,Mid-range Restaurant,154,213,55.5,41.9,2025-01-24 14:48:50
8890,Dal Makhani,119,Sweet Shop,146,354,73.2,9.3,2025-11-05 00:28:41
8891,Quick-bite Rajma Chawal,97,Roadside Stall,35,48,62.0,25.4,2025-02-11 08:02:43
8892,Deluxe Pork with Bamboo Shoot,79,Local Eatery,165,204,79.2,8.8,2025-01-14 08:22:15
8893,Chef's Bebinca,28,Street Food,28,69,54.4,53.1,2025-07-11 21:43:22
8894,Spicy Pitha,138,Roadside Stall,41,105,68.6,17.8,2025-06-06 00:56:53
8895,Village-style Goan Fish Curry,71,Mid-range Restaurant,272,574,95.8,0,2025-05-23 00:59:47
8896,Premium Rajma Chawal,44,Local Eatery,149,261,44.4,39.8,2026-03-20 14:50:14
8897,Traditional Sandesh,15,Sweet Shop,107,247,61.4,35.4,2026-05-30 03:24:28
8898,Deluxe Sarson da Saag,98,Street Food,29,40,68.3,10.3,2026-04-20 03:20:43
8899,Axone,12,Street Food,49,80,68.3,27.8,2026-05-02 18:38:22
8900,Classic Prawn Balchao,23,Roadside Stall,44,67,44.5,25.3,2025-08-26 07:55:45
8901,Spicy Kolhapuri Mutton,71,Fine Dining,734,1832,74.5,13.6,2025-04-20 10:05:40
8902,Kadhi Chawal,133,Mid-range Restaurant,281,668,76.3,14.2,2026-01-12 22:00:28
8903,Pitha,12,Sweet Shop,86,262,72.0,13.0,2025-07-29 02:22:36
8904,Traditional Misal Pav,29,Roadside Stall,60,80,87.1,0,2025-10-05 10:45:57
8905,Homestyle Chak-hao Kheer,10,Sweet Shop,174,399,93.6,0,2025-03-21 16:42:53
8906,Momos,86,Sweet Shop,33,209,87.9,0,2026-01-11 14:18:00
8907,Bebinca,74,Sweet Shop,61,299,75.8,13.9,2026-03-18 02:02:00
8908,Momos,15,Local Eatery,172,257,60.2,25.5,2026-05-13 21:54:34
8909,Amritsari Kulcha,131,Sweet Shop,55,134,50.6,21.6,2026-03-31 20:58:11
8910,Quick-bite Undhiyu,73,Fine Dining,571,1684,48.3,33.2,2025-02-17 13:48:40
8911,Homestyle Payasam,48,Fine Dining,1080,1291,83.3,2.1,2025-09-16 14:52:51
8912,Special Mysore Pak,55,Fine Dining,528,1497,92.9,0,2025-10-21 07:33:00
8913,Family Recipe Butter Chicken,124,Roadside Stall,54,71,84.1,1.1,2025-03-23 13:01:01
8914,Golgappa,121,Local Eatery,110,257,77.1,11.5,2026-05-15 17:09:55
8915,Special Malai Kofta,127,Mid-range Restaurant,215,482,75.1,6.7,2026-05-29 18:32:52
8916,Puttu Kadala,109,Mid-range Restaurant,340,414,77.4,8.3,2025-10-22 05:27:04
8917,Malai Kofta,125,Street Food,61,109,88.1,0,2025-03-04 22:36:53
8918,Vada Sambar,109,Street Food,65,101,63.0,38.6,2025-09-03 23:08:39
8919,Authentic Kadhi Chawal,38,Roadside Stall,64,113,68.4,28.8,2025-12-01 19:05:27
8920,Village-style Mysore Pak,115,Roadside Stall,67,77,46.7,44.5,2025-05-16 17:06:18
8921,Amritsari Kulcha,129,Street Food,53,77,80.7,5.1,2026-05-15 01:49:06
8922,Street-side Bisi Bele Bath,109,Roadside Stall,67,107,45.7,49.6,2025-08-25 21:13:38
8923,Traditional Vada Pav,25,Street Food,29,86,66.1,28.4,2026-01-09 16:21:39
8924,Festival Thukpa,14,Sweet Shop,198,328,72.1,17.2,2025-01-16 16:36:10
8925,Dal Makhani,130,Fine Dining,514,1924,83.7,1.7,2025-06-29 11:17:52
8926,Butter Chicken,39,Street Food,39,150,83.1,3.4,2025-06-02 19:30:26
8927,Roadside Malpua,64,Mid-range Restaurant,380,431,60.1,20.9,2026-03-11 23:52:06
8928,Signature Bafla,67,Fine Dining,1065,1225,53.8,22.9,2025-10-30 21:51:25
8929,Signature Fish Tenga,81,Mid-range Restaurant,193,367,77.2,7.4,2026-03-17 11:54:17
8930,Local Favourite Chole Bhature,98,Fine Dining,1221,2121,68.3,19.7,2025-04-25 04:41:59
8931,Thepla,70,Fine Dining,1157,2317,59.4,31.5,2025-08-18 22:41:41
8932,Axone,117,Fine Dining,1110,2191,83.6,0.9,2026-01-31 16:56:58
8933,Hyderabadi Biryani,60,Fine Dining,1151,1648,68.1,18.9,2025-06-30 01:31:42
8934,Macher Jhol,16,Roadside Stall,48,98,55.5,43.1,2025-02-01 18:39:59
8935,Family Recipe Dahi Vada,87,Local Eatery,173,274,79.8,4.6,2026-02-19 09:21:44
8936,Dahi Vada,86,Local Eatery,174,217,64.4,14.2,2026-06-26 10:32:16
8937,Local Favourite Poha Jalebi,20,Mid-range Restaurant,198,318,72.4,21.7,2025-05-13 17:47:03
8938,Kachori,43,Local Eatery,108,204,72.2,11.2,2025-08-02 04:25:55
8939,Classic Chole Bhature,99,Street Food,58,137,73.4,19.3,2025-04-23 23:59:28
8940,Premium Chaat Papdi,98,Local Eatery,162,300,66.8,18.7,2025-11-08 14:46:10
8941,Kolhapuri Mutton,73,Roadside Stall,44,63,72.8,19.0,2026-04-08 08:12:17
8942,Festival Kadhi Bafla,21,Fine Dining,1411,2224,68.7,27.9,2025-07-17 10:05:38
8943,Nihari,92,Sweet Shop,139,175,87.9,0,2025-01-22 03:59:52
8944,Spicy Sabudana Khichdi,21,Local Eatery,83,95,48.1,31.1,2025-12-13 02:34:10
8945,Traditional Amritsari Kulcha,101,Sweet Shop,144,200,84.4,0.9,2026-04-06 15:29:18
8946,Festival Litti Chokha,92,Street Food,41,67,72.2,22.4,2026-02-16 09:02:22
8947,Pork with Bamboo Shoot,82,Street Food,53,94,45.0,54.6,2026-03-24 10:00:46
8948,Dal Bafla,65,Fine Dining,1435,1921,67.9,28.6,2025-09-11 05:46:20
8949,Traditional Puran Poli,28,Sweet Shop,97,221,42.9,26.7,2025-09-06 22:07:04
8950,Uttapam,57,Local Eatery,101,267,46.1,44.3,2025-08-17 04:47:21
8951,Premium Kachori,124,Street Food,48,102,74.1,7.4,2026-01-30 05:14:48
8952,Misal Pav,72,Fine Dining,653,1704,63.6,34.0,2025-04-22 18:43:00
8953,Filter Coffee,116,Local Eatery,122,175,81.7,2.3,2026-02-24 06:46:00
8954,Malai Kofta,125,Local Eatery,87,111,68.9,16.3,2026-05-25 17:30:59
8955,Special Vada Sambar,116,Mid-range Restaurant,217,588,54.4,44.0,2025-04-30 13:19:08
8956,Kolhapuri Mutton,34,Street Food,82,121,90.1,0,2025-03-09 20:29:36
8957,Street-side Pitha,45,Sweet Shop,117,161,70.0,20.7,2025-07-30 09:11:28
8958,Royal Sabudana Khichdi,64,Roadside Stall,51,88,73.6,11.8,2025-01-27 04:12:20
8959,Paneer Tikka,95,Mid-range Restaurant,160,565,43.1,42.3,2025-08-27 15:45:43
8960,Premium Hyderabadi Biryani,54,Roadside Stall,50,99,65.2,12.1,2026-03-23 23:15:44
8961,Aloo Posto,18,Fine Dining,1456,2133,37.9,71.9,2025-07-12 05:39:06
8962,Chettinad Chicken,106,Local Eatery,170,278,55.9,17.9,2025-07-09 18:18:03
8963,Litti Chokha,131,Street Food,36,71,64.3,19.0,2026-06-22 13:07:28
8964,Street-side Dal Bafla,68,Street Food,54,101,62.4,25.3,2025-05-02 13:16:45
8965,Family Recipe Jadoh,12,Sweet Shop,157,329,85.5,0,2025-12-14 22:07:27
8966,Uttapam,50,Roadside Stall,25,46,52.1,39.9,2026-02-01 03:13:46
8967,Festival Aloo Paratha,41,Mid-range Restaurant,259,539,87.7,0,2026-05-17 03:43:33
8968,Premium Bamboo Shoot Curry,118,Local Eatery,70,248,69.1,26.3,2025-04-06 00:43:30
8969,Axone,82,Fine Dining,742,2268,57.7,28.7,2025-02-07 15:44:37
8970,Extra Cheesy Bamboo Shoot Curry,117,Sweet Shop,172,365,78.6,9.4,2026-05-05 11:46:34
8971,Fish Tenga,85,Local Eatery,79,163,68.7,17.0,2026-01-06 03:16:36
8972,Axone,10,Sweet Shop,53,111,75.3,9.7,2025-10-15 06:37:03
8973,Tandoori Roti,131,Local Eatery,102,128,70.2,9.7,2025-04-26 02:56:55
8974,Kolhapuri Mutton,72,Mid-range Restaurant,225,427,85.9,0,2025-12-05 02:14:23
8975,Deluxe Rava Kesari,61,Local Eatery,80,231,57.8,43.5,2025-02-27 16:55:03
8976,Masala Dosa,51,Local Eatery,83,125,81.4,3.5,2026-03-02 02:30:09
8977,Homestyle Vada Pav,74,Mid-range Restaurant,260,423,63.0,23.6,2025-05-24 16:28:18
8978,Golgappa,44,Roadside Stall,19,92,55.4,24.0,2025-07-08 05:07:23
8979,Extra Cheesy Bisi Bele Bath,51,Sweet Shop,35,180,84.9,0.1,2025-07-24 14:32:36
8980,Thepla,74,Local Eatery,141,292,82.9,2.1,2025-10-13 12:07:29
8981,Festival Chak-hao Kheer,79,Local Eatery,155,292,65.8,20.4,2025-10-14 03:27:41
8982,Quick-bite Kachori,127,Street Food,50,63,37.9,73.5,2026-06-13 16:13:40
8983,Street-side Uttapam,113,Local Eatery,102,267,76.9,8.7,2025-06-15 10:23:27
8984,Bhel Puri,28,Mid-range Restaurant,291,691,85.5,0,2026-03-27 22:46:16
8985,Smoked Pork,83,Mid-range Restaurant,355,577,40.5,62.2,2026-01-19 17:58:19
8986,Hyderabadi Biryani,110,Mid-range Restaurant,190,662,60.4,16.5,2025-11-14 00:37:37
8987,Authentic Prawn Balchao,29,Local Eatery,97,287,72.6,12.4,2026-01-09 10:08:49
8988,Deluxe Bebinca,80,Roadside Stall,33,81,56.2,28.4,2025-08-04 08:55:57
8989,Pork with Bamboo Shoot,82,Mid-range Restaurant,391,580,62.1,21.9,2025-09-14 18:07:48
8990,Deluxe Chaat Papdi,132,Street Food,63,74,56.7,22.3,2026-04-09 05:01:53
8991,Thukpa,85,Sweet Shop,173,335,69.5,16.3,2025-03-08 06:52:41
8992,Classic Chila,20,Sweet Shop,163,328,52.5,42.7,2026-02-12 04:07:32
8993,Premium Mysore Pak,113,Mid-range Restaurant,388,540,73.8,19.4,2025-02-16 12:23:59
8994,Pitha,78,Fine Dining,1459,1558,72.7,7.6,2025-05-01 11:56:48
8995,Village-style Golgappa,97,Mid-range Restaurant,157,410,64.0,32.2,2026-01-24 04:33:43
8996,Premium Kolhapuri Mutton,69,Roadside Stall,33,101,64.5,16.3,2025-02-19 11:09:43
8997,Special Lassi,95,Local Eatery,166,257,63.4,28.9,2026-01-16 04:02:15
8998,Authentic Lassi,36,Local Eatery,64,98,68.1,16.0,2025-11-18 18:12:42
8999,Meen Curry,59,Sweet Shop,152,338,79.8,9.2,2026-01-29 09:52:41
9000,Smoked Pork,79,Roadside Stall,66,97,70.2,26.0,2025-10-16 03:48:19
9001,Signature Pesarattu,5,Roadside Stall,45,101,78.9,9.0,2025-05-07 16:31:22
9002,Premium Bhutte ka Kees,22,Mid-range Restaurant,293,559,94.2,0,2025-10-06 00:36:11
9003,Dahi Vada,45,Roadside Stall,52,74,66.3,12.4,2026-03-01 05:37:26
9004,Extra Cheesy Idli Sambar,51,Roadside Stall,23,119,83.0,3.4,2025-07-14 23:58:52
9005,Homestyle Litti Chokha,35,Mid-range Restaurant,291,365,78.8,4.4,2025-06-27 10:22:19
9006,Premium Kadhi Chawal,129,Sweet Shop,145,222,61.0,37.5,2025-11-16 08:34:40
9007,Grandma's Naga Chutney,79,Street Food,28,68,89.6,0,2025-05-16 14:52:22
9008,Pesarattu,59,Mid-range Restaurant,306,672,80.0,5.2,2025-03-28 01:42:06
9009,Spicy Fish Tenga,14,Roadside Stall,56,68,55.3,21.9,2025-03-21 18:19:52
9010,Special Jadoh,14,Mid-range Restaurant,411,680,87.3,0,2025-08-15 17:59:34
9011,Butter Chicken,101,Mid-range Restaurant,172,353,90.1,0,2025-03-23 15:17:43
9012,Classic Pitha,139,Fine Dining,587,1600,54.5,46.7,2025-04-16 13:34:25
9013,Chole Bhature,126,Street Food,36,93,74.1,16.6,2026-03-27 21:56:41
9014,Homestyle Litti Chokha,126,Local Eatery,117,155,73.0,17.2,2025-06-14 01:59:40
9015,Homestyle Filter Coffee,4,Sweet Shop,99,288,54.9,51.3,2025-01-31 05:03:10
9016,Appam with Stew,3,Street Food,85,136,81.4,4.8,2025-08-04 08:47:17
9017,Zan,81,Mid-range Restaurant,303,539,72.0,17.0,2025-12-19 14:44:27
9018,Litti Chokha,40,Street Food,71,91,68.3,23.4,2025-10-30 07:41:03
9019,Chef's Litti Chokha,98,Fine Dining,728,2103,78.8,4.3,2026-02-26 16:06:16
9020,Chaat Papdi,35,Fine Dining,891,2013,78.5,5.1,2025-10-15 18:07:27
9021,Deluxe Litti,134,Mid-range Restaurant,194,405,69.1,13.0,2025-11-27 23:21:01
9022,Pesarattu,58,Mid-range Restaurant,411,571,64.9,19.3,2025-09-26 19:35:37
9023,Royal Bebinca,69,Roadside Stall,27,62,53.0,29.4,2025-03-30 18:15:17
9024,Zan,79,Roadside Stall,17,51,55.6,19.4,2025-09-11 05:43:28
9025,Roadside Sandesh,86,Fine Dining,1468,1780,87.3,0,2025-05-15 14:57:11
9026,Sabudana Khichdi,65,Sweet Shop,114,394,75.1,7.8,2026-01-06 01:58:36
9027,Authentic Bisi Bele Bath,4,Sweet Shop,141,175,77.9,6.3,2026-05-20 09:10:46
9028,Chef's Kachori,120,Roadside Stall,38,64,86.0,0,2025-04-24 16:44:41
9029,Homestyle Naga Chutney,81,Sweet Shop,54,140,43.3,36.4,2025-05-11 18:58:17
9030,Village-style Litti Chokha,124,Roadside Stall,66,101,64.5,16.2,2025-03-10 05:04:46
9031,Golgappa,122,Street Food,41,115,52.5,21.6,2026-03-14 15:02:26
9032,Payasam,55,Street Food,68,117,82.2,2.1,2026-01-23 21:44:27
9033,Special Chettinad Chicken,6,Local Eatery,162,186,82.0,3.6,2025-05-27 02:38:10
9034,Royal Vada Pav,71,Fine Dining,1185,1467,65.8,11.8,2025-04-05 18:58:01
9035,Bebinca,12,Roadside Stall,28,45,76.4,12.3,2026-02-02 01:24:24
9036,Thepla,70,Roadside Stall,20,61,66.8,15.1,2026-04-05 06:01:25
9037,Prawn Balchao,70,Street Food,85,148,89.3,0,2025-12-30 07:28:05
9038,Premium Dhokla,70,Street Food,79,111,69.2,10.8,2025-12-02 10:31:19
9039,Royal Filter Coffee,51,Fine Dining,1163,2418,82.1,3.9,2025-08-25 03:14:04
9040,Festival Kadhi Bafla,20,Roadside Stall,50,81,87.4,0,2025-07-03 06:03:33
9041,Spicy Bhutte ka Kees,68,Local Eatery,74,193,61.8,31.9,2026-06-27 06:07:41
9042,Traditional Rasam,54,Street Food,54,111,79.0,8.6,2025-08-05 19:45:39
9043,Modak,25,Roadside Stall,42,54,79.7,7.7,2026-01-04 16:05:47
9044,Classic Butter Chicken,123,Mid-range Restaurant,262,314,70.9,8.9,2025-04-11 11:11:07
9045,Chaat Papdi,127,Street Food,78,130,72.3,17.6,2026-01-18 04:44:31
9046,Extra Cheesy Malai Kofta,40,Local Eatery,158,267,65.4,12.9,2026-05-02 05:17:35
9047,Uttapam,53,Mid-range Restaurant,295,567,93.8,0,2025-12-04 19:19:22
9048,Classic Chettinad Chicken,108,Fine Dining,1002,1242,73.6,9.7,2025-04-25 05:22:34
9049,Classic Kothu Parotta,56,Local Eatery,69,166,65.2,20.2,2025-05-02 06:38:03
9050,Kothu Parotta,55,Mid-range Restaurant,190,692,44.7,57.9,2026-02-27 20:48:53
9051,Rosogolla,86,Roadside Stall,45,71,56.1,50.1,2025-02-08 12:06:55
9052,Village-style Bhel Puri,29,Roadside Stall,53,98,65.1,12.9,2025-02-08 06:20:48
9053,Pongal,57,Roadside Stall,21,43,80.0,4.3,2025-01-25 09:57:21
9054,Homestyle Vada Sambar,60,Street Food,44,83,71.6,17.1,2025-11-08 03:36:38
9055,Local Favourite Litti Chokha,19,Street Food,77,103,81.8,3.8,2026-01-01 05:40:36
9056,Bafla,64,Fine Dining,1120,1903,75.6,12.8,2025-03-29 18:56:56
9057,Chef's Bamboo Shoot Curry,13,Local Eatery,116,274,79.6,7.4,2026-06-08 22:51:10
9058,Roadside Chole Bhature,130,Fine Dining,502,523,71.6,17.3,2025-03-04 23:42:10
9059,Chef's Dal Bafla,65,Sweet Shop,213,392,55.8,23.7,2025-06-13 10:42:07
9060,Chak-hao Kheer,14,Roadside Stall,63,109,71.4,22.1,2025-09-12 21:50:52
9061,Street-side Chak-hao Kheer,83,Mid-range Restaurant,262,273,51.3,56.6,2026-05-02 10:59:20
9062,Meen Curry,110,Street Food,37,134,49.1,42.0,2025-07-10 13:07:13
9063,Pork with Bamboo Shoot,83,Mid-range Restaurant,235,626,60.8,25.3,2025-06-13 10:01:16
9064,Grandma's Mutton Rogan Josh,123,Roadside Stall,21,47,76.5,6.9,2025-08-29 20:15:51
9065,Quick-bite Sandesh,47,Roadside Stall,36,97,52.6,43.4,2025-11-11 19:15:31
9066,Festival Fish Tenga,83,Sweet Shop,142,209,83.0,3.5,2026-03-18 03:26:35
9067,Poha Jalebi,62,Street Food,42,112,88.8,0,2025-05-21 06:57:03
9068,Paneer Tikka,97,Street Food,61,73,69.9,16.7,2026-03-17 09:09:25
9069,Thepla,33,Street Food,82,99,50.1,36.8,2025-12-27 17:54:05
9070,Street-side Pork with Bamboo Shoot,82,Mid-range Restaurant,399,438,64.9,22.9,2025-01-29 08:19:35
9071,Undhiyu,27,Street Food,38,146,69.6,22.4,2025-12-18 09:26:56
9072,Village-style Modak,32,Mid-range Restaurant,154,451,91.3,0,2026-02-18 09:44:30
9073,Roadside Hyderabadi Biryani,58,Street Food,25,112,64.9,14.0,2026-01-30 13:58:52
9074,Premium Dhokla,76,Sweet Shop,134,386,67.6,13.4,2025-07-13 12:57:41
9075,Royal Appam with Stew,59,Mid-range Restaurant,362,464,50.2,28.1,2025-12-28 11:30:18
9076,Deluxe Pav Bhaji,71,Mid-range Restaurant,338,399,69.3,22.0,2025-04-10 22:27:39
9077,Chaat Papdi,120,Fine Dining,626,2014,80.7,6.5,2026-04-02 23:56:11
9078,Bisi Bele Bath,57,Street Food,78,144,63.9,19.0,2025-12-17 15:17:58
9079,Street-side Dal Makhani,129,Sweet Shop,180,274,79.5,8.9,2025-02-16 05:59:05
9080,Signature Lassi,128,Sweet Shop,128,278,73.0,10.1,2026-06-05 17:28:26
9081,Classic Rajma Chawal,119,Street Food,44,116,68.6,23.2,2026-01-14 05:14:13
9082,Village-style Bebinca,72,Sweet Shop,134,378,61.2,17.2,2025-04-24 05:41:02
9083,Festival Goan Fish Curry,32,Local Eatery,104,258,84.3,0.8,2025-08-19 12:03:27
9084,Lassi,128,Fine Dining,1317,2477,63.2,31.3,2025-03-05 09:59:03
9085,Bisi Bele Bath,109,Mid-range Restaurant,342,363,83.7,1.7,2025-03-26 01:16:04
9086,Grandma's Zan,85,Street Food,67,135,75.8,6.8,2025-07-22 17:07:11
9087,Family Recipe Malai Kofta,39,Local Eatery,149,299,56.4,38.5,2026-02-14 02:58:32
9088,Kachori,129,Local Eatery,146,239,84.3,1.1,2025-05-20 12:22:36
9089,Amritsari Kulcha,39,Local Eatery,150,267,88.1,0,2026-04-01 00:25:41
9090,Family Recipe Tandoori Roti,128,Roadside Stall,55,102,93.9,0,2026-03-25 00:18:31
9091,Signature Bafla,63,Mid-range Restaurant,409,544,63.6,19.0,2026-02-05 08:09:34
9092,Royal Chak-hao Kheer,12,Sweet Shop,33,359,62.7,15.4,2025-12-19 12:02:36
9093,Signature Filter Coffee,6,Mid-range Restaurant,407,551,74.2,16.0,2025-02-12 00:01:09
9094,Local Favourite Aloo Paratha,96,Local Eatery,115,296,41.1,69.3,2026-03-08 13:00:35
9095,Traditional Kachori,42,Sweet Shop,34,239,71.9,19.2,2025-09-10 15:01:19
9096,Spicy Bisi Bele Bath,112,Local Eatery,163,190,64.8,23.8,2025-04-24 18:33:10
9097,Premium Bhel Puri,74,Sweet Shop,130,306,91.0,0,2025-06-16 20:46:42
9098,Premium Golgappa,131,Sweet Shop,142,388,38.5,27.9,2025-11-05 13:21:29
9099,Smoked Pork,105,Sweet Shop,122,215,54.0,52.9,2025-03-21 02:22:10
9100,Signature Kadhi Chawal,35,Street Food,62,92,38.2,43.1,2025-01-21 04:41:20
9101,Dahi Vada,17,Fine Dining,1256,1294,67.9,21.8,2025-09-04 20:27:12
9102,Premium Bhel Puri,76,Sweet Shop,35,127,81.6,2.4,2025-04-06 00:26:15
9103,Quick-bite Poha Jalebi,68,Mid-range Restaurant,423,485,68.0,28.6,2026-02-11 06:22:46
9104,Puttu Kadala,56,Fine Dining,501,2229,93.7,0,2026-02-06 21:41:26
9105,Pesarattu,50,Local Eatery,83,214,70.7,12.3,2025-02-24 03:35:06
9106,Village-style Hyderabadi Biryani,57,Sweet Shop,156,253,85.8,0,2025-11-28 18:36:19
9107,Family Recipe Mutton Rogan Josh,121,Local Eatery,116,278,77.9,12.1,2026-04-05 22:26:24
9108,Authentic Lassi,126,Local Eatery,72,199,50.6,54.6,2025-04-03 11:07:18
9109,Pongal,107,Sweet Shop,115,212,84.5,0.5,2025-08-30 00:24:05
9110,Modak,76,Street Food,61,98,85.0,0,2026-05-15 07:43:34
9111,Premium Khandvi,70,Roadside Stall,55,86,78.7,9.5,2025-07-18 05:58:45
9112,Homestyle Kolhapuri Mutton,29,Roadside Stall,54,110,73.0,13.9,2026-05-16 11:55:37
9113,Litti Chokha,43,Mid-range Restaurant,307,547,51.2,40.3,2026-04-05 18:09:50
9114,Prawn Balchao,33,Fine Dining,935,2150,66.8,31.9,2026-04-20 12:56:05
9115,Village-style Rajma Chawal,131,Fine Dining,1234,1252,57.7,25.2,2025-06-21 19:49:37
9116,Bebinca,28,Sweet Shop,114,267,76.1,10.6,2026-01-20 22:33:52
9117,Deluxe Macher Jhol,90,Fine Dining,929,1953,64.0,14.0,2025-04-30 01:03:40
9118,Signature Shorshe Ilish,137,Street Food,73,86,88.3,0,2025-03-12 03:33:04
9119,Aloo Posto,134,Fine Dining,1044,2202,54.5,30.7,2025-10-27 09:14:08
9120,Filter Coffee,108,Sweet Shop,72,234,46.5,47.1,2026-03-07 22:40:57
9121,Hyderabadi Biryani,116,Mid-range Restaurant,169,566,64.0,33.0,2025-02-05 23:15:15
9122,Extra Cheesy Pitha,137,Mid-range Restaurant,191,531,68.2,10.6,2026-06-30 02:31:11
9123,Authentic Masala Dosa,49,Mid-range Restaurant,422,686,74.9,16.8,2025-04-21 23:43:45
9124,Street-side Curd Rice,3,Street Food,54,149,59.3,25.8,2025-11-29 14:40:27
9125,Classic Meen Curry,1,Mid-range Restaurant,284,659,78.0,5.7,2025-06-14 15:36:32
9126,Masala Dosa,112,Sweet Shop,181,255,57.8,26.0,2025-04-14 23:49:01
9127,Traditional Kothu Parotta,110,Street Food,62,88,74.4,13.7,2026-03-22 11:50:44
9128,Rajma Chawal,102,Roadside Stall,48,80,82.7,2.9,2025-03-29 13:53:38
9129,Spicy Paneer Tikka,131,Sweet Shop,191,204,88.2,0,2025-03-07 10:12:21
9130,Deluxe Aloo Posto,47,Mid-range Restaurant,367,481,59.1,39.1,2025-08-23 23:08:46
9131,Pitha,87,Roadside Stall,57,114,88.5,0,2026-01-29 07:06:13
9132,Thepla,76,Fine Dining,1226,1842,71.5,19.0,2025-09-16 10:40:07
9133,Signature Fish Tenga,80,Roadside Stall,51,86,52.9,48.2,2026-06-13 15:33:34
9134,Premium Smoked Pork,12,Sweet Shop,43,294,53.3,19.7,2026-01-26 13:48:20
9135,Village-style Bamboo Shoot Curry,8,Mid-range Restaurant,231,493,78.4,9.7,2025-08-30 06:23:40
9136,Quick-bite Smoked Pork,8,Mid-range Restaurant,187,452,49.7,26.5,2025-04-04 21:02:19
9137,Authentic Paneer Tikka,131,Local Eatery,75,198,54.8,31.7,2025-02-24 13:53:06
9138,Hyderabadi Biryani,53,Street Food,22,37,80.8,5.5,2026-04-18 04:35:00
9139,Momos,77,Fine Dining,758,2039,66.0,16.4,2025-07-17 09:49:50
9140,Homestyle Rasam,106,Fine Dining,706,1520,77.6,5.4,2025-08-08 19:01:26
9141,Family Recipe Litti Chokha,16,Mid-range Restaurant,367,466,80.1,6.6,2026-01-31 22:25:41
9142,Local Favourite Goan Fish Curry,73,Sweet Shop,172,196,55.1,36.3,2025-06-18 22:10:41
9143,Deluxe Malai Kofta,129,Fine Dining,1377,1643,90.9,0,2025-06-08 18:51:31
9144,Pitha,18,Sweet Shop,153,243,77.1,5.1,2026-04-28 11:44:07
9145,Homestyle Dal Makhani,123,Sweet Shop,133,193,73.5,7.6,2025-08-07 08:58:20
9146,Litti Chokha,19,Local Eatery,102,122,91.3,0,2026-04-01 14:07:44
9147,Chettinad Chicken,61,Mid-range Restaurant,291,488,93.9,0,2026-05-05 18:51:53
9148,Special Appam with Stew,109,Roadside Stall,46,56,62.3,37.4,2025-03-02 18:00:07
9149,Royal Puran Poli,25,Fine Dining,1097,1799,64.2,27.7,2025-03-08 16:15:06
9150,Macher Jhol,138,Mid-range Restaurant,351,489,77.2,13.6,2026-03-08 14:32:21
9151,Zan,13,Roadside Stall,54,67,71.8,20.5,2026-01-18 13:18:46
9152,Quick-bite Masala Dosa,61,Local Eatery,139,191,88.5,0,2026-02-13 22:10:40
9153,Homestyle Amritsari Kulcha,38,Mid-range Restaurant,226,336,62.0,36.6,2025-08-25 16:16:48
9154,Royal Sol Kadhi,32,Local Eatery,172,292,56.0,33.0,2025-03-12 07:02:35
9155,Premium Rasam,113,Mid-range Restaurant,171,590,63.8,27.8,2025-12-20 08:19:08
9156,Authentic Aloo Paratha,128,Fine Dining,512,2333,71.0,23.6,2025-08-14 20:20:37
9157,Chingri Malai Curry,134,Fine Dining,1353,2447,79.2,8.9,2025-10-18 03:25:04
9158,Kachori,122,Fine Dining,1193,1642,52.9,30.1,2026-06-30 23:54:04
9159,Filter Coffee,54,Roadside Stall,53,113,58.8,21.3,2025-06-26 16:53:52
9160,Pitha,77,Roadside Stall,17,32,46.6,24.4,2025-11-29 08:52:03
9161,Filter Coffee,113,Sweet Shop,133,250,67.3,25.4,2025-12-01 06:41:59
9162,Nihari,133,Street Food,82,141,58.6,32.8,2025-05-25 03:09:40
9163,Grandma's Jadoh,13,Mid-range Restaurant,402,520,53.6,34.2,2025-11-04 21:51:05
9164,Grandma's Idli Sambar,51,Sweet Shop,121,357,55.0,48.8,2025-06-08 08:17:52
9165,Butter Chicken,123,Mid-range Restaurant,309,400,77.4,9.5,2025-07-14 19:50:05
9166,Kosha Mangsho,87,Street Food,74,84,63.0,23.4,2026-05-29 00:23:20
9167,Royal Bebinca,11,Street Food,83,122,56.5,30.5,2025-04-17 22:45:10
9168,Extra Cheesy Nihari,38,Mid-range Restaurant,333,462,82.0,4.3,2026-06-17 15:05:10
9169,Nihari,38,Mid-range Restaurant,339,695,79.1,10.1,2025-04-19 09:13:17
9170,Zan,84,Sweet Shop,171,276,72.3,10.6,2026-01-06 04:50:01
9171,Mutton Rogan Josh,40,Roadside Stall,53,89,69.4,11.0,2025-05-12 21:36:10
9172,Fish Tenga,83,Roadside Stall,51,84,77.1,6.9,2025-08-06 17:39:02
9173,Roadside Momos,89,Local Eatery,165,287,72.7,12.8,2025-03-27 08:31:49
9174,Royal Misal Pav,76,Sweet Shop,50,89,92.1,0,2026-04-07 22:50:05
9175,Family Recipe Sarson da Saag,119,Sweet Shop,93,244,51.8,25.7,2025-05-06 09:40:39
9176,Chettinad Chicken,106,Roadside Stall,53,110,59.0,25.5,2026-04-23 20:48:25
9177,Shorshe Ilish,90,Mid-range Restaurant,358,371,59.7,27.4,2025-04-06 02:46:38
9178,Tandoori Roti,127,Fine Dining,1327,1871,48.2,63.5,2025-11-03 22:05:34
9179,Homestyle Chingri Malai Curry,87,Roadside Stall,31,115,51.2,20.4,2025-05-28 18:27:11
9180,Puran Poli,34,Fine Dining,699,1699,44.2,28.4,2026-03-16 03:09:36
9181,Homestyle Golgappa,133,Local Eatery,175,275,69.3,22.6,2025-03-27 04:52:56
9182,Festival Tandoori Roti,122,Local Eatery,120,284,71.5,11.6,2025-01-19 16:04:11
9183,Golgappa,41,Street Food,47,84,54.9,39.2,2025-03-13 20:31:14
9184,Spicy Tandoori Roti,126,Fine Dining,1348,1724,71.1,13.3,2025-02-06 20:06:55
9185,Local Favourite Dalma,139,Local Eatery,73,242,52.3,25.6,2025-08-22 03:31:01
9186,Chila,20,Sweet Shop,146,314,89.3,0,2026-02-22 13:07:41
9187,Sarson da Saag,41,Local Eatery,85,257,49.9,62.2,2025-07-22 07:26:28
9188,Dalma,139,Fine Dining,1238,1787,52.5,25.1,2025-01-11 03:58:12
9189,Deluxe Filter Coffee,54,Mid-range Restaurant,414,691,43.2,44.1,2026-01-01 19:30:50
9190,Traditional Zan,78,Sweet Shop,131,358,76.1,10.6,2026-02-04 02:23:35
9191,Rava Kesari,54,Roadside Stall,37,95,85.5,0,2025-10-03 10:21:06
9192,Spicy Aloo Paratha,94,Sweet Shop,205,309,64.2,12.6,2025-09-22 16:52:07
9193,Chef's Momos,46,Roadside Stall,62,80,64.4,22.7,2026-03-30 22:08:09
9194,Prawn Balchao,32,Street Food,73,111,51.7,52.5,2025-05-22 16:09:46
9195,Classic Nihari,36,Mid-range Restaurant,193,301,86.5,0,2026-01-24 03:40:08
9196,Extra Cheesy Smoked Pork,12,Street Food,60,90,84.8,0.3,2026-03-03 21:14:49
9197,Dal Makhani,99,Street Food,21,95,70.7,21.8,2025-02-22 12:58:52
9198,Premium Chettinad Chicken,50,Street Food,32,149,52.2,24.1,2026-02-20 13:50:40
9199,Litti,46,Sweet Shop,107,148,66.5,32.4,2025-04-19 16:21:13
9200,Aloo Paratha,126,Roadside Stall,54,97,67.3,25.7,2026-03-03 06:40:38
9201,Dalma,137,Local Eatery,146,170,73.5,14.1,2025-05-21 09:57:50
9202,Bebinca,69,Street Food,44,134,51.0,52.8,2025-02-04 10:14:34
9203,Chef's Aloo Paratha,124,Sweet Shop,180,328,64.6,34.8,2025-09-26 19:34:52
9204,Litti Chokha,19,Mid-range Restaurant,253,516,68.7,21.2,2026-02-05 16:55:29
9205,Naga Chutney,80,Roadside Stall,24,120,61.6,16.6,2025-02-18 03:03:58
9206,Authentic Prawn Balchao,70,Fine Dining,594,2308,76.8,5.8,2026-05-02 13:48:13
9207,Traditional Shorshe Ilish,89,Street Food,25,115,81.1,4.0,2026-05-02 07:23:03
9208,Roadside Litti Chokha,128,Local Eatery,144,198,54.9,38.9,2025-06-02 06:24:09
9209,Idli Sambar,49,Local Eatery,174,208,55.1,39.6,2025-03-11 05:08:25
9210,Jadoh,11,Roadside Stall,49,62,68.7,15.6,2025-01-29 18:58:43
9211,Extra Cheesy Pork with Bamboo Shoot,105,Sweet Shop,84,315,69.1,23.1,2025-04-02 07:07:53
9212,Festival Dal Makhani,96,Mid-range Restaurant,371,506,72.6,12.9,2025-10-21 03:00:25
9213,Filter Coffee,113,Street Food,78,144,64.4,28.9,2025-03-11 16:19:24
9214,Street-side Sabudana Khichdi,63,Mid-range Restaurant,184,229,76.9,5.2,2025-03-04 07:32:15
9215,Classic Pitha,11,Roadside Stall,61,109,79.9,3.7,2025-07-16 23:24:45
9216,Sabudana Khichdi,66,Sweet Shop,214,259,61.1,33.4,2025-02-22 15:17:10
9217,Local Favourite Dalma,87,Mid-range Restaurant,307,513,66.9,23.1,2025-12-09 15:22:27
9218,Extra Cheesy Pongal,50,Mid-range Restaurant,364,435,83.5,2.5,2025-02-26 04:02:39
9219,Bebinca,24,Mid-range Restaurant,152,465,80.2,3.3,2026-01-07 22:25:18
9220,Kadhi Chawal,36,Fine Dining,861,931,55.3,37.7,2026-06-08 08:03:31
9221,Traditional Pork with Bamboo Shoot,118,Fine Dining,768,1493,63.7,26.5,2026-06-29 05:00:22
9222,Kachori,91,Mid-range Restaurant,375,627,92.0,0,2026-03-06 13:39:21
9223,Chettinad Chicken,51,Roadside Stall,62,96,70.0,12.7,2025-12-11 18:12:25
9224,Litti Chokha,38,Sweet Shop,164,225,70.0,24.5,2025-02-17 06:49:31
9225,Puran Poli,74,Mid-range Restaurant,332,655,48.2,25.1,2026-06-12 08:31:17
9226,Authentic Chhena Poda,139,Local Eatery,148,244,47.0,28.0,2025-05-08 02:08:26
9227,Authentic Sol Kadhi,26,Roadside Stall,48,116,75.3,11.9,2025-06-20 16:58:30
9228,Authentic Hyderabadi Biryani,114,Roadside Stall,24,59,94.7,0,2025-04-21 16:02:21
9229,Royal Chingri Malai Curry,15,Local Eatery,153,224,44.1,62.8,2025-06-16 06:23:56
9230,Masala Dosa,4,Local Eatery,163,210,62.8,27.9,2025-08-01 14:46:35
9231,Roadside Kolhapuri Mutton,69,Mid-range Restaurant,201,312,77.4,8.6,2025-08-07 13:48:08
9232,Street-side Chingri Malai Curry,138,Mid-range Restaurant,420,436,46.1,45.2,2025-05-20 15:18:08
9233,Chak-hao Kheer,85,Sweet Shop,94,260,75.8,6.1,2026-03-20 22:21:58
9234,Chef's Dal Makhani,133,Sweet Shop,65,119,65.8,32.4,2025-05-11 02:50:21
9235,Chef's Dal Makhani,133,Street Food,30,104,68.5,12.0,2025-10-19 08:29:32
9236,Deluxe Litti Chokha,44,Fine Dining,555,1765,72.3,14.6,2025-12-09 16:11:08
9237,Modak,33,Local Eatery,143,294,91.8,0,2025-02-17 17:10:05
9238,Momos,79,Local Eatery,122,199,86.2,0,2026-06-16 04:22:19
9239,Traditional Pitha,14,Local Eatery,161,265,85.9,0,2026-05-21 10:45:27
9240,Uttapam,58,Fine Dining,1157,1649,70.1,9.7,2025-06-22 21:44:42
9241,Extra Cheesy Aloo Posto,138,Sweet Shop,136,146,80.9,3.5,2025-10-20 13:45:18
9242,Chef's Smoked Pork,7,Roadside Stall,55,102,75.5,14.6,2025-12-07 10:18:56
9243,Hyderabadi Biryani,4,Fine Dining,1286,1973,46.0,48.1,2025-01-13 17:43:15
9244,Classic Pork with Bamboo Shoot,83,Street Food,75,107,53.6,40.6,2025-10-05 14:34:53
9245,Dhokla,34,Roadside Stall,48,104,68.7,24.2,2026-01-04 19:20:50
9246,Traditional Sabudana Khichdi,22,Roadside Stall,21,51,75.3,14.0,2025-10-20 02:35:02
9247,Shorshe Ilish,139,Local Eatery,101,165,95.4,0,2025-02-25 12:23:06
9248,Pongal,53,Roadside Stall,32,107,70.0,23.4,2025-10-23 00:03:37
9249,Extra Cheesy Golgappa,128,Street Food,25,122,74.8,17.8,2026-05-23 03:04:48
9250,Butter Chicken,42,Local Eatery,106,239,59.0,27.6,2025-10-15 22:50:47
9251,Festival Hyderabadi Biryani,111,Sweet Shop,208,239,86.9,0,2025-02-23 19:16:43
9252,Malai Kofta,92,Roadside Stall,20,32,87.0,0,2025-11-29 15:34:49
9253,Rasam,111,Street Food,43,114,59.9,29.8,2026-04-08 10:08:00
9254,Chef's Payasam,116,Mid-range Restaurant,416,523,68.2,19.6,2026-05-14 14:32:54
9255,Village-style Lassi,133,Mid-range Restaurant,391,517,77.1,8.2,2025-08-18 07:14:53
9256,Traditional Pork with Bamboo Shoot,80,Fine Dining,1214,1541,90.9,0,2025-03-21 20:41:02
9257,Quick-bite Dal Bafla,65,Roadside Stall,54,106,88.4,0,2026-03-21 13:09:04
9258,Spicy Pongal,108,Street Food,32,72,71.4,18.0,2025-08-07 23:57:31
9259,Malai Kofta,129,Street Food,68,141,75.5,11.0,2025-05-11 06:18:57
9260,Deluxe Idiyappam,52,Street Food,85,106,67.8,24.5,2026-05-18 08:36:56
9261,Kadhi Chawal,94,Street Food,29,133,43.8,68.4,2026-02-12 06:57:42
9262,Family Recipe Filter Coffee,4,Roadside Stall,23,65,76.4,8.2,2025-06-12 06:20:17
9263,Family Recipe Idli Sambar,52,Local Eatery,166,249,81.9,3.1,2026-03-24 07:11:18
9264,Deluxe Golgappa,40,Local Eatery,89,254,55.8,20.1,2025-04-28 16:36:30
9265,Momos,135,Street Food,72,150,61.6,15.1,2025-02-14 03:56:46
9266,Classic Thukpa,82,Roadside Stall,29,85,53.3,28.0,2025-01-01 23:26:38
9267,Premium Payasam,60,Roadside Stall,23,38,78.6,4.4,2025-05-27 04:54:01
9268,Deluxe Pork with Bamboo Shoot,13,Roadside Stall,51,97,65.1,34.6,2026-03-06 18:58:05
9269,Traditional Kadhi Chawal,42,Fine Dining,847,888,78.9,5.7,2026-03-03 13:25:37
9270,Misal Pav,76,Mid-range Restaurant,334,559,75.1,14.4,2025-06-16 06:28:10
9271,Grandma's Vada Sambar,50,Local Eatery,75,248,65.4,19.0,2025-08-22 12:31:50
9272,Grandma's Golgappa,120,Sweet Shop,92,181,70.9,11.8,2026-03-30 13:05:52
9273,Chole Bhature,98,Local Eatery,67,242,68.9,25.0,2025-04-30 09:03:31
9274,Bebinca,31,Mid-range Restaurant,259,511,74.4,16.1,2025-01-20 23:20:26
9275,Thepla,73,Local Eatery,92,129,77.0,9.1,2026-04-02 18:35:38
9276,Extra Cheesy Bebinca,12,Fine Dining,921,2175,73.4,20.0,2026-06-18 17:30:40
9277,Spicy Modak,29,Street Food,82,108,95.4,0,2025-09-03 02:30:59
9278,Litti,19,Fine Dining,1002,2055,92.8,0,2025-04-13 22:48:16
9279,Amritsari Kulcha,94,Street Food,75,128,77.0,10.0,2026-03-11 07:19:56
9280,Special Uttapam,114,Fine Dining,766,2138,71.5,24.0,2025-09-22 21:10:24
9281,Local Favourite Uttapam,56,Fine Dining,1128,2121,45.8,58.5,2026-03-19 15:07:08
9282,Special Mutton Rogan Josh,95,Mid-range Restaurant,180,316,81.8,2.5,2026-04-27 08:35:35
9283,Authentic Kachori,39,Mid-range Restaurant,273,688,68.2,18.4,2025-11-12 07:20:08
9284,Chettinad Chicken,3,Mid-range Restaurant,359,420,78.3,10.5,2025-09-04 04:07:07
9285,Puran Poli,70,Sweet Shop,154,360,65.5,29.9,2025-10-13 19:08:42
9286,Tandoori Roti,132,Roadside Stall,24,45,91.9,0,2026-04-06 02:11:49
9287,Deluxe Kachori,93,Local Eatery,150,250,91.9,0,2025-06-16 16:20:55
9288,Classic Pongal,1,Sweet Shop,105,227,79.7,8.1,2025-08-21 20:25:28
9289,Traditional Khandvi,72,Fine Dining,1092,1127,78.3,8.1,2026-01-04 01:27:16
9290,Idiyappam,110,Roadside Stall,63,115,89.4,0,2026-03-28 20:43:47
9291,Quick-bite Misal Pav,26,Sweet Shop,123,357,78.6,6.9,2026-06-29 05:20:59
9292,Quick-bite Malai Kofta,37,Street Food,70,111,79.1,5.9,2026-06-18 01:38:08
9293,Village-style Bebinca,23,Sweet Shop,133,275,70.6,17.1,2026-03-11 21:09:28
9294,Bebinca,14,Fine Dining,1318,2260,67.2,12.9,2025-12-21 20:06:43
9295,Homestyle Rosogolla,45,Sweet Shop,58,384,60.3,16.2,2025-02-08 16:10:18
9296,Roadside Uttapam,6,Street Food,75,102,62.7,21.3,2025-08-28 11:03:04
9297,Premium Masala Dosa,1,Fine Dining,630,2436,53.8,35.9,2025-08-23 23:29:57
9298,Traditional Kadhi Chawal,39,Fine Dining,1413,2277,89.6,0,2025-01-16 07:37:46
9299,Festival Fish Tenga,82,Local Eatery,163,224,88.5,0,2025-12-28 10:35:23
9300,Village-style Litti,45,Local Eatery,134,228,88.5,0,2025-07-16 16:26:30
9301,Local Favourite Litti Chokha,45,Sweet Shop,166,205,88.8,0,2025-10-16 03:42:52
9302,Butter Chicken,119,Street Food,20,94,45.7,64.3,2025-08-06 15:31:23
9303,Deluxe Bebinca,118,Sweet Shop,41,232,50.4,36.2,2025-08-08 05:28:24
9304,Village-style Nihari,133,Mid-range Restaurant,409,454,86.1,0,2025-02-14 11:59:50
9305,Family Recipe Rasam,48,Roadside Stall,22,114,49.0,26.2,2026-02-04 12:42:44
9306,Local Favourite Rosogolla,88,Fine Dining,694,2486,52.1,26.6,2025-09-21 22:12:43
9307,Grandma's Puran Poli,23,Fine Dining,771,2062,53.9,33.3,2026-01-05 02:41:41
9308,Amritsari Kulcha,120,Local Eatery,84,142,84.1,1.3,2026-03-12 08:05:18
9309,Extra Cheesy Malai Kofta,39,Street Food,78,89,71.7,17.3,2026-01-17 14:50:39
9310,Chole Bhature,41,Local Eatery,135,167,79.7,6.1,2026-05-13 15:43:57
9311,Local Favourite Naga Chutney,9,Roadside Stall,24,97,70.2,16.0,2026-05-11 19:36:18
9312,Royal Sabudana Khichdi,65,Mid-range Restaurant,173,579,82.5,3.5,2026-05-22 17:35:55
9313,Local Favourite Sabudana Khichdi,65,Roadside Stall,51,81,71.6,12.6,2025-03-23 21:48:29
9314,Traditional Mutton Rogan Josh,133,Mid-range Restaurant,214,340,49.0,57.7,2025-07-19 12:23:46
9315,Dalma,46,Fine Dining,748,2333,63.8,30.1,2025-03-03 08:16:21
9316,Extra Cheesy Idiyappam,3,Roadside Stall,48,83,43.1,52.1,2025-11-20 13:34:00
9317,Special Idiyappam,61,Street Food,61,132,79.0,9.7,2026-03-31 18:12:53
9318,Festival Litti Chokha,40,Sweet Shop,212,290,72.1,15.1,2025-09-17 11:45:18
9319,Street-side Misal Pav,23,Street Food,56,71,85.2,0,2025-09-12 13:10:39
9320,Extra Cheesy Malpua,21,Street Food,80,108,68.4,29.7,2025-04-14 02:15:48
9321,Traditional Bhel Puri,72,Local Eatery,175,269,50.2,57.9,2025-10-15 22:26:17
9322,Deluxe Vada Sambar,5,Local Eatery,98,288,95.9,0,2025-09-12 14:07:24
9323,Bebinca,105,Street Food,33,71,72.4,22.2,2026-06-21 16:25:16
9324,Dahi Vada,87,Mid-range Restaurant,365,645,86.6,0,2025-01-11 00:17:40
9325,Mutton Rogan Josh,130,Local Eatery,129,181,63.6,25.2,2026-05-10 00:09:45
9326,Traditional Hyderabadi Biryani,49,Local Eatery,180,273,76.1,12.2,2025-09-01 09:02:02
9327,Classic Fish Tenga,85,Mid-range Restaurant,166,561,72.6,21.5,2025-07-31 20:14:59
9328,Homestyle Momos,14,Roadside Stall,33,102,78.5,10.4,2026-03-22 01:09:05
9329,Litti Chokha,19,Street Food,28,134,52.1,36.9,2025-04-24 16:52:57
9330,Litti Chokha,134,Mid-range Restaurant,350,503,52.7,42.4,2026-03-30 10:27:22
9331,Puttu Kadala,2,Sweet Shop,203,329,40.1,67.1,2026-04-22 23:58:09
9332,Chole Bhature,123,Local Eatery,72,85,84.4,1.0,2025-09-13 06:55:51
9333,Family Recipe Uttapam,106,Sweet Shop,192,346,74.6,14.9,2025-05-10 01:19:48
9334,Sarson da Saag,93,Fine Dining,1046,2163,58.9,35.1,2026-04-05 23:21:58
9335,Extra Cheesy Undhiyu,75,Mid-range Restaurant,200,677,53.9,54.3,2025-04-14 02:16:57
9336,Idiyappam,6,Mid-range Restaurant,314,326,74.7,6.3,2025-01-30 21:12:26
9337,Deluxe Khandvi,27,Mid-range Restaurant,305,542,50.1,29.9,2025-08-04 12:09:09
9338,Classic Bhutte ka Kees,67,Local Eatery,109,143,82.5,2.0,2025-08-27 19:05:55
9339,Pork with Bamboo Shoot,9,Street Food,35,68,70.7,23.1,2025-05-21 19:24:35
9340,Momos,118,Fine Dining,936,1038,56.1,49.6,2025-07-14 16:55:27
9341,Local Favourite Hyderabadi Biryani,3,Sweet Shop,112,338,73.6,14.3,2026-04-04 22:05:01
9342,Family Recipe Lassi,96,Street Food,24,41,82.9,1.6,2026-04-10 04:01:49
9343,Shorshe Ilish,18,Fine Dining,1417,1512,73.0,9.2,2025-06-28 22:27:24
9344,Chingri Malai Curry,139,Mid-range Restaurant,153,360,77.9,4.5,2025-02-06 16:30:50
9345,Street-side Kadhi Bafla,22,Fine Dining,793,889,40.7,72.3,2026-03-12 09:13:36
9346,Street-side Misal Pav,24,Local Eatery,78,192,50.7,28.3,2025-07-22 12:50:20
9347,Puttu Kadala,50,Roadside Stall,37,100,72.0,20.3,2025-12-02 08:28:04
9348,Dal Makhani,130,Mid-range Restaurant,397,429,69.7,24.9,2025-08-07 17:36:58
9349,Chettinad Chicken,111,Roadside Stall,46,110,72.8,13.5,2025-02-15 21:48:57
9350,Classic Kosha Mangsho,87,Fine Dining,643,1698,53.9,33.2,2026-02-10 20:53:31
9351,Family Recipe Pesarattu,61,Local Eatery,135,165,75.1,13.1,2026-02-06 05:53:02
9352,Hyderabadi Biryani,108,Sweet Shop,37,117,73.8,10.1,2026-03-03 00:24:28
9353,Family Recipe Pitha,45,Street Food,44,64,94.0,0,2025-12-23 08:37:05
9354,Traditional Dhokla,25,Sweet Shop,119,306,84.8,0.2,2025-03-23 17:28:21
9355,Quick-bite Rava Kesari,115,Mid-range Restaurant,349,636,63.9,23.5,2025-03-23 07:19:22
9356,Royal Sol Kadhi,73,Local Eatery,144,249,50.7,55.6,2025-11-21 02:35:26
9357,Signature Modak,30,Street Food,60,101,74.5,12.1,2025-04-24 01:53:18
9358,Traditional Uttapam,50,Sweet Shop,81,283,51.4,58.5,2025-08-14 00:56:03
9359,Deluxe Smoked Pork,82,Fine Dining,1006,1172,76.9,5.8,2025-05-26 16:52:40
9360,Golgappa,96,Local Eatery,86,161,86.5,0,2025-01-09 20:20:15
9361,Local Favourite Chak-hao Kheer,78,Street Food,81,93,75.5,15.4,2025-03-01 08:25:04
9362,Signature Dhokla,72,Sweet Shop,73,290,60.2,22.6,2025-09-16 02:44:12
9363,Butter Chicken,128,Local Eatery,112,185,56.5,25.9,2025-06-25 20:48:33
9364,Litti,139,Mid-range Restaurant,386,440,66.7,20.3,2025-11-16 11:19:26
9365,Quick-bite Bafla,21,Mid-range Restaurant,179,456,68.2,30.1,2025-03-24 08:24:49
9366,Chef's Rajma Chawal,123,Street Food,55,127,52.1,41.2,2025-10-30 07:44:20
9367,Spicy Poha Jalebi,62,Street Food,72,137,76.8,6.8,2025-05-21 11:13:32
9368,Bebinca,30,Roadside Stall,65,108,70.2,13.4,2026-05-10 22:43:40
9369,Traditional Nihari,98,Sweet Shop,127,177,54.0,46.6,2025-05-28 18:19:57
9370,Prawn Balchao,73,Street Food,37,97,58.5,34.8,2025-05-30 04:02:48
9371,Bebinca,10,Sweet Shop,118,394,76.9,6.3,2025-06-28 04:16:10
9372,Masala Dosa,2,Fine Dining,727,1356,87.5,0,2025-11-20 18:00:33
9373,Lassi,92,Fine Dining,1453,1641,86.4,0,2026-03-05 15:18:35
9374,Quick-bite Bafla,21,Roadside Stall,50,98,76.1,15.4,2025-04-09 06:06:48
9375,Homestyle Litti Chokha,17,Sweet Shop,33,326,78.7,9.0,2025-06-19 03:30:51
9376,Local Favourite Appam with Stew,110,Fine Dining,1151,1926,68.0,18.0,2025-07-19 20:36:06
9377,Rosogolla,47,Mid-range Restaurant,228,321,69.9,25.2,2025-01-06 19:48:27
9378,Jadoh,78,Sweet Shop,127,367,44.5,58.2,2025-04-23 02:38:20
9379,Festival Mutton Rogan Josh,129,Sweet Shop,48,265,95.0,0,2025-08-20 05:56:32
9380,Deluxe Sandesh,17,Roadside Stall,39,51,65.6,19.9,2025-12-09 13:56:25
9381,Premium Bisi Bele Bath,57,Roadside Stall,64,95,40.7,28.8,2025-06-10 17:56:18
9382,Roadside Paneer Tikka,130,Sweet Shop,178,377,93.8,0,2025-01-07 11:29:16
9383,Roadside Aloo Posto,17,Street Food,58,93,78.3,10.7,2025-05-05 01:39:06
9384,Signature Masala Dosa,54,Roadside Stall,44,90,84.2,1.2,2025-05-26 18:50:29
9385,Homestyle Bebinca,69,Sweet Shop,149,325,63.0,29.8,2025-02-06 18:50:22
9386,Signature Mutton Rogan Josh,38,Sweet Shop,125,369,76.2,11.0,2025-02-16 00:43:02
9387,Spicy Smoked Pork,78,Fine Dining,1338,1952,75.5,8.5,2025-10-05 01:12:46
9388,Misal Pav,28,Roadside Stall,47,118,61.4,28.1,2025-01-22 17:03:42
9389,Dalma,19,Sweet Shop,70,194,85.2,0,2026-01-24 13:08:54
9390,Extra Cheesy Naga Chutney,85,Roadside Stall,18,79,69.3,16.1,2025-04-25 06:18:50
9391,Traditional Malpua,68,Mid-range Restaurant,368,660,84.4,0.9,2025-12-16 01:57:26
9392,Masala Dosa,53,Street Food,20,36,76.1,7.6,2025-09-28 07:04:13
9393,Chef's Meen Curry,112,Roadside Stall,65,86,68.5,25.2,2026-01-18 05:26:30
9394,Rajma Chawal,99,Roadside Stall,32,76,52.2,24.7,2025-06-29 04:58:44
9395,Mysore Pak,60,Roadside Stall,42,54,79.2,7.0,2026-01-08 19:18:48
9396,Zan,81,Local Eatery,180,237,75.1,9.2,2025-08-15 03:06:11
9397,Roadside Puttu Kadala,106,Sweet Shop,124,251,65.8,18.6,2025-11-27 19:07:36
9398,Chole Bhature,40,Mid-range Restaurant,228,488,59.8,36.7,2026-05-20 08:44:04
9399,Grandma's Lassi,98,Roadside Stall,47,62,80.8,7.5,2026-01-23 10:20:28
9400,Bebinca,103,Fine Dining,1381,2268,76.3,12.6,2025-04-07 18:24:19
9401,Smoked Pork,83,Sweet Shop,142,379,79.8,6.7,2025-09-23 06:58:34
9402,Extra Cheesy Payasam,116,Fine Dining,889,2047,46.5,24.7,2025-01-15 22:36:08
9403,Chaat Papdi,44,Street Food,50,119,54.3,33.9,2025-09-15 17:28:52
9404,Classic Litti Chokha,19,Mid-range Restaurant,390,696,54.4,32.1,2025-04-12 07:36:42
9405,Street-side Bafla,64,Sweet Shop,51,122,75.4,16.5,2025-02-17 00:28:43
9406,Jadoh,103,Fine Dining,1139,2048,70.2,19.1,2025-07-19 13:25:27
9407,Extra Cheesy Fish Tenga,117,Roadside Stall,25,120,81.6,5.4,2025-02-04 02:59:57
9408,Chef's Rosogolla,90,Local Eatery,121,191,67.0,27.1,2026-06-04 10:00:29
9409,Macher Jhol,45,Sweet Shop,139,333,80.5,6.6,2025-12-26 14:33:43
9410,Village-style Poha Jalebi,22,Roadside Stall,63,90,69.8,13.6,2026-03-05 01:42:51
9411,Festival Litti Chokha,15,Local Eatery,174,243,91.0,0,2026-01-01 10:09:01
9412,Dahi Vada,135,Fine Dining,1273,2335,69.3,27.2,2025-01-01 03:43:25
9413,Homestyle Masala Dosa,51,Street Food,41,126,84.2,0.9,2026-04-24 09:37:45
9414,Kolhapuri Mutton,27,Fine Dining,595,1400,49.3,42.0,2025-01-30 21:24:25
9415,Royal Bhel Puri,27,Sweet Shop,143,204,84.1,0.9,2025-05-12 21:07:41
9416,Roadside Nihari,127,Street Food,38,104,79.6,3.7,2025-10-15 14:57:09
9417,Festival Pongal,56,Roadside Stall,58,102,69.8,21.4,2026-02-28 18:42:46
9418,Pav Bhaji,70,Fine Dining,987,2210,69.7,22.4,2026-02-07 01:05:59
9419,Spicy Pongal,6,Fine Dining,917,1184,65.3,29.1,2026-03-22 22:21:15
9420,Zan,103,Local Eatery,85,173,92.4,0,2025-02-26 13:31:12
9421,Quick-bite Nihari,120,Fine Dining,988,1171,47.3,53.3,2025-05-02 22:44:12
9422,Signature Momos,16,Mid-range Restaurant,206,693,53.3,42.4,2025-08-18 06:08:08
9423,Signature Bisi Bele Bath,116,Roadside Stall,51,73,72.8,13.2,2025-07-15 04:16:31
9424,Festival Chingri Malai Curry,137,Local Eatery,131,182,62.0,30.3,2025-12-12 15:46:29
9425,Spicy Modak,24,Mid-range Restaurant,184,638,89.4,0,2026-01-12 14:29:44
9426,Special Tandoori Roti,121,Local Eatery,161,193,66.1,32.3,2025-08-05 11:23:21
9427,Vada Sambar,50,Local Eatery,135,171,78.9,8.7,2026-06-11 17:09:04
9428,Tandoori Roti,100,Sweet Shop,103,287,50.2,27.6,2026-02-28 23:43:22
9429,Village-style Dalma,87,Street Food,44,54,71.9,21.9,2026-04-11 01:01:43
9430,Rajma Chawal,133,Street Food,35,134,64.7,28.4,2025-12-14 01:13:25
9431,Sarson da Saag,37,Mid-range Restaurant,270,307,84.0,1.4,2026-01-01 06:43:23
9432,Pav Bhaji,76,Street Food,36,76,75.1,12.5,2025-03-21 11:58:01
9433,Quick-bite Payasam,55,Fine Dining,1043,2142,71.1,18.6,2026-01-20 15:59:41
9434,Roadside Chhena Poda,46,Fine Dining,628,1272,78.3,11.8,2025-06-14 10:20:55
9435,Classic Rasam,112,Sweet Shop,215,318,82.0,3.3,2025-12-29 14:10:29
9436,Vada Pav,26,Fine Dining,695,1120,83.1,2.8,2025-02-28 06:09:25
9437,Festival Masala Dosa,50,Mid-range Restaurant,404,453,74.5,16.9,2025-09-30 05:30:48
9438,Extra Cheesy Idli Sambar,54,Local Eatery,165,284,53.0,37.1,2025-10-21 12:36:29
9439,Rava Kesari,51,Sweet Shop,154,373,88.1,0,2026-02-03 18:00:22
9440,Kothu Parotta,60,Fine Dining,796,1047,59.2,22.7,2025-04-12 03:05:20
9441,Bisi Bele Bath,49,Local Eatery,177,279,74.1,18.0,2025-06-25 13:39:43
9442,Special Idli Sambar,114,Fine Dining,622,754,83.7,2.1,2025-02-06 22:56:34
9443,Pongal,58,Local Eatery,88,119,49.8,46.0,2025-12-15 20:10:39
9444,Roadside Sarson da Saag,120,Fine Dining,1340,2226,77.5,8.2,2025-10-24 19:01:52
9445,Deluxe Litti,47,Local Eatery,85,220,69.4,13.5,2026-02-02 02:50:18
9446,Traditional Dalma,139,Street Food,74,137,71.2,10.6,2025-06-08 04:51:38
9447,Spicy Malai Kofta,125,Mid-range Restaurant,264,376,74.0,16.6,2025-11-29 17:23:09
9448,Malpua,68,Roadside Stall,24,90,60.8,31.9,2025-07-20 18:39:16
9449,Local Favourite Misal Pav,26,Roadside Stall,48,115,70.9,20.2,2025-01-22 03:39:51
9450,Premium Dal Makhani,132,Sweet Shop,67,394,53.6,43.3,2025-09-28 06:32:08
9451,Roadside Dahi Vada,16,Street Food,63,117,66.9,13.9,2026-06-26 05:21:50
9452,Litti Chokha,87,Sweet Shop,205,343,72.3,17.5,2026-02-01 09:24:39
9453,Kolhapuri Mutton,34,Sweet Shop,103,143,54.7,25.9,2025-03-31 02:35:03
9454,Poha Jalebi,65,Sweet Shop,42,357,73.1,10.5,2025-06-26 14:04:28
9455,Filter Coffee,52,Mid-range Restaurant,362,655,38.1,49.8,2026-05-24 22:29:33
9456,Sabudana Khichdi,66,Roadside Stall,33,90,76.2,12.3,2026-01-01 06:39:19
9457,Extra Cheesy Uttapam,1,Roadside Stall,37,74,93.5,0,2026-02-15 17:44:31
9458,Sarson da Saag,120,Fine Dining,717,2452,69.2,11.8,2026-04-12 19:17:30
9459,Local Favourite Malai Kofta,36,Street Food,34,115,86.2,0,2025-03-04 23:24:10
9460,Street-side Butter Chicken,43,Sweet Shop,51,75,69.7,16.8,2025-07-09 08:22:48
9461,Premium Litti Chokha,97,Local Eatery,60,155,51.1,59.6,2026-04-13 03:12:08
9462,Chettinad Chicken,51,Street Food,42,142,66.0,24.2,2025-10-06 12:20:59
9463,Dalma,47,Local Eatery,159,297,49.2,30.8,2025-04-14 04:48:01
9464,Village-style Sabudana Khichdi,64,Roadside Stall,62,93,64.4,29.7,2026-05-20 03:17:16
9465,Spicy Malai Kofta,125,Fine Dining,1228,1648,79.5,4.4,2025-06-28 23:56:34
9466,Nihari,91,Fine Dining,501,627,47.2,23.6,2026-06-01 05:59:03
9467,Chef's Nihari,101,Local Eatery,150,237,85.1,0,2025-09-21 13:39:42
9468,Spicy Chingri Malai Curry,15,Sweet Shop,84,197,64.3,13.6,2025-03-28 20:34:26
9469,Classic Misal Pav,27,Local Eatery,136,279,85.7,0,2026-06-25 03:24:20
9470,Grandma's Macher Jhol,90,Street Food,32,125,55.3,35.1,2025-01-01 22:45:19
9471,Dhokla,30,Fine Dining,1155,2122,95.2,0,2025-04-15 07:19:27
9472,Classic Khandvi,69,Fine Dining,922,1941,50.2,27.2,2025-04-17 17:39:15
9473,Zan,77,Local Eatery,81,121,79.6,4.8,2025-04-19 08:24:11
9474,Pitha,89,Fine Dining,914,1120,77.9,9.3,2025-04-11 20:22:04
9475,Butter Chicken,123,Local Eatery,142,250,88.6,0,2026-06-28 08:15:11
9476,Authentic Bhutte ka Kees,22,Fine Dining,1467,1789,71.9,21.1,2025-07-26 02:01:59
9477,Authentic Rosogolla,134,Roadside Stall,47,82,79.3,5.7,2026-02-03 07:17:04
9478,Extra Cheesy Sarson da Saag,119,Mid-range Restaurant,212,557,53.6,29.8,2025-08-06 10:11:58
9479,Bafla,64,Roadside Stall,62,104,60.2,39.6,2026-06-02 03:26:56
9480,Grandma's Bhutte ka Kees,20,Local Eatery,120,132,55.6,39.9,2026-06-30 23:52:20
9481,Village-style Dal Makhani,93,Local Eatery,88,172,62.7,34.8,2025-06-15 23:46:27
9482,Special Rajma Chawal,44,Mid-range Restaurant,396,422,48.5,59.1,2026-01-20 09:05:46
9483,Quick-bite Aloo Paratha,38,Sweet Shop,51,363,77.0,13.5,2026-06-03 19:56:28
9484,Street-side Goan Fish Curry,28,Fine Dining,656,1146,71.5,16.3,2025-09-26 12:45:04
9485,Royal Rasam,110,Sweet Shop,192,213,49.3,42.7,2025-08-27 06:30:39
9486,Idli Sambar,58,Local Eatery,63,286,69.4,13.8,2025-12-06 16:41:36
9487,Quick-bite Puttu Kadala,116,Roadside Stall,54,82,72.3,21.7,2026-02-08 23:38:22
9488,Spicy Kadhi Chawal,97,Local Eatery,109,226,60.9,24.2,2025-11-16 22:01:59
9489,Family Recipe Aloo Paratha,130,Local Eatery,88,114,71.1,16.6,2025-06-29 11:09:35
9490,Rava Kesari,111,Local Eatery,86,177,78.6,5.8,2026-03-04 15:27:50
9491,Sol Kadhi,23,Mid-range Restaurant,393,566,73.8,15.5,2025-02-06 14:16:52
9492,Litti Chokha,98,Fine Dining,1275,1394,75.1,10.6,2026-03-07 16:36:11
9493,Signature Butter Chicken,91,Fine Dining,714,1820,67.6,14.1,2025-06-01 14:00:35
9494,Roadside Pitha,137,Street Food,29,98,74.3,10.9,2025-01-04 23:43:08
9495,Grandma's Khandvi,71,Fine Dining,554,1010,64.3,29.8,2025-05-30 15:52:05
9496,Bamboo Shoot Curry,7,Mid-range Restaurant,396,688,50.3,45.5,2025-11-10 17:23:22
9497,Premium Hyderabadi Biryani,50,Mid-range Restaurant,359,602,64.0,35.7,2026-05-22 12:37:02
9498,Extra Cheesy Tandoori Roti,39,Fine Dining,1398,1628,76.0,5.8,2025-07-14 10:22:58
9499,Bisi Bele Bath,48,Fine Dining,629,2154,93.7,0,2025-03-12 03:59:57
9500,Roadside Meen Curry,110,Mid-range Restaurant,421,614,81.4,4.5,2026-03-15 10:18:19
9501,Chole Bhature,99,Local Eatery,162,200,72.3,21.4,2025-02-21 09:12:14
9502,Royal Bhel Puri,28,Mid-range Restaurant,166,609,51.8,42.3,2026-03-26 15:00:14
9503,Puttu Kadala,110,Mid-range Restaurant,161,588,78.7,9.3,2026-02-12 19:23:23
9504,Sandesh,46,Local Eatery,143,189,56.1,48.1,2026-02-18 10:24:24
9505,Masala Dosa,53,Street Food,77,109,77.9,10.4,2025-06-06 22:06:36
9506,Dahi Vada,139,Roadside Stall,37,91,84.4,0.5,2026-01-21 15:40:48
9507,Street-side Golgappa,120,Sweet Shop,42,159,87.9,0,2026-02-20 20:00:39
9508,Authentic Chila,20,Sweet Shop,151,270,68.2,16.5,2026-04-04 03:40:43
9509,Chef's Pesarattu,2,Roadside Stall,56,96,66.0,21.4,2025-08-14 23:11:53
9510,Street-side Thukpa,84,Sweet Shop,121,259,65.3,20.1,2025-09-17 16:38:08
9511,Chef's Hyderabadi Biryani,107,Street Food,78,124,51.3,48.2,2026-06-09 19:56:48
9512,Filter Coffee,4,Mid-range Restaurant,247,624,65.6,22.6,2025-11-12 14:44:23
9513,Kadhi Bafla,20,Roadside Stall,45,77,71.8,10.1,2025-04-14 19:58:58
9514,Malpua,66,Fine Dining,1090,2061,56.6,20.0,2025-04-21 16:53:09
9515,Village-style Undhiyu,69,Roadside Stall,31,53,79.8,5.4,2026-01-20 07:03:06
9516,Street-side Tandoori Roti,42,Fine Dining,568,1975,54.4,41.9,2026-04-02 00:22:40
9517,Local Favourite Undhiyu,73,Mid-range Restaurant,197,445,80.1,5.7,2025-07-13 13:25:45
9518,Dhokla,73,Local Eatery,85,234,75.7,9.3,2025-09-23 01:48:39
9519,Chila,65,Sweet Shop,80,336,78.8,8.9,2025-04-30 15:01:23
9520,Chingri Malai Curry,136,Sweet Shop,69,240,87.6,0,2026-01-08 20:25:24
9521,Malpua,63,Roadside Stall,19,73,94.7,0,2025-01-01 22:05:36
9522,Sarson da Saag,129,Sweet Shop,181,261,71.5,18.3,2026-05-03 09:23:46
9523,Traditional Golgappa,42,Local Eatery,93,243,73.3,9.7,2026-06-03 08:42:18
9524,Dal Makhani,38,Fine Dining,1379,1854,59.7,26.1,2026-05-12 00:13:50
9525,Special Vada Sambar,49,Local Eatery,165,225,90.7,0,2025-10-16 02:06:12
9526,Spicy Meen Curry,56,Sweet Shop,69,228,47.1,56.4,2025-03-10 22:58:57
9527,Modak,69,Local Eatery,134,226,80.0,8.9,2025-01-16 22:33:45
9528,Bafla,63,Roadside Stall,53,108,57.8,42.0,2025-03-09 21:52:39
9529,Vada Sambar,48,Roadside Stall,60,80,73.7,14.5,2026-01-27 17:04:04
9530,Extra Cheesy Rajma Chawal,42,Mid-range Restaurant,285,478,75.7,11.3,2025-11-04 15:47:49
9531,Quick-bite Tandoori Roti,124,Street Food,33,60,52.2,35.1,2026-02-09 07:21:18
9532,Homestyle Dal Makhani,120,Street Food,37,123,57.4,20.2,2025-04-17 08:07:47
9533,Butter Chicken,35,Mid-range Restaurant,345,606,65.5,34.2,2025-10-12 13:11:27
9534,Roadside Chak-hao Kheer,8,Street Food,37,133,53.4,37.6,2025-08-06 16:14:11
9535,Local Favourite Bhutte ka Kees,21,Roadside Stall,55,113,78.2,9.9,2025-09-22 16:21:24
9536,Smoked Pork,12,Street Food,59,120,80.8,3.1,2025-03-18 01:36:25
9537,Extra Cheesy Chak-hao Kheer,117,Sweet Shop,176,282,74.8,13.7,2025-03-29 07:11:06
9538,Bebinca,8,Sweet Shop,182,369,86.7,0,2026-06-21 10:39:15
9539,Chef's Pitha,117,Local Eatery,118,183,79.9,6.0,2025-03-16 11:12:36
9540,Idli Sambar,49,Street Food,53,121,61.2,22.1,2025-07-25 13:59:36
9541,Pongal,49,Local Eatery,134,144,82.2,4.1,2026-01-16 06:54:46
9542,Chef's Kolhapuri Mutton,32,Mid-range Restaurant,208,539,87.1,0,2025-12-02 16:02:51
9543,Chef's Bhel Puri,27,Mid-range Restaurant,282,601,92.7,0,2025-07-21 23:58:59
9544,Royal Sol Kadhi,72,Sweet Shop,184,374,77.3,6.1,2025-07-07 19:34:51
9545,Classic Lassi,92,Fine Dining,669,1352,78.9,8.5,2025-10-16 16:29:14
9546,Family Recipe Momos,117,Roadside Stall,53,74,78.2,8.9,2025-03-29 17:43:55
9547,Local Favourite Zan,79,Roadside Stall,54,106,72.6,22.0,2025-05-26 13:07:14
9548,Festival Dhokla,72,Street Food,25,146,78.9,10.7,2025-08-12 20:06:30
9549,Extra Cheesy Filter Coffee,110,Local Eatery,113,203,74.3,9.2,2026-05-06 13:55:02
9550,Pongal,115,Roadside Stall,35,116,73.4,16.1,2025-04-17 16:38:05
9551,Festival Bhel Puri,31,Fine Dining,965,1282,86.0,0,2025-09-11 05:19:15
9552,Fish Tenga,7,Mid-range Restaurant,366,503,88.1,0,2026-02-23 23:45:50
9553,Homestyle Pitha,15,Fine Dining,1105,1271,69.3,13.9,2026-04-05 03:42:57
9554,Festival Litti,47,Roadside Stall,20,39,72.8,9.8,2025-06-12 07:03:57
9555,Royal Rosogolla,137,Roadside Stall,18,119,78.1,5.8,2026-02-14 21:42:29
9556,Street-side Lassi,101,Street Food,69,127,68.1,17.0,2025-09-23 08:15:16
9557,Royal Lassi,128,Mid-range Restaurant,217,329,72.7,16.8,2025-03-08 00:46:19
9558,Homestyle Bebinca,79,Fine Dining,1413,2269,60.6,36.7,2025-04-18 04:16:39
9559,Festival Puran Poli,34,Fine Dining,504,2072,88.7,0,2025-06-10 22:34:06
9560,Golgappa,123,Mid-range Restaurant,330,369,89.7,0,2026-06-23 12:34:59
9561,Authentic Dal Makhani,91,Sweet Shop,176,327,85.5,0,2025-12-26 12:42:14
9562,Authentic Bamboo Shoot Curry,80,Sweet Shop,159,257,95.6,0,2026-01-17 21:21:09
9563,Royal Mutton Rogan Josh,121,Sweet Shop,181,361,60.6,28.8,2025-06-28 19:24:23
9564,Family Recipe Golgappa,39,Street Food,58,75,81.3,5.2,2025-12-06 05:30:11
9565,Festival Chole Bhature,130,Fine Dining,1267,1782,90.6,0,2025-01-14 09:33:27
9566,Kachori,102,Sweet Shop,111,266,46.2,60.7,2026-04-03 02:48:32
9567,Thepla,30,Street Food,62,132,76.2,6.6,2025-06-29 13:24:09
9568,Chaat Papdi,43,Mid-range Restaurant,367,587,56.1,28.6,2026-03-10 16:49:00
9569,Chettinad Chicken,55,Sweet Shop,127,283,62.6,35.0,2025-11-01 18:25:31
9570,Authentic Axone,84,Street Food,45,80,56.5,29.6,2025-06-07 23:08:31
9571,Amritsari Kulcha,120,Street Food,42,147,44.3,48.4,2025-05-19 14:44:50
9572,Golgappa,124,Roadside Stall,20,37,51.3,30.5,2025-10-31 01:02:55
9573,Naga Chutney,11,Sweet Shop,198,345,54.4,48.7,2026-06-09 06:01:00
9574,Chaat Papdi,44,Mid-range Restaurant,385,566,81.6,5.5,2025-05-15 07:58:18
9575,Signature Dal Bafla,64,Local Eatery,86,257,45.4,69.4,2026-03-18 00:27:08
9576,Festival Masala Dosa,49,Roadside Stall,66,97,80.4,6.5,2025-03-11 06:50:58
9577,Chila,21,Sweet Shop,162,268,76.8,6.2,2025-03-31 17:24:01
9578,Premium Rava Kesari,112,Local Eatery,62,294,54.6,48.9,2025-02-25 00:48:33
9579,Family Recipe Aloo Paratha,131,Mid-range Restaurant,305,589,86.1,0,2025-06-08 01:20:52
9580,Family Recipe Sol Kadhi,27,Local Eatery,172,282,49.8,48.4,2026-06-25 10:11:07
9581,Shorshe Ilish,86,Street Food,37,48,49.3,32.6,2025-08-27 10:15:25
9582,Extra Cheesy Thukpa,79,Sweet Shop,120,276,63.6,35.8,2025-05-27 08:22:02
9583,Festival Rajma Chawal,97,Fine Dining,1218,2344,57.7,26.7,2025-07-05 03:21:55
9584,Sabudana Khichdi,65,Fine Dining,1103,2342,66.6,33.1,2026-03-25 08:10:16
9585,Chef's Kolhapuri Mutton,32,Street Food,62,138,64.6,30.9,2026-01-17 14:21:49
9586,Village-style Malpua,68,Roadside Stall,26,116,70.4,20.0,2025-04-25 12:08:46
9587,Spicy Appam with Stew,51,Roadside Stall,15,101,52.5,47.7,2025-05-19 23:53:58
9588,Momos,7,Roadside Stall,20,47,66.4,16.2,2026-05-09 10:12:00
9589,Royal Litti Chokha,137,Fine Dining,970,2462,91.3,0,2025-06-13 21:23:26
9590,Spicy Chole Bhature,132,Local Eatery,105,220,79.9,3.2,2025-10-17 06:24:14
9591,Chef's Rava Kesari,52,Mid-range Restaurant,354,537,47.8,56.1,2026-01-11 19:11:20
9592,Malpua,21,Sweet Shop,110,291,71.1,23.3,2025-07-30 19:25:47
9593,Roadside Rava Kesari,2,Local Eatery,121,152,48.5,50.8,2025-06-02 09:12:56
9594,Village-style Chole Bhature,124,Roadside Stall,58,103,45.1,71.1,2026-05-30 13:29:32
9595,Grandma's Kachori,133,Local Eatery,130,233,84.0,1.6,2025-08-22 09:14:18
9596,Pitha,134,Street Food,37,88,79.5,7.3,2025-01-28 03:44:11
9597,Momos,88,Street Food,65,124,58.0,29.7,2025-08-16 11:05:07
9598,Hyderabadi Biryani,1,Sweet Shop,51,307,86.9,0,2025-08-19 21:25:52
9599,Classic Bebinca,71,Local Eatery,155,184,64.9,33.4,2026-01-26 02:26:03
9600,Masala Dosa,106,Street Food,67,99,73.6,9.4,2026-06-01 16:37:32
9601,Pork with Bamboo Shoot,83,Sweet Shop,113,388,77.6,7.6,2025-12-29 03:46:30
9602,Pitha,80,Fine Dining,1486,1709,55.6,51.5,2025-09-07 17:03:32
9603,Puttu Kadala,6,Mid-range Restaurant,353,594,71.0,23.6,2025-04-07 11:40:46
9604,Authentic Aloo Paratha,128,Fine Dining,876,1862,49.8,24.5,2025-03-02 17:35:21
9605,Golgappa,132,Sweet Shop,206,342,93.8,0,2025-08-27 09:02:37
9606,Classic Litti Chokha,39,Roadside Stall,48,113,81.5,3.1,2025-05-17 20:22:56
9607,Thukpa,9,Street Food,34,53,85.5,0,2025-02-14 12:34:58
9608,Pitha,18,Sweet Shop,145,192,84.0,1.7,2025-10-23 02:35:14
9609,Dalma,16,Fine Dining,1312,1724,89.1,0,2025-04-07 05:25:35
9610,Premium Pongal,116,Local Eatery,111,246,60.6,32.0,2025-11-26 14:41:08
9611,Quick-bite Mysore Pak,57,Roadside Stall,22,88,73.6,17.0,2025-01-14 07:58:33
9612,Kolhapuri Mutton,27,Mid-range Restaurant,253,538,79.0,5.4,2025-04-28 19:39:10
9613,Khandvi,24,Street Food,39,114,94.2,0,2025-11-10 00:02:18
9614,Homestyle Thepla,69,Sweet Shop,176,201,49.5,24.3,2025-02-27 01:08:57
9615,Chettinad Chicken,5,Mid-range Restaurant,180,699,57.2,46.4,2026-03-07 22:59:26
9616,Litti Chokha,18,Mid-range Restaurant,363,693,74.3,16.8,2026-04-13 22:24:56
9617,Premium Lassi,91,Fine Dining,1213,2033,65.2,32.9,2025-09-08 17:33:33
9618,Rajma Chawal,43,Street Food,60,144,65.3,31.2,2026-02-10 09:17:06
9619,Deluxe Puttu Kadala,112,Street Food,85,109,57.1,27.9,2025-01-28 02:12:29
9620,Butter Chicken,101,Street Food,84,113,82.9,3.4,2025-05-17 16:57:51
9621,Kachori,123,Sweet Shop,168,359,83.3,1.0,2025-07-23 21:41:26
9622,Roadside Golgappa,40,Street Food,53,79,86.3,0,2025-09-09 20:01:52
9623,Village-style Bisi Bele Bath,5,Mid-range Restaurant,329,457,75.3,10.4,2026-01-31 18:15:36
9624,Festival Uttapam,51,Local Eatery,95,263,76.5,7.9,2025-06-22 23:23:51
9625,Paneer Tikka,125,Fine Dining,954,1366,41.9,37.9,2025-10-18 05:11:54
9626,Litti Chokha,93,Street Food,27,86,60.2,24.0,2025-09-24 02:30:08
9627,Extra Cheesy Golgappa,122,Local Eatery,103,277,80.8,4.6,2025-04-13 15:40:07
9628,Nihari,128,Roadside Stall,53,115,50.7,26.2,2025-08-22 05:00:45
9629,Axone,83,Fine Dining,675,1260,81.1,2.5,2025-02-13 02:58:13
9630,Premium Kachori,43,Roadside Stall,15,88,90.1,0,2026-05-31 03:26:51
9631,Village-style Thukpa,118,Mid-range Restaurant,421,592,73.4,16.5,2025-05-08 18:49:30
9632,Chaat Papdi,38,Mid-range Restaurant,353,436,91.6,0,2025-03-14 12:06:54
9633,Deluxe Pesarattu,108,Roadside Stall,61,97,70.4,9.8,2026-05-29 20:04:35
9634,Aloo Paratha,126,Sweet Shop,176,210,77.6,11.2,2025-04-27 19:37:52
9635,Royal Rajma Chawal,131,Roadside Stall,65,77,82.6,2.1,2026-06-08 00:02:57
9636,Chole Bhature,132,Street Food,73,107,65.3,15.1,2025-07-31 12:29:45
9637,Roadside Bafla,64,Sweet Shop,167,321,44.0,68.6,2025-12-16 15:45:01
9638,Street-side Chettinad Chicken,114,Mid-range Restaurant,397,473,84.5,0.7,2025-04-19 17:09:33
9639,Roadside Kachori,122,Street Food,34,104,57.1,35.5,2025-12-13 08:06:49
9640,Thukpa,84,Sweet Shop,210,399,54.1,42.2,2026-05-25 15:11:10
9641,Chaat Papdi,131,Mid-range Restaurant,420,597,75.2,13.0,2026-02-14 06:38:11
9642,Signature Malai Kofta,128,Fine Dining,607,1862,84.2,0.9,2026-03-27 14:59:10
9643,Local Favourite Rajma Chawal,124,Fine Dining,1219,2245,85.5,0,2025-04-02 23:58:14
9644,Signature Bafla,22,Roadside Stall,43,86,74.4,9.6,2025-12-14 23:39:16
9645,Royal Misal Pav,24,Street Food,20,52,78.6,7.2,2026-05-17 14:49:23
9646,Poha Jalebi,63,Street Food,65,137,59.7,15.5,2025-10-06 12:35:04
9647,Special Tandoori Roti,38,Local Eatery,92,271,58.9,30.9,2026-01-12 03:37:35
9648,Misal Pav,75,Fine Dining,826,2489,63.5,14.5,2026-04-15 01:08:44
9649,Local Favourite Shorshe Ilish,137,Mid-range Restaurant,326,366,69.5,18.5,2025-03-30 00:44:26
9650,Deluxe Rajma Chawal,132,Local Eatery,69,85,55.8,17.5,2025-01-30 02:53:31
9651,Signature Misal Pav,24,Mid-range Restaurant,257,461,78.5,8.7,2025-09-10 12:29:37
9652,Classic Pongal,51,Local Eatery,97,110,69.2,15.9,2026-03-13 05:10:51
9653,Pongal,54,Mid-range Restaurant,221,645,80.9,4.4,2026-06-21 02:37:44
9654,Street-side Sol Kadhi,70,Sweet Shop,153,372,81.6,2.3,2025-09-15 07:58:11
9655,Idiyappam,52,Sweet Shop,178,315,81.1,5.1,2025-01-14 04:14:26
9656,Litti,47,Street Food,70,126,72.1,19.0,2026-05-04 15:13:03
9657,Rajma Chawal,94,Roadside Stall,21,65,66.6,32.8,2025-05-12 12:30:48
9658,Deluxe Tandoori Roti,92,Mid-range Restaurant,200,258,85.7,0,2025-06-22 08:09:28
9659,Traditional Filter Coffee,106,Fine Dining,823,1327,63.4,19.6,2026-04-22 11:04:26
9660,Dal Bafla,22,Local Eatery,151,258,73.0,15.1,2025-11-25 16:23:26
9661,Chef's Bebinca,69,Street Food,54,111,81.8,4.2,2025-06-19 12:58:52
9662,Signature Chole Bhature,37,Roadside Stall,65,87,75.3,15.6,2025-08-03 09:48:18
9663,Traditional Mysore Pak,2,Fine Dining,529,1813,72.1,12.6,2025-03-12 19:48:22
9664,Malpua,65,Local Eatery,66,265,58.1,30.2,2025-11-25 17:41:53
9665,Grandma's Pitha,84,Roadside Stall,22,48,48.7,64.9,2025-07-31 04:47:47
9666,Local Favourite Chingri Malai Curry,15,Local Eatery,149,167,63.1,37.2,2025-12-14 17:36:50
9667,Traditional Sandesh,46,Street Food,71,81,79.8,8.4,2025-06-04 19:42:11
9668,Grandma's Litti Chokha,16,Local Eatery,177,236,84.9,0.1,2025-10-24 23:15:29
9669,Street-side Kadhi Chawal,39,Local Eatery,154,296,76.3,13.9,2025-12-04 07:02:20
9670,Royal Uttapam,109,Roadside Stall,38,77,72.7,13.9,2025-12-25 01:24:56
9671,Dahi Vada,134,Mid-range Restaurant,295,411,60.0,36.1,2025-09-01 10:29:51
9672,Grandma's Sol Kadhi,71,Roadside Stall,16,28,70.0,13.0,2026-01-01 00:59:03
9673,Family Recipe Dal Makhani,102,Mid-range Restaurant,187,513,73.2,8.6,2025-02-12 07:14:19
9674,Homestyle Lassi,38,Roadside Stall,65,95,57.6,23.5,2026-05-07 18:27:43
9675,Malpua,62,Local Eatery,158,171,69.2,23.2,2026-06-13 10:29:11
9676,Tandoori Roti,40,Fine Dining,1041,1266,61.3,31.2,2026-01-15 12:10:16
9677,Special Golgappa,97,Roadside Stall,30,110,67.8,30.5,2026-03-01 10:29:49
9678,Nihari,122,Fine Dining,1223,1634,72.0,21.0,2026-03-17 07:14:18
9679,Misal Pav,69,Fine Dining,1378,2241,88.5,0,2025-04-16 08:50:34
9680,Khandvi,70,Mid-range Restaurant,359,658,91.3,0,2026-04-12 15:52:43
9681,Special Malai Kofta,98,Mid-range Restaurant,154,246,71.3,17.2,2025-02-14 15:09:19
9682,Traditional Thukpa,11,Local Eatery,179,260,71.2,22.9,2025-06-25 15:27:43
9683,Chettinad Chicken,51,Sweet Shop,198,320,78.7,4.4,2025-11-28 11:18:05
9684,Chole Bhature,123,Local Eatery,125,240,80.9,6.4,2026-06-18 10:13:08
9685,Royal Dal Bafla,64,Fine Dining,1251,1961,84.4,1.1,2025-05-21 23:29:40
9686,Kadhi Chawal,132,Fine Dining,699,2439,83.7,2.1,2025-04-21 19:59:59
9687,Rajma Chawal,43,Sweet Shop,119,153,69.6,15.4,2026-03-06 08:34:05
9688,Bisi Bele Bath,3,Sweet Shop,181,260,48.2,56.4,2025-07-27 10:40:40
9689,Village-style Bhel Puri,33,Fine Dining,552,1314,79.9,4.5,2025-11-23 17:45:42
9690,Spicy Litti Chokha,132,Street Food,34,97,72.4,18.1,2026-06-21 15:18:16
9691,Bhel Puri,28,Fine Dining,1414,2201,83.9,0.8,2025-03-09 06:21:53
9692,Special Kadhi Bafla,67,Roadside Stall,37,63,68.3,18.0,2025-05-26 16:28:47
9693,Masala Dosa,52,Fine Dining,1289,1747,76.0,13.3,2025-08-09 20:42:38
9694,Classic Kadhi Bafla,66,Fine Dining,1028,2413,54.2,30.6,2025-07-21 14:55:51
9695,Chaat Papdi,41,Street Food,62,112,49.5,44.0,2025-12-29 13:56:12
9696,Homestyle Chole Bhature,125,Roadside Stall,32,111,62.6,25.0,2026-05-01 21:43:07
9697,Traditional Chole Bhature,133,Fine Dining,1255,2134,52.7,32.8,2025-08-10 00:50:59
9698,Festival Aloo Posto,15,Mid-range Restaurant,241,334,78.4,6.8,2025-05-27 23:09:01
9699,Shorshe Ilish,138,Roadside Stall,22,88,80.9,3.1,2025-06-26 09:36:50
9700,Bebinca,14,Street Food,71,146,49.4,30.6,2026-04-14 13:43:39
9701,Roadside Dhokla,31,Sweet Shop,147,360,51.4,30.0,2026-01-18 20:54:47
9702,Idiyappam,55,Sweet Shop,69,207,76.2,13.3,2025-01-25 15:57:40
9703,Traditional Kadhi Chawal,36,Street Food,63,77,78.2,6.3,2025-03-09 02:28:00
9704,Festival Thepla,26,Roadside Stall,19,111,73.8,9.8,2026-01-03 04:12:52
9705,Paneer Tikka,120,Sweet Shop,47,286,61.3,41.0,2026-05-31 20:37:15
9706,Roadside Pesarattu,106,Mid-range Restaurant,207,652,47.0,22.8,2025-04-09 01:52:15
9707,Chhena Poda,17,Sweet Shop,81,228,90.5,0,2025-02-19 01:16:27
9708,Dal Bafla,68,Fine Dining,753,1115,88.2,0,2025-05-26 16:57:15
9709,Classic Kadhi Bafla,68,Local Eatery,101,280,65.5,26.2,2026-01-20 23:40:30
9710,Chhena Poda,139,Sweet Shop,178,337,69.4,12.3,2025-07-02 09:28:57
9711,Spicy Kosha Mangsho,134,Mid-range Restaurant,238,540,91.7,0,2025-07-22 15:30:28
9712,Roadside Paneer Tikka,40,Sweet Shop,143,242,58.7,47.3,2026-04-10 04:58:26
9713,Extra Cheesy Meen Curry,109,Fine Dining,1475,2468,54.4,22.7,2025-01-07 00:30:49
9714,Golgappa,37,Roadside Stall,62,76,47.8,58.3,2026-04-05 23:36:27
9715,Deluxe Litti Chokha,16,Mid-range Restaurant,359,613,84.1,1.2,2025-01-05 06:32:30
9716,Street-side Golgappa,121,Street Food,53,124,87.2,0,2025-10-08 06:23:07
9717,Momos,81,Sweet Shop,171,343,81.4,3.0,2025-08-02 16:20:23
9718,Quick-bite Payasam,115,Roadside Stall,32,84,77.5,8.5,2025-08-08 10:22:38
9719,Extra Cheesy Uttapam,49,Fine Dining,1007,2155,58.1,28.6,2025-11-27 11:10:30
9720,Quick-bite Vada Sambar,5,Sweet Shop,146,303,75.9,13.7,2025-04-08 20:12:26
9721,Litti Chokha,133,Roadside Stall,25,76,81.3,6.2,2025-06-22 00:38:29
9722,Grandma's Momos,10,Street Food,68,134,78.3,4.1,2025-02-08 22:05:28
9723,Dal Bafla,68,Mid-range Restaurant,174,630,84.0,1.1,2025-11-23 09:06:35
9724,Roadside Vada Sambar,6,Fine Dining,770,1564,55.8,36.0,2025-11-27 06:15:12
9725,Village-style Pork with Bamboo Shoot,105,Local Eatery,85,121,57.9,41.3,2026-01-02 04:29:45
9726,Extra Cheesy Nihari,95,Fine Dining,963,1766,69.7,21.4,2026-02-24 08:11:17
9727,Bhutte ka Kees,62,Sweet Shop,53,136,74.9,12.2,2025-09-18 20:17:51
9728,Roadside Kachori,40,Roadside Stall,56,79,74.9,12.2,2026-06-19 00:41:06
9729,Thukpa,105,Roadside Stall,37,88,62.1,21.6,2025-09-10 06:28:28
9730,Special Kolhapuri Mutton,69,Sweet Shop,77,253,89.6,0,2026-03-06 18:00:52
9731,Chhena Poda,15,Street Food,83,146,78.5,7.0,2026-01-13 00:44:48
9732,Festival Paneer Tikka,123,Fine Dining,1285,1755,69.2,16.4,2025-03-01 15:10:06
9733,Appam with Stew,1,Mid-range Restaurant,270,594,95.8,0,2025-09-09 02:00:57
9734,Street-side Chole Bhature,129,Roadside Stall,42,76,50.2,22.6,2025-01-25 14:49:49
9735,Local Favourite Dalma,137,Sweet Shop,49,266,67.5,30.8,2026-04-27 04:56:49
9736,Rasam,58,Mid-range Restaurant,175,278,44.4,34.6,2025-02-02 14:24:40
9737,Vada Sambar,3,Mid-range Restaurant,406,658,58.2,20.1,2025-05-21 01:15:59
9738,Fish Tenga,77,Roadside Stall,54,74,60.4,30.5,2025-04-29 01:55:01
9739,Extra Cheesy Sandesh,45,Sweet Shop,113,184,64.4,20.7,2026-05-07 13:38:08
9740,Grandma's Nihari,41,Roadside Stall,37,113,69.5,11.0,2026-04-29 11:20:24
9741,Fish Tenga,105,Street Food,36,61,93.1,0,2026-02-26 13:06:34
9742,Rajma Chawal,102,Sweet Shop,208,357,60.2,24.0,2026-04-30 15:01:30
9743,Lassi,128,Sweet Shop,55,138,74.7,18.1,2025-01-07 02:47:10
9744,Deluxe Dhokla,72,Local Eatery,123,205,67.2,23.7,2025-04-05 19:59:31
9745,Deluxe Rava Kesari,109,Sweet Shop,151,212,43.1,27.7,2026-04-04 19:20:31
9746,Smoked Pork,9,Sweet Shop,51,176,75.6,8.6,2025-01-11 06:14:38
9747,Street-side Kolhapuri Mutton,72,Local Eatery,74,155,70.5,15.6,2025-06-07 08:37:35
9748,Premium Idli Sambar,6,Mid-range Restaurant,345,393,84.8,0.3,2025-02-27 23:50:06
9749,Grandma's Naga Chutney,81,Street Food,73,142,61.1,21.3,2026-03-23 20:37:00
9750,Puran Poli,75,Sweet Shop,81,310,53.6,22.8,2025-01-07 20:37:37
9751,Mysore Pak,49,Mid-range Restaurant,287,411,72.1,11.7,2026-05-18 12:18:22
9752,Traditional Misal Pav,34,Sweet Shop,137,193,60.0,33.8,2025-11-20 21:08:02
9753,Bisi Bele Bath,53,Fine Dining,1340,1684,83.7,1.5,2025-10-15 19:20:04
9754,Pesarattu,54,Sweet Shop,72,316,78.7,5.8,2026-02-13 23:50:55
9755,Spicy Zan,10,Street Food,72,122,85.5,0,2026-05-04 03:31:54
9756,Roadside Lassi,43,Mid-range Restaurant,185,426,97.0,0,2025-08-20 01:01:05
9757,Signature Dal Bafla,62,Mid-range Restaurant,422,674,68.7,9.9,2025-02-13 22:29:40
9758,Bebinca,81,Local Eatery,173,243,88.6,0,2026-04-09 17:09:18
9759,Naga Chutney,10,Local Eatery,71,271,75.8,7.2,2026-02-01 02:53:50
9760,Street-side Pitha,89,Street Food,40,56,87.8,0,2026-06-03 19:39:44
9761,Jadoh,104,Local Eatery,127,269,77.9,5.9,2026-02-06 23:11:13
9762,Festival Golgappa,93,Sweet Shop,52,239,82.9,2.6,2025-07-18 20:12:05
9763,Sabudana Khichdi,63,Roadside Stall,50,103,85.5,0,2026-02-01 19:34:39
9764,Spicy Kothu Parotta,111,Street Food,58,106,68.8,15.0,2026-06-19 04:04:23
9765,Signature Idli Sambar,54,Street Food,79,131,72.3,21.6,2025-05-26 12:34:11
9766,Traditional Chaat Papdi,41,Street Food,85,143,77.6,9.6,2025-06-25 04:13:08
9767,Deluxe Chaat Papdi,123,Fine Dining,1139,1573,43.3,69.6,2025-09-21 15:54:40
9768,Grandma's Rosogolla,19,Sweet Shop,85,344,73.6,11.1,2026-02-03 07:22:02
9769,Idli Sambar,110,Mid-range Restaurant,221,415,48.9,43.9,2026-05-19 20:14:41
9770,Grandma's Chole Bhature,133,Fine Dining,982,2036,73.2,10.3,2026-03-21 11:23:22
9771,Butter Chicken,95,Street Food,30,77,75.7,13.5,2026-02-15 08:51:18
9772,Pesarattu,55,Local Eatery,114,214,55.5,36.5,2026-01-07 20:07:07
9773,Premium Axone,10,Street Food,77,143,71.3,17.4,2025-02-07 12:38:29
9774,Festival Dalma,137,Street Food,67,133,65.4,32.3,2025-03-20 02:03:55
9775,Chef's Masala Dosa,6,Roadside Stall,53,87,95.7,0,2025-06-08 20:35:02
9776,Momos,46,Fine Dining,870,1053,61.5,17.8,2025-07-15 00:50:53
9777,Premium Hyderabadi Biryani,55,Local Eatery,141,190,72.7,18.8,2025-01-08 04:05:45
9778,Classic Rava Kesari,109,Roadside Stall,34,90,56.0,27.8,2026-04-17 18:37:31
9779,Premium Bhutte ka Kees,68,Mid-range Restaurant,378,443,73.1,19.2,2025-05-20 23:43:46
9780,Chef's Mutton Rogan Josh,133,Local Eatery,85,290,81.7,5.1,2026-04-19 22:36:11
9781,Family Recipe Macher Jhol,90,Sweet Shop,114,261,82.5,4.2,2026-05-09 13:16:06
9782,Chingri Malai Curry,136,Fine Dining,543,1627,69.7,23.5,2025-10-27 07:43:04
9783,Sarson da Saag,125,Street Food,68,91,94.9,0,2025-10-22 21:49:42
9784,Homestyle Bhutte ka Kees,64,Local Eatery,83,256,85.4,0,2025-09-17 09:49:21
9785,Pongal,4,Mid-range Restaurant,411,635,76.8,11.2,2025-08-19 15:50:10
9786,Chef's Chila,21,Mid-range Restaurant,397,664,72.7,21.2,2025-08-08 01:39:50
9787,Extra Cheesy Kosha Mangsho,89,Local Eatery,104,202,74.0,12.6,2026-05-16 14:48:51
9788,Local Favourite Zan,82,Street Food,69,107,63.7,34.3,2026-01-24 00:11:24
9789,Festival Bebinca,118,Local Eatery,70,276,80.5,5.8,2025-09-26 03:35:38
9790,Traditional Curd Rice,115,Sweet Shop,212,297,83.4,1.3,2025-02-10 16:40:52
9791,Sarson da Saag,128,Local Eatery,69,143,93.4,0,2026-03-26 10:30:52
9792,Kothu Parotta,106,Street Food,36,113,87.8,0,2026-06-12 23:42:07
9793,Street-side Aloo Paratha,120,Mid-range Restaurant,173,450,69.6,17.9,2025-02-16 09:40:21
9794,Royal Rava Kesari,113,Street Food,83,112,86.4,0,2026-06-08 02:47:45
9795,Modak,26,Roadside Stall,30,49,84.8,0.2,2026-06-23 18:46:58
9796,Extra Cheesy Dahi Vada,19,Street Food,71,115,61.1,39.1,2026-02-17 18:00:22
9797,Quick-bite Naga Chutney,84,Mid-range Restaurant,250,573,70.4,23.5,2025-05-02 11:56:22
9798,Village-style Poha Jalebi,22,Sweet Shop,154,392,61.6,40.9,2025-10-03 19:08:42
9799,Street-side Bamboo Shoot Curry,80,Mid-range Restaurant,211,340,88.8,0,2026-05-24 01:12:31
9800,Premium Macher Jhol,86,Fine Dining,955,1216,72.2,18.4,2025-06-26 00:43:28
9801,Pongal,2,Sweet Shop,128,227,67.0,15.7,2026-05-12 03:24:48
9802,Sandesh,47,Street Food,50,96,77.6,5.2,2025-08-01 22:11:22
9803,Amritsari Kulcha,119,Fine Dining,765,933,53.6,55.8,2025-07-28 17:08:51
9804,Bhel Puri,31,Street Food,34,130,79.0,5.5,2026-01-08 20:41:51
9805,Premium Tandoori Roti,122,Roadside Stall,65,99,64.2,23.7,2025-06-11 17:25:13
9806,Grandma's Paneer Tikka,91,Fine Dining,1335,1946,78.1,4.2,2025-08-07 00:52:28
9807,Extra Cheesy Lassi,98,Fine Dining,730,2481,84.5,0.6,2025-12-22 13:05:55
9808,Aloo Posto,18,Sweet Shop,143,198,74.3,9.4,2025-10-31 17:45:48
9809,Idiyappam,2,Street Food,42,54,75.2,8.1,2025-05-12 05:40:45
9810,Grandma's Appam with Stew,109,Sweet Shop,89,186,81.4,5.8,2026-01-26 12:54:31
9811,Malai Kofta,125,Street Food,37,64,48.5,60.9,2025-07-25 21:25:25
9812,Deluxe Chila,66,Fine Dining,1291,1528,77.2,8.3,2026-05-25 09:20:49
9813,Quick-bite Puran Poli,69,Local Eatery,156,173,70.9,10.0,2026-03-30 10:26:00
9814,Goan Fish Curry,31,Mid-range Restaurant,216,300,92.5,0,2025-07-26 05:07:26
9815,Signature Bisi Bele Bath,54,Local Eatery,135,253,51.2,56.8,2026-06-02 13:48:24
9816,Filter Coffee,113,Street Food,44,120,75.0,6.8,2025-11-29 11:10:48
9817,Roadside Paneer Tikka,40,Fine Dining,880,1720,87.2,0,2026-01-30 11:15:51
9818,Homestyle Idiyappam,110,Street Food,21,79,56.1,33.3,2025-09-14 06:30:53
9819,Chettinad Chicken,108,Local Eatery,86,153,81.2,3.3,2025-07-11 09:10:37
9820,Litti Chokha,17,Sweet Shop,153,259,83.7,2.3,2025-05-31 13:36:45
9821,Festival Kothu Parotta,113,Roadside Stall,16,26,77.5,9.0,2026-05-17 11:25:10
9822,Roadside Pongal,54,Street Food,67,125,75.1,15.3,2025-03-21 23:51:02
9823,Hyderabadi Biryani,54,Local Eatery,96,251,66.3,15.6,2026-06-07 07:47:05
9824,Chef's Butter Chicken,43,Local Eatery,113,150,64.1,18.1,2026-02-11 07:29:40
9825,Curd Rice,3,Roadside Stall,52,83,81.0,5.9,2025-12-15 06:01:52
9826,Nihari,124,Street Food,56,118,89.8,0,2025-08-11 09:45:54
9827,Village-style Puttu Kadala,112,Roadside Stall,26,65,56.4,31.4,2025-01-31 03:06:44
9828,Litti Chokha,97,Mid-range Restaurant,231,568,71.3,21.7,2025-12-10 06:19:14
9829,Deluxe Rasam,106,Fine Dining,672,2339,78.3,11.4,2025-05-30 05:28:10
9830,Local Favourite Shorshe Ilish,87,Mid-range Restaurant,289,494,75.7,11.6,2025-10-15 07:01:21
9831,Street-side Rosogolla,90,Fine Dining,1137,1992,85.1,0,2025-10-11 15:10:29
9832,Premium Pongal,115,Street Food,68,149,54.9,32.7,2026-04-21 19:46:37
9833,Festival Dal Bafla,20,Roadside Stall,43,66,71.4,14.6,2026-02-27 10:09:31
9834,Grandma's Amritsari Kulcha,40,Mid-range Restaurant,411,614,73.6,9.0,2025-11-26 14:59:05
9835,Bisi Bele Bath,59,Mid-range Restaurant,208,587,49.8,31.0,2025-07-08 05:11:16
9836,Extra Cheesy Kadhi Bafla,21,Fine Dining,505,711,88.1,0,2026-01-05 15:22:04
9837,Extra Cheesy Pav Bhaji,71,Roadside Stall,45,62,48.7,37.7,2025-11-15 00:20:46
9838,Homestyle Malai Kofta,93,Roadside Stall,35,105,89.9,0,2025-09-04 23:00:07
9839,Spicy Shorshe Ilish,46,Mid-range Restaurant,184,361,85.3,0,2025-12-22 11:02:03
9840,Premium Payasam,4,Street Food,78,140,75.6,14.1,2025-09-27 07:45:45
9841,Kadhi Bafla,20,Local Eatery,178,254,73.7,7.8,2026-02-13 04:14:53
9842,Jadoh,8,Roadside Stall,36,97,81.4,5.1,2026-05-02 23:31:19
9843,Chak-hao Kheer,77,Local Eatery,79,256,55.6,20.7,2026-01-19 06:30:44
9844,Special Sandesh,134,Sweet Shop,133,353,85.3,0,2026-01-15 07:02:54
9845,Kachori,93,Street Food,46,108,79.8,4.4,2026-05-26 05:25:44
9846,Dal Makhani,102,Fine Dining,888,1436,46.9,50.5,2025-06-29 00:28:13
9847,Authentic Chaat Papdi,38,Sweet Shop,125,168,62.7,32.7,2025-03-15 20:42:22
9848,Deluxe Malpua,66,Street Food,74,135,78.0,7.1,2025-01-31 12:37:07
9849,Family Recipe Shorshe Ilish,138,Fine Dining,943,2130,81.7,2.5,2025-02-26 07:57:18
9850,Masala Dosa,115,Street Food,55,124,78.7,9.9,2025-12-16 18:18:44
9851,Special Dal Makhani,102,Sweet Shop,36,316,52.2,44.9,2025-07-05 07:33:55
9852,Family Recipe Chole Bhature,101,Sweet Shop,134,208,86.6,0,2026-06-05 09:57:37
9853,Idli Sambar,110,Street Food,83,115,83.7,1.5,2025-02-18 10:06:48
9854,Festival Filter Coffee,111,Fine Dining,1022,2059,76.2,9.7,2025-02-06 16:12:24
9855,Extra Cheesy Pork with Bamboo Shoot,79,Street Food,60,137,51.0,23.0,2025-01-15 21:24:50
9856,Festival Dalma,138,Fine Dining,1270,1937,54.6,54.1,2025-12-13 05:19:20
9857,Premium Kachori,92,Roadside Stall,58,78,58.2,40.1,2025-08-21 22:40:32
9858,Litti,136,Sweet Shop,95,376,71.0,13.0,2025-09-02 16:05:53
9859,Thukpa,117,Roadside Stall,67,98,70.1,22.0,2026-04-03 16:13:10
9860,Chef's Chila,67,Street Food,67,99,40.3,56.3,2025-05-25 20:40:59
9861,Nihari,94,Local Eatery,172,257,73.8,11.2,2025-11-22 14:22:49
9862,Malai Kofta,43,Fine Dining,1248,1638,79.9,5.8,2025-10-20 00:51:50
9863,Roadside Chak-hao Kheer,103,Street Food,26,45,54.1,27.2,2025-07-25 15:22:53
9864,Kolhapuri Mutton,70,Street Food,82,132,60.1,16.9,2025-01-19 00:30:39
9865,Tandoori Roti,131,Sweet Shop,166,332,84.9,0.1,2025-06-11 05:28:08
9866,Golgappa,127,Sweet Shop,166,257,91.2,0,2025-11-03 21:29:00
9867,Festival Paneer Tikka,92,Mid-range Restaurant,297,338,67.2,25.6,2026-04-21 07:41:24
9868,Spicy Chaat Papdi,126,Fine Dining,1103,2281,85.7,0,2025-06-20 17:11:58
9869,Festival Sandesh,135,Mid-range Restaurant,157,186,40.1,68.5,2026-06-27 01:07:58
9870,Grandma's Tandoori Roti,100,Roadside Stall,47,83,56.8,18.3,2026-04-11 17:41:02
9871,Classic Chila,64,Mid-range Restaurant,236,365,66.9,14.6,2025-07-21 11:42:17
9872,Rasam,52,Street Food,60,128,78.4,8.2,2026-03-19 21:03:57
9873,Street-side Meen Curry,60,Roadside Stall,45,72,85.2,0,2025-04-07 04:25:24
9874,Nihari,120,Roadside Stall,28,47,82.2,2.6,2026-03-11 14:55:50
9875,Deluxe Payasam,116,Fine Dining,1114,2473,88.0,0,2025-09-14 07:59:13
9876,Local Favourite Dal Makhani,121,Mid-range Restaurant,165,313,65.9,14.9,2026-05-20 08:13:04
9877,Street-side Bhel Puri,33,Sweet Shop,38,338,74.0,16.9,2025-01-02 00:01:00
9878,Lassi,40,Local Eatery,91,179,88.6,0,2025-12-10 17:42:55
9879,Roadside Dhokla,26,Fine Dining,994,2108,71.7,20.7,2025-05-18 02:40:25
9880,Grandma's Pongal,111,Mid-range Restaurant,157,534,78.2,8.3,2025-07-04 02:48:56
9881,Deluxe Rava Kesari,3,Mid-range Restaurant,226,376,68.7,24.5,2025-05-04 10:39:45
9882,Chole Bhature,41,Roadside Stall,17,72,87.2,0,2025-07-11 15:56:31
9883,Festival Modak,27,Local Eatery,161,296,73.1,9.8,2026-05-11 17:35:35
9884,Chettinad Chicken,109,Roadside Stall,34,87,73.0,19.0,2025-05-28 03:48:57
9885,Chhena Poda,138,Street Food,57,144,65.8,27.6,2026-04-30 00:23:59
9886,Local Favourite Chingri Malai Curry,86,Street Food,42,150,87.0,0,2025-02-09 03:44:50
9887,Deluxe Bhutte ka Kees,20,Street Food,60,104,72.7,7.4,2025-06-23 18:41:35
9888,Royal Dal Makhani,123,Roadside Stall,48,112,69.5,15.1,2025-03-01 19:57:59
9889,Street-side Kosha Mangsho,90,Roadside Stall,62,120,54.3,53.8,2025-10-31 17:39:57
9890,Roadside Zan,14,Local Eatery,132,272,66.9,27.6,2025-09-17 03:45:51
9891,Dhokla,74,Local Eatery,168,250,56.5,33.8,2025-05-24 10:17:25
9892,Special Idiyappam,6,Fine Dining,1369,2130,77.5,11.4,2025-10-19 05:13:32
9893,Aloo Paratha,130,Local Eatery,103,259,67.3,27.0,2025-12-14 04:25:16
9894,Pav Bhaji,76,Local Eatery,73,146,74.2,17.6,2025-04-01 21:26:51
9895,Signature Misal Pav,28,Mid-range Restaurant,403,633,85.4,0,2026-05-04 13:10:23
9896,Family Recipe Chole Bhature,44,Mid-range Restaurant,306,382,60.6,32.5,2025-07-01 23:01:52
9897,Extra Cheesy Modak,69,Mid-range Restaurant,255,503,62.5,16.9,2026-01-14 19:57:59
9898,Vada Sambar,5,Street Food,38,69,69.5,11.2,2026-03-09 05:50:42
9899,Grandma's Dalma,87,Local Eatery,66,142,65.9,26.5,2025-03-26 19:48:32
9900,Deluxe Dal Bafla,65,Fine Dining,713,1705,51.1,43.9,2026-03-31 12:28:40
9901,Special Jadoh,103,Roadside Stall,38,97,81.7,4.1,2025-02-27 09:51:59
9902,Macher Jhol,17,Roadside Stall,19,104,69.9,23.7,2025-04-23 18:22:52
9903,Roadside Payasam,110,Street Food,31,98,78.2,5.8,2025-07-17 04:57:43
9904,Homestyle Vada Sambar,109,Street Food,23,48,60.2,17.9,2025-03-24 04:20:20
9905,Special Chingri Malai Curry,134,Local Eatery,113,176,82.4,2.3,2025-07-25 14:59:46
9906,Authentic Payasam,115,Roadside Stall,17,55,78.7,9.4,2026-06-12 12:13:15
9907,Amritsari Kulcha,127,Street Food,85,115,67.5,18.5,2026-01-01 22:22:31
9908,Undhiyu,30,Roadside Stall,61,104,48.5,61.6,2025-06-30 18:45:12
9909,Royal Idli Sambar,48,Fine Dining,1195,1674,81.2,5.4,2025-10-04 22:10:44
9910,Tandoori Roti,132,Street Food,75,104,85.9,0,2026-01-25 14:00:05
9911,Quick-bite Misal Pav,29,Mid-range Restaurant,342,475,80.0,5.0,2025-01-18 23:47:12
9912,Dalma,139,Roadside Stall,15,51,51.3,24.9,2025-11-24 13:19:07
9913,Street-side Payasam,3,Street Food,71,130,88.0,0,2026-05-14 03:11:55
9914,Festival Kosha Mangsho,15,Local Eatery,92,185,90.7,0,2026-02-07 00:11:27
9915,Modak,23,Mid-range Restaurant,228,529,92.1,0,2025-09-03 02:06:46
9916,Amritsari Kulcha,93,Roadside Stall,46,76,71.4,21.8,2025-10-03 14:11:53
9917,Special Kosha Mangsho,135,Street Food,38,72,80.9,7.1,2025-08-11 17:16:43
9918,Quick-bite Dahi Vada,90,Local Eatery,122,201,81.0,4.3,2025-11-25 06:08:25
9919,Amritsari Kulcha,44,Fine Dining,1046,1705,95.1,0,2025-12-13 16:41:15
9920,Classic Masala Dosa,107,Roadside Stall,54,71,70.0,12.8,2026-04-16 17:02:35
9921,Premium Hyderabadi Biryani,3,Street Food,85,103,51.0,31.8,2026-03-21 21:04:51
9922,Street-side Malai Kofta,95,Mid-range Restaurant,369,497,50.9,42.3,2026-02-12 10:48:20
9923,Amritsari Kulcha,126,Roadside Stall,48,90,94.0,0,2025-05-29 03:38:21
9924,Quick-bite Macher Jhol,89,Sweet Shop,35,336,66.7,19.5,2025-02-17 03:30:57
9925,Homestyle Kosha Mangsho,86,Mid-range Restaurant,408,466,63.5,24.7,2026-05-19 07:12:47
9926,Family Recipe Dhokla,27,Mid-range Restaurant,394,578,59.3,16.7,2026-03-31 06:37:26
9927,Puran Poli,30,Mid-range Restaurant,181,586,53.9,40.7,2025-03-16 06:16:58
9928,Sandesh,16,Street Food,25,111,70.5,20.3,2026-06-02 12:02:12
9929,Tandoori Roti,44,Mid-range Restaurant,303,329,79.1,3.7,2026-03-27 15:59:14
9930,Extra Cheesy Puttu Kadala,52,Local Eatery,109,127,73.8,16.4,2026-01-30 16:48:06
9931,Pitha,46,Local Eatery,128,280,66.6,28.1,2026-06-20 07:11:58
9932,Spicy Smoked Pork,85,Sweet Shop,165,283,80.2,3.2,2026-06-23 16:36:06
9933,Tandoori Roti,98,Mid-range Restaurant,415,445,40.7,60.7,2025-07-16 06:54:56
9934,Misal Pav,24,Roadside Stall,57,111,63.9,36.5,2025-09-27 14:36:33
9935,Pav Bhaji,30,Sweet Shop,80,193,51.6,38.6,2025-06-25 20:36:04
9936,Village-style Fish Tenga,13,Roadside Stall,30,119,71.2,15.6,2025-02-09 17:17:00
9937,Bamboo Shoot Curry,77,Sweet Shop,61,361,74.9,8.2,2025-02-11 02:58:07
9938,Masala Dosa,61,Mid-range Restaurant,365,688,63.4,22.5,2026-01-19 05:27:25
9939,Royal Fish Tenga,79,Street Food,82,105,67.7,12.6,2025-10-18 01:34:43
9940,Mutton Rogan Josh,132,Mid-range Restaurant,322,630,56.9,22.1,2025-03-24 08:39:46
9941,Festival Bafla,63,Local Eatery,95,212,59.3,30.9,2025-07-04 19:00:37
9942,Street-side Pitha,47,Sweet Shop,149,333,59.0,22.8,2026-04-12 17:06:13
9943,Royal Bhutte ka Kees,66,Fine Dining,1355,1515,70.3,14.2,2026-02-09 18:25:08
9944,Festival Lassi,126,Local Eatery,168,298,73.8,13.1,2025-07-30 14:26:13
9945,Appam with Stew,50,Fine Dining,786,1714,73.1,12.8,2025-02-22 11:47:12
9946,Aloo Posto,15,Street Food,82,110,78.8,10.5,2026-03-25 14:57:08
9947,Dahi Vada,139,Sweet Shop,39,365,38.8,46.9,2025-08-21 09:58:42
9948,Royal Puttu Kadala,61,Roadside Stall,51,100,73.6,18.8,2026-01-24 17:43:19
9949,Roadside Butter Chicken,122,Roadside Stall,19,71,75.4,16.8,2025-10-21 11:11:29
9950,Traditional Nihari,130,Sweet Shop,57,277,80.0,8.6,2025-08-06 06:18:58
9951,Local Favourite Chila,22,Street Food,51,104,79.4,9.8,2026-01-15 13:06:21
9952,Puttu Kadala,110,Roadside Stall,64,102,81.6,2.7,2025-04-04 01:08:34
9953,Aloo Paratha,129,Street Food,85,129,70.5,15.0,2025-07-07 12:00:46
9954,Macher Jhol,89,Fine Dining,1066,1948,59.1,26.1,2026-02-20 21:33:57
9955,Extra Cheesy Bebinca,74,Local Eatery,157,269,70.0,15.2,2025-02-04 04:14:34
9956,Pesarattu,56,Roadside Stall,54,66,76.8,7.1,2025-05-07 04:16:04
9957,Signature Axone,82,Fine Dining,1180,1828,80.6,7.2,2026-02-27 17:16:09
9958,Premium Litti Chokha,125,Street Food,59,92,57.0,18.1,2025-08-24 14:30:19
9959,Bebinca,72,Roadside Stall,18,49,79.1,8.6,2026-01-17 11:44:35
9960,Pitha,9,Mid-range Restaurant,165,323,90.9,0,2025-03-29 07:43:47
9961,Quick-bite Golgappa,131,Roadside Stall,35,120,88.5,0,2026-02-12 05:31:11
9962,Spicy Malai Kofta,100,Sweet Shop,59,199,88.8,0,2025-12-02 04:04:37
9963,Homestyle Malai Kofta,101,Sweet Shop,195,352,73.8,11.1,2025-01-03 09:45:34
9964,Royal Litti,19,Mid-range Restaurant,226,420,76.3,9.6,2025-01-16 02:56:15
9965,Thukpa,81,Roadside Stall,51,69,48.7,26.2,2026-01-04 14:38:59
9966,Mutton Rogan Josh,94,Mid-range Restaurant,350,437,82.8,2.9,2025-09-24 12:19:10
9967,Kolhapuri Mutton,27,Fine Dining,1355,2225,64.0,30.0,2025-02-10 08:29:57
9968,Homestyle Hyderabadi Biryani,114,Local Eatery,150,199,65.5,29.9,2026-02-23 13:29:14
9969,Chaat Papdi,95,Local Eatery,125,216,77.1,9.3,2025-04-20 11:34:49
9970,Signature Puran Poli,30,Mid-range Restaurant,176,498,72.8,15.4,2025-08-14 16:33:43
9971,Classic Chak-hao Kheer,117,Mid-range Restaurant,217,583,52.1,47.1,2025-05-15 14:23:51
9972,Chingri Malai Curry,19,Fine Dining,1341,2252,71.5,23.0,2025-09-13 11:40:18
9973,Homestyle Idli Sambar,61,Sweet Shop,146,283,73.1,15.8,2025-08-07 03:35:20
9974,Jadoh,79,Street Food,81,140,89.5,0,2025-06-07 07:09:46
9975,Signature Nihari,100,Local Eatery,164,250,49.3,35.7,2025-07-16 03:05:38
9976,Royal Idli Sambar,53,Street Food,51,96,93.8,0,2025-08-10 15:26:30
9977,Signature Litti Chokha,47,Roadside Stall,53,115,59.2,20.0,2025-04-02 00:04:20
9978,Quick-bite Thepla,75,Mid-range Restaurant,159,288,43.2,71.5,2026-03-11 13:39:15
9979,Extra Cheesy Rosogolla,134,Roadside Stall,47,64,52.4,26.6,2025-12-24 11:14:14
9980,Puttu Kadala,109,Sweet Shop,158,268,56.6,35.9,2025-05-02 08:51:47
9981,Momos,82,Mid-range Restaurant,220,368,79.5,9.7,2025-08-26 11:07:19
9982,Dal Makhani,91,Roadside Stall,52,105,83.2,3.1,2025-03-06 21:56:31
9983,Sabudana Khichdi,66,Mid-range Restaurant,165,592,57.6,33.6,2026-03-01 02:34:37
9984,Kothu Parotta,107,Fine Dining,828,2016,65.4,23.8,2025-09-21 13:02:32
9985,Roadside Amritsari Kulcha,97,Local Eatery,158,251,62.2,20.9,2025-11-11 08:31:58
9986,Momos,8,Local Eatery,105,257,80.7,7.2,2026-04-05 09:48:46
9987,Kadhi Chawal,121,Roadside Stall,46,64,55.9,17.7,2026-04-30 06:12:15
9988,Chef's Kosha Mangsho,136,Fine Dining,750,1964,85.2,0,2025-06-13 12:22:09
9989,Bhutte ka Kees,67,Fine Dining,553,1628,76.3,8.3,2026-01-06 11:55:12
9990,Extra Cheesy Masala Dosa,55,Street Food,40,91,79.7,8.8,2026-06-07 13:07:26
9991,Lassi,100,Roadside Stall,43,82,92.6,0,2025-08-19 19:57:47
9992,Chhena Poda,19,Sweet Shop,69,83,65.9,17.3,2025-10-23 04:38:20
9993,Festival Chaat Papdi,94,Fine Dining,1339,2124,54.7,34.2,2025-06-08 22:02:04
9994,Deluxe Litti Chokha,17,Local Eatery,164,267,57.3,28.1,2025-12-13 02:03:35
9995,Puttu Kadala,61,Roadside Stall,38,54,60.9,27.2,2025-10-09 08:37:47
9996,Traditional Momos,47,Sweet Shop,97,201,45.6,41.6,2025-09-12 14:11:17
9997,Premium Thukpa,9,Sweet Shop,107,272,59.2,28.8,2026-06-21 03:22:49
9998,Classic Bebinca,29,Fine Dining,931,1357,76.4,8.5,2026-06-15 10:12:00
9999,Special Mutton Rogan Josh,133,Local Eatery,178,215,71.2,9.2,2026-01-26 16:26:52
10000,Royal Aloo Posto,87,Sweet Shop,86,366,91.1,0,2025-11-14 11:07:41
10001,Special Rajma Chawal,98,Sweet Shop,160,392,79.0,9.9,2026-02-27 14:15:22
10002,Puran Poli,71,Sweet Shop,202,293,43.2,33.4,2026-04-07 10:18:15
10003,Axone,117,Roadside Stall,15,32,49.4,24.5,2025-03-21 15:59:50
10004,Homestyle Kosha Mangsho,86,Roadside Stall,36,117,88.7,0,2025-02-03 22:21:57
10005,Royal Litti Chokha,137,Roadside Stall,19,116,45.4,67.8,2026-01-19 14:31:23
10006,Signature Naga Chutney,11,Fine Dining,749,1321,70.6,19.7,2025-07-05 03:47:47
10007,Festival Chettinad Chicken,114,Street Food,46,60,68.7,14.3,2025-10-19 07:26:30
10008,Street-side Misal Pav,27,Local Eatery,117,196,77.5,10.8,2025-03-10 08:17:19
10009,Malai Kofta,122,Fine Dining,1460,1619,83.9,1.7,2026-06-24 21:56:54
10010,Fish Tenga,7,Roadside Stall,64,88,56.4,41.4,2025-03-12 09:00:45
10011,Rajma Chawal,39,Roadside Stall,28,44,72.1,11.2,2025-05-31 18:45:27
10012,Spicy Rava Kesari,55,Fine Dining,1390,1914,54.6,18.6,2025-01-27 07:47:16
10013,Signature Prawn Balchao,27,Local Eatery,106,273,51.4,48.0,2026-01-09 00:13:46
10014,Sabudana Khichdi,62,Local Eatery,111,242,86.3,0,2025-05-06 22:32:55
10015,Butter Chicken,133,Mid-range Restaurant,358,377,65.4,31.8,2025-08-29 03:55:24
10016,Momos,80,Fine Dining,1348,2265,90.0,0,2025-01-14 18:35:20
10017,Extra Cheesy Bamboo Shoot Curry,10,Fine Dining,1071,2320,73.1,13.0,2026-02-24 17:09:38
10018,Festival Golgappa,124,Street Food,75,120,76.0,6.8,2025-08-26 03:09:51
10019,Momos,139,Fine Dining,1392,2178,65.0,27.5,2026-05-23 21:09:54
10020,Chef's Litti Chokha,121,Local Eatery,151,299,70.0,17.4,2025-10-04 00:05:06
10021,Chef's Fish Tenga,117,Roadside Stall,26,115,52.0,50.0,2025-02-27 15:42:29
10022,Festival Puttu Kadala,58,Street Food,77,107,82.8,2.6,2025-11-10 21:12:04
10023,Family Recipe Dal Makhani,36,Mid-range Restaurant,304,506,86.9,0,2025-07-11 13:33:40
10024,Fish Tenga,104,Sweet Shop,187,375,54.2,33.7,2025-03-21 17:11:13
10025,Quick-bite Litti Chokha,124,Local Eatery,60,116,82.3,4.8,2025-09-01 22:12:06
10026,Quick-bite Bafla,67,Sweet Shop,180,255,73.0,18.9,2025-08-30 19:31:16
10027,Local Favourite Filter Coffee,116,Sweet Shop,129,285,80.8,4.3,2025-11-27 21:50:58
10028,Festival Fish Tenga,79,Sweet Shop,34,348,81.8,3.9,2025-02-12 01:59:03
10029,Classic Malpua,21,Fine Dining,1262,1873,47.6,31.5,2026-05-29 00:50:11
10030,Family Recipe Litti Chokha,91,Mid-range Restaurant,174,545,78.6,8.2,2025-09-05 19:26:36
10031,Premium Undhiyu,24,Local Eatery,141,191,74.0,11.6,2025-01-27 21:30:13
10032,Spicy Bebinca,84,Local Eatery,109,233,49.7,38.8,2025-12-24 20:16:51
10033,Special Naga Chutney,118,Fine Dining,966,2467,85.5,0,2025-04-05 12:58:14
10034,Special Naga Chutney,78,Fine Dining,1451,2224,86.1,0,2025-09-09 21:29:33
10035,Street-side Hyderabadi Biryani,5,Mid-range Restaurant,182,353,70.0,11.5,2025-01-20 12:04:55
10036,Sandesh,47,Sweet Shop,189,396,43.6,35.5,2025-04-28 00:11:29
10037,Appam with Stew,111,Local Eatery,131,224,79.6,7.1,2025-10-09 12:53:09
10038,Authentic Vada Sambar,55,Sweet Shop,131,330,62.6,38.2,2026-04-01 20:59:50
10039,Royal Thukpa,14,Fine Dining,1044,1311,77.7,12.6,2026-01-06 16:08:12
10040,Bisi Bele Bath,108,Sweet Shop,180,341,69.3,16.9,2025-10-05 08:29:50
10041,Sarson da Saag,36,Mid-range Restaurant,160,662,81.7,2.3,2026-04-25 04:54:46
10042,Grandma's Chettinad Chicken,115,Roadside Stall,45,68,60.6,33.7,2025-05-16 01:04:49
10043,Grandma's Golgappa,132,Local Eatery,143,285,85.5,0,2025-10-15 23:40:06
10044,Deluxe Chaat Papdi,102,Roadside Stall,24,116,74.0,15.4,2025-01-31 10:17:44
10045,Roadside Momos,84,Local Eatery,132,158,70.7,11.8,2025-02-04 15:24:48
10046,Idiyappam,6,Sweet Shop,153,302,70.5,17.3,2025-02-10 23:41:05
10047,Classic Pav Bhaji,72,Local Eatery,139,296,61.8,19.6,2025-03-01 00:15:27
10048,Kachori,92,Roadside Stall,24,106,57.2,32.8,2025-02-09 18:11:07
10049,Aloo Paratha,124,Fine Dining,1460,1534,93.8,0,2026-03-11 13:33:11
10050,Spicy Chak-hao Kheer,83,Roadside Stall,34,116,75.1,13.5,2026-06-05 23:13:36
10051,Quick-bite Sarson da Saag,123,Fine Dining,853,1779,82.0,2.4,2025-02-14 11:39:58
10052,Grandma's Mutton Rogan Josh,130,Street Food,68,128,81.8,3.3,2025-08-15 01:27:41
10053,Roadside Rava Kesari,59,Fine Dining,946,2444,86.4,0,2026-05-07 18:49:08
10054,Extra Cheesy Sol Kadhi,28,Local Eatery,90,114,57.3,26.0,2025-05-01 12:26:40
10055,Rajma Chawal,129,Local Eatery,65,107,79.1,4.6,2025-10-05 12:55:27
10056,Family Recipe Lassi,123,Local Eatery,100,191,63.3,18.8,2025-09-03 21:23:15
10057,Authentic Dalma,45,Street Food,34,56,71.4,14.4,2025-10-09 01:39:34
10058,Deluxe Prawn Balchao,25,Street Food,65,108,76.1,6.2,2025-08-14 03:00:38
10059,Mysore Pak,111,Sweet Shop,44,109,65.3,21.3,2025-03-31 13:12:19
10060,Extra Cheesy Thepla,69,Sweet Shop,56,223,59.2,46.0,2025-05-03 21:24:39
10061,Deluxe Rava Kesari,4,Mid-range Restaurant,424,604,53.6,48.4,2025-03-11 17:13:38
10062,Thukpa,14,Roadside Stall,60,107,84.6,0.3,2026-01-07 20:31:38
10063,Signature Axone,10,Sweet Shop,67,395,70.7,11.9,2025-06-16 23:41:57
10064,Grandma's Smoked Pork,85,Local Eatery,135,223,67.5,13.1,2025-04-27 10:15:15
10065,Roadside Malai Kofta,132,Roadside Stall,39,78,59.8,33.7,2026-01-23 07:05:57
10066,Shorshe Ilish,47,Fine Dining,550,1530,93.6,0,2025-12-23 04:26:12
10067,Signature Idiyappam,3,Sweet Shop,212,270,73.1,8.3,2025-10-20 01:29:29
10068,Street-side Mutton Rogan Josh,123,Local Eatery,148,289,72.8,19.8,2025-09-26 02:13:53
10069,Pitha,90,Street Food,46,97,63.5,31.1,2026-05-16 04:34:09
10070,Authentic Litti Chokha,89,Fine Dining,1458,2168,87.2,0,2026-04-21 07:35:24
10071,Festival Naga Chutney,104,Street Food,26,56,86.7,0,2026-06-08 17:50:41
10072,Premium Litti Chokha,135,Fine Dining,1208,2085,80.2,6.2,2025-12-11 16:02:44
10073,Spicy Undhiyu,23,Roadside Stall,49,98,67.7,27.0,2026-05-07 13:29:01
10074,Extra Cheesy Hyderabadi Biryani,51,Mid-range Restaurant,158,504,66.6,30.8,2026-02-27 21:13:37
10075,Festival Bisi Bele Bath,50,Local Eatery,110,152,73.7,15.2,2025-09-09 06:36:43
10076,Roadside Undhiyu,73,Local Eatery,128,291,71.1,18.0,2025-11-10 12:15:06
10077,Dahi Vada,134,Local Eatery,144,177,51.5,41.8,2026-03-12 01:38:25
10078,Aloo Posto,137,Roadside Stall,55,109,88.0,0,2026-04-07 08:17:39
10079,Chaat Papdi,95,Fine Dining,1352,2072,83.2,2.9,2026-04-12 07:56:13
10080,Authentic Litti,89,Fine Dining,1417,1862,47.8,45.9,2025-02-08 08:06:54
10081,Momos,10,Street Food,23,131,86.3,0,2025-03-27 08:23:06
10082,Street-side Shorshe Ilish,45,Roadside Stall,20,36,59.6,19.5,2025-02-06 02:37:21
10083,Hyderabadi Biryani,115,Roadside Stall,58,116,63.7,29.5,2025-08-07 11:59:18
10084,Bisi Bele Bath,116,Local Eatery,82,195,96.6,0,2025-08-09 23:37:39
10085,Local Favourite Zan,10,Roadside Stall,39,77,76.3,10.6,2025-06-26 17:08:03
10086,Grandma's Malpua,66,Mid-range Restaurant,391,407,68.6,10.5,2026-01-19 21:08:43
10087,Grandma's Chole Bhature,129,Fine Dining,615,970,75.0,12.3,2026-04-07 08:46:15
10088,Royal Butter Chicken,125,Sweet Shop,139,185,49.9,35.2,2026-01-25 17:57:33
10089,Traditional Golgappa,132,Mid-range Restaurant,170,417,80.0,3.7,2025-04-15 15:18:02
10090,Curd Rice,54,Mid-range Restaurant,250,648,57.2,17.8,2026-05-05 08:44:01
10091,Dhokla,24,Sweet Shop,109,242,75.1,15.4,2025-02-10 11:47:30
10092,Special Filter Coffee,2,Mid-range Restaurant,177,287,82.7,2.7,2025-06-22 17:01:51
10093,Bafla,67,Fine Dining,1146,2442,81.2,5.2,2025-05-08 05:05:29
10094,Malai Kofta,102,Street Food,40,101,83.3,2.1,2025-09-04 17:57:58
10095,Traditional Dal Bafla,68,Roadside Stall,20,105,68.6,27.9,2026-03-02 16:45:57
10096,Roadside Pitha,11,Sweet Shop,48,363,73.5,20.2,2026-01-11 17:26:33
10097,Masala Dosa,1,Mid-range Restaurant,208,694,74.4,12.3,2025-01-07 16:51:23
10098,Roadside Rava Kesari,116,Sweet Shop,200,276,92.8,0,2026-01-29 16:55:34
10099,Rajma Chawal,37,Local Eatery,131,285,52.7,33.5,2025-01-08 12:00:16
10100,Kachori,91,Sweet Shop,201,371,55.8,22.2,2025-07-28 12:19:02
10101,Authentic Rava Kesari,108,Mid-range Restaurant,339,422,78.7,5.0,2026-06-11 20:29:56
10102,Rava Kesari,48,Sweet Shop,174,186,63.0,30.7,2025-09-28 05:29:15
10103,Deluxe Dalma,137,Sweet Shop,183,339,50.6,50.4,2026-01-07 14:59:20
10104,Signature Zan,10,Mid-range Restaurant,278,343,87.9,0,2025-11-06 18:32:04
10105,Appam with Stew,57,Roadside Stall,50,114,78.7,9.4,2025-08-08 23:05:54
10106,Premium Chak-hao Kheer,83,Mid-range Restaurant,154,611,75.7,12.1,2026-01-14 16:04:57
10107,Classic Nihari,96,Mid-range Restaurant,400,495,62.2,30.0,2025-10-16 16:49:09
10108,Spicy Golgappa,130,Street Food,25,131,78.6,8.2,2025-07-19 01:10:24
10109,Homestyle Payasam,112,Fine Dining,801,1376,77.5,11.0,2025-12-18 15:56:26
10110,Deluxe Uttapam,3,Mid-range Restaurant,183,569,45.9,39.8,2025-03-27 17:55:51
10111,Classic Meen Curry,113,Roadside Stall,39,59,76.9,7.2,2025-10-17 07:56:31
10112,Local Favourite Chaat Papdi,129,Fine Dining,1127,1239,86.2,0,2026-04-22 10:10:07
10113,Family Recipe Puttu Kadala,111,Local Eatery,107,165,69.5,17.4,2025-01-29 14:50:39
10114,Idli Sambar,116,Local Eatery,159,200,77.7,11.2,2025-11-01 13:37:12
10115,Pongal,115,Local Eatery,144,188,60.0,27.7,2026-03-20 23:22:14
10116,Local Favourite Pitha,87,Roadside Stall,19,92,45.0,50.3,2025-01-12 17:23:41
10117,Idli Sambar,56,Sweet Shop,104,328,45.5,25.4,2026-04-22 19:36:43
10118,Signature Pitha,89,Mid-range Restaurant,182,585,50.4,24.1,2025-07-08 05:53:24
10119,Aloo Paratha,124,Local Eatery,164,289,49.5,24.0,2025-03-17 09:53:52
10120,Malai Kofta,99,Sweet Shop,139,342,74.8,14.6,2025-03-30 12:17:28
10121,Local Favourite Rasam,3,Sweet Shop,67,282,83.8,0.9,2025-05-25 07:19:21
10122,Festival Sabudana Khichdi,67,Local Eatery,92,285,62.4,18.6,2025-09-18 12:53:43
10123,Traditional Puran Poli,27,Street Food,25,134,83.1,1.9,2026-04-12 21:27:57
10124,Lassi,124,Fine Dining,526,1948,67.8,30.3,2026-06-21 22:04:16
10125,Chef's Goan Fish Curry,69,Street Food,48,139,78.7,3.8,2025-11-15 11:43:33
10126,Signature Kadhi Bafla,62,Sweet Shop,190,221,75.6,8.6,2025-05-05 19:15:30
10127,Authentic Mutton Rogan Josh,131,Mid-range Restaurant,252,381,78.8,8.5,2025-10-29 07:54:29
10128,Momos,45,Street Food,54,120,73.3,20.3,2026-01-16 03:26:43
10129,Grandma's Rava Kesari,51,Local Eatery,153,235,68.9,15.8,2025-12-03 02:44:51
10130,Premium Kadhi Chawal,124,Roadside Stall,30,83,79.3,4.0,2026-04-12 13:25:32
10131,Sol Kadhi,32,Fine Dining,1352,2244,68.1,18.8,2025-10-14 14:31:09
10132,Signature Rasam,53,Mid-range Restaurant,380,534,61.8,17.2,2025-09-29 15:47:11
10133,Payasam,54,Street Food,72,87,81.5,4.2,2026-03-23 23:25:49
10134,Special Poha Jalebi,66,Street Food,57,141,69.0,20.1,2025-06-01 02:20:30
10135,Premium Malai Kofta,101,Fine Dining,588,1655,75.5,16.8,2025-02-19 23:46:22
10136,Rava Kesari,61,Sweet Shop,53,258,85.4,0,2026-06-26 16:43:09
10137,Fish Tenga,8,Sweet Shop,57,67,75.7,11.5,2026-02-28 04:51:10
10138,Premium Dal Makhani,132,Local Eatery,118,286,89.0,0,2025-11-06 23:11:14
10139,Nihari,125,Roadside Stall,64,75,88.8,0,2025-11-15 19:29:37
10140,Chef's Dal Makhani,42,Local Eatery,73,108,95.5,0,2025-05-18 22:30:26
10141,Pork with Bamboo Shoot,85,Mid-range Restaurant,283,431,76.4,5.2,2025-12-22 15:48:29
10142,Bebinca,34,Sweet Shop,61,160,64.4,21.7,2025-11-05 15:02:10
10143,Grandma's Kothu Parotta,116,Street Food,47,135,57.8,27.8,2025-02-03 22:14:52
10144,Dahi Vada,19,Local Eatery,87,245,65.1,23.6,2025-10-10 15:38:34
10145,Golgappa,122,Fine Dining,1300,2319,79.2,6.2,2025-05-11 15:50:36
10146,Grandma's Mysore Pak,113,Mid-range Restaurant,231,400,79.5,8.7,2025-03-25 22:21:19
10147,Quick-bite Idli Sambar,2,Street Food,22,138,62.1,27.8,2025-02-22 14:59:02
10148,Chila,62,Street Food,72,131,83.3,1.2,2025-05-12 09:41:29
10149,Thukpa,11,Mid-range Restaurant,337,405,77.7,10.9,2026-05-17 09:39:13
10150,Quick-bite Kosha Mangsho,136,Fine Dining,969,1432,48.8,26.3,2025-01-25 02:49:45
10151,Homestyle Momos,104,Sweet Shop,165,260,74.8,8.9,2025-02-04 01:33:08
10152,Amritsari Kulcha,100,Mid-range Restaurant,338,528,52.7,33.6,2025-02-19 20:01:00
10153,Hyderabadi Biryani,57,Fine Dining,942,1634,45.8,65.5,2025-01-21 03:14:39
10154,Sol Kadhi,32,Sweet Shop,120,343,74.3,16.0,2026-04-11 02:20:46
10155,Classic Jadoh,10,Roadside Stall,64,109,62.3,16.9,2026-05-05 14:41:36
10156,Special Curd Rice,54,Street Food,55,109,78.9,4.6,2026-01-31 00:15:28
10157,Festival Dalma,46,Fine Dining,837,1735,91.5,0,2026-03-02 23:30:24
10158,Roadside Golgappa,100,Local Eatery,63,111,70.0,20.1,2025-03-17 09:14:33
10159,Deluxe Kadhi Bafla,20,Fine Dining,610,1902,72.5,8.5,2025-01-18 19:35:56
10160,Street-side Sarson da Saag,96,Local Eatery,159,248,65.8,28.2,2025-11-27 04:13:07
10161,Classic Litti Chokha,138,Local Eatery,158,211,49.0,51.1,2025-01-28 07:40:13
10162,Golgappa,123,Street Food,56,92,90.4,0,2026-04-24 09:10:04
10163,Chaat Papdi,95,Mid-range Restaurant,376,595,85.1,0,2025-08-20 04:22:33
10164,Signature Litti Chokha,128,Mid-range Restaurant,322,441,49.9,59.5,2026-01-24 12:23:45
10165,Village-style Meen Curry,107,Fine Dining,682,2089,71.6,20.1,2026-03-13 12:02:44
10166,Goan Fish Curry,70,Fine Dining,1177,1793,45.4,53.7,2026-01-04 19:55:17
10167,Extra Cheesy Chhena Poda,19,Sweet Shop,89,179,54.9,25.0,2025-03-27 09:32:29
10168,Royal Pongal,51,Street Food,26,52,73.5,16.0,2025-07-08 20:49:42
10169,Goan Fish Curry,73,Fine Dining,684,1684,76.2,9.4,2026-03-26 15:27:54
10170,Litti Chokha,89,Sweet Shop,105,179,75.2,7.6,2025-12-23 13:37:03
10171,Malpua,67,Street Food,37,101,77.8,4.5,2025-09-28 07:06:16
10172,Amritsari Kulcha,132,Local Eatery,69,275,51.3,21.3,2025-03-03 13:09:30
10173,Undhiyu,33,Fine Dining,555,967,68.7,20.3,2026-01-01 07:15:37
10174,Amritsari Kulcha,133,Fine Dining,1231,1974,78.5,6.1,2026-03-13 04:33:13
10175,Mutton Rogan Josh,122,Sweet Shop,70,347,83.9,1.7,2026-05-26 13:52:57
10176,Filter Coffee,54,Local Eatery,125,282,68.0,17.6,2025-05-25 14:30:58
10177,Traditional Uttapam,60,Mid-range Restaurant,414,638,56.8,34.1,2025-09-27 04:04:49
10178,Festival Puttu Kadala,5,Street Food,55,99,82.4,4.2,2025-10-24 00:13:17
10179,Street-side Thukpa,13,Sweet Shop,82,167,76.1,5.4,2025-08-30 22:50:36
10180,Premium Amritsari Kulcha,43,Roadside Stall,55,101,59.3,33.7,2026-06-24 17:05:38
10181,Chef's Zan,11,Local Eatery,107,224,78.4,7.1,2025-07-25 10:08:06
10182,Local Favourite Chole Bhature,39,Mid-range Restaurant,168,336,62.0,30.1,2026-02-07 08:03:41
10183,Authentic Bafla,64,Fine Dining,1346,1588,77.2,7.7,2025-04-28 13:35:13
10184,Family Recipe Filter Coffee,51,Mid-range Restaurant,196,615,91.1,0,2025-05-23 10:55:38
10185,Local Favourite Zan,118,Sweet Shop,121,223,89.9,0,2025-05-01 05:32:44
10186,Dhokla,69,Mid-range Restaurant,377,569,74.3,12.5,2025-05-15 11:02:06
10187,Family Recipe Bebinca,77,Roadside Stall,54,90,77.2,9.6,2025-12-21 23:53:05
10188,Village-style Bamboo Shoot Curry,84,Local Eatery,126,167,69.7,12.2,2025-11-28 14:32:54
10189,Classic Undhiyu,34,Local Eatery,79,164,83.1,1.7,2025-12-02 20:50:04
10190,Street-side Hyderabadi Biryani,115,Sweet Shop,171,313,86.7,0,2026-05-26 10:19:21
10191,Homestyle Uttapam,110,Local Eatery,172,205,68.2,23.3,2025-09-06 23:10:42
10192,Bafla,21,Fine Dining,1414,2318,76.1,8.1,2025-09-11 15:13:13
10193,Classic Axone,9,Local Eatery,134,258,91.4,0,2025-06-27 09:32:14
10194,Roadside Idiyappam,52,Sweet Shop,141,193,52.5,43.2,2025-09-26 16:04:52
10195,Puran Poli,31,Sweet Shop,208,266,73.8,13.6,2025-12-02 08:02:01
10196,Traditional Curd Rice,116,Fine Dining,723,1522,92.3,0,2025-05-14 02:04:37
10197,Kachori,127,Street Food,45,68,79.2,6.2,2025-04-05 05:30:52
10198,Pitha,85,Mid-range Restaurant,151,439,78.8,7.5,2025-12-31 16:53:02
10199,Festival Kosha Mangsho,15,Local Eatery,176,252,76.6,5.5,2025-04-05 11:33:29
10200,Mysore Pak,4,Fine Dining,780,2078,77.5,10.4,2025-01-26 20:28:31
10201,Kachori,92,Local Eatery,169,186,88.9,0,2025-02-19 00:43:26
10202,Chef's Chingri Malai Curry,135,Roadside Stall,67,98,80.1,4.9,2026-03-09 22:44:15
10203,Premium Litti,16,Sweet Shop,90,362,41.4,61.3,2025-07-29 01:01:32
10204,Pesarattu,108,Local Eatery,79,163,78.9,9.9,2025-06-10 11:50:17
10205,Zan,7,Street Food,84,145,78.1,9.5,2026-05-13 10:49:15
10206,Puttu Kadala,48,Roadside Stall,48,71,80.6,7.6,2025-11-17 13:24:21
10207,Quick-bite Pongal,61,Fine Dining,551,1617,75.7,15.3,2026-01-17 02:47:42
10208,Classic Vada Sambar,49,Fine Dining,951,1474,68.5,11.1,2026-06-01 13:30:36
10209,Festival Poha Jalebi,22,Local Eatery,139,298,47.0,26.7,2026-05-02 11:06:31
10210,Village-style Malpua,64,Street Food,52,112,42.4,28.4,2025-04-19 19:24:16
10211,Homestyle Pork with Bamboo Shoot,81,Mid-range Restaurant,413,568,45.4,54.5,2025-07-27 11:26:19
10212,Bebinca,79,Sweet Shop,175,278,79.5,8.0,2025-07-20 00:42:09
10213,Extra Cheesy Filter Coffee,1,Roadside Stall,37,49,57.8,26.6,2025-07-17 14:10:24
10214,Puran Poli,33,Mid-range Restaurant,416,473,57.7,28.4,2025-05-20 18:00:56
10215,Homestyle Bisi Bele Bath,107,Roadside Stall,61,83,73.8,19.9,2025-09-30 15:56:26
10216,Bebinca,83,Fine Dining,1459,1593,67.6,18.9,2025-08-03 06:05:40
10217,Spicy Masala Dosa,51,Roadside Stall,46,96,45.4,46.4,2026-03-01 05:27:50
10218,Local Favourite Appam with Stew,113,Street Food,57,132,48.9,41.5,2025-07-19 17:24:33
10219,Village-style Aloo Posto,86,Roadside Stall,62,109,52.9,35.4,2025-03-23 09:48:37
10220,Aloo Paratha,124,Fine Dining,798,1172,57.4,19.0,2026-04-13 16:06:54
10221,Chef's Sandesh,18,Street Food,76,91,89.9,0,2026-05-10 07:22:17
10222,Bamboo Shoot Curry,12,Sweet Shop,85,240,75.6,9.7,2026-04-21 03:58:20
10223,Thukpa,104,Street Food,49,124,89.3,0,2026-03-28 16:43:40
10224,Prawn Balchao,31,Roadside Stall,53,111,60.0,31.3,2025-07-19 09:08:38
10225,Extra Cheesy Momos,11,Local Eatery,113,293,76.6,7.1,2025-02-27 23:35:40
10226,Chettinad Chicken,56,Roadside Stall,65,81,47.7,24.7,2025-05-18 16:59:32
10227,Grandma's Prawn Balchao,33,Street Food,73,111,58.9,37.6,2025-07-21 23:49:05
10228,Deluxe Momos,87,Street Food,22,79,66.6,26.4,2026-04-12 11:12:47
10229,Premium Pav Bhaji,28,Street Food,25,150,89.1,0,2025-02-11 19:55:59
10230,Extra Cheesy Paneer Tikka,92,Mid-range Restaurant,280,663,48.8,49.4,2025-08-26 20:37:41
10231,Deluxe Dalma,15,Sweet Shop,31,295,86.6,0,2025-10-06 21:42:23
10232,Street-side Goan Fish Curry,70,Sweet Shop,193,295,77.6,7.3,2025-10-19 12:44:39
10233,Classic Jadoh,78,Mid-range Restaurant,350,546,43.1,33.4,2025-06-10 15:53:38
10234,Bebinca,24,Street Food,32,125,69.3,27.9,2026-02-04 20:01:04
10235,Festival Jadoh,77,Fine Dining,1273,1971,59.4,17.4,2025-08-21 10:57:04
10236,Royal Pongal,2,Local Eatery,161,273,53.7,54.0,2025-06-28 18:42:59
10237,Hyderabadi Biryani,54,Street Food,51,63,39.9,29.4,2026-04-22 03:46:13
10238,Deluxe Vada Sambar,3,Roadside Stall,61,91,79.0,3.9,2026-02-27 16:25:04
10239,Signature Goan Fish Curry,26,Street Food,31,100,45.6,45.7,2025-07-07 07:08:51
10240,Pitha,7,Roadside Stall,33,94,68.1,13.3,2026-02-03 18:01:13
10241,Premium Dahi Vada,19,Roadside Stall,27,81,72.2,19.5,2025-05-29 19:24:55
10242,Modak,71,Fine Dining,1279,1992,48.0,41.3,2025-05-09 22:30:33
10243,Homestyle Sabudana Khichdi,21,Street Food,39,108,48.2,45.5,2025-02-16 11:57:09
10244,Sarson da Saag,132,Fine Dining,824,2465,54.1,42.0,2026-02-15 10:43:14
10245,Grandma's Misal Pav,34,Mid-range Restaurant,259,298,63.8,22.5,2025-06-20 07:45:27
10246,Authentic Puran Poli,33,Fine Dining,1106,1291,41.2,45.7,2025-08-10 20:06:05
10247,Deluxe Puran Poli,27,Roadside Stall,60,115,74.5,16.6,2025-02-25 02:26:06
10248,Homestyle Aloo Posto,139,Street Food,46,121,74.5,8.5,2025-02-23 01:04:30
10249,Roadside Appam with Stew,106,Street Food,71,127,61.1,29.4,2026-06-07 06:38:18
10250,Sarson da Saag,132,Sweet Shop,84,308,82.4,4.6,2026-01-04 10:01:45
10251,Special Fish Tenga,105,Local Eatery,61,99,63.7,14.6,2025-03-16 04:00:03
10252,Bebinca,12,Roadside Stall,47,57,77.5,8.2,2026-04-14 09:29:19
10253,Spicy Pitha,86,Sweet Shop,185,210,71.7,14.2,2026-02-22 06:12:42
10254,Street-side Chak-hao Kheer,80,Sweet Shop,55,112,68.6,14.0,2025-08-01 10:51:29
10255,Spicy Macher Jhol,16,Local Eatery,173,195,59.9,21.3,2026-01-04 15:39:47
10256,Special Vada Sambar,50,Roadside Stall,49,77,61.6,29.0,2026-04-14 21:26:43
10257,Grandma's Tandoori Roti,129,Fine Dining,815,2156,62.0,23.2,2025-04-04 18:57:25
10258,Special Sarson da Saag,36,Sweet Shop,125,189,82.1,4.1,2025-08-15 18:26:42
10259,Deluxe Butter Chicken,119,Mid-range Restaurant,159,224,52.7,48.0,2026-04-04 00:40:07
10260,Traditional Sabudana Khichdi,21,Roadside Stall,55,82,70.5,24.2,2025-05-09 19:15:03
10261,Paneer Tikka,102,Local Eatery,68,164,70.6,22.1,2025-03-09 19:07:06
10262,Chaat Papdi,91,Local Eatery,104,197,76.7,14.6,2025-10-24 09:51:26
10263,Sabudana Khichdi,66,Fine Dining,1320,1908,80.2,8.0,2026-03-16 19:45:07
10264,Family Recipe Rasam,111,Local Eatery,97,274,71.4,22.3,2025-03-05 06:28:55
10265,Family Recipe Bebinca,80,Street Food,26,136,85.7,0,2026-04-25 01:57:55
10266,Authentic Kadhi Chawal,128,Street Food,69,129,96.5,0,2025-11-16 18:55:21
10267,Deluxe Chila,62,Mid-range Restaurant,289,672,75.8,10.7,2026-04-18 12:12:12
10268,Payasam,111,Fine Dining,1161,1363,85.8,0,2025-10-27 15:24:51
10269,Smoked Pork,12,Street Food,22,128,79.8,3.7,2026-06-11 07:22:39
10270,Authentic Masala Dosa,6,Street Food,30,44,41.4,52.6,2025-05-06 01:47:03
10271,Chef's Tandoori Roti,94,Fine Dining,846,2110,79.7,6.0,2025-05-19 16:28:55
10272,Spicy Modak,32,Local Eatery,109,203,83.6,2.1,2025-11-27 08:01:02
10273,Special Golgappa,119,Sweet Shop,205,326,72.3,22.3,2025-10-16 11:26:57
10274,Bisi Bele Bath,116,Mid-range Restaurant,233,508,73.4,17.7,2025-05-04 04:52:03
10275,Chak-hao Kheer,82,Local Eatery,170,206,91.1,0,2025-11-05 13:34:43
10276,Nihari,120,Local Eatery,81,210,85.7,0,2026-02-23 10:19:53
10277,Signature Bebinca,117,Roadside Stall,47,113,55.2,32.6,2025-05-27 20:02:19
10278,Spicy Kadhi Chawal,124,Fine Dining,751,1948,84.2,1.2,2025-08-04 09:34:29
10279,Classic Axone,10,Local Eatery,124,229,72.8,15.6,2026-06-03 02:20:44
10280,Momos,19,Local Eatery,149,260,46.1,54.4,2026-05-16 00:22:54
10281,Special Chaat Papdi,125,Street Food,69,88,60.6,30.1,2025-10-25 16:18:16
10282,Street-side Khandvi,70,Local Eatery,125,269,76.3,10.4,2025-05-29 06:14:50
10283,Street-side Momos,139,Mid-range Restaurant,402,567,79.9,3.6,2025-11-24 18:18:16
10284,Traditional Dhokla,29,Local Eatery,129,298,58.2,35.8,2025-06-27 02:36:01
10285,Zan,84,Mid-range Restaurant,300,499,83.4,1.3,2026-05-22 13:18:05
10286,Family Recipe Jadoh,117,Fine Dining,686,758,61.6,20.6,2025-06-19 03:00:38
10287,Chef's Puran Poli,72,Roadside Stall,55,88,51.6,31.2,2026-02-22 07:09:53
10288,Nihari,122,Local Eatery,138,237,88.9,0,2026-06-11 14:05:15
10289,Roadside Aloo Posto,134,Fine Dining,902,1637,88.1,0,2026-05-12 11:00:08
10290,Traditional Dahi Vada,19,Street Food,69,134,70.1,20.5,2025-03-19 01:55:50
10291,Chettinad Chicken,109,Roadside Stall,36,103,73.1,10.8,2025-08-20 22:42:37
10292,Festival Axone,118,Roadside Stall,18,93,77.1,5.3,2025-08-31 19:07:47
10293,Paneer Tikka,120,Mid-range Restaurant,224,491,86.9,0,2025-07-19 04:08:54
10294,Classic Rajma Chawal,102,Mid-range Restaurant,303,429,74.5,15.6,2025-10-02 05:55:07
10295,Spicy Poha Jalebi,22,Sweet Shop,162,310,67.0,24.4,2025-12-08 05:46:08
10296,Family Recipe Dal Bafla,63,Mid-range Restaurant,257,374,83.1,3.1,2026-04-21 21:03:33
10297,Grandma's Bhutte ka Kees,64,Street Food,22,75,87.3,0,2025-11-15 17:21:21
10298,Paneer Tikka,91,Local Eatery,68,223,62.3,22.9,2025-12-20 12:44:27
10299,Kolhapuri Mutton,75,Sweet Shop,162,189,68.7,15.5,2026-01-30 16:15:26
10300,Family Recipe Smoked Pork,78,Local Eatery,149,189,63.2,18.3,2025-12-04 19:49:00
10301,Roadside Puttu Kadala,4,Mid-range Restaurant,369,472,65.9,31.8,2025-09-16 04:36:01
10302,Pav Bhaji,72,Street Food,55,143,58.1,27.1,2025-09-06 04:56:50
10303,Bisi Bele Bath,55,Roadside Stall,34,96,70.1,18.3,2025-08-02 07:20:24
10304,Deluxe Pav Bhaji,28,Mid-range Restaurant,258,381,75.1,13.9,2025-10-05 12:40:19
10305,Spicy Jadoh,117,Fine Dining,1408,2446,43.4,52.0,2025-03-14 10:19:20
10306,Bisi Bele Bath,48,Sweet Shop,121,232,79.9,6.0,2025-04-30 13:40:14
10307,Dahi Vada,45,Mid-range Restaurant,224,269,64.2,36.2,2025-07-01 01:20:09
10308,Festival Undhiyu,26,Fine Dining,1145,1845,66.4,30.3,2026-03-19 05:52:15
10309,Pongal,107,Local Eatery,130,285,79.1,10.3,2026-02-14 00:13:28
10310,Lassi,120,Sweet Shop,186,352,41.3,55.3,2025-09-01 11:39:52
10311,Paneer Tikka,101,Roadside Stall,55,113,57.9,20.6,2026-01-30 10:17:12
10312,Vada Sambar,116,Fine Dining,1492,1944,70.8,19.6,2025-10-15 06:39:53
10313,Extra Cheesy Pav Bhaji,69,Mid-range Restaurant,387,592,90.9,0,2026-04-10 08:37:52
10314,Rasam,2,Street Food,67,95,43.3,63.9,2025-09-13 05:54:15
10315,Naga Chutney,9,Roadside Stall,41,54,69.3,27.2,2026-02-14 12:52:42
10316,Undhiyu,70,Mid-range Restaurant,193,265,82.6,2.5,2026-02-17 11:28:14
10317,Homestyle Golgappa,43,Fine Dining,1110,2265,81.4,2.5,2025-05-02 01:09:13
10318,Deluxe Litti Chokha,15,Fine Dining,890,1268,63.1,23.8,2025-07-24 07:28:06
10319,Grandma's Macher Jhol,139,Mid-range Restaurant,200,536,84.3,0.8,2025-07-10 23:02:27
10320,Authentic Vada Pav,74,Fine Dining,1323,1460,85.7,0,2025-06-21 03:17:07
10321,Chef's Bhel Puri,69,Mid-range Restaurant,412,638,58.0,46.6,2025-10-12 01:41:08
10322,Chef's Amritsari Kulcha,42,Fine Dining,991,2306,64.1,28.7,2025-03-30 11:32:54
10323,Village-style Bafla,65,Roadside Stall,15,84,48.4,65.8,2025-07-14 05:37:25
10324,Local Favourite Chhena Poda,86,Mid-range Restaurant,343,398,69.1,26.0,2025-08-05 22:22:13
10325,Sarson da Saag,129,Roadside Stall,47,84,79.5,7.9,2026-05-22 02:00:30
10326,Bafla,65,Street Food,60,136,52.5,52.2,2025-06-15 19:29:25
10327,Extra Cheesy Litti Chokha,131,Roadside Stall,44,103,43.6,51.0,2025-01-01 05:43:19
10328,Street-side Nihari,125,Roadside Stall,17,54,58.8,38.9,2026-06-14 22:19:10
10329,Royal Tandoori Roti,98,Sweet Shop,115,177,81.3,5.6,2025-12-07 01:30:18
10330,Village-style Payasam,109,Fine Dining,1383,2364,77.4,13.0,2025-07-05 21:39:39
10331,Festival Idiyappam,5,Sweet Shop,44,320,64.7,15.9,2025-02-03 05:35:18
10332,Prawn Balchao,31,Local Eatery,121,180,50.3,33.0,2025-03-09 22:31:24
10333,Village-style Puran Poli,34,Street Food,71,122,86.3,0,2025-05-21 09:08:21
10334,Grandma's Bafla,67,Roadside Stall,48,65,63.3,16.1,2025-10-17 04:04:34
10335,Bhel Puri,76,Sweet Shop,32,66,86.9,0,2026-02-07 07:10:33
10336,Spicy Macher Jhol,87,Street Food,60,87,81.0,5.1,2025-09-16 05:33:27
10337,Homestyle Bhutte ka Kees,66,Local Eatery,117,165,47.0,60.7,2025-04-09 20:08:00
10338,Extra Cheesy Aloo Posto,47,Mid-range Restaurant,292,629,61.2,15.4,2025-06-03 21:39:13
10339,Local Favourite Bafla,68,Local Eatery,90,174,43.2,26.2,2025-11-16 07:13:36
10340,Spicy Hyderabadi Biryani,113,Roadside Stall,49,107,40.0,39.7,2025-04-01 11:53:50
10341,Premium Puran Poli,75,Roadside Stall,46,57,70.3,18.1,2025-08-15 20:36:58
10342,Quick-bite Bafla,21,Street Food,29,54,67.8,24.9,2026-03-15 23:29:52
10343,Bisi Bele Bath,106,Sweet Shop,169,327,77.7,8.5,2026-06-05 21:25:37
10344,Bebinca,11,Roadside Stall,39,90,61.5,31.6,2025-02-12 18:06:27
10345,Homestyle Pongal,6,Mid-range Restaurant,173,277,64.9,33.3,2025-08-04 00:11:34
10346,Authentic Sandesh,136,Sweet Shop,199,351,48.4,35.4,2026-03-29 07:14:24
10347,Nihari,128,Street Food,20,104,43.6,30.5,2025-01-27 01:59:19
10348,Homestyle Khandvi,33,Sweet Shop,161,180,83.1,1.4,2025-07-08 22:21:20
10349,Village-style Golgappa,35,Street Food,31,113,82.2,4.5,2026-02-02 07:02:33
10350,Rasam,49,Local Eatery,163,262,84.1,1.0,2026-06-27 13:43:13
10351,Rajma Chawal,128,Roadside Stall,66,117,65.3,19.8,2026-03-03 20:47:17
10352,Homestyle Macher Jhol,47,Street Food,58,71,58.2,32.0,2025-09-05 20:46:41
10353,Quick-bite Curd Rice,54,Local Eatery,85,268,64.2,20.1,2025-12-13 04:21:47
10354,Festival Aloo Paratha,92,Fine Dining,1108,1384,79.8,5.2,2025-08-12 08:40:04
10355,Classic Chak-hao Kheer,10,Local Eatery,177,245,67.3,30.5,2025-01-04 23:44:48
10356,Festival Malai Kofta,38,Sweet Shop,66,377,80.7,7.0,2026-02-02 00:25:57
10357,Idli Sambar,6,Mid-range Restaurant,351,394,63.0,17.1,2025-09-21 19:49:07
10358,Bisi Bele Bath,2,Roadside Stall,38,62,52.6,33.5,2026-03-29 17:30:58
10359,Golgappa,101,Fine Dining,1047,1586,49.5,43.9,2025-10-09 06:53:45
10360,Village-style Chaat Papdi,100,Sweet Shop,85,184,79.3,6.1,2025-06-15 15:33:26
10361,Kachori,35,Fine Dining,1297,1685,80.7,7.1,2025-07-19 01:51:02
10362,Village-style Sabudana Khichdi,66,Fine Dining,1345,1932,61.6,16.4,2026-04-10 00:03:25
10363,Kosha Mangsho,86,Sweet Shop,145,309,61.5,39.7,2025-12-28 21:19:30
10364,Jadoh,105,Mid-range Restaurant,177,683,75.9,9.1,2026-02-09 03:55:05
10365,Authentic Pork with Bamboo Shoot,83,Fine Dining,632,1357,81.3,5.7,2026-03-08 21:17:14
10366,Rajma Chawal,121,Mid-range Restaurant,282,423,56.2,39.2,2026-04-10 13:10:29
10367,Traditional Kachori,124,Roadside Stall,33,92,48.2,55.5,2025-06-04 08:12:52
10368,Sandesh,136,Sweet Shop,78,90,91.2,0,2026-04-14 18:47:21
10369,Homestyle Pork with Bamboo Shoot,8,Sweet Shop,214,394,71.0,8.8,2026-04-19 05:34:48
10370,Family Recipe Kachori,94,Street Food,64,137,88.7,0,2025-03-31 10:42:01
10371,Kadhi Bafla,67,Street Food,26,90,77.4,8.4,2025-10-31 04:24:36
10372,Traditional Kachori,120,Fine Dining,535,2425,91.8,0,2025-01-13 21:15:54
10373,Deluxe Payasam,111,Sweet Shop,64,151,79.9,8.0,2026-05-21 08:17:58
10374,Festival Chhena Poda,89,Local Eatery,140,209,93.3,0,2025-10-20 07:08:57
10375,Extra Cheesy Khandvi,74,Sweet Shop,108,363,76.5,5.4,2026-03-10 08:14:58
10376,Spicy Chingri Malai Curry,16,Street Food,49,61,78.3,4.6,2025-01-04 07:01:05
10377,Pesarattu,60,Mid-range Restaurant,279,662,87.0,0,2025-05-28 13:19:42
10378,Thukpa,103,Sweet Shop,138,265,71.3,12.5,2025-12-29 22:35:54
10379,Uttapam,54,Mid-range Restaurant,198,260,71.1,22.5,2025-04-24 17:29:17
10380,Paneer Tikka,120,Local Eatery,102,299,65.8,22.4,2025-05-01 03:51:49
10381,Litti Chokha,130,Street Food,80,131,71.8,20.0,2025-05-23 21:29:37
10382,Chef's Bhel Puri,69,Street Food,38,52,83.3,2.4,2026-06-10 20:15:20
10383,Premium Aloo Posto,87,Sweet Shop,77,355,58.9,38.6,2025-12-29 08:29:10
10384,Dal Makhani,91,Mid-range Restaurant,343,535,87.0,0,2025-03-05 04:39:09
10385,Royal Chak-hao Kheer,81,Fine Dining,1158,1843,81.4,3.4,2025-01-02 15:24:58
10386,Grandma's Meen Curry,108,Roadside Stall,63,106,80.7,4.0,2025-04-26 06:54:26
10387,Festival Pitha,84,Street Food,29,47,52.4,35.3,2026-03-10 11:53:44
10388,Village-style Chettinad Chicken,1,Mid-range Restaurant,331,478,56.5,18.8,2026-05-03 06:05:40
10389,Deluxe Bafla,63,Sweet Shop,62,83,62.2,16.2,2025-08-13 05:41:32
10390,Street-side Dahi Vada,138,Mid-range Restaurant,305,696,70.1,15.5,2025-08-19 19:25:54
10391,Street-side Puttu Kadala,60,Fine Dining,914,1006,62.4,34.6,2025-04-28 07:04:50
10392,Quick-bite Mysore Pak,60,Roadside Stall,25,56,45.0,66.1,2025-01-10 02:13:36
10393,Festival Aloo Posto,47,Roadside Stall,64,113,61.7,34.9,2026-03-03 15:14:51
10394,Classic Masala Dosa,50,Roadside Stall,54,83,83.6,1.8,2025-11-25 03:00:45
10395,Pongal,109,Fine Dining,783,2213,72.6,18.9,2025-11-28 16:31:55
10396,Spicy Modak,72,Roadside Stall,64,86,66.4,31.9,2026-02-10 18:46:28
10397,Golgappa,94,Street Food,39,69,77.5,12.4,2025-04-02 08:59:36
10398,Khandvi,26,Local Eatery,156,252,69.7,18.1,2025-06-13 16:21:18
10399,Chettinad Chicken,60,Street Food,29,145,83.3,1.4,2026-01-05 01:29:20
10400,Quick-bite Kolhapuri Mutton,25,Sweet Shop,150,374,85.0,0,2025-01-11 07:47:02
10401,Homestyle Filter Coffee,58,Local Eatery,152,288,52.9,39.6,2026-04-05 17:51:11
10402,Litti Chokha,136,Local Eatery,144,203,89.3,0,2026-01-19 03:12:59
10403,Special Momos,86,Mid-range Restaurant,378,692,61.2,20.6,2025-10-11 14:08:09
10404,Local Favourite Rajma Chawal,37,Sweet Shop,94,250,83.8,1.8,2026-05-11 15:20:35
10405,Sarson da Saag,120,Fine Dining,1029,2060,72.5,10.9,2025-02-08 12:04:23
10406,Grandma's Chingri Malai Curry,89,Mid-range Restaurant,404,602,88.4,0,2025-10-23 04:06:12
10407,Authentic Khandvi,73,Roadside Stall,40,101,85.5,0,2025-03-02 12:42:35
10408,Traditional Mysore Pak,3,Fine Dining,1323,1669,51.2,54.9,2025-11-03 11:21:58
10409,Momos,89,Local Eatery,129,180,52.7,39.4,2025-01-22 21:41:16
10410,Chak-hao Kheer,105,Roadside Stall,32,71,56.7,45.0,2025-12-28 04:14:42
10411,Khandvi,75,Mid-range Restaurant,280,583,63.8,12.8,2026-01-21 00:48:51
10412,Nihari,96,Fine Dining,1181,2081,77.2,9.6,2026-01-09 21:32:32
10413,Festival Butter Chicken,102,Street Food,46,102,62.0,18.3,2025-11-26 13:40:17
10414,Chef's Khandvi,33,Sweet Shop,150,169,71.4,23.8,2025-07-07 20:11:32
10415,Fish Tenga,9,Fine Dining,940,2139,63.2,24.2,2025-05-25 10:44:12
10416,Royal Pork with Bamboo Shoot,10,Roadside Stall,22,74,84.1,0.8,2025-08-31 10:08:33
10417,Masala Dosa,49,Street Food,69,81,86.1,0,2026-06-14 15:44:13
10418,Classic Pork with Bamboo Shoot,7,Roadside Stall,67,90,92.7,0,2025-02-02 07:25:05
10419,Homestyle Modak,75,Street Food,37,68,77.2,9.8,2025-07-08 14:02:11
10420,Homestyle Malai Kofta,38,Mid-range Restaurant,329,536,63.5,20.0,2026-02-16 09:02:14
10421,Extra Cheesy Dahi Vada,18,Local Eatery,132,244,51.6,25.9,2025-05-10 11:52:43
10422,Family Recipe Modak,33,Fine Dining,948,1443,60.7,36.9,2025-02-03 22:37:31
10423,Tandoori Roti,95,Roadside Stall,32,74,64.3,36.6,2025-08-17 19:57:13
10424,Pesarattu,5,Street Food,48,78,58.5,18.8,2025-07-07 22:36:15
10425,Premium Chaat Papdi,95,Roadside Stall,59,88,79.6,5.4,2025-10-11 13:36:53
10426,Bhel Puri,33,Sweet Shop,190,391,82.7,3.5,2025-08-30 11:56:58
10427,Aloo Paratha,121,Local Eatery,71,227,60.4,26.6,2025-09-21 16:34:07
10428,Traditional Butter Chicken,37,Mid-range Restaurant,357,411,54.6,18.6,2026-05-04 15:34:50
10429,Pork with Bamboo Shoot,79,Local Eatery,172,293,54.1,32.2,2025-09-17 23:08:17
10430,Street-side Masala Dosa,109,Street Food,57,110,63.8,26.9,2025-07-04 19:50:47
10431,Traditional Bisi Bele Bath,110,Roadside Stall,63,82,77.7,13.1,2025-06-18 02:44:01
10432,Malai Kofta,38,Street Food,84,133,89.8,0,2025-11-03 03:11:07
10433,Curd Rice,51,Street Food,38,81,69.5,14.5,2025-05-30 07:02:25
10434,Authentic Modak,25,Street Food,36,127,49.1,23.9,2026-03-29 07:33:30
10435,Goan Fish Curry,25,Sweet Shop,69,126,61.7,38.0,2025-03-22 05:59:49
10436,Premium Uttapam,6,Mid-range Restaurant,295,332,56.1,22.6,2025-07-31 03:31:39
10437,Roadside Shorshe Ilish,16,Mid-range Restaurant,368,477,58.8,21.1,2026-06-11 07:49:10
10438,Family Recipe Dalma,16,Local Eatery,135,263,85.3,0,2025-05-28 16:15:32
10439,Classic Khandvi,69,Sweet Shop,59,73,52.8,28.7,2025-11-26 20:35:11
10440,Pav Bhaji,23,Sweet Shop,133,301,69.7,15.7,2026-06-09 11:34:32
10441,Amritsari Kulcha,102,Fine Dining,573,745,47.1,66.6,2026-05-06 21:17:00
10442,Traditional Kadhi Bafla,68,Sweet Shop,91,320,51.6,59.7,2026-02-12 19:05:11
10443,Local Favourite Poha Jalebi,67,Sweet Shop,212,400,73.0,17.9,2025-07-30 22:55:23
10444,Street-side Idli Sambar,112,Street Food,84,112,68.0,16.7,2025-06-08 17:17:04
10445,Bebinca,34,Fine Dining,999,1376,68.2,25.0,2025-09-12 23:23:01
10446,Idiyappam,111,Sweet Shop,92,158,76.9,13.7,2025-11-11 01:36:56
10447,Dalma,135,Local Eatery,160,228,63.1,36.7,2025-11-24 09:51:05
10448,Special Masala Dosa,54,Roadside Stall,33,82,65.0,28.6,2026-06-13 19:50:14
10449,Chettinad Chicken,1,Roadside Stall,32,70,52.5,49.8,2026-03-15 21:12:43
10450,Traditional Sarson da Saag,96,Sweet Shop,39,171,66.8,27.8,2025-08-30 06:15:24
10451,Chef's Chettinad Chicken,116,Street Food,68,135,57.4,48.9,2025-05-03 19:54:24
10452,Bamboo Shoot Curry,84,Mid-range Restaurant,243,358,60.5,43.4,2025-03-12 15:32:41
10453,Family Recipe Thepla,23,Fine Dining,715,1292,54.4,53.3,2025-12-04 14:04:42
10454,Signature Bebinca,117,Roadside Stall,54,106,73.8,10.3,2025-05-09 15:00:32
10455,Classic Butter Chicken,36,Fine Dining,1286,2376,90.9,0,2025-08-04 10:50:30
10456,Deluxe Lassi,94,Fine Dining,1240,1699,38.2,57.1,2025-11-16 06:54:35
10457,Masala Dosa,60,Sweet Shop,163,379,59.9,42.1,2025-04-02 10:22:37
10458,Extra Cheesy Lassi,92,Fine Dining,1319,2207,77.5,12.4,2026-01-08 21:11:34
10459,Street-side Litti Chokha,119,Street Food,37,129,70.0,23.6,2025-04-17 23:21:02
10460,Authentic Malai Kofta,129,Fine Dining,704,1424,73.8,15.7,2026-06-30 16:47:52
10461,Special Hyderabadi Biryani,56,Roadside Stall,36,90,67.4,27.8,2025-10-29 16:54:37
10462,Signature Filter Coffee,3,Roadside Stall,55,75,68.8,28.0,2026-02-27 05:59:15
10463,Special Aloo Posto,134,Sweet Shop,55,365,67.6,27.3,2026-05-30 19:50:17
10464,Premium Chila,20,Fine Dining,1417,1735,85.1,0,2025-07-14 04:21:56
10465,Royal Jadoh,7,Mid-range Restaurant,305,580,51.4,39.1,2025-05-21 15:02:05
10466,Pongal,110,Local Eatery,67,289,41.8,70.8,2026-03-04 02:06:29
10467,Premium Chole Bhature,43,Mid-range Restaurant,380,539,85.7,0,2025-02-20 17:40:18
10468,Macher Jhol,136,Roadside Stall,57,116,65.5,26.6,2026-01-05 18:27:35
10469,Deluxe Dalma,17,Mid-range Restaurant,407,444,83.1,1.7,2025-10-01 00:58:19
10470,Special Bamboo Shoot Curry,117,Fine Dining,1323,1636,71.9,19.7,2025-07-21 20:22:16
10471,Premium Pesarattu,53,Sweet Shop,42,151,66.9,18.3,2025-02-24 10:03:53
10472,Premium Payasam,108,Street Food,83,144,71.6,16.4,2025-08-21 09:48:57
10473,Pork with Bamboo Shoot,8,Street Food,67,119,86.5,0,2025-10-09 06:02:26
10474,Grandma's Pongal,4,Mid-range Restaurant,221,424,82.4,2.0,2026-04-01 09:07:41
10475,Festival Vada Sambar,107,Mid-range Restaurant,291,534,62.0,31.0,2025-09-11 17:08:10
10476,Quick-bite Mysore Pak,113,Fine Dining,1165,1841,72.9,11.2,2025-06-12 20:10:52
10477,Spicy Bamboo Shoot Curry,85,Local Eatery,67,150,40.7,55.8,2025-07-27 03:03:37
10478,Royal Kadhi Bafla,62,Local Eatery,71,282,82.3,2.4,2025-03-12 02:22:43
10479,Roadside Chole Bhature,39,Roadside Stall,17,78,58.3,30.4,2025-06-21 15:54:50
10480,Village-style Aloo Posto,19,Roadside Stall,16,65,85.7,0,2025-05-05 13:46:22
10481,Special Filter Coffee,55,Fine Dining,607,1760,78.0,6.6,2026-05-28 21:19:46
10482,Idli Sambar,61,Sweet Shop,91,345,47.8,61.6,2025-03-24 11:00:55
10483,Kachori,40,Fine Dining,518,1430,75.4,6.5,2025-04-10 18:37:16
10484,Roadside Litti Chokha,134,Local Eatery,71,159,62.3,25.3,2025-05-23 16:21:47
10485,Homestyle Sandesh,16,Roadside Stall,15,109,71.5,12.6,2026-04-08 17:11:18
10486,Butter Chicken,131,Mid-range Restaurant,341,465,93.2,0,2026-03-19 00:38:18
10487,Signature Dalma,90,Mid-range Restaurant,186,634,59.1,29.1,2025-03-16 08:36:56
10488,Traditional Filter Coffee,56,Street Food,82,132,40.9,71.6,2025-05-13 08:46:28
10489,Sol Kadhi,73,Sweet Shop,59,144,76.6,14.5,2025-08-22 14:00:18
10490,Chak-hao Kheer,103,Roadside Stall,63,92,72.8,8.6,2025-08-17 04:26:09
10491,Kachori,130,Mid-range Restaurant,152,311,73.0,21.0,2025-10-13 01:44:12
10492,Roadside Filter Coffee,2,Roadside Stall,44,110,85.1,0,2026-06-17 06:49:07
10493,Pongal,107,Fine Dining,1326,2186,48.1,49.9,2025-05-22 02:51:14
10494,Chaat Papdi,122,Street Food,31,43,70.0,12.0,2025-07-19 09:24:59
10495,Classic Momos,135,Sweet Shop,136,268,80.4,3.3,2025-07-04 22:09:44
10496,Chaat Papdi,127,Mid-range Restaurant,421,651,77.5,10.9,2026-04-03 06:40:57
10497,Misal Pav,71,Local Eatery,178,259,83.3,2.3,2026-06-07 01:15:19
10498,Family Recipe Litti Chokha,88,Fine Dining,934,1764,82.5,3.8,2026-03-10 01:15:13
10499,Zan,14,Street Food,72,117,65.1,29.0,2025-01-31 18:14:56
10500,Local Favourite Sarson da Saag,40,Roadside Stall,38,96,67.1,29.6,2025-10-07 12:03:02
10501,Quick-bite Macher Jhol,19,Local Eatery,100,278,81.8,4.8,2026-02-05 03:48:03
10502,Local Favourite Meen Curry,114,Local Eatery,115,296,88.9,0,2025-02-26 08:09:40
10503,Goan Fish Curry,73,Street Food,24,57,60.1,29.0,2025-11-29 08:36:40
10504,Spicy Tandoori Roti,123,Street Food,76,94,60.2,26.4,2025-08-03 22:09:03
10505,Family Recipe Dahi Vada,87,Mid-range Restaurant,399,685,66.2,14.1,2025-11-09 18:32:57
10506,Dalma,18,Mid-range Restaurant,327,645,64.3,22.7,2026-04-09 00:06:40
10507,Special Puttu Kadala,48,Local Eatery,166,190,86.0,0,2025-07-28 13:25:06
10508,Grandma's Kosha Mangsho,45,Local Eatery,106,140,79.6,4.6,2025-06-08 07:05:54
10509,Bhutte ka Kees,63,Sweet Shop,202,346,68.5,27.6,2025-02-22 22:01:20
10510,Homestyle Fish Tenga,85,Mid-range Restaurant,307,579,71.0,22.8,2026-04-03 20:07:22
10511,Momos,11,Street Food,84,146,78.3,4.9,2025-02-14 14:22:31
10512,Local Favourite Bisi Bele Bath,107,Local Eatery,99,253,62.7,15.3,2025-05-12 21:17:59
10513,Lassi,122,Local Eatery,178,193,91.3,0,2025-03-28 07:15:02
10514,Special Fish Tenga,78,Fine Dining,1149,1376,80.6,5.1,2026-04-01 15:47:05
10515,Roadside Pitha,103,Local Eatery,170,235,88.2,0,2025-02-28 16:31:38
10516,Special Smoked Pork,118,Street Food,41,108,75.6,13.2,2026-05-14 15:37:04
10517,Sandesh,16,Sweet Shop,129,175,51.3,38.3,2025-07-27 10:32:15
10518,Premium Idiyappam,116,Sweet Shop,136,235,60.5,22.8,2025-10-22 18:14:53
10519,Dal Bafla,21,Street Food,31,133,54.5,24.0,2026-01-26 11:47:23
10520,Aloo Posto,90,Street Food,78,99,68.1,30.2,2026-06-20 13:02:44
10521,Uttapam,59,Local Eatery,96,116,61.2,19.0,2025-02-26 08:32:21
10522,Sarson da Saag,121,Sweet Shop,138,353,47.8,55.3,2026-01-02 19:52:55
10523,Street-side Sandesh,18,Street Food,69,104,48.1,41.7,2026-03-07 18:14:29
10524,Sarson da Saag,98,Fine Dining,598,2416,84.2,0.7,2026-04-11 19:39:46
10525,Mysore Pak,112,Street Food,85,119,70.0,9.0,2025-01-16 10:09:54
10526,Traditional Thukpa,8,Local Eatery,97,264,41.2,45.1,2025-09-19 03:34:11
10527,Vada Pav,23,Street Food,47,134,94.0,0,2025-04-06 14:46:53
10528,Homestyle Sandesh,89,Fine Dining,673,1520,74.1,10.8,2025-10-18 06:17:36
10529,Signature Khandvi,26,Roadside Stall,49,120,74.2,19.1,2025-12-16 12:06:21
10530,Homestyle Payasam,108,Street Food,63,139,67.3,15.4,2026-03-25 08:42:58
10531,Traditional Chole Bhature,95,Sweet Shop,179,204,68.2,23.4,2025-07-27 12:31:00
10532,Sabudana Khichdi,20,Sweet Shop,64,374,80.4,4.2,2025-05-25 10:17:51
10533,Golgappa,133,Fine Dining,829,980,93.8,0,2025-08-22 07:50:44
10534,Bamboo Shoot Curry,9,Sweet Shop,157,334,80.5,3.7,2026-05-06 05:42:51
10535,Grandma's Smoked Pork,7,Fine Dining,1000,1837,70.3,26.1,2026-03-23 01:54:06
10536,Special Sol Kadhi,30,Sweet Shop,93,232,78.9,4.1,2025-11-06 08:27:29
10537,Bhel Puri,34,Fine Dining,1143,2390,57.0,19.7,2025-10-26 18:48:40
10538,Roadside Bhutte ka Kees,21,Sweet Shop,162,303,53.7,51.6,2026-02-25 05:50:27
10539,Prawn Balchao,26,Fine Dining,785,1065,67.9,27.6,2026-04-24 20:41:49
10540,Payasam,110,Roadside Stall,21,75,52.5,22.4,2025-03-08 21:24:28
10541,Bhutte ka Kees,63,Roadside Stall,43,62,87.9,0,2025-09-17 03:46:02
10542,Local Favourite Undhiyu,29,Street Food,34,143,79.5,7.5,2025-06-19 03:09:16
10543,Amritsari Kulcha,127,Roadside Stall,66,88,55.0,34.8,2025-11-27 09:51:43
10544,Spicy Paneer Tikka,95,Local Eatery,61,184,95.0,0,2025-08-28 08:52:55
10545,Thukpa,12,Fine Dining,933,2306,61.2,21.6,2025-11-30 12:23:43
10546,Chettinad Chicken,4,Fine Dining,929,2479,79.7,7.2,2025-02-06 02:53:29
10547,Quick-bite Khandvi,33,Sweet Shop,159,315,59.8,18.9,2025-07-22 04:07:29
10548,Hyderabadi Biryani,113,Local Eatery,177,280,61.4,29.1,2025-02-06 04:16:35
10549,Amritsari Kulcha,123,Fine Dining,732,932,63.7,27.3,2026-02-16 15:52:37
10550,Local Favourite Macher Jhol,86,Local Eatery,74,297,83.5,1.2,2025-06-27 14:12:55
10551,Village-style Fish Tenga,14,Roadside Stall,57,96,76.8,6.4,2026-03-11 02:38:09
10552,Premium Filter Coffee,49,Roadside Stall,67,93,88.6,0,2025-11-01 19:29:15
10553,Puran Poli,73,Roadside Stall,54,96,80.7,3.5,2025-11-11 14:12:18
10554,Royal Meen Curry,5,Sweet Shop,35,350,82.4,4.2,2025-04-16 03:15:21
10555,Thukpa,84,Roadside Stall,16,98,93.7,0,2025-12-27 12:06:55
10556,Thepla,30,Local Eatery,130,279,62.5,39.3,2026-02-06 01:09:35
10557,Traditional Bisi Bele Bath,49,Roadside Stall,33,120,71.5,19.4,2026-01-12 03:09:48
10558,Chef's Rajma Chawal,120,Street Food,56,137,60.8,25.7,2025-11-03 13:25:45
10559,Roadside Litti Chokha,123,Roadside Stall,45,94,96.7,0,2025-10-18 20:11:21
10560,Vada Sambar,114,Roadside Stall,60,95,80.0,4.5,2025-01-28 02:34:46
10561,Malai Kofta,91,Roadside Stall,17,105,77.1,13.3,2025-12-30 14:36:58
10562,Pitha,13,Roadside Stall,28,61,55.3,25.4,2025-10-07 09:31:44
10563,Special Sol Kadhi,73,Mid-range Restaurant,322,454,76.5,8.2,2025-01-25 11:10:01
10564,Quick-bite Vada Pav,29,Sweet Shop,130,352,77.1,11.8,2025-07-21 05:37:30
10565,Kothu Parotta,114,Sweet Shop,33,275,78.9,7.1,2026-06-24 07:20:25
10566,Chef's Bisi Bele Bath,114,Fine Dining,854,2270,86.9,0,2025-05-19 21:57:17
10567,Premium Chole Bhature,132,Mid-range Restaurant,167,470,56.9,19.0,2025-10-25 20:02:56
10568,Lassi,132,Fine Dining,701,1425,71.5,10.6,2026-02-11 06:27:37
10569,Village-style Amritsari Kulcha,119,Fine Dining,581,1476,63.7,29.9,2026-04-10 23:07:38
10570,Payasam,58,Local Eatery,69,180,50.2,59.3,2026-04-10 19:07:36
10571,Pitha,87,Local Eatery,95,139,78.5,7.3,2026-02-18 13:55:53
10572,Street-side Kosha Mangsho,18,Street Food,27,133,44.0,65.6,2025-07-07 06:22:37
10573,Deluxe Rajma Chawal,124,Fine Dining,910,2137,83.5,2.2,2025-12-06 08:43:19
10574,Roadside Litti Chokha,43,Local Eatery,164,290,53.7,49.4,2026-02-27 07:07:28
10575,Grandma's Aloo Posto,134,Sweet Shop,180,222,83.1,3.4,2025-04-23 03:36:05
10576,Extra Cheesy Chaat Papdi,125,Sweet Shop,64,177,88.0,0,2025-03-21 17:20:34
10577,Street-side Curd Rice,109,Fine Dining,1396,2167,65.6,13.4,2025-06-20 15:47:44
10578,Chole Bhature,35,Street Food,82,133,70.6,17.5,2026-03-04 11:54:50
10579,Premium Jadoh,117,Sweet Shop,75,195,53.1,38.9,2025-04-05 06:03:34
10580,Sandesh,18,Sweet Shop,153,225,51.2,45.5,2026-06-20 03:20:13
10581,Curd Rice,114,Local Eatery,82,194,82.9,2.5,2025-07-27 21:40:17
10582,Spicy Dalma,89,Roadside Stall,43,106,59.0,24.8,2025-11-03 21:17:48
10583,Sandesh,86,Local Eatery,76,139,86.7,0,2026-02-09 19:18:11
10584,Traditional Bebinca,85,Roadside Stall,46,60,66.2,20.9,2025-12-01 13:53:31
10585,Chole Bhature,132,Local Eatery,92,215,87.2,0,2025-05-16 20:41:42
10586,Special Sabudana Khichdi,63,Fine Dining,1403,1530,72.3,8.9,2026-03-12 02:48:52
10587,Street-side Chaat Papdi,130,Mid-range Restaurant,309,585,76.4,5.6,2025-12-27 13:34:37
10588,Tandoori Roti,122,Local Eatery,166,213,65.7,20.7,2025-06-22 08:33:56
10589,Local Favourite Bebinca,81,Mid-range Restaurant,353,619,77.9,8.9,2026-03-23 05:42:54
10590,Street-side Curd Rice,4,Fine Dining,1273,2324,68.4,25.7,2025-10-23 23:57:44
10591,Roadside Kachori,95,Street Food,21,143,74.2,6.8,2025-12-30 09:59:00
10592,Chak-hao Kheer,80,Street Food,75,113,75.8,8.5,2025-08-01 20:43:01
10593,Vada Pav,69,Local Eatery,142,215,72.6,14.5,2025-12-30 04:13:45
10594,Dhokla,70,Mid-range Restaurant,237,650,72.8,12.1,2025-12-07 23:16:36
10595,Spicy Mutton Rogan Josh,127,Mid-range Restaurant,425,699,78.6,7.0,2026-06-22 06:18:35
10596,Special Bhel Puri,32,Mid-range Restaurant,372,502,67.0,26.5,2025-10-05 02:34:48
10597,Classic Sarson da Saag,43,Roadside Stall,36,57,69.5,16.3,2025-08-12 13:42:24
10598,Signature Paneer Tikka,93,Fine Dining,858,1585,60.8,35.9,2025-05-21 20:45:05
10599,Roadside Smoked Pork,104,Sweet Shop,114,160,89.0,0,2025-12-30 23:25:09
10600,Hyderabadi Biryani,111,Sweet Shop,63,274,68.5,14.6,2025-09-01 14:30:12
10601,Signature Pesarattu,1,Roadside Stall,63,79,80.2,7.4,2026-01-27 06:24:48
10602,Kachori,125,Mid-range Restaurant,242,532,82.4,2.2,2025-06-11 09:19:18
10603,Grandma's Aloo Paratha,131,Fine Dining,1257,1699,70.7,10.1,2025-03-06 06:41:30
10604,Paneer Tikka,131,Fine Dining,502,1119,65.9,30.1,2026-04-15 02:06:41
10605,Pongal,111,Sweet Shop,213,238,48.3,25.5,2025-08-09 07:46:58
10606,Kachori,44,Street Food,37,115,88.5,0,2025-12-09 02:47:08
10607,Bisi Bele Bath,50,Sweet Shop,177,273,71.0,13.6,2025-11-07 06:15:38
10608,Signature Payasam,60,Street Food,45,97,83.2,2.8,2025-09-28 15:31:26
10609,Street-side Chaat Papdi,43,Mid-range Restaurant,164,259,70.5,11.3,2025-07-05 16:12:59
10610,Chef's Pongal,55,Sweet Shop,151,327,68.7,21.9,2025-03-15 06:41:10
10611,Traditional Kolhapuri Mutton,29,Roadside Stall,30,69,67.2,25.9,2026-04-15 17:46:43
10612,Kolhapuri Mutton,71,Roadside Stall,30,111,93.4,0,2025-08-24 01:02:14
10613,Signature Aloo Paratha,92,Street Food,52,75,73.9,16.1,2025-03-10 22:57:35
10614,Kadhi Bafla,62,Mid-range Restaurant,424,689,49.7,38.7,2026-01-21 17:45:10
10615,Authentic Undhiyu,25,Fine Dining,875,1498,51.2,44.0,2026-04-24 17:06:31
10616,Spicy Pesarattu,116,Sweet Shop,106,190,43.1,44.0,2025-03-26 03:54:52
10617,Premium Sandesh,47,Local Eatery,98,238,81.9,5.1,2025-04-25 06:57:08
10618,Quick-bite Pitha,8,Sweet Shop,138,375,41.8,55.6,2026-01-27 19:46:07
10619,Village-style Sabudana Khichdi,66,Roadside Stall,26,74,55.6,40.8,2026-02-05 06:29:44
10620,Macher Jhol,18,Sweet Shop,136,186,74.7,15.1,2026-02-28 17:52:50
10621,Village-style Nihari,39,Fine Dining,1053,2079,58.4,47.0,2025-09-02 20:39:34
10622,Puttu Kadala,4,Mid-range Restaurant,276,410,88.9,0,2025-01-21 19:47:02
10623,Extra Cheesy Kothu Parotta,49,Roadside Stall,40,78,37.3,43.6,2025-01-22 05:32:56
10624,Royal Kadhi Chawal,119,Roadside Stall,47,107,68.1,12.2,2026-02-15 08:02:27
10625,Signature Vada Sambar,53,Sweet Shop,81,215,77.6,10.5,2025-07-11 10:35:54
10626,Quick-bite Prawn Balchao,75,Fine Dining,1288,1382,93.7,0,2026-05-27 08:16:49
10627,Festival Litti Chokha,126,Fine Dining,980,1060,61.7,15.3,2026-02-20 13:24:22
10628,Rava Kesari,54,Street Food,75,88,81.5,3.4,2025-10-03 15:25:01
10629,Special Sarson da Saag,97,Local Eatery,66,235,39.6,57.9,2025-04-25 19:01:54
10630,Amritsari Kulcha,44,Street Food,47,141,54.8,26.0,2025-01-12 06:51:04
10631,Village-style Sabudana Khichdi,22,Roadside Stall,58,94,55.9,39.9,2026-06-23 12:52:24
10632,Kachori,97,Local Eatery,75,231,51.8,26.5,2025-11-08 22:32:19
10633,Grandma's Rasam,108,Local Eatery,179,258,58.0,37.4,2025-09-07 15:30:24
10634,Nihari,123,Sweet Shop,90,253,85.6,0,2026-04-29 15:27:01
10635,Bhutte ka Kees,62,Mid-range Restaurant,220,288,95.6,0,2025-07-18 05:35:54
10636,Bebinca,117,Local Eatery,130,247,74.9,12.8,2026-06-09 21:55:40
10637,Chak-hao Kheer,10,Roadside Stall,38,81,70.1,11.7,2026-03-23 06:58:16
10638,Authentic Sarson da Saag,96,Mid-range Restaurant,325,598,65.6,14.4,2026-01-12 08:48:11
10639,Butter Chicken,131,Roadside Stall,62,78,81.6,4.4,2025-01-08 23:25:25
10640,Royal Chole Bhature,40,Street Food,30,149,88.6,0,2025-12-23 06:04:42
10641,Sarson da Saag,35,Local Eatery,68,212,48.2,23.7,2026-01-15 18:14:02
10642,Chak-hao Kheer,7,Fine Dining,753,1777,71.1,22.1,2026-03-21 13:42:10
10643,Royal Chaat Papdi,129,Street Food,70,89,75.0,9.4,2026-06-30 03:58:53
10644,Homestyle Litti Chokha,47,Mid-range Restaurant,302,456,45.2,63.0,2025-07-14 02:09:41
10645,Dal Makhani,127,Fine Dining,1257,1771,51.4,24.0,2025-09-04 00:14:51
10646,Traditional Kosha Mangsho,17,Fine Dining,873,1096,81.5,5.2,2025-01-18 14:12:23
10647,Meen Curry,111,Local Eatery,89,241,61.4,20.6,2025-08-09 12:26:39
10648,Special Aloo Paratha,102,Mid-range Restaurant,376,585,52.3,26.1,2025-01-26 15:13:50
10649,Paneer Tikka,100,Fine Dining,1017,2228,64.9,35.4,2025-02-10 13:30:49
10650,Sol Kadhi,70,Fine Dining,1100,1617,85.9,0,2025-02-13 13:52:36
10651,Paneer Tikka,130,Street Food,55,117,74.6,13.1,2026-06-02 05:17:01
10652,Royal Sol Kadhi,69,Fine Dining,1169,2238,68.8,25.6,2025-05-28 22:16:50
10653,Royal Idiyappam,106,Street Food,30,101,59.2,17.8,2025-01-03 01:25:26
10654,Special Bamboo Shoot Curry,82,Local Eatery,123,275,79.9,3.5,2025-04-08 13:29:22
10655,Bisi Bele Bath,59,Sweet Shop,185,237,67.2,29.3,2025-10-26 11:28:09
10656,Pesarattu,107,Street Food,28,139,72.8,7.6,2026-05-11 00:07:26
10657,Tandoori Roti,125,Mid-range Restaurant,402,641,76.2,8.1,2026-05-04 06:07:47
10658,Kothu Parotta,111,Street Food,61,148,77.6,11.5,2025-02-14 01:26:17
10659,Deluxe Misal Pav,73,Fine Dining,631,1603,61.7,19.9,2026-06-09 07:15:47
10660,Kadhi Chawal,125,Roadside Stall,51,111,60.0,36.4,2025-08-22 06:57:58
10661,Chhena Poda,16,Mid-range Restaurant,233,244,70.1,12.0,2025-08-29 15:34:08
10662,Appam with Stew,107,Street Food,50,94,58.4,42.7,2026-03-12 17:28:30
10663,Authentic Thepla,24,Street Food,75,87,70.9,10.9,2025-09-21 15:31:57
10664,Smoked Pork,8,Sweet Shop,37,156,86.3,0,2025-01-01 00:07:24
10665,Quick-bite Chak-hao Kheer,104,Local Eatery,105,288,70.4,13.1,2025-02-22 14:00:13
10666,Street-side Pav Bhaji,33,Fine Dining,1287,1923,55.2,52.3,2025-05-25 19:50:50
10667,Local Favourite Thukpa,83,Sweet Shop,182,400,68.8,18.7,2025-03-07 09:30:01
10668,Chef's Axone,104,Local Eatery,162,236,69.4,27.3,2026-04-16 03:08:34
10669,Village-style Pitha,79,Fine Dining,564,2385,72.3,21.8,2026-01-23 09:02:44
10670,Signature Macher Jhol,134,Street Food,81,116,57.8,36.3,2025-04-26 13:29:36
10671,Chef's Rasam,54,Local Eatery,104,143,85.7,0,2025-06-27 16:00:41
10672,Deluxe Chak-hao Kheer,83,Local Eatery,83,166,40.5,63.5,2025-07-09 06:43:44
10673,Chef's Nihari,36,Roadside Stall,63,82,90.8,0,2026-02-16 23:28:49
10674,Chingri Malai Curry,45,Roadside Stall,41,97,88.3,0,2025-02-22 10:39:55
10675,Street-side Mysore Pak,57,Fine Dining,546,1706,85.8,0,2025-03-02 16:46:54
10676,Sarson da Saag,122,Mid-range Restaurant,295,576,85.0,0,2026-03-04 08:15:32
10677,Macher Jhol,139,Roadside Stall,59,104,60.3,23.9,2025-08-16 11:39:23
10678,Kachori,44,Sweet Shop,35,194,49.4,45.3,2025-09-09 18:18:49
10679,Grandma's Litti Chokha,93,Street Food,22,102,86.4,0,2026-02-06 17:46:30
10680,Spicy Bisi Bele Bath,61,Roadside Stall,15,73,85.5,0,2025-07-14 23:15:19
10681,Litti Chokha,92,Mid-range Restaurant,228,404,87.6,0,2025-09-04 07:07:34
10682,Vada Sambar,48,Sweet Shop,43,215,76.7,14.0,2025-04-15 00:12:15
10683,Spicy Rosogolla,88,Street Food,44,134,67.4,11.7,2025-11-14 19:41:15
10684,Local Favourite Thukpa,82,Sweet Shop,82,337,57.8,46.1,2025-06-13 11:11:53
10685,Premium Dhokla,75,Street Food,20,118,61.3,26.2,2025-11-07 10:12:14
10686,Malpua,66,Fine Dining,1015,1078,73.4,18.3,2025-06-28 03:36:51
10687,Quick-bite Pitha,11,Sweet Shop,113,207,59.2,22.3,2025-05-28 02:54:52
10688,Classic Undhiyu,30,Fine Dining,1441,1625,66.3,15.3,2025-09-27 03:28:38
10689,Lassi,96,Sweet Shop,130,394,64.2,24.8,2025-03-05 05:28:19
10690,Village-style Bisi Bele Bath,112,Mid-range Restaurant,233,636,86.4,0,2025-01-09 07:14:20
10691,Masala Dosa,5,Street Food,42,78,81.2,4.7,2025-06-08 11:11:01
10692,Festival Aloo Paratha,102,Roadside Stall,28,49,76.8,11.9,2026-04-12 20:00:30
10693,Roadside Sandesh,16,Mid-range Restaurant,243,463,67.0,19.2,2025-08-03 18:16:49
10694,Chaat Papdi,94,Local Eatery,173,271,81.8,5.3,2026-05-27 10:23:58
10695,Kolhapuri Mutton,31,Roadside Stall,58,68,61.4,24.7,2025-03-21 09:40:47
10696,Traditional Golgappa,39,Mid-range Restaurant,174,555,86.9,0,2025-10-08 02:57:43
10697,Pongal,56,Fine Dining,676,1122,67.6,13.6,2026-02-03 09:36:38
10698,Street-side Litti Chokha,39,Local Eatery,100,230,75.2,15.9,2025-11-14 13:27:54
10699,Classic Thepla,76,Mid-range Restaurant,201,618,59.9,24.0,2025-09-07 13:41:50
10700,Pork with Bamboo Shoot,79,Fine Dining,970,2130,70.8,12.4,2025-02-22 04:45:01
10701,Signature Dal Makhani,94,Street Food,26,138,87.3,0,2026-01-07 04:25:38
10702,Extra Cheesy Hyderabadi Biryani,113,Sweet Shop,92,268,76.5,11.1,2025-08-04 04:32:04
10703,Family Recipe Rajma Chawal,125,Local Eatery,113,208,47.2,56.3,2025-07-08 09:25:13
10704,Modak,31,Fine Dining,763,2012,89.9,0,2025-01-05 22:37:24
10705,Pongal,110,Fine Dining,648,747,87.8,0,2025-05-11 05:34:31
10706,Quick-bite Masala Dosa,57,Roadside Stall,42,66,55.7,35.3,2025-09-24 23:44:16
10707,Idli Sambar,55,Mid-range Restaurant,351,482,60.0,40.4,2025-06-06 01:56:35
10708,Nihari,98,Street Food,37,132,61.5,33.8,2026-02-23 11:05:08
10709,Signature Pesarattu,111,Local Eatery,115,200,83.5,1.3,2025-10-26 02:43:17
10710,Lassi,126,Roadside Stall,62,78,94.5,0,2026-06-27 15:13:34
10711,Classic Pesarattu,116,Mid-range Restaurant,157,466,71.4,20.8,2025-12-02 11:45:16
10712,Kothu Parotta,57,Sweet Shop,141,240,54.5,30.5,2025-05-19 02:36:41
10713,Grandma's Tandoori Roti,101,Mid-range Restaurant,252,402,53.9,19.7,2025-09-29 02:44:48
10714,Local Favourite Meen Curry,114,Local Eatery,60,127,41.8,47.0,2025-01-05 13:02:46
10715,Classic Khandvi,28,Fine Dining,698,896,81.9,3.9,2025-04-22 16:27:19
10716,Signature Sarson da Saag,37,Local Eatery,67,175,74.0,15.5,2026-04-24 06:43:14
10717,Grandma's Pesarattu,6,Local Eatery,126,154,55.6,43.4,2026-06-25 12:01:42
10718,Quick-bite Litti Chokha,139,Roadside Stall,17,28,57.3,26.9,2025-05-12 17:46:34
10719,Street-side Pitha,104,Mid-range Restaurant,242,416,76.6,11.4,2026-06-26 14:48:04
10720,Lassi,92,Street Food,29,63,53.5,29.2,2026-01-12 22:40:46
10721,Festival Kothu Parotta,56,Street Food,80,131,62.8,33.6,2025-11-16 00:47:21
10722,Royal Tandoori Roti,93,Sweet Shop,171,346,66.6,31.2,2025-12-16 02:36:31
10723,Local Favourite Vada Sambar,51,Mid-range Restaurant,407,419,52.7,46.1,2025-06-26 15:52:33
10724,Kadhi Bafla,22,Roadside Stall,46,59,62.8,34.3,2026-06-09 13:12:26
10725,Chaat Papdi,119,Local Eatery,160,174,70.1,10.1,2025-01-21 22:40:18
10726,Quick-bite Lassi,98,Local Eatery,140,285,80.8,4.0,2025-07-05 13:39:19
10727,Premium Fish Tenga,82,Sweet Shop,212,274,65.6,28.7,2025-03-04 06:20:35
10728,Authentic Aloo Posto,88,Mid-range Restaurant,396,634,75.2,13.4,2026-02-26 01:53:39
10729,Pork with Bamboo Shoot,82,Local Eatery,80,201,89.3,0,2026-05-13 22:09:45
10730,Paneer Tikka,133,Roadside Stall,22,66,62.8,39.6,2026-04-08 18:08:00
10731,Chettinad Chicken,49,Mid-range Restaurant,323,563,75.4,11.7,2025-02-13 21:53:14
10732,Chef's Pork with Bamboo Shoot,85,Roadside Stall,63,93,76.9,14.2,2025-05-11 07:24:46
10733,Quick-bite Dal Makhani,40,Roadside Stall,28,80,76.9,7.5,2025-02-17 12:45:31
10734,Curd Rice,4,Mid-range Restaurant,195,611,85.8,0,2025-02-06 07:22:32
10735,Prawn Balchao,69,Fine Dining,1018,2215,67.9,19.2,2026-06-16 19:06:37
10736,Village-style Chila,68,Sweet Shop,155,211,71.9,14.1,2025-01-01 19:55:54
10737,Special Dhokla,32,Fine Dining,1148,1655,76.3,10.3,2025-04-23 17:43:56
10738,Tandoori Roti,98,Fine Dining,688,1681,58.4,41.9,2025-03-21 19:42:28
10739,Village-style Vada Pav,75,Sweet Shop,157,177,72.3,19.7,2025-12-21 02:43:08
10740,Zan,104,Sweet Shop,200,312,49.5,61.4,2025-04-10 01:36:40
10741,Chaat Papdi,125,Roadside Stall,65,96,60.6,32.9,2025-12-03 09:18:39
10742,Khandvi,24,Roadside Stall,20,35,71.1,20.5,2026-02-02 21:17:08
10743,Chila,63,Sweet Shop,209,247,84.8,0.3,2026-06-01 09:41:25
10744,Quick-bite Mutton Rogan Josh,126,Roadside Stall,27,57,51.8,24.4,2025-03-07 07:21:56
10745,Sandesh,139,Roadside Stall,45,61,50.9,49.7,2025-01-18 09:22:26
10746,Kadhi Bafla,63,Sweet Shop,77,213,62.4,31.6,2025-03-12 23:57:47
10747,Chef's Jadoh,82,Street Food,78,96,81.8,4.5,2026-03-18 22:08:11
10748,Spicy Tandoori Roti,36,Fine Dining,1291,2378,74.9,9.5,2026-03-11 21:18:48
10749,Shorshe Ilish,87,Local Eatery,79,198,83.6,1.3,2025-03-26 15:42:59
10750,Paneer Tikka,124,Sweet Shop,39,97,61.3,30.1,2025-12-03 10:51:18
10751,Extra Cheesy Dhokla,26,Local Eatery,154,170,65.0,21.9,2025-12-01 15:22:48
10752,Chingri Malai Curry,19,Sweet Shop,89,266,58.6,32.3,2026-03-29 09:21:03
10753,Dahi Vada,15,Roadside Stall,37,120,63.1,35.6,2026-04-10 15:58:41
10754,Quick-bite Paneer Tikka,100,Mid-range Restaurant,154,495,73.9,18.5,2025-12-11 04:12:09
10755,Grandma's Chila,62,Street Food,85,136,84.3,1.0,2025-07-20 19:06:44
10756,Pitha,13,Roadside Stall,52,105,49.0,58.4,2025-10-08 19:31:26
10757,Premium Tandoori Roti,92,Street Food,65,148,76.1,14.6,2025-05-29 20:54:34
10758,Jadoh,103,Sweet Shop,37,377,70.7,21.2,2026-05-04 06:43:10
10759,Mutton Rogan Josh,41,Street Food,73,132,49.6,59.0,2025-03-24 23:33:10
10760,Street-side Curd Rice,111,Sweet Shop,188,248,74.4,15.3,2025-02-10 00:54:10
10761,Rosogolla,89,Local Eatery,71,215,64.4,15.2,2025-04-08 15:24:14
10762,Pork with Bamboo Shoot,14,Fine Dining,843,2392,88.0,0,2025-09-16 04:07:47
10763,Traditional Rava Kesari,109,Mid-range Restaurant,241,252,96.3,0,2025-08-07 16:38:21
10764,Grandma's Lassi,37,Mid-range Restaurant,274,647,79.9,7.8,2025-08-06 18:16:16
10765,Local Favourite Malpua,22,Street Food,78,97,73.7,12.7,2025-01-23 01:50:59
10766,Festival Aloo Paratha,125,Mid-range Restaurant,158,289,86.0,0,2026-06-06 09:15:48
10767,Thukpa,85,Mid-range Restaurant,209,575,82.9,1.5,2025-06-08 08:50:28
10768,Classic Bafla,22,Street Food,31,121,66.5,26.7,2025-04-17 19:45:35
10769,Classic Litti Chokha,135,Fine Dining,1223,2150,84.0,0.8,2026-03-09 16:51:03
10770,Zan,10,Sweet Shop,124,349,43.7,70.8,2025-04-13 16:34:12
10771,Local Favourite Mutton Rogan Josh,131,Mid-range Restaurant,415,464,78.5,11.3,2025-11-20 17:26:27
10772,Kachori,98,Roadside Stall,17,33,75.9,14.0,2025-12-22 13:04:37
10773,Sarson da Saag,40,Roadside Stall,38,89,54.8,51.2,2025-04-16 04:56:20
10774,Classic Prawn Balchao,27,Sweet Shop,79,143,77.7,10.2,2026-06-02 01:10:54
10775,Jadoh,8,Roadside Stall,66,92,87.3,0,2025-12-20 21:31:41
10776,Family Recipe Smoked Pork,84,Street Food,56,88,79.4,7.7,2026-03-28 21:59:55
10777,Royal Chaat Papdi,38,Roadside Stall,45,106,82.2,2.7,2025-09-19 06:08:41
10778,Royal Aloo Paratha,133,Roadside Stall,21,52,57.8,46.4,2026-04-13 17:34:30
10779,Chef's Dal Bafla,64,Sweet Shop,115,171,77.7,5.4,2025-12-02 20:17:21
10780,Bebinca,84,Fine Dining,1258,2150,88.1,0,2026-05-31 23:43:34
10781,Premium Zan,13,Fine Dining,920,2388,52.2,22.1,2025-01-19 05:15:06
10782,Local Favourite Curd Rice,61,Sweet Shop,75,128,57.7,27.5,2025-11-07 10:47:13
10783,Kadhi Bafla,68,Sweet Shop,191,352,66.8,21.2,2025-01-10 08:41:00
10784,Dalma,18,Sweet Shop,53,184,78.2,4.5,2025-09-21 06:05:44
10785,Grandma's Rajma Chawal,120,Mid-range Restaurant,263,375,71.0,10.8,2025-03-04 20:29:18
10786,Festival Puttu Kadala,54,Local Eatery,133,299,69.9,14.3,2026-03-01 12:45:15
10787,Village-style Tandoori Roti,40,Local Eatery,75,118,66.6,15.8,2025-07-31 00:46:26
10788,Chef's Axone,10,Roadside Stall,56,66,81.1,3.1,2025-09-21 15:20:05
10789,Local Favourite Kachori,39,Roadside Stall,30,101,58.3,41.9,2025-02-13 23:30:37
10790,Chef's Misal Pav,26,Street Food,80,121,53.8,55.0,2025-01-12 07:50:12
10791,Vada Pav,23,Local Eatery,125,191,50.2,23.6,2025-01-05 06:56:40
10792,Extra Cheesy Payasam,49,Local Eatery,164,276,78.9,9.2,2025-10-17 04:58:07
10793,Rava Kesari,112,Sweet Shop,105,365,78.6,4.4,2026-06-27 05:06:07
10794,Chak-hao Kheer,11,Local Eatery,177,189,68.8,9.9,2026-01-27 23:41:15
10795,Quick-bite Bafla,62,Street Food,71,94,67.4,16.4,2026-06-28 03:26:43
10796,Family Recipe Filter Coffee,55,Fine Dining,1020,1182,56.7,27.8,2026-01-30 00:56:11
10797,Nihari,122,Street Food,27,138,53.8,25.3,2025-02-01 22:03:31
10798,Authentic Filter Coffee,110,Street Food,73,95,62.9,17.9,2025-08-31 17:52:57
10799,Special Bisi Bele Bath,111,Sweet Shop,160,216,59.8,21.2,2026-06-26 01:21:25
10800,Deluxe Chhena Poda,138,Fine Dining,1347,1763,59.9,15.7,2025-12-13 01:55:30
10801,Grandma's Rasam,53,Fine Dining,777,1740,62.4,23.8,2025-01-09 22:48:17
10802,Homestyle Tandoori Roti,39,Mid-range Restaurant,307,672,49.8,26.0,2025-08-28 15:23:56
10803,Chef's Nihari,38,Sweet Shop,182,352,61.3,40.5,2025-02-16 04:47:17
10804,Masala Dosa,106,Street Food,50,89,67.3,19.7,2025-03-28 21:54:40
10805,Aloo Paratha,35,Fine Dining,1087,1312,82.2,1.7,2025-05-26 19:39:01
10806,Filter Coffee,51,Sweet Shop,125,139,67.7,11.1,2025-01-07 03:56:35
10807,Shorshe Ilish,135,Roadside Stall,36,56,63.4,31.4,2025-02-18 16:30:31
10808,Village-style Axone,103,Sweet Shop,156,376,78.0,7.1,2025-08-02 19:12:46
10809,Modak,32,Sweet Shop,142,174,92.4,0,2025-03-04 00:28:22
10810,Spicy Kachori,91,Fine Dining,683,1625,75.1,10.2,2026-05-25 11:25:26
10811,Deluxe Idli Sambar,52,Fine Dining,1258,1853,73.9,17.2,2025-03-01 12:23:00
10812,Hyderabadi Biryani,3,Mid-range Restaurant,256,606,80.2,5.1,2026-06-08 00:17:26
10813,Royal Pav Bhaji,70,Sweet Shop,96,254,75.8,5.9,2025-07-06 16:30:28
10814,Rajma Chawal,98,Fine Dining,824,1988,75.9,6.6,2025-01-23 02:24:55
10815,Homestyle Dalma,15,Local Eatery,155,219,76.9,5.2,2025-09-29 06:15:35
10816,Street-side Bamboo Shoot Curry,105,Sweet Shop,167,385,60.1,25.8,2025-04-10 22:27:03
10817,Jadoh,14,Roadside Stall,55,87,47.0,38.0,2025-02-23 06:14:08
10818,Local Favourite Uttapam,57,Sweet Shop,148,358,52.9,21.1,2025-02-11 15:05:52
10819,Dhokla,29,Local Eatery,121,151,79.5,4.3,2026-04-11 11:28:12
10820,Chhena Poda,16,Fine Dining,1204,1457,54.4,33.1,2025-07-08 13:49:01
10821,Grandma's Bhutte ka Kees,20,Fine Dining,603,2081,88.4,0,2025-11-19 16:32:33
10822,Misal Pav,34,Local Eatery,176,300,82.9,1.9,2026-05-20 19:43:59
10823,Chaat Papdi,99,Mid-range Restaurant,168,350,87.9,0,2026-05-28 06:12:04
10824,Spicy Nihari,92,Sweet Shop,126,172,79.8,4.6,2025-12-15 15:18:51
10825,Chingri Malai Curry,18,Sweet Shop,79,320,86.9,0,2026-02-26 00:09:22
10826,Rasam,107,Roadside Stall,64,96,87.9,0,2025-12-10 01:48:20
10827,Local Favourite Chettinad Chicken,110,Roadside Stall,22,47,71.0,18.8,2025-06-01 11:12:04
10828,Signature Bhutte ka Kees,22,Sweet Shop,85,371,71.8,11.6,2025-01-14 20:01:57
10829,Grandma's Litti,47,Local Eatery,112,176,72.9,14.8,2025-10-23 10:33:20
10830,Chaat Papdi,43,Street Food,21,117,80.3,5.4,2026-01-04 12:51:47
10831,Rava Kesari,116,Mid-range Restaurant,308,443,82.6,4.0,2025-11-27 21:05:03
10832,Homestyle Naga Chutney,77,Roadside Stall,31,48,67.7,19.5,2025-06-20 07:06:08
10833,Extra Cheesy Axone,12,Fine Dining,816,1302,73.6,13.0,2025-05-29 23:59:02
10834,Local Favourite Rava Kesari,54,Mid-range Restaurant,355,508,62.1,28.5,2025-05-08 12:54:07
10835,Aloo Paratha,44,Sweet Shop,78,91,84.3,1.2,2025-01-02 10:52:31
10836,Special Pesarattu,2,Roadside Stall,31,108,68.6,21.9,2025-09-13 15:34:22
10837,Premium Rava Kesari,6,Fine Dining,1164,1759,46.6,57.9,2025-05-04 18:30:12
10838,Idli Sambar,113,Local Eatery,60,121,68.7,22.1,2025-03-01 11:12:51
10839,Authentic Vada Sambar,58,Roadside Stall,49,74,80.9,4.9,2026-06-22 13:10:01
10840,Festival Rava Kesari,48,Street Food,20,101,75.5,8.8,2025-03-10 09:04:31
10841,Authentic Curd Rice,58,Local Eatery,125,282,78.9,4.3,2026-03-02 21:33:19
10842,Street-side Chole Bhature,91,Roadside Stall,21,107,88.8,0,2025-12-30 18:24:59
10843,Pav Bhaji,76,Street Food,44,66,74.9,15.1,2025-03-05 13:17:05
10844,Goan Fish Curry,30,Roadside Stall,46,74,55.4,26.1,2025-09-16 05:19:49
10845,Signature Sandesh,86,Roadside Stall,31,100,92.8,0,2025-01-26 12:56:52
10846,Roadside Tandoori Roti,100,Street Food,54,100,63.4,25.8,2025-02-10 11:37:22
10847,Spicy Litti Chokha,123,Mid-range Restaurant,209,244,86.8,0,2025-05-09 23:53:25
10848,Naga Chutney,12,Sweet Shop,65,147,55.0,49.9,2025-07-04 06:08:03
10849,Spicy Chingri Malai Curry,139,Sweet Shop,166,362,63.6,27.9,2025-02-21 04:17:13
10850,Kadhi Chawal,131,Local Eatery,77,149,74.6,18.0,2025-04-16 02:57:51
10851,Pitha,77,Street Food,56,70,79.9,8.6,2025-10-14 04:53:14
10852,Street-side Rava Kesari,61,Local Eatery,110,218,71.7,18.8,2025-03-24 00:13:54
10853,Rasam,109,Mid-range Restaurant,164,488,57.6,45.2,2025-07-25 05:06:13
10854,Thepla,74,Fine Dining,1208,1963,61.5,20.4,2025-12-19 09:22:22
10855,Nihari,40,Sweet Shop,173,309,42.9,42.4,2025-05-14 14:16:00
10856,Grandma's Sarson da Saag,131,Street Food,34,89,80.9,4.7,2025-12-20 16:36:18
10857,Bafla,21,Sweet Shop,202,260,95.3,0,2025-05-07 18:34:22
10858,Rajma Chawal,132,Roadside Stall,40,55,63.7,28.9,2025-03-19 05:37:48
10859,Dahi Vada,89,Mid-range Restaurant,177,259,72.6,11.6,2025-10-20 22:49:06
10860,Grandma's Bisi Bele Bath,107,Sweet Shop,146,180,79.5,9.7,2025-12-31 21:27:12
10861,Traditional Sabudana Khichdi,68,Local Eatery,161,240,48.9,55.1,2026-01-28 09:04:03
10862,Litti,46,Street Food,55,133,67.9,24.4,2025-01-22 07:12:20
10863,Quick-bite Dal Makhani,37,Roadside Stall,30,47,78.3,5.2,2026-05-15 17:22:01
10864,Deluxe Butter Chicken,37,Local Eatery,127,251,63.9,18.3,2026-04-24 03:41:18
10865,Grandma's Thepla,73,Fine Dining,1368,1654,52.9,43.5,2026-02-19 04:18:42
10866,Pav Bhaji,70,Sweet Shop,152,191,76.5,15.1,2025-02-09 05:39:12
10867,Grandma's Shorshe Ilish,137,Mid-range Restaurant,304,350,92.8,0,2025-05-19 01:47:07
10868,Family Recipe Rava Kesari,50,Local Eatery,124,245,52.8,31.7,2025-09-04 05:08:50
10869,Special Pesarattu,108,Sweet Shop,203,372,91.7,0,2025-11-08 12:41:56
10870,Chole Bhature,39,Street Food,57,95,61.7,41.6,2025-05-08 15:35:12
10871,Grandma's Chak-hao Kheer,7,Mid-range Restaurant,383,393,73.2,11.1,2025-02-26 12:44:49
10872,Roadside Undhiyu,34,Roadside Stall,33,70,47.1,68.2,2026-06-01 16:25:25
10873,Homestyle Dalma,87,Local Eatery,101,160,64.8,16.5,2025-08-28 21:05:15
10874,Dal Bafla,65,Mid-range Restaurant,390,635,73.5,15.7,2025-03-30 08:22:46
10875,Local Favourite Malai Kofta,35,Local Eatery,92,137,80.0,8.2,2025-05-10 14:11:03
10876,Litti Chokha,95,Fine Dining,1230,2253,70.8,9.9,2025-11-02 06:23:30
10877,Homestyle Pork with Bamboo Shoot,105,Street Food,83,135,55.1,47.2,2025-11-27 10:18:08
10878,Roadside Kadhi Chawal,42,Fine Dining,1253,2435,67.2,25.1,2025-12-11 00:16:12
10879,Idli Sambar,111,Street Food,58,75,78.6,9.4,2025-05-26 19:40:21
10880,Mysore Pak,50,Fine Dining,905,2477,54.0,51.8,2026-01-30 06:43:23
10881,Classic Dalma,87,Roadside Stall,59,81,76.2,10.3,2025-04-03 01:58:10
10882,Pork with Bamboo Shoot,12,Roadside Stall,32,87,58.8,31.4,2026-05-04 23:24:34
10883,Deluxe Aloo Paratha,123,Mid-range Restaurant,155,423,71.7,22.8,2026-04-07 23:49:07
10884,Amritsari Kulcha,36,Local Eatery,166,280,78.7,9.9,2026-01-27 01:04:32
10885,Chingri Malai Curry,137,Local Eatery,78,97,86.5,0,2025-07-26 02:20:20
10886,Pongal,108,Street Food,84,150,73.0,16.2,2025-12-02 15:07:24
10887,Smoked Pork,84,Local Eatery,85,285,62.1,31.6,2025-10-16 02:57:09
10888,Sarson da Saag,129,Fine Dining,610,2207,78.6,6.4,2025-05-14 09:20:18
10889,Spicy Sol Kadhi,76,Roadside Stall,53,84,41.6,26.4,2025-09-09 02:22:18
10890,Classic Kothu Parotta,48,Mid-range Restaurant,230,440,77.0,6.3,2026-06-08 09:27:12
10891,Spicy Pitha,87,Mid-range Restaurant,384,588,49.2,35.0,2025-01-06 05:38:12
10892,Family Recipe Filter Coffee,1,Roadside Stall,15,36,63.1,21.1,2026-02-20 04:03:48
10893,Grandma's Sandesh,45,Roadside Stall,48,58,68.1,27.0,2025-04-29 16:50:37
10894,Chef's Kadhi Chawal,41,Street Food,70,120,79.7,5.1,2025-05-03 22:51:24
10895,Royal Aloo Paratha,43,Street Food,42,147,64.2,15.6,2025-06-20 14:28:19
10896,Meen Curry,57,Roadside Stall,66,79,44.6,27.2,2025-05-20 09:11:08
10897,Modak,72,Fine Dining,1079,1525,51.2,36.3,2026-06-21 06:23:44
10898,Sarson da Saag,37,Street Food,85,100,92.0,0,2026-01-11 00:18:33
10899,Pitha,80,Local Eatery,90,191,72.0,10.2,2026-01-25 10:59:23
10900,Special Appam with Stew,2,Mid-range Restaurant,255,535,70.7,9.5,2025-12-13 11:37:27
10901,Royal Tandoori Roti,102,Local Eatery,119,266,61.1,37.0,2025-03-04 22:08:39
10902,Chef's Tandoori Roti,38,Roadside Stall,43,91,66.0,25.0,2025-09-29 10:55:12
10903,Spicy Rosogolla,89,Roadside Stall,34,60,83.6,0.9,2026-05-03 00:28:48
10904,Chef's Kachori,126,Street Food,29,60,91.1,0,2025-08-05 12:45:03
10905,Authentic Bafla,68,Fine Dining,1063,2224,66.8,12.5,2025-04-02 10:08:18
10906,Chef's Sol Kadhi,33,Roadside Stall,64,100,61.7,37.4,2025-11-07 18:31:31
10907,Village-style Malai Kofta,125,Street Food,67,91,72.7,20.4,2026-04-22 10:27:10
10908,Special Idli Sambar,114,Street Food,67,80,77.5,12.6,2025-01-27 22:42:17
10909,Extra Cheesy Chettinad Chicken,109,Roadside Stall,45,93,49.1,42.3,2026-06-25 14:21:21
10910,Family Recipe Litti Chokha,135,Mid-range Restaurant,242,369,56.2,41.3,2025-01-28 10:21:18
10911,Fish Tenga,118,Sweet Shop,76,283,73.6,17.8,2025-03-20 21:49:23
10912,Roadside Appam with Stew,61,Local Eatery,117,191,89.6,0,2025-11-19 11:57:19
10913,Paneer Tikka,38,Roadside Stall,26,97,47.3,40.1,2025-04-22 11:41:37
10914,Quick-bite Thepla,71,Local Eatery,172,215,54.2,34.7,2025-05-28 00:05:09
10915,Spicy Goan Fish Curry,76,Roadside Stall,17,87,65.5,33.0,2025-05-11 06:41:06
10916,Meen Curry,113,Roadside Stall,48,86,53.1,28.1,2025-11-05 23:39:57
10917,Quick-bite Momos,87,Fine Dining,1116,2087,47.0,28.5,2026-02-23 22:39:36
10918,Street-side Goan Fish Curry,76,Mid-range Restaurant,370,564,69.2,20.3,2025-08-31 10:26:15
10919,Litti,139,Fine Dining,1260,2250,74.8,17.2,2025-02-18 05:23:29
10920,Local Favourite Puran Poli,76,Local Eatery,150,190,87.2,0,2025-09-17 17:30:53
10921,Festival Rajma Chawal,123,Fine Dining,936,2341,53.1,21.5,2026-05-10 15:03:18
10922,Mysore Pak,58,Local Eatery,63,73,89.7,0,2025-12-02 12:17:21
10923,Dal Makhani,92,Roadside Stall,43,119,56.6,17.8,2025-09-02 06:30:37
10924,Premium Curd Rice,60,Local Eatery,123,151,80.6,6.9,2025-10-23 11:57:17
10925,Traditional Pav Bhaji,33,Mid-range Restaurant,198,403,69.3,24.3,2026-02-03 15:41:59
10926,Deluxe Sabudana Khichdi,68,Mid-range Restaurant,339,595,83.7,0.9,2025-03-21 00:47:05
10927,Golgappa,127,Local Eatery,97,160,59.4,24.1,2026-01-04 20:39:00
10928,Classic Bebinca,72,Local Eatery,63,222,66.6,25.0,2025-11-20 16:19:14
10929,Traditional Modak,27,Street Food,67,129,60.4,28.1,2026-06-21 03:00:37
10930,Authentic Idiyappam,61,Roadside Stall,23,75,74.3,12.5,2025-10-12 05:05:54
10931,Grandma's Axone,78,Mid-range Restaurant,205,610,64.2,31.5,2026-05-17 13:52:57
10932,Roadside Chak-hao Kheer,8,Street Food,68,83,81.2,4.4,2026-05-26 01:05:41
10933,Sandesh,46,Sweet Shop,88,163,57.9,34.3,2025-01-06 14:26:37
10934,Street-side Bebinca,85,Fine Dining,1058,1674,83.1,2.9,2026-01-29 01:57:21
10935,Bebinca,76,Local Eatery,170,213,71.6,12.3,2026-01-15 11:20:57
10936,Village-style Golgappa,125,Roadside Stall,42,71,63.3,37.0,2026-02-08 03:31:08
10937,Deluxe Uttapam,50,Street Food,76,100,62.0,18.6,2025-01-27 18:44:36
10938,Chef's Payasam,61,Mid-range Restaurant,274,448,58.4,29.0,2025-04-26 16:59:45
10939,Extra Cheesy Meen Curry,111,Fine Dining,702,2213,79.7,6.2,2026-06-21 07:31:34
10940,Classic Chettinad Chicken,56,Roadside Stall,17,59,90.4,0,2026-02-27 22:57:11
10941,Axone,79,Sweet Shop,132,223,58.3,18.5,2026-04-27 17:57:59
10942,Extra Cheesy Golgappa,100,Mid-range Restaurant,203,632,90.9,0,2025-12-09 08:52:49
10943,Homestyle Chingri Malai Curry,19,Fine Dining,805,1476,56.4,47.0,2026-01-10 22:13:04
10944,Curd Rice,54,Roadside Stall,67,77,48.5,31.0,2025-06-26 07:01:47
10945,Local Favourite Kadhi Chawal,99,Roadside Stall,33,75,66.4,11.3,2025-01-24 03:34:44
10946,Sol Kadhi,28,Fine Dining,1394,2343,82.6,1.8,2025-01-25 23:05:10
10947,Deluxe Puttu Kadala,2,Sweet Shop,97,140,81.3,3.6,2026-04-18 01:07:49
10948,Deluxe Litti Chokha,42,Roadside Stall,55,81,51.1,60.1,2026-02-24 01:33:15
10949,Authentic Golgappa,97,Sweet Shop,85,104,65.0,27.9,2025-07-15 17:06:50
10950,Curd Rice,110,Roadside Stall,43,90,76.7,12.3,2025-12-10 02:29:38
10951,Pongal,111,Roadside Stall,30,58,75.1,16.3,2025-12-05 05:35:04
10952,Extra Cheesy Chettinad Chicken,49,Street Food,34,124,55.6,37.3,2026-05-15 08:12:45
10953,Village-style Aloo Paratha,133,Sweet Shop,100,166,68.2,22.7,2025-12-21 23:15:33
10954,Extra Cheesy Payasam,106,Fine Dining,737,1083,74.5,11.3,2026-01-21 13:03:35
10955,Roadside Naga Chutney,85,Street Food,82,137,62.7,23.6,2026-01-22 22:13:35
10956,Prawn Balchao,26,Street Food,82,103,54.9,23.5,2026-03-02 13:04:56
10957,Deluxe Poha Jalebi,62,Fine Dining,1381,2331,81.0,3.1,2026-02-11 19:01:12
10958,Chef's Lassi,129,Roadside Stall,30,107,76.4,6.3,2025-08-20 13:42:55
10959,Bamboo Shoot Curry,103,Sweet Shop,32,377,80.2,3.8,2025-10-22 20:43:10
10960,Chila,66,Fine Dining,603,1865,61.0,39.1,2025-04-27 09:32:46
10961,Authentic Shorshe Ilish,137,Local Eatery,139,195,57.3,44.3,2025-07-19 09:45:25
10962,Hyderabadi Biryani,58,Fine Dining,1280,1512,87.0,0,2025-04-10 21:06:12
10963,Signature Curd Rice,54,Mid-range Restaurant,207,651,73.5,9.4,2025-01-29 18:45:24
10964,Homestyle Kadhi Chawal,95,Local Eatery,123,290,75.8,8.6,2025-07-22 18:20:15
10965,Goan Fish Curry,30,Sweet Shop,180,204,65.7,30.3,2026-01-25 15:27:11
10966,Homestyle Rava Kesari,5,Mid-range Restaurant,336,438,83.4,2.7,2025-11-15 00:31:11
10967,Jadoh,81,Fine Dining,1001,2248,57.0,33.7,2026-01-30 19:00:18
10968,Puttu Kadala,60,Roadside Stall,15,98,69.2,21.2,2025-07-06 15:30:29
10969,Kothu Parotta,1,Fine Dining,870,1537,46.8,32.1,2025-11-08 11:37:48
10970,Signature Pitha,78,Street Food,49,88,75.7,5.7,2025-08-22 07:55:40
10971,Village-style Chettinad Chicken,112,Street Food,35,52,85.8,0,2025-11-20 08:27:18
10972,Grandma's Momos,138,Fine Dining,1006,1803,67.7,28.8,2025-12-05 22:48:16
10973,Premium Litti,19,Fine Dining,1408,1933,76.9,8.5,2025-07-13 05:30:13
10974,Kachori,126,Sweet Shop,95,147,64.4,12.6,2025-03-11 09:26:31
10975,Classic Kosha Mangsho,46,Street Food,71,88,64.1,27.5,2025-06-23 14:34:59
10976,Prawn Balchao,70,Local Eatery,68,257,83.1,1.8,2026-02-25 04:22:56
10977,Roadside Thukpa,82,Fine Dining,1215,2390,85.8,0,2025-09-25 21:34:37
10978,Signature Idli Sambar,108,Fine Dining,1493,2478,91.1,0,2026-01-29 15:55:28
10979,Litti Chokha,139,Street Food,60,85,57.1,40.4,2025-05-07 01:41:30
10980,Butter Chicken,36,Roadside Stall,31,54,69.8,25.0,2026-01-05 18:57:53
10981,Kolhapuri Mutton,27,Sweet Shop,77,145,63.0,13.8,2025-02-02 06:46:55
10982,Rajma Chawal,44,Sweet Shop,214,352,60.8,22.1,2026-02-03 11:39:28
10983,Grandma's Appam with Stew,108,Fine Dining,1347,2366,80.1,4.5,2026-05-02 20:33:22
10984,Bamboo Shoot Curry,117,Mid-range Restaurant,182,558,77.3,13.3,2025-09-09 02:33:53
10985,Macher Jhol,45,Street Food,70,136,79.1,4.9,2025-11-04 05:52:12
10986,Roadside Axone,103,Sweet Shop,194,338,44.5,71.8,2025-08-05 06:46:06
10987,Pongal,51,Local Eatery,112,255,62.8,28.0,2025-11-30 18:42:41
10988,Axone,8,Street Food,20,150,83.1,2.0,2025-08-04 00:01:51
10989,Special Chhena Poda,135,Sweet Shop,194,355,84.6,0.4,2025-09-04 05:27:50
10990,Spicy Pesarattu,106,Local Eatery,85,106,78.2,8.6,2025-05-08 06:25:18
10991,Chef's Jadoh,85,Street Food,70,137,68.7,19.6,2025-09-01 15:54:28
10992,Goan Fish Curry,32,Mid-range Restaurant,352,373,78.5,7.0,2025-09-02 21:27:32
10993,Roadside Rosogolla,19,Local Eatery,157,296,47.0,53.3,2025-08-11 15:59:08
10994,Sandesh,90,Fine Dining,682,1561,63.2,27.1,2026-05-09 23:55:59
10995,Homestyle Tandoori Roti,123,Local Eatery,157,183,83.2,2.4,2026-03-17 13:32:49
10996,Local Favourite Litti Chokha,94,Roadside Stall,45,98,84.1,0.8,2025-10-31 00:39:34
10997,Roadside Mysore Pak,6,Sweet Shop,65,136,81.2,4.5,2025-09-28 00:50:07
10998,Nihari,130,Sweet Shop,170,208,79.3,9.1,2025-09-30 22:14:27
10999,Modak,31,Local Eatery,139,282,74.9,11.8,2026-01-20 17:15:36
11000,Roadside Bebinca,13,Roadside Stall,34,51,86.1,0,2025-10-10 23:16:51
