souvenir_id,item_name,state_id,price_min_inr,price_max_inr,trust_score,scam_markup_pct,timestamp
1,Royal Thangka Painting,22,508,1619,74.7,12.5,2025-12-27 04:26:31
2,Authentic Handwoven Bag,5,777,3096,65.8,21.8,2025-05-22 08:43:23
3,Homestyle Brassware,26,579,1186,64.7,24.4,2025-05-02 14:23:18
4,Postcard Set,2,590,929,80.3,7.7,2025-01-06 06:48:22
5,Postcard Set,27,156,1588,74.2,9.8,2025-06-27 17:04:15
6,Keychain Set,2,629,2365,83.2,2.2,2025-06-19 22:52:43
7,Premium Spice Box Set,12,229,2829,56.6,29.0,2025-10-04 13:45:43
8,Chef's Azulejo Tile,6,181,1716,68.8,10.4,2025-12-26 00:49:58
9,Quick-bite Cashew Feni Bottle,6,317,2816,65.2,34.8,2025-07-24 05:22:30
10,Quick-bite Fridge Magnet,4,190,1297,88.0,0,2025-04-26 15:04:51
11,Postcard Set,5,408,2944,83.6,1.7,2026-01-02 01:51:13
12,Postcard Set,4,77,1712,84.4,0.6,2026-06-20 02:14:59
13,Premium Bagh Print Fabric,13,612,2080,77.1,5.2,2025-04-27 19:42:52
14,Street-side Local Handicraft Figurine,24,246,2314,76.9,8.7,2025-10-25 04:51:44
15,Signature Keychain Set,27,562,1730,75.4,7.4,2025-11-11 19:22:32
16,Quick-bite Local Handicraft Figurine,10,706,2127,85.6,0,2026-04-11 13:05:52
17,Spicy Postcard Set,1,774,3172,68.8,13.3,2025-11-25 19:11:49
18,Seashell Craft,6,303,1590,49.1,33.9,2025-07-04 11:25:58
19,Roadside Local Handicraft Figurine,10,346,2338,62.7,14.0,2025-03-31 08:35:15
20,Family Recipe Local Handicraft Figurine,24,520,1641,61.9,37.2,2025-01-27 02:42:29
21,Applique Work,19,757,2150,73.4,7.8,2025-05-24 08:27:03
22,Special Fridge Magnet,5,218,2519,87.4,0,2026-04-02 07:20:21
23,Local Favourite Handwoven Bag,2,184,306,91.6,0,2025-05-28 22:47:39
24,Bandhani Fabric,7,440,2210,68.6,12.5,2026-06-26 22:15:32
25,Family Recipe Keychain Set,5,435,2916,80.8,7.2,2025-06-23 05:38:50
26,Festival Kantha Stitch Saree,28,336,3040,75.6,15.4,2026-01-25 16:27:07
27,Postcard Set,15,286,2744,73.5,11.3,2025-09-04 13:43:38
28,Extra Cheesy Pahari Cap,9,766,2935,86.1,0,2026-02-26 18:00:20
29,Royal Mysore Silk Saree,11,672,3473,88.6,0,2026-06-17 10:50:00
30,Local Favourite Cashew Feni Bottle,6,495,944,80.8,3.1,2026-03-22 13:30:23
31,Family Recipe Mirror Work Bag,7,370,2071,77.1,10.1,2026-04-04 02:03:05
32,Keychain Set,2,53,994,56.2,27.1,2025-01-21 10:11:57
33,Extra Cheesy Bandhani Dupatta,21,106,1560,70.8,22.4,2026-05-02 15:56:25
34,Traditional Fridge Magnet,17,392,523,79.9,4.1,2026-04-24 19:18:41
35,Postcard Set,24,730,3713,67.8,16.8,2025-01-31 09:48:14
36,Patola Saree,7,749,3082,64.2,14.5,2025-10-22 09:44:04
37,Postcard Set,15,208,3139,48.1,53.6,2026-06-07 11:51:47
38,Puppet (Kathputli),21,656,1786,74.6,8.7,2025-10-22 14:12:19
39,Festival Tanjore Painting,23,368,939,81.9,4.2,2025-03-28 11:33:59
40,Meenakari Jewelry,21,326,1248,72.5,14.8,2025-01-03 23:27:43
41,Spicy Silver Filigree,19,637,2273,68.4,25.8,2026-03-13 13:51:15
42,Local Favourite Postcard Set,27,314,2045,87.5,0,2026-04-20 14:52:08
43,Postcard Set,18,498,973,82.7,3.0,2025-08-30 17:29:55
44,Royal Keychain Set,1,158,1554,92.7,0,2025-07-10 14:36:24
45,Authentic Kullu Shawl,9,603,887,58.7,22.9,2025-10-16 15:20:09
46,Spicy Fridge Magnet,24,214,519,82.3,4.2,2026-02-03 07:08:51
47,Meenakari Jewelry,21,172,502,89.4,0,2026-01-18 11:14:52
48,Village-style Kolhapuri Chappal,14,113,2558,82.6,3.5,2025-09-10 19:39:38
49,Authentic Khasi Shawl,16,181,1866,57.4,39.0,2025-04-18 17:57:56
50,Classic Keychain Set,4,567,792,79.4,7.1,2025-05-11 20:32:33
51,Traditional Handwoven Bag,1,744,1341,96.3,0,2026-04-04 11:25:44
52,Keychain Set,18,176,1056,83.0,2.2,2025-08-29 22:01:15
53,Extra Cheesy Keychain Set,8,535,710,44.5,67.1,2025-03-07 20:46:08
54,Homestyle Applique Work,19,429,3102,47.2,61.3,2026-02-23 11:57:22
55,Postcard Set,4,139,1790,63.8,20.5,2026-01-24 09:02:28
56,Applique Work,19,645,1534,62.5,37.2,2026-03-05 04:09:09
57,Festival Marble Taj Replica,26,282,1846,54.4,32.2,2026-06-30 21:37:23
58,Fridge Magnet,27,305,1940,52.0,39.9,2025-03-11 00:13:36
59,Royal Silver Filigree,19,512,2143,76.2,12.3,2026-02-15 19:07:47
60,Handwoven Bag,17,133,2231,79.3,10.1,2026-01-04 14:07:06
61,Grandma's Brassware,26,326,1941,71.5,19.4,2025-11-15 01:26:21
62,Khasi Shawl,16,368,2971,89.2,0,2026-01-31 03:20:05
63,Prayer Wheel,22,388,2550,82.4,1.7,2025-05-05 14:18:43
64,Bagh Print Fabric,13,768,2599,89.8,0,2026-04-01 02:51:27
65,Street-side Fridge Magnet,2,714,2285,66.4,14.0,2025-07-02 15:14:59
66,Meenakari Jewelry,21,155,1983,59.2,32.2,2025-04-15 17:41:10
67,Bagh Print Fabric,13,260,2272,84.2,1.1,2025-01-31 11:34:15
68,Bandhani Dupatta,21,127,2501,65.6,12.4,2025-03-07 13:07:12
69,Handwoven Bag,4,567,1942,58.2,35.2,2025-01-03 14:35:55
70,Camel Leather Jutti,21,444,1829,75.7,9.2,2026-01-23 15:45:14
71,Assam Tea Gift Box,3,62,2759,64.0,31.4,2026-03-19 00:19:21
72,Extra Cheesy Azulejo Tile,6,53,1206,67.7,12.6,2025-07-04 18:42:00
73,Grandma's Keychain Set,24,343,541,64.2,19.2,2026-06-09 04:07:53
74,Postcard Set,15,134,2749,44.1,55.6,2025-07-04 18:18:05
75,Applique Work,19,232,1843,77.0,8.3,2025-06-26 08:21:27
76,Classic Local Handicraft Figurine,1,324,630,90.7,0,2025-02-23 21:08:35
77,Keychain Set,4,620,1451,87.9,0,2026-06-22 14:42:18
78,Chef's Thangka Painting,22,519,1419,75.6,13.2,2025-10-22 09:35:25
79,Premium Mirror Work Bag,7,496,2424,82.9,3.5,2026-04-11 13:08:22
80,Special Postcard Set,18,302,1721,87.8,0,2025-01-29 14:52:24
81,Fridge Magnet,17,461,1888,92.9,0,2025-10-17 05:51:08
82,Deluxe Marble Taj Replica,26,356,2311,58.5,21.6,2026-02-01 12:39:23
83,Seashell Craft,6,278,2726,66.7,26.6,2026-04-07 18:46:59
84,Mysore Silk Saree,11,434,1464,77.9,8.3,2025-12-07 17:25:12
85,Quick-bite Patola Saree,7,126,1088,58.0,36.0,2026-02-23 23:16:40
86,Deluxe Cashew Feni Bottle,6,318,1234,95.8,0,2025-03-24 18:12:18
87,Classic Terracotta Figurine,28,789,1004,77.7,4.8,2025-04-03 15:37:24
88,Chikankari Kurta,26,113,443,83.5,1.9,2025-12-30 04:52:36
89,Applique Work,19,226,2261,68.5,20.6,2025-05-23 00:36:51
90,Assam Tea Gift Box,3,216,1391,76.7,10.9,2025-12-06 14:55:58
91,Local Favourite Postcard Set,18,348,2752,63.1,23.8,2025-11-15 23:29:09
92,Assam Tea Gift Box,3,248,352,53.2,28.0,2025-11-04 14:25:32
93,Local Favourite Keychain Set,15,541,3409,63.1,31.3,2026-01-19 15:08:13
94,Fridge Magnet,18,412,2564,84.2,1.2,2026-04-19 05:15:47
95,Spicy Postcard Set,17,431,3042,67.4,26.2,2025-12-20 22:24:59
96,Kangra Miniature Painting,9,788,1450,71.9,21.5,2026-06-19 05:41:43
97,Handwoven Carpet,22,639,1653,62.9,21.2,2026-06-13 02:48:21
98,Street-side Dokra Art,28,425,2054,62.5,26.4,2025-08-28 22:03:20
99,Local Favourite Keychain Set,2,621,787,50.6,24.1,2026-06-12 21:21:45
100,Village-style Puppet (Kathputli),21,593,1158,45.4,29.7,2025-01-03 15:24:25
101,Deluxe Keychain Set,8,231,2531,83.6,2.5,2026-02-01 22:20:19
102,Traditional Handwoven Bag,10,269,2775,72.6,17.8,2025-02-02 12:14:23
103,Kangra Miniature Painting,9,370,462,81.2,5.2,2025-12-29 08:50:00
104,Silver Filigree,19,509,3469,68.9,20.8,2026-01-25 22:35:11
105,Spicy Fridge Magnet,8,643,1030,68.1,16.8,2026-06-05 19:08:10
106,Silver Filigree,19,149,2939,75.4,12.2,2026-02-06 00:24:00
107,Signature Kanchipuram Silk Saree,23,747,3487,73.7,17.3,2025-09-23 15:03:08
108,Grandma's Keychain Set,5,420,1833,55.8,43.3,2026-03-07 01:22:41
109,Village-style Coir Handicraft,12,340,2993,81.5,4.2,2026-02-15 06:57:21
110,Street-side Channapatna Toy,11,697,3635,72.3,11.4,2026-02-26 14:19:12
111,Spicy Gond Art Painting,13,648,3291,72.9,8.7,2025-11-30 01:01:37
112,Royal Khasi Shawl,16,540,1502,42.7,73.5,2026-06-02 20:51:03
113,Spicy Fridge Magnet,15,103,2419,82.1,3.9,2026-03-31 15:30:49
114,Signature Postcard Set,2,158,2992,51.5,53.1,2025-01-18 09:10:15
115,Royal Keychain Set,10,333,1026,79.2,8.5,2025-04-20 14:55:42
116,Cashew Feni Bottle,6,472,762,51.5,29.6,2026-06-29 06:29:02
117,Classic Fridge Magnet,2,162,3090,89.3,0,2025-10-24 05:07:47
118,Mirror Work Bag,7,674,1438,59.6,16.0,2026-03-01 00:23:08
119,Local Handicraft Figurine,27,648,1783,65.5,14.6,2025-01-06 18:36:03
120,Premium Silver Filigree,19,449,550,79.5,5.1,2026-04-28 10:42:31
121,Gond Art Painting,13,503,3254,65.6,13.5,2026-05-17 09:50:39
122,Premium Prayer Wheel,22,524,2974,43.0,58.7,2025-12-16 23:35:21
123,Local Handicraft Figurine,2,643,919,69.3,16.1,2026-01-15 09:52:00
124,Fridge Magnet,18,276,1039,38.8,40.8,2025-06-08 23:28:14
125,Royal Paithani Saree,14,377,2578,56.0,35.3,2025-04-17 04:03:42
126,Premium Phulkari Dupatta,20,566,3356,53.9,52.9,2025-12-16 17:49:16
127,Signature Handwoven Carpet,22,213,666,58.8,34.9,2025-02-17 16:50:46
128,Special Handwoven Bag,5,447,1698,52.0,41.7,2025-11-25 21:49:28
129,Village-style Spice Box Set,12,374,2928,72.4,11.7,2025-02-09 02:39:45
130,Premium Handwoven Bag,18,268,2664,87.3,0,2025-02-09 08:42:22
131,Extra Cheesy Brassware,26,164,2296,96.4,0,2025-03-05 02:11:43
132,Local Handicraft Figurine,1,630,932,76.4,13.0,2025-11-30 12:40:45
133,Deluxe Postcard Set,8,650,1788,70.9,20.8,2026-02-17 04:46:40
134,Village-style Bandhani Fabric,7,379,2094,70.3,16.6,2025-09-17 05:20:56
135,Extra Cheesy Thangka Painting,22,462,2278,58.0,35.7,2025-02-04 15:33:57
136,Authentic Puppet (Kathputli),21,666,3361,48.8,26.9,2026-06-27 14:46:41
137,Festival Handwoven Bag,5,695,1016,65.0,32.0,2025-09-06 12:43:56
138,Traditional Handwoven Bag,8,670,2143,36.3,85.9,2025-03-30 22:23:57
139,Terracotta Figurine,28,466,2607,39.4,50.7,2025-02-10 18:51:48
140,Festival Terracotta Figurine,28,462,2384,68.1,12.4,2026-03-07 22:49:22
141,Authentic Bronze Nataraja Statue,23,136,1174,55.0,52.7,2025-03-18 21:31:56
142,Local Favourite Postcard Set,24,569,1493,56.4,28.8,2025-10-01 17:19:11
143,Extra Cheesy Brassware,26,242,1381,69.4,26.6,2026-03-16 15:38:06
144,Traditional Bandhani Fabric,7,422,564,74.6,16.7,2026-03-26 22:52:47
145,Special Bamboo Basket,16,59,2953,52.2,46.1,2026-01-31 07:46:27
146,Handwoven Bag,17,764,2816,71.5,8.3,2025-11-25 03:26:31
147,Village-style Chikankari Kurta,26,280,988,70.5,9.0,2025-07-06 09:33:21
148,Keychain Set,24,669,1355,55.3,20.7,2025-05-28 06:51:25
149,Royal Local Handicraft Figurine,1,394,2259,51.0,22.7,2025-02-10 04:31:04
150,Pattachitra Painting,19,615,1245,76.5,6.0,2026-05-13 11:10:00
151,Chef's Pahari Cap,9,123,2162,84.1,0.6,2025-08-05 19:47:39
152,Local Favourite Local Handicraft Figurine,18,796,3693,54.6,41.3,2025-03-30 15:14:10
153,Authentic Spice Box Set,12,286,1023,56.9,21.6,2025-08-19 21:06:39
154,Signature Keychain Set,5,594,2526,61.6,37.6,2025-07-09 21:49:53
155,Fridge Magnet,18,111,2257,68.0,30.2,2026-05-15 03:34:44
156,Quick-bite Dokra Art,28,359,2273,92.7,0,2025-09-16 16:04:29
157,Postcard Set,24,169,2155,86.0,0,2026-06-07 02:43:08
158,Fridge Magnet,4,561,2017,66.0,21.8,2025-06-05 13:21:02
159,Chanderi Saree,13,424,2544,57.5,26.4,2025-04-09 11:00:03
160,Village-style Handwoven Carpet,22,469,1530,90.1,0,2026-04-20 16:24:10
161,Local Handicraft Figurine,4,122,1301,54.5,49.4,2025-06-23 23:06:48
162,Channapatna Toy,11,466,3449,48.6,30.7,2025-09-09 11:11:15
163,Postcard Set,10,636,1544,47.1,22.8,2026-01-24 01:52:35
164,Royal Puppet (Kathputli),21,619,3328,67.2,30.4,2025-11-27 04:01:48
165,Local Handicraft Figurine,25,55,2973,76.8,13.4,2026-06-24 21:30:24
166,Fridge Magnet,8,350,1485,60.7,16.7,2026-02-11 03:34:34
167,Signature Handwoven Carpet,22,436,3320,73.6,18.2,2025-12-14 08:01:19
168,Handwoven Bag,8,75,1613,66.2,25.5,2025-07-10 22:59:52
169,Roadside Sandalwood Carving,11,234,1036,76.8,11.1,2026-04-16 02:57:08
170,Spicy Tanjore Painting,23,714,1616,64.9,13.0,2026-06-12 19:58:48
171,Festival Keychain Set,27,234,1544,82.2,2.3,2025-12-04 13:02:37
172,Keychain Set,17,448,974,71.5,21.4,2025-02-06 06:55:08
173,Paithani Saree,14,310,2033,64.0,32.8,2026-02-15 02:06:39
174,Village-style Pahari Cap,9,754,1734,71.1,16.4,2025-11-26 04:53:55
175,Keychain Set,25,772,2048,74.5,13.9,2025-08-07 03:03:30
176,Deluxe Handwoven Bag,27,484,725,51.1,49.2,2025-12-04 22:03:52
177,Kanchipuram Silk Saree,23,334,647,75.7,14.7,2025-03-07 21:55:13
178,Keychain Set,10,339,493,69.2,19.7,2025-08-01 20:07:13
179,Village-style Kanchipuram Silk Saree,23,750,1104,84.8,0.3,2026-06-07 06:00:47
180,Chanderi Saree,13,602,978,69.5,13.3,2025-01-29 08:05:30
181,Authentic Keychain Set,4,575,1568,77.1,9.3,2025-06-26 09:03:51
182,Local Handicraft Figurine,2,626,1836,90.4,0,2026-02-01 14:59:10
183,Homestyle Kantha Stitch Saree,28,760,3427,85.4,0,2025-03-05 17:19:19
184,Classic Khasi Shawl,16,213,3025,63.7,22.9,2025-09-03 03:54:07
185,Special Sandalwood Carving,11,432,2802,86.2,0,2026-06-15 22:38:21
186,Fridge Magnet,27,396,672,94.0,0,2026-03-23 06:07:57
187,Paithani Saree,14,98,2913,51.9,59.0,2025-09-24 06:13:24
188,Handwoven Carpet,22,438,1030,72.9,20.9,2025-06-29 21:31:17
189,Fridge Magnet,15,414,1579,63.3,14.8,2025-05-16 09:10:39
190,Royal Handwoven Carpet,22,204,1216,70.7,9.7,2026-04-27 19:42:54
191,Family Recipe Handwoven Bag,27,296,700,78.1,7.4,2026-03-14 03:01:02
192,Special Handwoven Bag,18,582,1574,75.1,6.0,2025-05-27 10:00:45
193,Gond Art Painting,13,330,2155,55.0,26.3,2025-07-29 00:58:05
194,Fridge Magnet,1,314,1904,77.8,12.6,2026-05-15 07:34:16
195,Handwoven Bag,18,252,2949,63.4,33.6,2026-05-13 01:17:49
196,Bandhani Fabric,7,286,2199,61.3,38.0,2026-02-25 11:00:08
197,Spicy Camel Leather Jutti,21,769,3337,76.4,10.5,2025-09-08 13:58:50
198,Extra Cheesy Fridge Magnet,1,364,1832,63.5,22.5,2025-02-21 02:46:27
199,Fridge Magnet,27,717,1251,79.6,5.1,2025-06-27 04:40:51
200,Local Favourite Tanjore Painting,23,231,583,57.2,18.9,2025-08-16 15:43:38
201,Kanchipuram Silk Saree,23,643,3458,58.1,47.7,2026-01-30 22:48:14
202,Spicy Keychain Set,1,225,289,75.2,12.4,2025-02-02 18:22:48
203,Local Handicraft Figurine,25,127,1734,79.7,6.9,2026-06-02 14:32:34
204,Special Azulejo Tile,6,136,2684,75.0,17.7,2026-01-14 11:15:01
205,Festival Fridge Magnet,8,276,523,75.7,13.5,2025-10-05 23:56:52
206,Fridge Magnet,25,467,1676,65.3,29.7,2025-04-22 01:48:27
207,Fridge Magnet,27,756,1293,64.8,27.2,2025-06-04 22:41:54
208,Local Handicraft Figurine,1,563,2740,72.0,8.6,2025-04-24 05:41:16
209,Prayer Wheel,22,436,705,74.9,8.1,2025-04-26 00:07:26
210,Extra Cheesy Postcard Set,24,293,2930,78.8,7.6,2026-03-07 04:34:34
211,Authentic Thangka Painting,22,692,1222,82.7,1.6,2025-03-27 18:42:05
212,Cashew Feni Bottle,6,502,1812,90.2,0,2026-05-05 18:16:43
213,Assam Tea Gift Box,3,508,2563,90.3,0,2025-06-10 09:37:33
214,Street-side Bronze Nataraja Statue,23,787,3619,69.9,17.7,2025-02-03 16:56:49
215,Festival Local Handicraft Figurine,15,521,2894,80.5,7.4,2025-12-16 12:13:55
216,Signature Khasi Shawl,16,734,1342,60.4,42.3,2025-02-18 19:05:55
217,Classic Coir Handicraft,12,793,3448,80.1,7.3,2026-03-26 09:06:23
218,Classic Postcard Set,10,225,757,76.8,13.5,2025-01-25 09:22:39
219,Authentic Marble Taj Replica,26,395,2673,87.1,0,2025-02-21 16:50:20
220,Homestyle Local Handicraft Figurine,4,89,1934,77.5,8.8,2025-08-12 18:31:27
221,Channapatna Toy,11,645,3523,85.5,0,2025-03-13 10:06:06
222,Street-side Handwoven Bag,4,50,156,86.3,0,2026-05-06 22:09:56
223,Spicy Gond Art Painting,13,441,1065,55.1,35.8,2025-11-12 14:11:59
224,Gond Art Painting,13,158,1534,75.4,12.2,2026-04-21 23:58:01
225,Muga Silk Stole,3,135,1962,84.2,1.2,2025-04-01 09:16:45
226,Handwoven Bag,8,345,3121,80.3,4.4,2025-11-09 22:03:18
227,Chikankari Kurta,26,561,2896,81.5,2.8,2025-06-27 19:48:27
228,Handwoven Bag,24,143,1668,53.4,34.8,2026-04-17 12:06:46
229,Festival Fridge Magnet,1,612,965,79.8,5.3,2025-07-17 14:05:12
230,Authentic Fridge Magnet,27,354,1741,74.9,18.0,2026-05-11 09:20:01
231,Signature Local Handicraft Figurine,15,721,2033,40.5,57.6,2026-01-06 20:39:15
232,Handwoven Carpet,22,745,1094,78.0,5.1,2025-06-07 17:14:34
233,Kolhapuri Chappal,14,311,2582,81.5,3.8,2025-02-01 06:08:46
234,Royal Brassware,26,272,2890,60.5,38.5,2026-04-09 21:59:28
235,Bronze Nataraja Statue,23,345,1665,79.7,8.0,2025-11-09 20:30:21
236,Local Favourite Handwoven Bag,24,475,1694,50.5,56.4,2025-09-24 16:12:04
237,Street-side Juti Footwear,20,468,3038,93.8,0,2025-12-16 06:29:14
238,Extra Cheesy Juti Footwear,20,688,807,65.9,13.3,2026-06-17 02:49:02
239,Postcard Set,8,611,1131,56.9,45.4,2025-05-21 07:46:10
240,Paithani Saree,14,545,1014,94.7,0,2025-02-10 02:17:42
241,Street-side Local Handicraft Figurine,2,196,1142,65.5,24.9,2025-05-31 06:05:40
242,Authentic Spice Box Set,12,207,525,94.6,0,2025-06-07 03:46:30
243,Spicy Phulkari Dupatta,20,658,3358,75.0,16.5,2026-01-11 23:05:51
244,Khasi Shawl,16,286,2825,81.0,4.0,2026-05-11 14:38:28
245,Deluxe Postcard Set,5,548,2577,58.8,32.1,2026-03-27 18:38:45
246,Aranmula Kannadi Mirror,12,711,2490,81.7,3.6,2026-04-04 16:23:09
247,Keychain Set,4,518,1426,49.3,42.5,2025-03-31 05:59:07
248,Special Pattachitra Painting,19,161,2092,80.8,3.2,2025-11-03 11:57:12
249,Local Handicraft Figurine,27,209,2903,60.3,20.8,2026-06-16 21:00:25
250,Bronze Nataraja Statue,23,226,303,58.7,36.5,2025-12-31 19:05:25
251,Quick-bite Bamboo Basket,16,436,3240,76.7,8.2,2025-04-13 22:48:33
252,Grandma's Fridge Magnet,18,553,1640,78.6,10.8,2026-01-23 14:11:34
253,Street-side Terracotta Figurine,28,637,2138,59.5,20.3,2025-04-21 04:18:05
254,Khasi Shawl,16,762,1329,69.2,19.6,2026-06-13 13:24:15
255,Traditional Chanderi Saree,13,469,2074,81.2,5.8,2025-11-17 10:54:50
256,Grandma's Handwoven Bag,17,705,1261,77.2,11.6,2025-12-07 00:36:01
257,Khasi Shawl,16,410,1438,78.2,11.6,2026-06-20 03:33:24
258,Local Handicraft Figurine,8,669,1395,78.7,8.6,2025-05-26 10:04:36
259,Village-style Juti Footwear,20,549,1936,76.7,10.4,2025-11-14 11:54:37
260,Camel Leather Jutti,21,544,699,51.4,58.2,2025-06-03 15:54:43
261,Extra Cheesy Bagh Print Fabric,13,104,2277,43.9,53.5,2025-08-26 02:19:29
262,Festival Local Handicraft Figurine,27,754,1616,55.8,45.2,2025-06-30 20:20:44
263,Spicy Kathakali Mask,12,368,2986,80.5,3.2,2026-05-29 15:41:05
264,Fridge Magnet,17,56,1337,56.5,39.8,2026-02-12 16:14:02
265,Patola Saree,7,223,1712,68.9,18.1,2025-07-16 11:17:07
266,Kanchipuram Silk Saree,23,187,2347,77.5,7.9,2026-05-17 13:25:51
267,Grandma's Coir Handicraft,12,420,2047,50.2,26.1,2025-08-10 10:54:19
268,Local Handicraft Figurine,24,440,2088,81.2,4.8,2026-02-01 23:42:32
269,Royal Pattachitra Painting,19,529,2212,81.8,5.5,2025-10-30 05:07:10
270,Kullu Shawl,9,260,977,73.8,16.8,2025-11-26 16:22:25
271,Spicy Seashell Craft,6,717,3346,54.3,54.5,2025-08-29 13:18:07
272,Fridge Magnet,2,382,686,87.6,0,2025-04-18 05:11:33
273,Spicy Bagh Print Fabric,13,175,2276,49.8,49.5,2025-06-28 22:17:33
274,Village-style Prayer Wheel,22,439,1529,89.8,0,2026-01-20 09:30:31
275,Fridge Magnet,4,328,1369,88.0,0,2026-06-15 15:48:00
276,Handwoven Bag,18,757,1390,58.7,34.5,2026-03-31 01:01:09
277,Handwoven Bag,18,151,488,67.1,21.3,2026-04-01 06:51:34
278,Local Handicraft Figurine,5,762,3213,51.4,52.5,2025-05-25 08:20:29
279,Festival Juti Footwear,20,578,1457,61.7,21.7,2025-08-28 03:01:25
280,Muga Silk Stole,3,392,1478,63.4,27.4,2025-07-05 13:16:06
281,Homestyle Postcard Set,27,55,1337,71.0,20.4,2025-01-31 21:39:36
282,Special Local Handicraft Figurine,27,554,3447,89.2,0,2026-05-01 05:43:49
283,Handwoven Bag,18,785,2637,74.4,12.7,2025-07-11 05:45:50
284,Chef's Fridge Magnet,5,484,541,60.3,20.1,2025-03-03 08:28:45
285,Deluxe Keychain Set,18,738,2961,82.4,4.5,2025-01-17 23:13:25
286,Mysore Silk Saree,11,207,2795,86.0,0,2025-10-12 14:10:09
287,Bamboo Basket,16,475,1214,76.7,11.1,2026-06-08 21:08:39
288,Roadside Azulejo Tile,6,754,2344,67.0,15.3,2025-12-31 03:08:40
289,Royal Cashew Feni Bottle,6,334,610,88.7,0,2025-01-31 08:14:08
290,Local Handicraft Figurine,25,302,1294,78.8,7.5,2025-08-13 16:10:16
291,Handwoven Bag,27,487,697,86.6,0,2025-01-15 06:46:38
292,Applique Work,19,774,1439,66.2,16.2,2026-05-20 00:10:16
293,Bamboo Basket,16,294,2964,44.3,67.4,2025-06-19 02:02:06
294,Keychain Set,25,373,2430,64.7,21.7,2026-01-10 16:11:14
295,Postcard Set,2,542,810,82.4,2.2,2026-04-09 03:28:27
296,Handwoven Bag,24,318,1151,68.1,15.6,2025-01-16 10:56:16
297,Keychain Set,15,291,1865,90.6,0,2025-09-02 01:19:15
298,Brassware,26,94,2279,53.5,22.6,2025-04-27 03:46:36
299,Chef's Phulkari Dupatta,20,51,2150,71.8,19.8,2026-02-03 09:40:34
300,Street-side Chikankari Kurta,26,494,2693,68.2,28.5,2025-08-16 06:03:52
301,Kanchipuram Silk Saree,23,776,3343,78.1,9.8,2026-02-19 16:40:31
302,Homestyle Fridge Magnet,8,94,476,64.3,32.8,2025-03-18 06:01:55
303,Local Handicraft Figurine,2,62,128,72.6,16.1,2025-11-14 03:11:56
304,Warli Painting,14,643,1175,59.0,36.2,2025-09-02 22:30:00
305,Grandma's Handwoven Bag,24,293,1336,64.6,34.3,2025-05-30 09:23:42
306,Muga Silk Stole,3,123,1289,77.4,6.1,2025-05-19 08:40:03
307,Postcard Set,27,742,1135,76.6,12.4,2026-02-20 06:42:32
308,Fridge Magnet,17,79,707,75.3,14.8,2025-09-29 20:38:26
309,Handwoven Bag,15,421,2953,54.0,47.5,2025-03-21 22:24:24
310,Spicy Handwoven Bag,15,748,2784,67.9,13.3,2025-09-19 23:30:32
311,Local Handicraft Figurine,2,465,1866,45.6,58.3,2025-10-16 15:53:35
312,Local Favourite Brassware,26,419,2543,42.0,60.3,2026-06-26 21:09:32
313,Bronze Nataraja Statue,23,620,2005,68.2,20.1,2025-03-04 19:47:34
314,Local Favourite Local Handicraft Figurine,18,460,2436,76.6,12.4,2025-06-10 11:51:38
315,Homestyle Paithani Saree,14,374,3117,82.4,2.6,2026-04-07 01:58:02
316,Deluxe Local Handicraft Figurine,4,221,682,79.6,6.9,2026-05-06 02:55:50
317,Traditional Camel Leather Jutti,21,388,2001,90.1,0,2025-08-22 08:59:18
318,Cashew Feni Bottle,6,197,1877,52.4,32.5,2025-06-26 21:48:54
319,Tanjore Painting,23,112,615,80.8,7.1,2025-02-20 03:56:35
320,Keychain Set,5,55,2156,51.0,40.5,2026-03-02 10:56:24
321,Quick-bite Prayer Wheel,22,731,3268,54.9,29.7,2026-05-04 13:20:30
322,Authentic Khasi Shawl,16,285,1202,69.1,19.7,2025-01-07 23:51:06
323,Royal Fridge Magnet,24,356,1946,71.7,12.9,2025-06-16 06:19:33
324,Extra Cheesy Local Handicraft Figurine,8,791,1316,63.9,16.9,2025-02-13 15:02:29
325,Fridge Magnet,24,694,3274,43.2,27.8,2025-12-02 15:01:53
326,Premium Postcard Set,18,136,3080,80.3,5.2,2025-12-30 11:38:01
327,Extra Cheesy Patola Saree,7,85,1930,83.3,1.3,2026-04-02 17:40:33
328,Keychain Set,5,696,1810,87.8,0,2025-02-15 13:21:13
329,Postcard Set,15,554,1586,93.6,0,2025-11-14 11:33:27
330,Spicy Khasi Shawl,16,82,1622,72.8,13.2,2026-03-10 22:03:43
331,Fridge Magnet,15,85,2123,53.8,23.1,2025-11-27 00:56:13
332,Handwoven Bag,8,59,1743,71.9,12.3,2026-01-10 03:42:16
333,Keychain Set,15,253,1556,36.2,34.0,2026-06-22 19:37:43
334,Quick-bite Handwoven Bag,18,117,764,71.2,13.9,2025-06-25 07:20:41
335,Cashew Feni Bottle,6,371,1562,78.5,5.4,2025-11-16 20:01:12
336,Kanchipuram Silk Saree,23,145,599,63.2,13.5,2026-04-12 20:54:21
337,Authentic Bamboo Basket,16,93,2225,78.4,5.4,2025-02-14 01:29:39
338,Seashell Craft,6,597,1389,62.7,33.7,2026-05-11 20:03:45
339,Village-style Keychain Set,2,488,1082,69.6,18.4,2026-03-23 16:42:57
340,Quick-bite Pahari Cap,9,770,1723,89.4,0,2025-03-15 09:31:37
341,Special Mysore Silk Saree,11,345,2258,63.8,20.5,2025-07-19 12:49:27
342,Family Recipe Fridge Magnet,8,727,1920,91.3,0,2025-09-08 14:14:47
343,Royal Kanchipuram Silk Saree,23,326,1439,50.7,58.1,2026-03-14 02:37:16
344,Roadside Marble Taj Replica,26,514,1401,66.3,32.1,2025-07-21 06:30:29
345,Festival Cashew Feni Bottle,6,718,1794,61.3,42.6,2025-05-23 09:43:43
346,Mysore Silk Saree,11,669,1760,69.3,14.3,2025-11-05 06:49:39
347,Fridge Magnet,4,508,2235,90.6,0,2025-01-27 23:55:06
348,Chef's Keychain Set,8,334,1786,46.4,37.1,2025-12-06 14:54:18
349,Street-side Postcard Set,1,561,1635,64.2,23.6,2026-02-16 00:25:32
350,Traditional Fridge Magnet,2,541,2353,64.1,14.7,2025-12-18 13:34:34
351,Handwoven Bag,4,180,2578,54.9,47.6,2026-01-24 14:05:44
352,Coir Handicraft,12,505,1218,66.9,11.7,2026-04-23 02:11:00
353,Bronze Nataraja Statue,23,597,2617,74.0,7.5,2026-01-23 19:25:10
354,Fridge Magnet,15,222,1986,85.0,0,2026-02-06 06:24:41
355,Authentic Fridge Magnet,4,188,1178,69.2,14.2,2025-07-27 04:35:26
356,Extra Cheesy Keychain Set,27,237,1131,83.7,0.9,2025-07-04 11:55:45
357,Dokra Art,28,414,1145,62.3,35.9,2025-04-13 06:54:06
358,Bamboo Craft,3,121,1196,72.5,20.0,2026-06-22 15:43:28
359,Puppet (Kathputli),21,407,3126,43.7,45.2,2025-08-04 12:32:56
360,Marble Taj Replica,26,608,2285,62.1,13.9,2026-03-18 10:20:01
361,Extra Cheesy Paithani Saree,14,732,3185,90.0,0,2025-08-05 20:23:26
362,Homestyle Cashew Feni Bottle,6,190,1741,66.4,24.5,2025-03-17 18:53:10
363,Spicy Juti Footwear,20,508,3145,74.4,10.2,2025-08-12 22:52:38
364,Village-style Local Handicraft Figurine,25,711,2681,65.0,31.8,2025-07-20 08:08:49
365,Quick-bite Applique Work,19,471,2452,64.0,33.9,2025-06-27 19:05:26
366,Kullu Shawl,9,504,2209,43.4,50.2,2025-05-01 16:04:44
367,Juti Footwear,20,720,1390,79.0,6.9,2025-04-12 04:28:21
368,Kolhapuri Chappal,14,415,2671,65.9,14.8,2025-10-06 07:50:53
369,Local Handicraft Figurine,18,590,1022,78.1,11.8,2025-03-12 17:51:47
370,Warli Painting,14,459,2126,63.7,36.5,2025-01-28 02:54:22
371,Festival Handwoven Bag,1,471,2678,87.5,0,2026-02-27 17:15:14
372,Juti Footwear,20,528,1015,83.0,1.2,2026-04-12 17:44:51
373,Postcard Set,17,271,1185,70.1,18.2,2025-09-24 13:41:59
374,Family Recipe Local Handicraft Figurine,25,651,1737,78.3,9.2,2026-02-12 19:43:43
375,Bandhani Fabric,7,203,1441,48.2,42.2,2026-05-28 20:16:15
376,Keychain Set,4,251,2959,67.5,20.9,2025-03-06 18:29:48
377,Bandhani Fabric,7,175,2738,88.0,0,2025-01-03 14:37:12
378,Local Handicraft Figurine,1,592,2063,51.7,37.0,2025-01-05 20:19:37
379,Extra Cheesy Local Handicraft Figurine,18,664,3500,77.2,14.0,2025-02-12 04:41:03
380,Local Favourite Pahari Cap,9,194,1443,62.5,13.5,2025-03-30 00:56:49
381,Muga Silk Stole,3,179,2486,56.7,29.6,2026-05-02 17:56:50
382,Chikankari Kurta,26,382,1305,76.5,6.6,2026-01-26 23:17:20
383,Handwoven Bag,8,389,1981,75.3,14.4,2025-10-07 00:13:51
384,Fridge Magnet,5,566,807,66.0,31.2,2025-04-09 20:25:09
385,Extra Cheesy Local Handicraft Figurine,25,306,1850,75.8,10.8,2025-04-03 13:48:12
386,Street-side Bronze Nataraja Statue,23,312,3111,65.2,35.2,2025-09-11 23:27:04
387,Extra Cheesy Postcard Set,25,96,1565,86.1,0,2025-04-22 12:19:23
388,Paithani Saree,14,634,1772,84.9,0.2,2025-10-28 06:23:09
389,Spicy Khasi Shawl,16,697,2322,74.7,16.9,2026-02-12 17:45:26
390,Seashell Craft,6,537,2239,84.4,1.1,2026-02-11 00:10:00
391,Handwoven Bag,8,699,2182,77.3,9.9,2025-09-21 11:19:35
392,Handwoven Bag,17,284,1786,65.8,15.6,2026-03-12 11:54:57
393,Homestyle Kantha Stitch Saree,28,79,323,71.2,21.5,2025-08-07 18:20:03
394,Fridge Magnet,2,477,2571,57.1,29.4,2025-09-05 07:25:18
395,Premium Kangra Miniature Painting,9,415,2094,63.5,19.1,2025-04-01 13:47:43
396,Homestyle Keychain Set,24,639,1913,76.2,5.7,2025-10-15 10:33:10
397,Special Fridge Magnet,2,693,3338,62.6,19.4,2026-05-24 06:48:17
398,Deluxe Fridge Magnet,8,646,2794,81.8,2.1,2026-06-06 20:13:36
399,Chef's Fridge Magnet,10,519,1627,67.4,21.7,2025-06-04 08:50:57
400,Bandhani Fabric,7,589,2911,69.5,17.2,2025-07-28 02:29:58
401,Local Handicraft Figurine,5,430,3338,84.7,0.5,2025-07-01 17:04:07
402,Deluxe Thangka Painting,22,599,3335,87.0,0,2025-06-11 10:51:08
403,Tanjore Painting,23,704,1012,47.9,22.8,2025-06-15 18:32:49
404,Postcard Set,18,599,906,75.3,15.4,2025-07-06 18:25:16
405,Chanderi Saree,13,447,931,56.4,39.1,2025-11-23 19:51:53
406,Local Favourite Fridge Magnet,18,62,1241,91.3,0,2025-08-31 01:25:16
407,Special Local Handicraft Figurine,2,58,385,62.6,39.7,2026-01-11 02:47:39
408,Quick-bite Keychain Set,10,681,3648,85.5,0,2026-06-05 17:03:34
409,Handwoven Bag,24,289,2779,82.3,4.5,2026-04-08 08:23:39
410,Keychain Set,1,486,2289,79.8,4.4,2025-05-27 11:58:35
411,Keychain Set,10,319,1362,78.9,7.5,2026-02-20 04:52:53
412,Khasi Shawl,16,449,3035,70.2,16.2,2025-07-31 15:08:59
413,Pattachitra Painting,19,639,2239,74.5,13.3,2026-01-24 14:35:40
414,Roadside Fridge Magnet,5,172,285,58.7,31.9,2025-01-30 23:06:30
415,Roadside Handwoven Bag,1,543,1214,47.6,67.0,2026-01-07 18:52:53
416,Signature Pahari Cap,9,189,881,90.4,0,2026-02-19 16:15:54
417,Pattachitra Painting,19,66,1409,84.1,0.7,2025-07-31 20:13:38
418,Azulejo Tile,6,684,916,58.6,25.3,2025-11-21 22:22:39
419,Warli Painting,14,180,2665,49.6,52.8,2025-10-16 04:47:33
420,Fridge Magnet,2,194,2131,70.9,20.2,2025-06-26 09:20:47
421,Traditional Postcard Set,4,686,2077,67.1,22.6,2026-04-26 13:24:26
422,Family Recipe Chikankari Kurta,26,491,674,81.0,2.8,2025-12-30 05:40:27
423,Postcard Set,27,732,841,80.0,4.0,2025-05-19 23:20:50
424,Handwoven Bag,8,347,1332,62.8,27.2,2025-12-27 22:03:26
425,Signature Fridge Magnet,24,109,1268,88.5,0,2025-05-22 05:38:24
426,Quick-bite Fridge Magnet,8,659,2513,72.3,13.3,2025-05-31 11:54:31
427,Seashell Craft,6,777,1382,90.7,0,2025-10-11 14:22:38
428,Special Phulkari Dupatta,20,250,2870,61.0,24.2,2026-01-19 05:00:19
429,Fridge Magnet,18,721,2176,89.1,0,2025-10-04 10:58:39
430,Authentic Fridge Magnet,10,308,2582,76.8,7.1,2026-01-31 03:03:09
431,Royal Bagh Print Fabric,13,747,2810,73.4,13.5,2025-08-31 20:52:04
432,Special Juti Footwear,20,66,2247,54.3,21.6,2025-01-14 07:27:55
433,Grandma's Bandhani Fabric,7,670,2087,55.2,41.8,2026-05-18 13:19:01
434,Deluxe Keychain Set,18,214,1902,68.9,22.7,2026-04-23 07:46:19
435,Kolhapuri Chappal,14,753,2167,73.9,14.1,2025-09-26 22:52:51
436,Postcard Set,1,744,3563,70.3,17.4,2025-04-26 17:41:04
437,Fridge Magnet,1,410,2813,66.3,13.0,2025-01-16 08:48:22
438,Fridge Magnet,15,457,842,81.5,3.1,2026-06-09 13:05:50
439,Deluxe Paithani Saree,14,194,508,74.8,16.9,2025-11-22 13:44:37
440,Royal Keychain Set,2,657,2189,58.7,18.5,2025-12-13 01:26:52
441,Signature Khasi Shawl,16,310,3285,66.6,13.0,2026-02-25 23:25:52
442,Fridge Magnet,25,754,1252,75.9,7.4,2025-03-16 13:40:28
443,Cashew Feni Bottle,6,772,3397,58.3,46.2,2025-05-21 16:08:09
444,Homestyle Keychain Set,24,246,3190,72.8,12.4,2025-07-24 05:38:37
445,Chikankari Kurta,26,331,1974,70.2,9.6,2025-03-09 09:27:05
446,Spicy Handwoven Bag,2,146,3047,70.5,17.4,2025-04-21 06:17:44
447,Spicy Juti Footwear,20,702,2434,81.9,4.0,2025-03-15 03:38:31
448,Village-style Keychain Set,17,490,543,81.6,5.5,2026-05-08 00:04:06
449,Local Favourite Phulkari Dupatta,20,446,2438,56.5,19.6,2025-04-24 16:44:02
450,Classic Keychain Set,17,506,1604,85.4,0,2026-05-14 08:56:09
451,Handwoven Bag,25,319,1343,51.9,24.8,2025-09-09 17:15:21
452,Fridge Magnet,1,528,3358,81.5,5.9,2025-06-29 14:38:13
453,Local Handicraft Figurine,8,776,1106,79.3,6.6,2025-08-11 21:02:11
454,Premium Keychain Set,15,657,1505,82.2,2.5,2025-02-07 14:50:55
455,Local Handicraft Figurine,8,383,970,58.3,32.6,2026-05-28 03:03:46
456,Postcard Set,24,195,1087,75.0,8.0,2026-04-15 15:06:38
457,Pattachitra Painting,19,613,850,68.3,27.0,2025-09-19 13:57:03
458,Royal Keychain Set,18,154,2039,69.6,10.2,2026-01-29 03:52:39
459,Local Favourite Bandhani Fabric,7,542,3392,76.5,14.9,2025-08-14 11:31:00
460,Thangka Painting,22,696,1898,75.3,5.9,2025-11-25 13:38:39
461,Premium Prayer Wheel,22,744,2453,76.2,9.8,2025-05-08 06:10:58
462,Roadside Local Handicraft Figurine,1,76,653,79.4,4.7,2025-07-30 22:33:33
463,Fridge Magnet,25,653,1045,53.3,24.5,2025-11-11 09:36:33
464,Chef's Chikankari Kurta,26,62,2363,70.6,17.3,2026-05-09 14:33:59
465,Handwoven Bag,15,268,2453,59.7,39.3,2025-07-08 07:38:15
466,Royal Pattachitra Painting,19,150,2855,87.3,0,2025-09-04 05:09:14
467,Village-style Fridge Magnet,18,66,1875,76.9,11.0,2025-05-06 05:57:50
468,Blue Pottery,21,62,1226,66.0,15.2,2025-07-29 13:23:07
469,Coir Handicraft,12,305,360,76.8,5.6,2026-01-03 08:10:06
470,Classic Juti Footwear,20,400,1365,55.8,43.1,2026-01-19 16:05:10
471,Special Fridge Magnet,2,564,2977,80.1,6.0,2025-10-30 18:41:23
472,Extra Cheesy Azulejo Tile,6,308,2078,70.6,18.1,2025-04-14 20:34:08
473,Puppet (Kathputli),21,330,1455,74.4,14.3,2025-11-29 14:57:36
474,Postcard Set,8,77,439,89.0,0,2025-09-11 00:12:31
475,Authentic Meenakari Jewelry,21,284,1916,47.9,28.0,2025-02-01 20:52:39
476,Chef's Gond Art Painting,13,530,2569,79.3,5.0,2025-10-17 16:04:58
477,Fridge Magnet,4,567,3127,65.5,33.1,2026-03-10 04:36:59
478,Royal Local Handicraft Figurine,8,214,2563,63.6,24.8,2025-04-04 14:06:58
479,Family Recipe Handwoven Bag,18,792,2666,87.9,0,2026-04-11 21:44:42
480,Local Handicraft Figurine,24,210,1519,80.5,3.0,2026-04-04 15:59:49
481,Local Handicraft Figurine,1,653,3429,66.3,22.1,2025-07-12 17:45:11
482,Royal Mysore Silk Saree,11,431,1855,68.6,10.1,2025-02-02 17:39:06
483,Extra Cheesy Handwoven Bag,8,194,3128,62.8,33.8,2026-04-21 22:43:35
484,Sandalwood Carving,11,415,2360,72.8,21.0,2025-01-15 23:40:42
485,Marble Taj Replica,26,280,1585,51.9,23.1,2025-06-03 18:45:31
486,Juti Footwear,20,312,1397,76.6,13.5,2025-02-08 02:37:15
487,Village-style Local Handicraft Figurine,4,571,3336,48.3,29.6,2026-01-22 01:19:13
488,Extra Cheesy Fridge Magnet,5,187,486,91.5,0,2025-09-03 05:38:08
489,Spicy Bagh Print Fabric,13,636,2369,60.2,31.0,2025-09-15 09:01:41
490,Silver Filigree,19,611,3522,42.1,54.7,2026-04-26 06:55:16
491,Handwoven Bag,27,569,2214,51.9,31.8,2026-04-08 03:31:52
492,Local Favourite Keychain Set,5,146,1617,92.0,0,2026-05-20 21:26:56
493,Premium Chanderi Saree,13,687,1677,53.1,52.4,2025-01-10 18:25:43
494,Warli Painting,14,794,2536,78.4,6.1,2025-04-23 16:57:07
495,Mirror Work Bag,7,714,3259,38.9,55.2,2025-12-17 20:28:23
496,Chef's Handwoven Bag,5,330,1069,81.6,3.4,2025-01-25 17:02:29
497,Khasi Shawl,16,598,3332,65.2,26.3,2026-03-01 14:59:51
498,Seashell Craft,6,779,2229,41.2,73.3,2026-05-12 09:09:37
499,Special Prayer Wheel,22,96,2563,56.3,33.9,2026-03-03 11:32:08
500,Paithani Saree,14,54,319,47.4,30.6,2026-03-16 09:09:20
501,Deluxe Warli Painting,14,583,3573,83.6,1.2,2025-08-31 02:55:28
502,Special Applique Work,19,482,1302,51.8,50.8,2025-01-24 13:05:58
503,Kullu Shawl,9,563,3092,64.1,30.7,2025-02-11 01:37:46
504,Festival Fridge Magnet,25,762,1002,51.2,28.6,2026-04-06 20:56:32
505,Classic Pattachitra Painting,19,794,2894,59.3,38.1,2026-05-15 11:33:42
506,Keychain Set,15,463,1130,83.4,2.7,2025-04-09 06:13:11
507,Meenakari Jewelry,21,146,1484,39.4,60.5,2026-05-31 18:58:15
508,Patola Saree,7,386,3000,92.5,0,2026-01-02 20:05:54
509,Premium Local Handicraft Figurine,10,238,405,80.6,6.5,2026-05-27 18:36:17
510,Deluxe Handwoven Carpet,22,176,2265,87.1,0,2026-06-04 04:39:43
511,Postcard Set,17,774,860,53.2,29.8,2025-07-08 12:22:08
512,Keychain Set,25,61,732,52.7,26.1,2026-02-15 12:33:56
513,Fridge Magnet,18,324,2326,91.6,0,2025-07-06 04:30:28
514,Local Favourite Juti Footwear,20,392,3266,67.6,14.2,2025-05-18 09:23:27
515,Grandma's Keychain Set,25,279,379,72.8,14.7,2025-03-27 01:29:09
516,Grandma's Local Handicraft Figurine,17,594,3265,73.7,19.1,2026-02-16 18:46:44
517,Khasi Shawl,16,88,2447,93.7,0,2026-03-14 11:00:50
518,Spicy Cashew Feni Bottle,6,325,1459,78.8,7.0,2025-12-15 11:48:42
519,Postcard Set,1,190,2395,76.3,15.0,2025-10-02 18:12:09
520,Keychain Set,27,177,400,84.6,0.5,2026-05-11 08:29:23
521,Local Handicraft Figurine,8,545,1232,71.9,20.6,2025-03-25 03:59:54
522,Authentic Kantha Stitch Saree,28,87,2266,68.8,15.3,2025-07-30 06:34:57
523,Grandma's Azulejo Tile,6,409,1825,83.7,1.2,2026-05-01 17:56:41
524,Postcard Set,24,269,2656,66.0,12.6,2025-03-27 08:31:05
525,Grandma's Postcard Set,5,628,3233,68.9,27.3,2025-09-24 07:55:39
526,Terracotta Figurine,28,787,3059,71.5,17.6,2026-01-20 10:55:39
527,Gond Art Painting,13,665,2825,78.8,10.0,2025-09-01 19:15:20
528,Local Favourite Applique Work,19,634,1104,45.9,25.2,2025-05-30 04:57:50
529,Quick-bite Postcard Set,4,647,1994,52.4,32.4,2026-02-02 22:05:02
530,Authentic Bronze Nataraja Statue,23,139,782,56.4,18.9,2025-01-16 10:10:49
531,Classic Keychain Set,24,253,3041,65.7,16.7,2025-03-25 14:09:35
532,Postcard Set,15,379,2442,38.3,32.5,2025-08-14 03:56:03
533,Extra Cheesy Kullu Shawl,9,781,2187,54.9,41.4,2025-04-13 22:42:26
534,Homestyle Local Handicraft Figurine,18,246,1691,71.1,17.2,2025-07-16 14:25:40
535,Homestyle Dokra Art,28,69,2389,58.9,43.9,2025-08-03 12:35:58
536,Extra Cheesy Bamboo Basket,16,554,1717,50.8,39.8,2026-06-14 23:16:24
537,Street-side Fridge Magnet,8,405,3273,86.3,0,2025-03-29 23:08:41
538,Festival Local Handicraft Figurine,15,784,3181,53.3,44.5,2025-08-27 20:21:37
539,Handwoven Bag,24,396,3351,74.8,10.1,2026-04-07 07:57:19
540,Special Khasi Shawl,16,107,635,71.2,11.3,2025-03-13 14:56:38
541,Traditional Local Handicraft Figurine,24,479,1480,89.6,0,2026-04-03 06:08:40
542,Coir Handicraft,12,287,2695,78.3,8.3,2026-06-21 21:45:49
543,Traditional Handwoven Bag,15,302,819,92.5,0,2025-06-07 18:10:11
544,Homestyle Kolhapuri Chappal,14,62,2979,44.8,54.9,2025-07-21 17:06:48
545,Family Recipe Kathakali Mask,12,692,2759,83.7,1.7,2026-02-10 13:43:21
546,Extra Cheesy Muga Silk Stole,3,656,1981,63.7,19.7,2025-06-25 10:25:02
547,Signature Local Handicraft Figurine,18,92,1534,64.8,16.1,2026-06-23 17:54:55
548,Terracotta Figurine,28,633,1746,64.9,22.1,2026-01-20 21:28:16
549,Signature Keychain Set,8,138,1758,51.0,61.2,2025-02-15 10:44:54
550,Mirror Work Bag,7,442,3133,54.0,52.1,2025-12-11 02:30:16
551,Family Recipe Khasi Shawl,16,306,3245,79.4,5.6,2026-02-27 05:42:51
552,Blue Pottery,21,737,1676,85.8,0,2026-02-23 17:34:26
553,Chef's Handwoven Bag,1,323,3245,81.7,3.2,2025-11-13 14:30:34
554,Postcard Set,2,548,992,81.4,2.9,2025-01-27 23:21:40
555,Bamboo Craft,3,359,497,78.2,8.0,2025-08-28 01:57:01
556,Authentic Channapatna Toy,11,444,2806,50.6,36.1,2026-06-15 00:17:38
557,Extra Cheesy Muga Silk Stole,3,141,2080,85.2,0,2025-08-20 14:08:37
558,Chef's Keychain Set,24,770,2173,66.2,12.6,2025-09-12 01:37:02
559,Marble Taj Replica,26,161,934,80.3,4.1,2025-02-24 22:19:39
560,Keychain Set,18,333,1326,62.6,16.6,2026-05-16 04:24:09
561,Muga Silk Stole,3,390,504,38.8,78.3,2025-10-20 13:52:00
562,Royal Phulkari Dupatta,20,539,1261,45.3,68.3,2026-04-24 00:00:40
563,Chef's Handwoven Bag,27,692,1425,89.2,0,2026-02-12 16:54:05
564,Signature Fridge Magnet,17,367,1106,77.4,10.4,2025-05-25 08:58:39
565,Keychain Set,1,503,1994,60.3,34.7,2025-12-13 01:08:34
566,Mysore Silk Saree,11,723,2017,71.3,13.5,2025-12-24 20:43:01
567,Extra Cheesy Bamboo Basket,16,596,949,79.4,5.5,2025-06-25 20:15:52
568,Bandhani Fabric,7,784,1265,68.5,17.3,2026-01-31 03:42:48
569,Bandhani Fabric,7,450,2675,69.8,11.1,2025-12-07 04:18:46
570,Extra Cheesy Juti Footwear,20,420,2427,82.2,2.9,2025-04-22 08:18:09
571,Traditional Keychain Set,1,233,1522,85.9,0,2025-11-10 23:37:36
572,Family Recipe Kantha Stitch Saree,28,555,2305,87.8,0,2026-02-05 19:54:17
573,Homestyle Fridge Magnet,18,176,1241,66.0,15.0,2025-03-05 05:34:04
574,Mirror Work Bag,7,414,2456,48.2,49.3,2026-03-21 11:54:16
575,Chanderi Saree,13,722,1614,89.6,0,2026-01-30 08:59:09
576,Spicy Mysore Silk Saree,11,357,2780,66.8,25.6,2026-04-02 10:46:04
577,Traditional Local Handicraft Figurine,18,172,361,90.4,0,2025-10-04 04:38:58
578,Village-style Handwoven Bag,4,550,2708,68.1,10.6,2025-03-21 11:12:18
579,Khasi Shawl,16,171,2670,49.0,51.5,2025-07-26 16:49:12
580,Street-side Bamboo Craft,3,100,1843,88.9,0,2025-06-08 07:57:12
581,Juti Footwear,20,152,1740,79.3,9.6,2025-01-09 01:07:14
582,Extra Cheesy Keychain Set,4,53,413,74.3,16.7,2025-10-07 18:49:19
583,Camel Leather Jutti,21,553,1434,70.1,19.1,2025-06-06 19:52:29
584,Village-style Postcard Set,24,345,941,94.0,0,2025-01-03 05:36:38
585,Fridge Magnet,5,209,1165,78.6,6.8,2026-01-13 18:20:27
586,Khasi Shawl,16,758,3198,92.5,0,2025-12-24 02:54:58
587,Keychain Set,17,230,635,64.8,33.2,2025-05-28 01:56:36
588,Deluxe Paithani Saree,14,622,3154,76.6,11.3,2025-08-01 17:28:10
589,Handwoven Bag,18,782,999,67.0,27.5,2025-05-22 15:19:06
590,Homestyle Keychain Set,2,73,302,78.7,5.3,2025-06-28 13:28:34
591,Keychain Set,24,137,2895,96.4,0,2025-10-29 03:50:31
592,Sandalwood Carving,11,123,925,73.8,17.9,2026-05-21 09:41:35
593,Quick-bite Fridge Magnet,17,389,534,72.1,8.7,2025-07-11 01:04:05
594,Family Recipe Fridge Magnet,24,513,3382,70.6,17.1,2025-08-20 16:41:46
595,Postcard Set,8,658,2518,49.3,26.4,2025-03-29 19:56:46
596,Mysore Silk Saree,11,765,876,84.5,0.7,2026-06-19 06:08:27
597,Kangra Miniature Painting,9,128,864,73.4,8.6,2025-07-12 06:01:05
598,Local Handicraft Figurine,8,645,3163,49.5,52.3,2025-10-27 02:53:46
599,Postcard Set,4,564,2627,70.6,20.0,2025-03-30 18:23:43
600,Applique Work,19,547,872,61.0,18.8,2026-03-09 18:35:19
601,Fridge Magnet,8,146,1595,81.7,4.0,2026-01-20 23:43:03
602,Street-side Aranmula Kannadi Mirror,12,722,2216,80.1,5.0,2025-05-08 19:34:48
603,Prayer Wheel,22,197,2859,68.8,19.9,2025-05-02 09:57:06
604,Extra Cheesy Keychain Set,15,485,2247,68.7,28.3,2025-12-28 15:20:15
605,Special Bamboo Basket,16,341,520,79.9,6.0,2026-06-27 11:54:53
606,Juti Footwear,20,150,2020,72.3,9.8,2025-01-17 19:34:10
607,Postcard Set,2,378,3328,64.7,18.8,2025-12-24 04:26:07
608,Grandma's Fridge Magnet,10,238,2992,83.5,2.4,2025-09-24 14:32:55
609,Premium Postcard Set,8,687,3484,51.2,54.6,2025-06-28 04:47:28
610,Authentic Fridge Magnet,10,166,1090,74.7,11.4,2025-03-16 11:26:15
611,Roadside Local Handicraft Figurine,25,279,2491,54.9,31.6,2025-01-15 15:49:16
612,Classic Warli Painting,14,475,584,52.7,30.2,2025-10-11 06:43:32
613,Village-style Keychain Set,2,407,1870,75.7,14.9,2025-12-23 01:46:20
614,Postcard Set,1,318,2889,86.7,0,2025-09-08 16:00:43
615,Street-side Handwoven Bag,24,414,1177,73.5,17.7,2025-01-24 01:42:46
616,Authentic Phulkari Dupatta,20,746,1718,52.7,22.6,2026-04-20 14:43:48
617,Local Handicraft Figurine,24,94,2566,70.6,16.7,2026-04-29 01:36:14
618,Deluxe Meenakari Jewelry,21,688,2541,64.7,18.6,2026-02-28 22:59:27
619,Tanjore Painting,23,101,2236,72.2,16.9,2025-06-14 22:53:03
620,Quick-bite Seashell Craft,6,649,3641,60.2,21.9,2025-10-17 05:12:23
621,Local Handicraft Figurine,24,616,759,81.8,3.8,2026-06-01 13:47:05
622,Handwoven Bag,17,507,1714,64.6,29.9,2025-12-06 00:03:26
623,Quick-bite Silver Filigree,19,381,1506,65.8,18.8,2025-04-20 11:39:30
624,Keychain Set,17,72,1590,66.3,27.8,2025-10-04 00:31:15
625,Fridge Magnet,17,153,616,60.1,22.9,2026-04-21 00:54:13
626,Chef's Fridge Magnet,10,273,656,88.4,0,2025-01-24 19:53:24
627,Spicy Fridge Magnet,4,223,576,82.0,3.2,2025-02-04 00:30:29
628,Roadside Blue Pottery,21,156,2431,62.0,25.5,2026-06-09 01:15:48
629,Village-style Muga Silk Stole,3,669,2240,66.4,23.8,2025-01-04 01:48:54
630,Juti Footwear,20,502,2111,46.9,53.6,2026-01-17 21:39:56
631,Patola Saree,7,474,1414,81.4,2.2,2025-11-22 19:18:17
632,Juti Footwear,20,558,2764,86.8,0,2026-02-19 19:20:14
633,Postcard Set,17,761,1693,45.8,50.5,2025-04-21 11:06:04
634,Special Postcard Set,10,429,1957,62.6,33.0,2025-11-06 20:04:45
635,Keychain Set,15,114,567,66.9,32.1,2026-06-10 17:47:23
636,Azulejo Tile,6,362,1325,55.3,35.1,2025-12-24 07:06:31
637,Keychain Set,8,158,231,55.4,35.3,2025-05-13 00:28:04
638,Chef's Pattachitra Painting,19,262,331,75.0,9.4,2025-07-08 02:39:35
639,Premium Juti Footwear,20,737,1378,88.8,0,2025-02-13 06:13:47
640,Grandma's Puppet (Kathputli),21,563,1645,58.9,19.4,2025-11-07 14:12:53
641,Patola Saree,7,226,1049,82.1,4.1,2025-03-15 23:05:21
642,Cashew Feni Bottle,6,112,258,75.6,11.8,2025-08-31 05:15:59
643,Assam Tea Gift Box,3,570,2507,72.8,21.3,2025-03-23 23:08:02
644,Grandma's Handwoven Bag,17,512,1145,73.2,15.2,2026-01-20 17:21:21
645,Thangka Painting,22,491,2849,57.1,31.9,2026-03-27 01:19:00
646,Street-side Keychain Set,24,534,2191,54.5,33.4,2026-06-01 16:26:14
647,Handwoven Carpet,22,201,970,75.4,7.0,2026-03-16 16:00:43
648,Seashell Craft,6,334,1863,65.6,19.7,2025-12-05 11:47:36
649,Street-side Keychain Set,17,530,1974,69.4,24.1,2026-02-17 19:50:26
650,Keychain Set,2,224,2100,64.2,30.3,2025-05-08 11:15:25
651,Keychain Set,15,183,2987,75.1,14.2,2025-04-01 08:36:16
652,Meenakari Jewelry,21,144,1964,92.5,0,2025-02-06 11:19:02
653,Special Fridge Magnet,15,589,1920,69.3,11.5,2026-02-27 15:03:30
654,Extra Cheesy Paithani Saree,14,216,2723,89.2,0,2025-10-11 11:08:25
655,Family Recipe Pattachitra Painting,19,380,2421,60.2,17.5,2025-09-14 19:20:41
656,Grandma's Local Handicraft Figurine,25,242,1084,66.2,17.3,2025-01-20 04:44:33
657,Roadside Mysore Silk Saree,11,55,2227,93.2,0,2025-11-24 21:55:22
658,Marble Taj Replica,26,466,1630,76.3,6.3,2025-07-08 23:19:10
659,Quick-bite Local Handicraft Figurine,2,595,932,73.5,8.4,2025-12-24 09:44:18
660,Village-style Applique Work,19,583,2609,71.0,13.8,2025-09-03 21:05:55
661,Silver Filigree,19,610,910,80.6,4.4,2025-08-12 21:05:11
662,Fridge Magnet,15,641,2375,74.6,18.1,2026-04-11 18:19:59
663,Authentic Applique Work,19,295,871,54.6,38.0,2025-01-08 06:32:05
664,Patola Saree,7,118,961,58.6,36.0,2025-02-18 21:04:10
665,Traditional Handwoven Bag,27,502,2047,63.9,31.1,2025-11-02 05:51:54
666,Signature Kathakali Mask,12,375,1657,47.9,53.0,2025-03-22 09:31:58
667,Spice Box Set,12,313,2323,70.3,17.6,2026-03-08 06:45:32
668,Handwoven Bag,1,212,876,75.2,10.7,2025-06-11 22:10:49
669,Quick-bite Khasi Shawl,16,181,2541,68.3,27.2,2026-04-30 13:04:10
670,Marble Taj Replica,26,520,2155,59.9,35.9,2025-01-07 01:03:00
671,Chef's Keychain Set,10,777,1590,52.0,22.0,2025-05-26 23:57:08
672,Kolhapuri Chappal,14,171,1893,85.3,0,2025-08-29 11:45:00
673,Cashew Feni Bottle,6,257,833,56.4,48.7,2025-03-27 14:13:54
674,Roadside Terracotta Figurine,28,502,1971,63.5,17.1,2025-08-12 06:41:13
675,Keychain Set,4,725,2216,50.1,26.3,2025-12-02 22:32:31
676,Chef's Dokra Art,28,419,1709,84.4,1.0,2025-02-03 05:42:26
677,Juti Footwear,20,319,3109,81.5,5.5,2025-09-16 13:49:09
678,Postcard Set,24,173,2841,83.6,0.9,2025-10-21 21:32:41
679,Local Handicraft Figurine,10,591,2744,58.2,23.3,2025-03-11 09:55:02
680,Deluxe Handwoven Bag,15,175,1960,82.9,3.6,2025-01-24 17:50:14
681,Local Favourite Fridge Magnet,10,60,2645,90.9,0,2025-01-11 09:49:44
682,Special Fridge Magnet,2,314,2936,69.5,23.2,2025-06-09 04:24:35
683,Mirror Work Bag,7,280,633,74.9,10.7,2026-06-28 15:13:39
684,Festival Blue Pottery,21,431,1969,70.6,10.1,2025-06-26 11:11:22
685,Spicy Khasi Shawl,16,718,1690,68.5,13.8,2025-08-28 11:11:26
686,Special Keychain Set,15,288,1558,65.5,28.6,2026-04-12 16:22:42
687,Muga Silk Stole,3,410,1997,55.9,18.7,2026-03-23 10:03:13
688,Local Handicraft Figurine,8,709,3386,51.9,55.9,2026-04-18 15:07:01
689,Roadside Bamboo Craft,3,647,2541,75.2,11.6,2026-02-16 09:14:55
690,Tanjore Painting,23,341,1796,76.9,7.8,2025-04-18 21:50:39
691,Postcard Set,15,761,1609,80.9,4.1,2025-04-10 02:01:12
692,Postcard Set,4,636,908,72.3,22.3,2026-02-13 19:54:55
693,Traditional Channapatna Toy,11,239,1796,75.0,13.1,2025-07-19 05:12:55
694,Chef's Aranmula Kannadi Mirror,12,61,1136,73.6,15.2,2025-12-25 22:22:46
695,Prayer Wheel,22,221,2554,92.3,0,2025-03-14 18:39:29
696,Local Handicraft Figurine,24,579,1819,73.5,20.4,2026-03-09 21:04:04
697,Handwoven Bag,2,685,3563,78.5,6.4,2025-12-25 18:35:22
698,Handwoven Bag,25,354,616,75.8,10.8,2026-06-22 21:28:30
699,Paithani Saree,14,103,2927,75.6,11.5,2025-09-23 10:20:56
700,Chanderi Saree,13,96,2855,43.5,39.4,2025-04-19 04:41:28
701,Deluxe Warli Painting,14,65,2772,81.4,4.6,2025-12-19 09:07:49
702,Paithani Saree,14,320,1040,75.4,8.9,2025-09-21 11:50:31
703,Chef's Bagh Print Fabric,13,92,199,59.7,43.2,2025-07-31 07:21:40
704,Authentic Handwoven Bag,18,379,2173,90.3,0,2026-05-31 06:31:21
705,Family Recipe Postcard Set,25,657,3656,84.9,0.2,2026-02-12 11:13:38
706,Spicy Chikankari Kurta,26,160,1457,90.4,0,2026-01-11 04:33:47
707,Local Handicraft Figurine,2,417,1356,42.2,71.4,2026-02-05 22:11:22
708,Family Recipe Kolhapuri Chappal,14,761,3309,46.4,36.1,2025-10-10 06:00:36
709,Signature Seashell Craft,6,65,2095,84.5,0.9,2026-04-26 11:06:02
710,Classic Keychain Set,10,311,382,94.4,0,2025-11-08 17:10:48
711,Bamboo Basket,16,248,2738,92.0,0,2026-01-16 00:57:43
712,Keychain Set,15,83,975,84.5,0.3,2026-03-21 05:41:51
713,Royal Terracotta Figurine,28,503,3047,78.5,4.2,2025-02-19 15:56:27
714,Kanchipuram Silk Saree,23,529,2424,58.7,16.1,2026-03-16 12:27:09
715,Handwoven Bag,17,117,271,77.9,7.0,2025-07-21 10:04:49
716,Chikankari Kurta,26,296,1297,49.5,45.5,2025-01-24 18:25:51
717,Mirror Work Bag,7,209,2066,90.1,0,2026-02-19 06:33:11
718,Spicy Postcard Set,4,273,2025,73.6,18.9,2025-10-11 09:26:32
719,Family Recipe Pattachitra Painting,19,667,3117,54.9,53.1,2025-03-31 12:34:53
720,Silver Filigree,19,98,934,44.8,63.6,2026-03-17 11:45:34
721,Terracotta Figurine,28,273,335,70.5,25.6,2026-03-12 10:57:00
722,Postcard Set,27,456,837,72.8,18.5,2025-06-13 19:55:43
723,Deluxe Bamboo Basket,16,588,2518,67.7,16.6,2025-05-02 05:11:59
724,Premium Handwoven Bag,25,157,3143,84.2,1.1,2026-04-21 17:48:05
725,Keychain Set,5,126,210,75.7,13.4,2026-06-30 14:01:14
726,Extra Cheesy Postcard Set,15,241,1472,72.2,14.6,2026-03-05 11:26:59
727,Traditional Handwoven Bag,10,295,2261,75.5,12.7,2025-08-09 16:32:57
728,Postcard Set,2,338,3187,61.8,33.1,2025-12-30 22:47:11
729,Special Keychain Set,17,168,1022,75.5,6.7,2025-02-22 08:12:23
730,Street-side Brassware,26,326,2269,77.5,9.8,2025-02-19 04:28:49
731,Quick-bite Bagh Print Fabric,13,415,904,61.6,16.3,2025-05-28 16:22:31
732,Grandma's Juti Footwear,20,713,1051,73.0,15.5,2025-03-28 08:24:19
733,Homestyle Muga Silk Stole,3,625,3047,44.1,52.3,2026-06-12 22:21:51
734,Blue Pottery,21,93,2457,70.8,8.6,2025-06-22 19:46:18
735,Chef's Marble Taj Replica,26,468,2317,63.4,35.0,2025-02-16 21:59:53
736,Bamboo Basket,16,330,897,69.7,10.0,2025-06-13 12:56:45
737,Premium Postcard Set,8,627,3535,90.7,0,2025-10-09 07:06:00
738,Premium Bandhani Fabric,7,621,2399,62.1,17.8,2026-04-10 08:07:16
739,Coir Handicraft,12,519,3225,44.0,49.6,2025-10-01 16:53:17
740,Thangka Painting,22,451,644,63.6,33.4,2026-04-16 18:22:29
741,Kolhapuri Chappal,14,327,2255,50.4,31.0,2026-06-04 14:50:58
742,Local Favourite Blue Pottery,21,190,1774,47.3,59.4,2025-01-26 21:50:54
743,Phulkari Dupatta,20,464,2449,82.3,3.7,2025-01-17 13:59:40
744,Deluxe Juti Footwear,20,250,894,59.4,37.3,2025-09-28 15:59:09
745,Bagh Print Fabric,13,749,3373,70.6,9.1,2026-02-12 09:54:18
746,Keychain Set,4,135,3037,87.4,0,2026-04-10 03:00:45
747,Pattachitra Painting,19,769,1390,75.0,7.3,2025-08-16 05:42:56
748,Kullu Shawl,9,771,2246,74.8,15.2,2025-09-28 03:29:00
749,Handwoven Bag,1,246,974,43.8,52.0,2025-11-14 15:33:54
750,Postcard Set,24,466,1491,48.7,56.1,2026-03-24 17:55:13
751,Authentic Postcard Set,24,746,1338,62.9,13.9,2026-01-03 06:26:53
752,Traditional Postcard Set,15,520,680,66.8,17.9,2026-01-21 18:45:52
753,Handwoven Bag,4,296,1781,82.7,3.0,2026-01-06 01:09:37
754,Roadside Fridge Magnet,17,216,1410,61.7,28.4,2026-01-22 11:59:35
755,Local Handicraft Figurine,2,313,2430,76.8,11.6,2026-05-28 11:50:59
756,Classic Chanderi Saree,13,340,2032,55.9,37.9,2026-03-06 21:40:24
757,Patola Saree,7,718,1785,88.2,0,2025-07-21 06:22:19
758,Fridge Magnet,18,698,1936,61.1,38.0,2026-02-22 06:24:16
759,Postcard Set,17,449,1195,76.0,9.6,2026-04-30 18:27:02
760,Local Handicraft Figurine,18,222,1009,55.0,53.3,2025-10-25 12:14:36
761,Pahari Cap,9,237,308,58.6,22.2,2026-03-06 04:39:18
762,Puppet (Kathputli),21,221,1836,79.3,5.5,2025-02-19 23:13:06
763,Prayer Wheel,22,771,2395,74.3,14.6,2025-08-28 05:44:18
764,Homestyle Postcard Set,5,402,2172,48.9,24.8,2026-01-01 19:24:44
765,Meenakari Jewelry,21,285,2127,77.7,10.9,2025-07-11 04:26:05
766,Family Recipe Bamboo Craft,3,283,2447,55.4,52.5,2026-03-29 03:07:35
767,Handwoven Bag,4,424,2013,95.2,0,2025-08-31 13:08:47
768,Fridge Magnet,5,788,1741,60.3,41.8,2025-06-01 21:22:37
769,Local Handicraft Figurine,10,382,1875,79.5,8.5,2026-02-20 10:55:11
770,Fridge Magnet,15,144,1577,70.2,26.4,2025-06-02 18:38:22
771,Royal Fridge Magnet,8,770,2180,86.3,0,2026-01-17 20:32:42
772,Handwoven Bag,10,251,3240,56.5,39.3,2025-08-02 07:16:19
773,Family Recipe Khasi Shawl,16,415,1301,72.2,10.8,2025-03-09 23:56:11
774,Local Handicraft Figurine,2,511,1750,62.1,34.4,2025-03-19 17:21:26
775,Classic Keychain Set,8,546,3241,56.7,35.9,2026-02-10 17:33:56
776,Bronze Nataraja Statue,23,579,3474,78.9,10.8,2025-06-17 15:40:07
777,Quick-bite Pahari Cap,9,748,3309,82.1,2.4,2026-05-17 14:40:42
778,Paithani Saree,14,642,1162,86.4,0,2025-05-05 02:50:15
779,Postcard Set,27,607,1843,91.9,0,2025-11-23 11:06:49
780,Classic Postcard Set,10,579,1820,47.6,38.4,2025-10-27 02:59:38
781,Fridge Magnet,27,771,2609,85.5,0,2026-04-24 13:44:02
782,Signature Sandalwood Carving,11,478,3411,58.1,41.0,2025-03-17 01:33:06
783,Village-style Pattachitra Painting,19,403,1186,83.5,2.6,2025-12-03 11:54:57
784,Terracotta Figurine,28,178,2387,45.6,24.5,2025-02-02 12:31:28
785,Deluxe Fridge Magnet,25,131,571,73.0,8.2,2025-10-06 10:44:49
786,Family Recipe Keychain Set,25,357,2238,81.8,3.0,2025-07-07 04:10:30
787,Family Recipe Mysore Silk Saree,11,233,1172,70.8,10.0,2025-02-05 05:58:55
788,Postcard Set,2,260,2488,62.3,37.8,2025-11-14 23:43:18
789,Paithani Saree,14,675,1041,78.1,6.3,2026-04-01 23:21:31
790,Thangka Painting,22,131,1983,45.2,41.9,2026-04-27 05:03:39
791,Spice Box Set,12,606,1393,80.8,6.5,2026-06-21 17:53:11
792,Classic Handwoven Carpet,22,304,1709,42.9,49.7,2025-12-28 22:45:49
793,Postcard Set,8,608,1368,83.3,2.8,2025-03-01 05:38:05
794,Prayer Wheel,22,681,3012,71.2,11.6,2025-11-14 00:13:39
795,Local Favourite Local Handicraft Figurine,8,756,2737,61.1,28.9,2026-01-24 07:39:49
796,Postcard Set,4,307,1946,80.6,6.6,2026-03-20 08:49:40
797,Local Handicraft Figurine,15,598,934,65.1,24.4,2025-11-01 15:00:14
798,Spice Box Set,12,316,3221,93.1,0,2026-02-20 10:31:50
799,Village-style Tanjore Painting,23,425,2960,92.6,0,2025-08-19 03:45:12
800,Quick-bite Postcard Set,2,110,1034,67.0,25.8,2025-08-01 19:40:47
801,Quick-bite Phulkari Dupatta,20,508,1224,94.7,0,2025-12-29 12:43:30
802,Festival Postcard Set,25,73,251,83.2,1.4,2025-11-28 02:09:22
803,Homestyle Seashell Craft,6,310,1852,72.5,21.7,2026-01-20 18:54:05
804,Grandma's Tanjore Painting,23,774,2092,87.6,0,2025-07-09 08:27:34
805,Homestyle Postcard Set,18,687,3621,50.9,52.9,2025-08-25 13:22:04
806,Roadside Marble Taj Replica,26,231,298,56.4,37.2,2025-01-05 19:38:02
807,Pahari Cap,9,750,1905,84.6,0.4,2026-01-17 03:25:12
808,Khasi Shawl,16,386,2741,81.8,3.4,2026-02-02 14:36:23
809,Premium Phulkari Dupatta,20,287,3171,70.3,16.4,2025-03-18 05:33:45
810,Extra Cheesy Postcard Set,24,378,1070,76.7,12.5,2025-07-02 18:06:20
811,Authentic Local Handicraft Figurine,27,318,515,59.6,30.7,2025-06-16 04:38:02
812,Deluxe Local Handicraft Figurine,17,84,557,66.1,15.9,2025-04-16 04:04:07
813,Aranmula Kannadi Mirror,12,385,2664,64.8,13.3,2025-01-31 23:53:44
814,Camel Leather Jutti,21,288,1098,68.5,25.8,2025-12-18 14:58:54
815,Classic Local Handicraft Figurine,8,584,2629,74.9,12.8,2025-07-24 03:57:32
816,Keychain Set,25,436,2504,80.2,6.2,2026-02-13 11:11:44
817,Keychain Set,17,528,2796,43.5,25.6,2025-09-20 16:39:25
818,Homestyle Kullu Shawl,9,558,3101,64.8,15.6,2025-03-24 13:20:13
819,Chanderi Saree,13,138,1984,57.5,22.3,2025-04-21 07:31:51
820,Homestyle Fridge Magnet,25,272,3076,93.6,0,2025-09-16 08:19:25
821,Extra Cheesy Kolhapuri Chappal,14,508,878,59.2,26.0,2025-11-27 11:25:44
822,Fridge Magnet,8,199,2972,88.4,0,2026-03-17 19:47:57
823,Chef's Keychain Set,17,536,1244,63.1,15.4,2025-09-27 22:29:26
824,Village-style Marble Taj Replica,26,400,650,76.6,8.6,2025-08-04 11:18:52
825,Roadside Handwoven Bag,18,438,1292,65.0,25.7,2025-10-16 13:49:17
826,Grandma's Seashell Craft,6,89,939,72.5,8.4,2025-07-10 09:02:14
827,Roadside Kangra Miniature Painting,9,689,1750,77.8,5.0,2025-04-24 06:39:11
828,Postcard Set,17,526,1933,88.6,0,2026-03-01 08:19:38
829,Applique Work,19,115,847,84.5,0.4,2026-02-23 11:07:23
830,Juti Footwear,20,600,1273,69.3,15.0,2025-07-06 17:54:17
831,Family Recipe Camel Leather Jutti,21,89,1963,56.2,35.5,2025-11-24 00:08:57
832,Deluxe Warli Painting,14,779,1992,57.4,27.6,2025-05-18 06:58:54
833,Extra Cheesy Seashell Craft,6,169,3097,89.9,0,2025-05-12 13:39:04
834,Handwoven Bag,17,631,2657,72.4,12.1,2025-11-14 07:20:32
835,Authentic Fridge Magnet,24,675,3647,79.1,9.4,2025-09-30 13:03:24
836,Traditional Keychain Set,18,411,665,74.2,9.7,2026-03-14 22:35:58
837,Street-side Puppet (Kathputli),21,676,3234,77.4,10.7,2026-05-21 00:42:45
838,Street-side Bagh Print Fabric,13,563,2846,51.2,35.6,2026-01-01 05:36:26
839,Dokra Art,28,183,929,88.8,0,2025-01-18 21:24:15
840,Grandma's Handwoven Bag,25,83,1285,90.6,0,2025-02-14 06:13:11
841,Spicy Handwoven Bag,5,552,3225,63.2,23.3,2025-06-15 18:36:01
842,Signature Postcard Set,1,417,3107,79.8,6.9,2025-07-25 11:17:40
843,Marble Taj Replica,26,271,2168,86.4,0,2026-03-21 07:28:07
844,Premium Bamboo Craft,3,545,1587,61.4,36.3,2026-03-07 07:56:13
845,Chef's Keychain Set,25,763,3001,79.7,7.9,2026-04-20 07:26:49
846,Kangra Miniature Painting,9,269,1358,79.2,4.0,2025-01-25 18:15:21
847,Pahari Cap,9,666,2475,56.8,48.1,2025-12-02 05:00:39
848,Keychain Set,18,772,1121,49.7,50.0,2026-02-23 21:32:55
849,Signature Sandalwood Carving,11,381,3210,50.0,50.6,2026-05-29 16:50:45
850,Authentic Local Handicraft Figurine,1,419,3387,79.1,6.8,2026-04-26 05:17:18
851,Premium Keychain Set,25,157,2385,62.0,40.5,2025-03-08 13:58:12
852,Family Recipe Juti Footwear,20,574,916,84.0,1.5,2026-06-28 11:00:36
853,Postcard Set,4,417,2331,68.9,28.6,2025-09-02 09:40:20
854,Spicy Juti Footwear,20,799,2936,75.9,8.4,2025-04-04 19:12:05
855,Cashew Feni Bottle,6,692,2330,69.7,23.7,2026-02-22 16:50:30
856,Classic Camel Leather Jutti,21,563,2696,94.4,0,2026-06-18 07:11:08
857,Cashew Feni Bottle,6,336,1967,73.8,18.5,2026-06-09 01:56:18
858,Quick-bite Postcard Set,27,457,607,83.2,2.0,2025-09-09 17:19:59
859,Handwoven Bag,2,592,3266,55.5,21.0,2025-06-29 13:09:49
860,Keychain Set,4,55,2503,50.1,28.4,2026-06-19 04:49:00
861,Royal Local Handicraft Figurine,25,450,1354,51.0,33.8,2025-08-23 18:45:22
862,Keychain Set,1,233,1299,51.3,42.7,2025-06-30 20:03:44
863,Special Spice Box Set,12,61,1858,84.8,0.2,2025-08-20 20:20:12
864,Cashew Feni Bottle,6,605,2999,56.1,46.8,2025-04-09 07:18:08
865,Kolhapuri Chappal,14,209,1680,67.3,27.7,2025-09-25 02:56:44
866,Local Handicraft Figurine,8,476,2911,71.3,14.4,2025-07-17 07:59:12
867,Extra Cheesy Channapatna Toy,11,119,2350,76.4,13.0,2025-08-24 13:12:08
868,Local Handicraft Figurine,8,126,2884,75.4,15.6,2025-10-06 14:41:32
869,Kanchipuram Silk Saree,23,111,1165,78.0,9.4,2025-03-11 14:01:14
870,Extra Cheesy Aranmula Kannadi Mirror,12,341,1279,50.2,58.5,2025-06-17 16:34:51
871,Homestyle Marble Taj Replica,26,337,550,65.0,22.9,2025-07-29 20:16:25
872,Local Handicraft Figurine,15,192,1483,79.4,7.2,2026-05-14 20:36:13
873,Mysore Silk Saree,11,89,1031,79.9,3.9,2025-06-19 14:49:18
874,Cashew Feni Bottle,6,671,3579,74.7,9.0,2026-01-30 13:17:57
875,Bamboo Craft,3,611,2390,89.4,0,2025-07-25 16:00:07
876,Family Recipe Pattachitra Painting,19,642,855,50.1,42.4,2026-05-19 05:03:55
877,Signature Meenakari Jewelry,21,217,1566,67.9,28.1,2025-07-22 07:29:50
878,Keychain Set,2,569,650,57.5,46.2,2026-05-24 20:29:59
879,Postcard Set,18,527,3007,70.9,16.9,2025-06-29 11:30:57
880,Applique Work,19,663,3585,49.1,36.4,2025-09-25 21:47:00
881,Quick-bite Kanchipuram Silk Saree,23,709,3512,81.6,2.9,2025-11-22 10:04:41
882,Family Recipe Assam Tea Gift Box,3,433,538,76.7,13.3,2025-08-13 06:26:45
883,Brassware,26,203,682,66.3,13.5,2026-01-12 02:44:42
884,Extra Cheesy Sandalwood Carving,11,76,581,83.3,2.7,2026-02-06 23:30:17
885,Keychain Set,4,181,1827,67.1,28.7,2025-07-25 02:30:25
886,Bamboo Basket,16,264,2228,67.6,28.6,2026-06-22 16:18:31
887,Quick-bite Kathakali Mask,12,333,2578,70.0,13.1,2025-04-11 14:16:05
888,Phulkari Dupatta,20,299,2329,80.5,5.1,2025-01-07 06:50:03
889,Deluxe Seashell Craft,6,685,1859,71.9,7.9,2025-03-14 04:28:52
890,Roadside Terracotta Figurine,28,560,2897,74.7,15.0,2026-03-16 18:48:09
891,Royal Tanjore Painting,23,688,3020,57.9,31.5,2025-03-20 05:39:44
892,Extra Cheesy Thangka Painting,22,359,736,51.3,23.9,2026-05-19 12:36:25
893,Thangka Painting,22,719,3109,73.8,12.3,2025-06-26 09:21:12
894,Keychain Set,8,425,2404,47.8,66.5,2025-04-01 09:00:06
895,Handwoven Bag,10,323,2564,68.7,20.2,2026-06-17 03:30:22
896,Quick-bite Brassware,26,555,2373,77.1,9.4,2025-02-15 07:07:44
897,Signature Warli Painting,14,369,545,72.7,19.6,2026-02-14 13:35:19
898,Local Handicraft Figurine,1,207,2414,65.3,13.6,2026-04-22 16:37:10
899,Kathakali Mask,12,799,3247,70.5,23.5,2026-05-26 12:52:52
900,Royal Fridge Magnet,10,243,1896,94.6,0,2025-01-16 12:12:59
901,Fridge Magnet,15,173,2341,47.5,33.3,2026-05-04 19:21:24
902,Classic Kolhapuri Chappal,14,221,2725,72.1,7.8,2025-08-26 17:55:00
903,Bronze Nataraja Statue,23,800,1269,72.0,17.3,2026-03-20 03:17:01
904,Muga Silk Stole,3,160,2495,65.3,26.6,2026-04-22 23:36:29
905,Festival Handwoven Bag,4,551,1437,39.7,38.0,2026-05-03 14:37:49
906,Grandma's Phulkari Dupatta,20,116,545,67.7,18.7,2025-03-03 15:01:06
907,Kangra Miniature Painting,9,198,2948,73.0,11.2,2026-04-30 03:12:17
908,Festival Paithani Saree,14,242,1927,71.9,17.2,2025-07-05 20:50:19
909,Classic Terracotta Figurine,28,172,2153,75.7,12.3,2026-04-17 22:25:22
910,Extra Cheesy Local Handicraft Figurine,8,486,2003,73.3,17.2,2025-04-07 20:58:49
911,Premium Postcard Set,5,178,1747,39.3,61.1,2025-02-22 06:36:36
912,Local Handicraft Figurine,15,385,2069,52.0,26.8,2026-04-15 19:56:39
913,Traditional Postcard Set,24,241,2026,60.9,42.2,2025-11-08 18:14:05
914,Fridge Magnet,25,392,1281,65.8,24.8,2025-01-23 11:18:39
915,Homestyle Spice Box Set,12,452,2379,74.1,10.3,2026-03-26 04:03:07
916,Chef's Bamboo Basket,16,301,1099,81.5,3.3,2026-04-08 00:56:04
917,Fridge Magnet,10,491,3434,62.8,26.5,2026-04-03 00:12:33
918,Festival Handwoven Bag,18,678,3643,59.5,30.6,2025-10-28 06:35:58
919,Deluxe Local Handicraft Figurine,5,399,2109,43.6,40.1,2025-12-30 22:36:46
920,Authentic Mirror Work Bag,7,782,2611,71.3,13.7,2025-09-21 05:55:59
921,Kanchipuram Silk Saree,23,130,203,48.2,25.5,2025-08-01 12:19:06
922,Authentic Kullu Shawl,9,236,468,61.1,42.2,2025-12-08 19:58:13
923,Local Favourite Seashell Craft,6,605,2690,89.4,0,2025-05-08 13:57:08
924,Muga Silk Stole,3,343,2325,68.8,18.0,2026-05-01 20:53:30
925,Fridge Magnet,27,650,3549,75.0,16.3,2025-04-14 13:21:57
926,Fridge Magnet,8,189,1446,40.8,66.5,2025-08-10 10:48:27
927,Royal Azulejo Tile,6,399,730,72.0,14.6,2025-11-09 18:39:28
928,Quick-bite Bandhani Fabric,7,436,2055,81.7,2.4,2026-01-26 21:48:10
929,Extra Cheesy Local Handicraft Figurine,27,688,1343,51.5,44.9,2025-01-25 10:02:47
930,Spicy Local Handicraft Figurine,1,407,2566,72.6,13.1,2026-05-16 22:29:26
931,Phulkari Dupatta,20,355,958,72.6,19.5,2026-05-06 19:24:27
932,Chef's Phulkari Dupatta,20,591,2566,84.7,0.3,2025-05-26 22:43:35
933,Local Favourite Keychain Set,17,767,2525,52.6,39.3,2025-10-23 17:38:49
934,Pahari Cap,9,80,2346,57.3,37.1,2025-02-10 18:55:34
935,Authentic Sandalwood Carving,11,217,552,65.3,23.0,2026-06-25 23:37:40
936,Local Favourite Meenakari Jewelry,21,281,1512,67.5,16.2,2026-03-01 05:07:39
937,Fridge Magnet,24,99,1654,73.1,17.6,2025-04-18 11:47:33
938,Local Favourite Chanderi Saree,13,742,2071,79.5,7.2,2026-06-14 00:18:34
939,Signature Pahari Cap,9,269,667,70.3,21.8,2026-02-03 21:14:11
940,Deluxe Keychain Set,25,380,1255,54.9,25.0,2026-02-02 12:28:20
941,Traditional Postcard Set,15,365,1990,67.4,25.7,2026-06-22 00:20:21
942,Handwoven Bag,2,438,3047,74.6,9.2,2025-10-03 21:26:43
943,Postcard Set,24,55,2802,71.2,23.3,2026-03-23 00:12:47
944,Festival Assam Tea Gift Box,3,694,2616,70.4,14.2,2026-06-19 00:47:19
945,Terracotta Figurine,28,376,1573,79.7,3.7,2026-06-05 02:37:41
946,Extra Cheesy Mirror Work Bag,7,619,2312,75.4,9.7,2026-02-23 21:36:41
947,Patola Saree,7,288,3030,88.0,0,2026-01-16 10:54:37
948,Khasi Shawl,16,624,1097,72.3,13.0,2026-04-08 21:50:48
949,Authentic Handwoven Bag,17,106,219,64.7,20.8,2026-01-10 01:18:29
950,Postcard Set,25,60,2274,60.4,41.5,2026-06-25 15:31:53
951,Street-side Khasi Shawl,16,457,2805,67.8,10.5,2026-05-23 14:32:18
952,Homestyle Postcard Set,1,255,2104,91.8,0,2025-07-11 10:59:40
953,Traditional Bandhani Fabric,7,489,1336,74.6,9.9,2025-01-16 14:41:16
954,Postcard Set,25,713,2188,46.9,61.6,2025-06-20 17:39:35
955,Postcard Set,10,439,3177,65.6,34.6,2025-09-22 12:44:54
956,Azulejo Tile,6,407,1699,58.7,36.5,2025-04-10 14:47:32
957,Thangka Painting,22,502,3206,82.4,4.4,2025-09-03 08:00:40
958,Classic Mysore Silk Saree,11,360,2179,45.9,33.8,2025-01-26 15:13:59
959,Chef's Handwoven Bag,10,560,2157,48.8,43.2,2025-09-05 20:41:41
960,Village-style Fridge Magnet,10,518,2763,91.0,0,2025-06-10 01:15:48
961,Coir Handicraft,12,636,732,64.0,21.5,2026-02-06 10:52:42
962,Camel Leather Jutti,21,145,2406,91.5,0,2025-08-15 04:07:16
963,Local Handicraft Figurine,1,517,1108,77.6,5.8,2025-03-23 14:35:36
964,Thangka Painting,22,192,2580,45.4,46.8,2025-11-18 02:37:32
965,Postcard Set,24,778,2559,87.2,0,2026-01-30 03:05:35
966,Deluxe Local Handicraft Figurine,5,141,3131,53.4,56.6,2025-12-23 00:03:21
967,Mysore Silk Saree,11,299,3237,44.1,26.7,2025-12-26 21:43:41
968,Homestyle Local Handicraft Figurine,1,213,1413,65.4,19.9,2025-04-26 18:25:52
969,Festival Prayer Wheel,22,478,3339,74.8,11.7,2025-12-23 04:15:50
970,Village-style Patola Saree,7,554,3286,70.7,22.8,2026-04-12 04:29:18
971,Fridge Magnet,2,751,1122,61.0,16.9,2025-12-13 19:59:42
972,Mysore Silk Saree,11,651,1070,65.9,15.4,2025-11-17 21:16:35
973,Applique Work,19,348,1987,66.0,28.9,2025-08-08 10:09:47
974,Homestyle Postcard Set,1,537,3152,84.9,0.1,2025-03-31 00:52:21
975,Homestyle Kolhapuri Chappal,14,685,1632,56.1,41.7,2026-06-27 08:44:46
976,Homestyle Mirror Work Bag,7,175,582,57.3,34.1,2026-05-03 09:16:28
977,Mysore Silk Saree,11,340,685,67.8,18.5,2026-04-05 07:45:24
978,Royal Blue Pottery,21,137,1077,60.8,37.5,2025-11-13 19:16:19
979,Keychain Set,27,447,2813,61.2,39.2,2025-09-13 02:59:05
980,Street-side Silver Filigree,19,518,2155,60.3,41.3,2025-11-16 20:30:38
981,Keychain Set,10,269,2958,76.8,7.7,2025-05-14 07:36:16
982,Classic Coir Handicraft,12,545,649,73.8,15.0,2026-02-24 19:48:25
983,Fridge Magnet,17,749,1370,75.9,6.4,2026-05-31 04:01:25
984,Roadside Postcard Set,15,59,1559,87.1,0,2025-11-20 22:00:26
985,Postcard Set,17,758,2069,70.4,12.9,2025-08-03 19:56:54
986,Thangka Painting,22,649,2785,58.6,16.2,2025-01-21 03:36:59
987,Authentic Silver Filigree,19,510,2776,87.1,0,2025-10-29 17:47:29
988,Grandma's Kantha Stitch Saree,28,192,881,76.2,14.7,2026-01-10 22:38:38
989,Authentic Coir Handicraft,12,289,1222,57.4,18.9,2025-10-01 15:35:52
990,Handwoven Bag,10,345,2662,80.9,5.8,2025-10-22 11:22:02
991,Quick-bite Keychain Set,25,368,2540,71.6,9.3,2025-04-19 19:44:26
992,Family Recipe Local Handicraft Figurine,15,225,2105,49.7,25.0,2025-11-12 01:05:21
993,Grandma's Keychain Set,27,582,2809,63.9,28.6,2025-05-08 10:56:53
994,Bronze Nataraja Statue,23,587,1147,72.9,7.4,2025-03-19 03:43:34
995,Family Recipe Assam Tea Gift Box,3,301,2806,77.2,7.5,2025-04-17 23:35:49
996,Azulejo Tile,6,231,1576,68.9,24.4,2026-02-21 06:19:23
997,Traditional Fridge Magnet,8,362,1616,80.2,6.1,2026-03-12 23:55:35
998,Kantha Stitch Saree,28,798,3095,71.0,12.2,2025-09-09 17:48:03
999,Spicy Postcard Set,2,784,1950,66.8,30.2,2025-07-29 23:14:11
1000,Special Handwoven Bag,15,739,3451,49.1,32.9,2025-01-04 03:17:28
1001,Keychain Set,1,656,1381,49.1,34.7,2026-06-01 07:26:34
1002,Signature Sandalwood Carving,11,587,1790,82.4,4.0,2025-08-22 08:39:39
1003,Classic Fridge Magnet,5,674,2932,79.5,4.3,2025-01-26 08:42:21
1004,Festival Blue Pottery,21,71,2304,68.6,18.6,2025-06-27 15:31:16
1005,Bamboo Craft,3,385,3172,87.1,0,2025-04-25 20:21:11
1006,Handwoven Bag,17,647,3108,76.5,7.2,2025-08-16 20:40:24
1007,Kanchipuram Silk Saree,23,135,2747,51.9,37.3,2025-09-15 22:15:01
1008,Grandma's Handwoven Bag,5,491,3190,80.6,7.8,2026-03-15 07:56:03
1009,Chef's Bagh Print Fabric,13,117,1733,76.9,12.3,2025-03-14 03:02:43
1010,Seashell Craft,6,289,584,70.8,13.1,2025-09-20 21:27:42
1011,Traditional Handwoven Bag,5,195,1434,79.6,3.4,2025-09-11 07:07:36
1012,Postcard Set,1,427,2049,47.5,59.5,2025-06-25 09:59:28
1013,Street-side Aranmula Kannadi Mirror,12,81,2924,43.4,74.7,2025-03-02 08:37:59
1014,Local Favourite Fridge Magnet,24,676,2101,39.6,54.5,2025-07-25 13:16:07
1015,Street-side Pattachitra Painting,19,541,3487,67.9,27.1,2026-02-22 22:03:41
1016,Local Favourite Terracotta Figurine,28,313,2843,66.2,11.4,2026-05-07 01:33:39
1017,Classic Pattachitra Painting,19,281,1395,89.2,0,2026-06-08 11:45:24
1018,Marble Taj Replica,26,385,1542,87.1,0,2025-08-16 07:18:31
1019,Deluxe Juti Footwear,20,741,2355,69.6,25.8,2026-02-14 12:44:36
1020,Handwoven Bag,1,163,2306,65.1,35.2,2025-08-14 14:25:01
1021,Festival Patola Saree,7,722,3702,70.3,20.0,2025-08-19 16:11:18
1022,Kullu Shawl,9,252,607,59.7,37.6,2026-04-22 01:32:59
1023,Local Handicraft Figurine,18,576,2267,82.1,4.3,2026-03-06 07:16:04
1024,Deluxe Local Handicraft Figurine,1,438,2364,66.1,29.5,2025-10-22 09:56:05
1025,Local Favourite Chanderi Saree,13,626,2240,62.6,33.8,2026-03-23 10:22:51
1026,Traditional Phulkari Dupatta,20,59,2880,90.1,0,2026-01-30 19:54:39
1027,Handwoven Bag,27,346,2120,83.0,3.0,2026-06-25 03:59:22
1028,Special Handwoven Bag,25,414,1396,77.0,7.7,2026-04-17 19:22:14
1029,Warli Painting,14,58,2142,80.6,7.9,2026-01-20 19:44:48
1030,Kolhapuri Chappal,14,734,2062,80.9,4.1,2026-04-09 06:26:15
1031,Fridge Magnet,27,782,2054,66.1,12.0,2026-02-27 04:23:18
1032,Premium Chikankari Kurta,26,772,2497,61.0,29.7,2025-09-10 06:10:37
1033,Traditional Keychain Set,10,398,2772,69.0,17.2,2025-08-27 08:43:32
1034,Grandma's Azulejo Tile,6,360,2733,85.9,0,2025-03-22 22:12:39
1035,Festival Kathakali Mask,12,230,2078,55.3,52.2,2025-03-21 08:07:35
1036,Special Thangka Painting,22,797,2478,76.7,13.0,2026-04-08 09:18:13
1037,Authentic Brassware,26,743,2111,38.8,32.0,2026-05-30 17:58:04
1038,Homestyle Keychain Set,2,776,2111,80.7,5.1,2026-06-25 14:40:39
1039,Homestyle Postcard Set,15,719,1864,66.7,11.5,2026-06-13 10:34:05
1040,Classic Gond Art Painting,13,407,2872,64.1,30.6,2025-08-30 14:16:06
1041,Handwoven Carpet,22,480,2081,58.4,25.5,2025-11-06 03:13:59
1042,Phulkari Dupatta,20,113,3029,52.8,26.2,2025-01-06 09:46:27
1043,Handwoven Carpet,22,227,2418,84.0,0.8,2025-12-12 17:45:27
1044,Local Favourite Chanderi Saree,13,189,855,76.1,14.1,2026-05-20 12:30:40
1045,Street-side Handwoven Bag,1,234,1533,51.6,49.8,2025-09-21 12:42:36
1046,Local Handicraft Figurine,18,279,880,67.6,17.5,2025-06-14 10:57:21
1047,Local Favourite Keychain Set,18,213,2746,82.2,1.9,2026-01-19 19:21:40
1048,Postcard Set,17,501,1563,47.8,29.0,2025-10-07 03:15:43
1049,Local Handicraft Figurine,17,753,1646,76.8,10.9,2025-12-26 19:35:51
1050,Dokra Art,28,249,1810,77.5,4.5,2025-06-23 05:03:00
1051,Chikankari Kurta,26,420,648,75.5,6.8,2025-12-28 12:10:29
1052,Grandma's Local Handicraft Figurine,27,198,450,90.0,0,2025-06-02 21:19:44
1053,Authentic Brassware,26,170,2107,84.5,0.5,2025-10-07 06:34:22
1054,Grandma's Keychain Set,8,285,2697,55.7,51.8,2025-11-06 23:38:55
1055,Pattachitra Painting,19,388,1095,38.2,50.8,2025-10-08 02:22:55
1056,Royal Brassware,26,710,1897,44.8,71.1,2026-03-26 15:18:14
1057,Local Handicraft Figurine,24,478,1978,90.3,0,2025-02-28 00:04:44
1058,Postcard Set,2,451,845,89.6,0,2026-02-28 15:22:07
1059,Signature Pattachitra Painting,19,576,2384,73.9,12.4,2025-06-02 16:36:24
1060,Cashew Feni Bottle,6,135,701,55.2,19.7,2026-03-03 02:49:18
1061,Deluxe Handwoven Bag,17,527,3248,75.5,14.8,2026-04-30 18:19:55
1062,Bamboo Basket,16,211,701,78.8,4.3,2025-10-26 08:01:45
1063,Kantha Stitch Saree,28,259,893,61.2,15.3,2025-11-05 17:17:41
1064,Homestyle Fridge Magnet,17,747,3628,62.7,30.7,2025-02-09 02:28:51
1065,Special Muga Silk Stole,3,400,2342,73.5,20.2,2026-01-19 18:16:08
1066,Homestyle Handwoven Bag,5,493,914,56.8,34.3,2026-03-26 13:32:25
1067,Thangka Painting,22,444,827,42.7,36.3,2026-02-14 14:35:07
1068,Handwoven Bag,4,299,3249,66.5,30.4,2025-12-21 12:57:49
1069,Grandma's Terracotta Figurine,28,584,1280,62.0,15.4,2026-02-22 17:36:49
1070,Bamboo Craft,3,236,3224,78.2,7.9,2025-02-01 01:18:56
1071,Extra Cheesy Seashell Craft,6,105,2150,72.9,19.7,2025-03-27 06:22:13
1072,Paithani Saree,14,525,1782,59.8,24.6,2025-04-20 09:29:05
1073,Classic Handwoven Bag,18,548,2951,57.4,31.1,2025-01-12 06:48:44
1074,Fridge Magnet,17,315,2218,75.4,10.9,2025-01-26 10:36:43
1075,Festival Sandalwood Carving,11,793,951,83.6,1.8,2026-06-18 22:40:41
1076,Signature Handwoven Bag,4,220,1030,72.8,20.3,2025-07-28 02:12:32
1077,Thangka Painting,22,724,3535,66.7,14.8,2026-03-17 10:33:21
1078,Kangra Miniature Painting,9,578,2623,80.5,3.4,2026-04-25 10:48:52
1079,Signature Kullu Shawl,9,300,2127,51.2,57.4,2025-05-10 10:31:34
1080,Festival Local Handicraft Figurine,10,471,2650,76.5,15.2,2025-01-29 07:09:17
1081,Keychain Set,2,62,1745,68.5,16.7,2025-04-04 19:45:38
1082,Signature Applique Work,19,467,1939,87.0,0,2026-01-20 18:45:05
1083,Street-side Fridge Magnet,24,375,1386,53.3,40.4,2026-05-27 05:08:22
1084,Street-side Kantha Stitch Saree,28,182,2756,87.2,0,2026-06-19 15:39:09
1085,Premium Postcard Set,2,256,1560,73.4,13.5,2026-03-03 11:03:55
1086,Special Channapatna Toy,11,425,1640,64.5,15.3,2025-07-27 02:07:39
1087,Local Handicraft Figurine,10,179,3018,69.9,26.0,2026-05-16 09:18:42
1088,Traditional Juti Footwear,20,446,2099,54.5,36.4,2025-02-08 13:52:29
1089,Keychain Set,1,605,3498,74.0,9.1,2026-02-12 12:19:41
1090,Khasi Shawl,16,427,2971,65.9,21.7,2025-01-10 00:29:54
1091,Spicy Brassware,26,409,662,60.7,35.9,2026-04-26 19:59:33
1092,Traditional Handwoven Bag,5,771,3120,68.4,25.9,2025-03-14 09:25:26
1093,Royal Terracotta Figurine,28,344,2915,78.2,8.6,2025-11-21 11:29:48
1094,Special Keychain Set,1,351,2399,73.5,14.5,2026-04-19 19:50:46
1095,Signature Postcard Set,1,268,1803,69.0,17.9,2026-03-27 02:26:58
1096,Pattachitra Painting,19,407,3057,78.4,10.5,2026-02-15 19:08:17
1097,Homestyle Handwoven Bag,24,530,2312,60.7,42.7,2025-05-14 17:58:11
1098,Traditional Handwoven Bag,8,651,1266,79.7,4.0,2025-01-04 20:57:15
1099,Extra Cheesy Spice Box Set,12,754,1489,75.6,6.6,2026-03-06 01:35:50
1100,Classic Kangra Miniature Painting,9,510,3119,84.1,0.8,2025-11-19 10:46:38
1101,Aranmula Kannadi Mirror,12,783,1920,83.3,2.4,2025-04-04 01:22:35
1102,Handwoven Bag,2,54,1837,65.2,25.2,2026-04-19 03:40:06
1103,Local Favourite Handwoven Bag,27,367,2998,40.6,38.5,2026-02-27 02:03:41
1104,Royal Kanchipuram Silk Saree,23,492,718,71.2,22.1,2025-09-25 14:01:52
1105,Pattachitra Painting,19,545,1147,94.5,0,2026-05-03 09:53:55
1106,Spicy Postcard Set,15,592,1106,82.6,3.3,2025-11-17 10:16:15
1107,Street-side Handwoven Bag,18,283,857,82.7,2.4,2025-06-13 20:08:53
1108,Applique Work,19,274,704,95.5,0,2025-08-27 08:20:48
1109,Authentic Bandhani Dupatta,21,707,1537,94.4,0,2026-05-14 06:31:49
1110,Keychain Set,8,351,455,84.8,0.3,2025-05-06 14:37:36
1111,Local Handicraft Figurine,4,149,1193,61.0,42.9,2026-05-20 16:38:51
1112,Village-style Thangka Painting,22,260,2672,43.2,51.3,2026-03-09 18:02:28
1113,Fridge Magnet,24,412,2268,68.4,16.8,2025-10-15 07:55:35
1114,Grandma's Kanchipuram Silk Saree,23,341,2166,57.2,46.7,2025-10-25 15:45:56
1115,Roadside Thangka Painting,22,181,1314,89.1,0,2026-04-01 11:36:17
1116,Local Handicraft Figurine,5,286,1402,54.9,49.5,2025-10-12 06:00:53
1117,Marble Taj Replica,26,195,2372,47.1,41.2,2026-01-07 03:31:42
1118,Local Handicraft Figurine,5,406,3324,60.9,19.0,2025-07-07 13:04:45
1119,Handwoven Bag,18,220,519,40.2,28.4,2026-01-14 18:48:40
1120,Postcard Set,5,88,2554,87.5,0,2026-02-16 18:44:13
1121,Spicy Keychain Set,25,594,3266,48.9,32.7,2025-06-30 01:48:20
1122,Premium Bamboo Craft,3,154,1212,79.4,5.0,2025-02-24 16:12:18
1123,Local Handicraft Figurine,2,735,2236,63.7,27.3,2025-09-01 09:29:04
1124,Kathakali Mask,12,736,1642,76.0,13.0,2025-04-27 16:21:05
1125,Deluxe Handwoven Bag,4,178,451,40.6,70.3,2025-09-06 11:47:54
1126,Postcard Set,25,117,1346,52.1,57.5,2025-04-21 20:49:53
1127,Paithani Saree,14,366,1334,66.9,17.7,2025-03-28 09:05:38
1128,Deluxe Bronze Nataraja Statue,23,769,934,80.6,7.9,2026-04-03 20:52:08
1129,Kullu Shawl,9,611,894,75.1,14.1,2025-02-02 02:16:18
1130,Postcard Set,24,259,1567,69.1,18.0,2025-02-28 19:53:29
1131,Spicy Pahari Cap,9,97,846,52.8,56.5,2025-04-09 05:37:36
1132,Homestyle Channapatna Toy,11,143,1044,57.8,36.2,2025-11-04 21:45:22
1133,Mirror Work Bag,7,723,785,66.2,27.2,2025-11-25 06:30:08
1134,Applique Work,19,397,859,62.2,34.9,2025-03-18 18:25:41
1135,Grandma's Local Handicraft Figurine,4,248,938,88.9,0,2025-09-03 22:43:22
1136,Street-side Keychain Set,4,793,1179,71.8,22.4,2025-09-16 05:57:42
1137,Postcard Set,10,656,906,63.8,15.6,2026-01-27 07:41:02
1138,Village-style Kathakali Mask,12,603,2781,90.4,0,2025-12-22 13:11:57
1139,Roadside Handwoven Bag,15,537,624,44.8,27.3,2026-02-23 16:23:23
1140,Grandma's Local Handicraft Figurine,2,462,768,72.1,8.2,2025-11-29 13:33:18
1141,Special Kolhapuri Chappal,14,396,2050,49.9,24.0,2025-10-21 13:31:59
1142,Signature Kangra Miniature Painting,9,380,2357,50.9,40.4,2026-06-05 20:04:13
1143,Chef's Chanderi Saree,13,684,2438,62.1,20.7,2025-03-01 03:44:46
1144,Homestyle Keychain Set,8,469,3361,62.7,20.1,2025-01-02 20:42:23
1145,Bamboo Basket,16,140,1616,67.3,14.3,2025-09-23 17:13:15
1146,Camel Leather Jutti,21,237,1671,89.1,0,2026-04-20 00:54:11
1147,Extra Cheesy Kanchipuram Silk Saree,23,470,2543,54.9,22.5,2025-12-27 05:51:17
1148,Extra Cheesy Fridge Magnet,25,289,2353,60.6,36.9,2025-11-02 19:09:02
1149,Spicy Bagh Print Fabric,13,229,495,71.9,11.1,2025-05-21 05:39:59
1150,Bandhani Fabric,7,488,3212,80.2,7.3,2025-09-01 04:50:13
1151,Fridge Magnet,18,225,1960,64.3,34.3,2026-06-05 18:39:32
1152,Local Favourite Aranmula Kannadi Mirror,12,208,588,74.7,6.9,2025-08-12 11:39:57
1153,Handwoven Bag,1,691,3149,53.1,37.4,2025-08-06 03:22:54
1154,Homestyle Bamboo Craft,3,91,794,85.4,0,2025-12-02 02:16:53
1155,Local Favourite Sandalwood Carving,11,58,1958,66.8,32.7,2025-08-24 15:57:13
1156,Keychain Set,18,92,1352,58.9,17.3,2025-04-09 21:32:23
1157,Bagh Print Fabric,13,489,3030,48.4,52.7,2025-03-21 14:29:28
1158,Fridge Magnet,18,139,2689,77.8,10.9,2026-03-07 15:48:34
1159,Classic Muga Silk Stole,3,479,3036,63.2,21.9,2026-02-18 16:38:01
1160,Special Local Handicraft Figurine,1,658,1163,66.7,22.6,2026-02-08 20:14:29
1161,Village-style Postcard Set,15,125,590,66.6,21.9,2025-06-03 11:56:46
1162,Extra Cheesy Applique Work,19,162,913,55.2,21.4,2025-10-04 11:29:33
1163,Postcard Set,17,381,1968,72.0,21.8,2025-10-02 11:38:47
1164,Marble Taj Replica,26,704,1796,93.2,0,2025-12-07 01:58:19
1165,Street-side Postcard Set,5,697,2520,62.5,39.7,2025-05-10 04:51:48
1166,Quick-bite Handwoven Bag,24,567,2187,78.1,10.4,2025-10-10 01:09:10
1167,Special Fridge Magnet,4,656,1672,65.4,12.2,2026-02-26 13:31:14
1168,Family Recipe Keychain Set,25,620,2020,47.7,31.4,2025-03-29 05:09:17
1169,Spicy Mysore Silk Saree,11,302,541,71.9,11.5,2025-11-28 12:41:37
1170,Postcard Set,8,599,1148,62.7,29.9,2025-09-25 00:29:09
1171,Sandalwood Carving,11,565,1072,62.5,23.7,2026-06-02 17:32:37
1172,Authentic Bandhani Fabric,7,534,739,51.3,49.5,2026-04-05 18:02:59
1173,Thangka Painting,22,89,2922,84.2,0.5,2026-02-23 20:15:42
1174,Keychain Set,25,300,2395,68.9,17.1,2025-04-05 17:17:31
1175,Signature Thangka Painting,22,295,2900,77.0,7.7,2025-03-27 02:04:18
1176,Camel Leather Jutti,21,500,2992,87.2,0,2026-03-12 20:19:42
1177,Pattachitra Painting,19,520,2125,71.5,21.2,2025-01-31 04:48:21
1178,Family Recipe Local Handicraft Figurine,24,534,3426,68.6,14.6,2025-07-28 11:39:45
1179,Chef's Keychain Set,17,290,977,84.9,0.1,2025-08-04 01:50:07
1180,Family Recipe Kathakali Mask,12,475,615,59.4,32.0,2025-09-27 05:14:31
1181,Juti Footwear,20,489,3247,57.5,38.3,2026-02-19 17:05:19
1182,Kathakali Mask,12,451,2573,85.4,0,2025-03-06 21:07:44
1183,Handwoven Bag,17,285,3030,87.5,0,2026-03-04 11:38:31
1184,Applique Work,19,758,3569,64.4,31.2,2025-07-30 18:59:01
1185,Bamboo Basket,16,138,3018,96.8,0,2026-01-30 12:07:10
1186,Fridge Magnet,17,216,2197,79.0,7.9,2026-04-23 20:43:00
1187,Signature Kantha Stitch Saree,28,547,1742,66.9,30.1,2025-04-22 01:29:17
1188,Festival Kangra Miniature Painting,9,708,3647,74.8,14.1,2025-02-24 08:25:34
1189,Local Handicraft Figurine,17,751,3595,80.1,8.7,2025-03-04 03:38:00
1190,Assam Tea Gift Box,3,795,1231,69.8,13.6,2025-02-09 08:02:02
1191,Keychain Set,10,315,490,68.9,23.8,2025-09-01 08:39:25
1192,Kolhapuri Chappal,14,76,1528,78.1,8.3,2025-10-14 18:33:14
1193,Handwoven Bag,15,543,2087,65.8,22.7,2026-01-03 16:45:50
1194,Local Handicraft Figurine,5,362,2546,82.3,2.3,2025-12-15 23:57:46
1195,Paithani Saree,14,763,1028,57.8,20.7,2025-08-24 11:54:40
1196,Handwoven Bag,5,508,1008,64.5,20.4,2026-04-02 12:50:45
1197,Spicy Tanjore Painting,23,478,2509,83.2,1.7,2025-03-04 03:59:37
1198,Spicy Local Handicraft Figurine,18,52,2046,70.3,11.2,2025-04-27 18:46:13
1199,Keychain Set,27,625,2841,66.9,14.0,2026-06-10 20:00:33
1200,Roadside Muga Silk Stole,3,493,2895,66.3,25.2,2026-03-09 13:21:22
1201,Brassware,26,252,2438,77.9,10.8,2026-06-08 01:40:05
1202,Roadside Phulkari Dupatta,20,614,792,42.2,76.3,2025-06-04 23:02:06
1203,Classic Postcard Set,27,453,1396,90.4,0,2025-05-09 05:50:53
1204,Pahari Cap,9,431,3336,49.7,37.6,2025-06-18 02:54:21
1205,Spicy Seashell Craft,6,54,1212,73.0,21.1,2025-07-10 18:00:05
1206,Signature Kullu Shawl,9,321,959,88.0,0,2025-07-28 20:15:20
1207,Signature Gond Art Painting,13,80,1396,45.5,51.9,2026-01-08 14:25:07
1208,Roadside Meenakari Jewelry,21,145,2301,83.9,2.0,2025-07-01 05:44:40
1209,Authentic Local Handicraft Figurine,5,781,1788,74.8,7.7,2025-03-25 02:07:14
1210,Mirror Work Bag,7,585,791,60.1,40.3,2025-08-04 04:32:34
1211,Local Favourite Keychain Set,1,227,1746,76.0,14.3,2026-04-30 17:02:00
1212,Pahari Cap,9,94,312,77.9,7.4,2025-05-09 20:13:01
1213,Gond Art Painting,13,268,412,74.4,15.3,2025-03-04 08:57:13
1214,Local Handicraft Figurine,18,316,2121,79.9,5.9,2026-02-18 14:29:11
1215,Keychain Set,17,471,800,95.5,0,2025-07-27 00:35:44
1216,Paithani Saree,14,697,1972,88.4,0,2025-05-09 23:22:46
1217,Pattachitra Painting,19,753,1485,72.6,21.3,2026-05-18 01:03:58
1218,Muga Silk Stole,3,338,1530,69.9,16.4,2026-06-22 03:51:29
1219,Royal Fridge Magnet,27,114,3067,92.2,0,2026-02-20 19:06:33
1220,Sandalwood Carving,11,273,719,50.0,34.0,2025-08-01 04:41:06
1221,Chef's Postcard Set,18,341,1537,89.0,0,2026-06-13 14:55:39
1222,Local Handicraft Figurine,25,788,2032,70.8,21.7,2025-08-06 17:23:05
1223,Phulkari Dupatta,20,353,1957,76.0,7.4,2025-03-12 20:00:26
1224,Grandma's Keychain Set,1,792,883,75.1,14.8,2025-05-03 04:50:42
1225,Applique Work,19,707,3301,68.8,24.2,2026-06-22 03:00:01
1226,Premium Postcard Set,17,709,3707,87.6,0,2026-02-12 16:22:47
1227,Fridge Magnet,25,701,2639,79.9,8.5,2025-08-11 09:41:55
1228,Authentic Kanchipuram Silk Saree,23,583,3194,76.5,14.5,2025-08-03 10:16:14
1229,Marble Taj Replica,26,449,762,69.9,14.9,2025-01-04 23:52:25
1230,Chikankari Kurta,26,164,2620,73.9,7.6,2026-02-09 10:58:04
1231,Signature Seashell Craft,6,701,1907,55.4,23.2,2026-02-24 06:36:05
1232,Postcard Set,1,127,2418,75.6,13.1,2026-06-16 18:08:24
1233,Quick-bite Handwoven Bag,24,611,2616,70.4,9.9,2026-04-12 19:48:31
1234,Sandalwood Carving,11,68,598,81.6,6.1,2025-09-11 02:12:17
1235,Postcard Set,8,589,2746,35.7,65.8,2025-04-24 05:29:08
1236,Special Local Handicraft Figurine,27,238,1344,57.8,24.9,2025-04-14 20:25:18
1237,Royal Aranmula Kannadi Mirror,12,171,759,66.6,13.6,2026-03-05 17:09:49
1238,Fridge Magnet,10,602,703,86.3,0,2025-02-28 03:27:20
1239,Signature Local Handicraft Figurine,4,497,2291,82.2,2.6,2026-02-15 02:19:54
1240,Premium Handwoven Carpet,22,444,2128,56.8,47.3,2025-08-31 07:35:44
1241,Channapatna Toy,11,306,2889,65.1,16.4,2026-03-10 00:58:32
1242,Traditional Mysore Silk Saree,11,667,1309,87.4,0,2025-04-05 01:10:38
1243,Kolhapuri Chappal,14,103,710,75.0,7.4,2025-08-24 20:55:16
1244,Thangka Painting,22,400,2275,69.5,10.3,2026-04-26 08:46:57
1245,Homestyle Aranmula Kannadi Mirror,12,421,948,54.0,55.6,2025-05-03 10:06:18
1246,Kantha Stitch Saree,28,304,2463,85.2,0,2025-02-05 20:52:41
1247,Street-side Mirror Work Bag,7,692,3404,53.8,53.6,2025-05-03 13:23:46
1248,Street-side Keychain Set,8,216,2818,81.6,2.4,2026-06-17 10:13:13
1249,Traditional Local Handicraft Figurine,2,729,1932,83.6,1.9,2025-11-17 16:14:39
1250,Bamboo Basket,16,446,3350,65.5,16.7,2026-04-28 21:56:31
1251,Postcard Set,25,312,2516,76.1,6.0,2025-06-02 21:26:22
1252,Local Favourite Local Handicraft Figurine,2,655,2259,88.0,0,2025-07-16 02:00:01
1253,Festival Aranmula Kannadi Mirror,12,675,2382,67.6,25.3,2026-04-01 22:39:25
1254,Homestyle Warli Painting,14,272,2128,65.1,24.4,2025-01-01 22:38:53
1255,Local Handicraft Figurine,4,738,2941,85.4,0,2025-11-23 18:06:01
1256,Cashew Feni Bottle,6,189,1603,64.1,23.0,2025-12-31 19:37:01
1257,Family Recipe Mysore Silk Saree,11,517,2084,89.9,0,2026-04-25 06:36:25
1258,Local Favourite Kantha Stitch Saree,28,661,2988,84.5,0.3,2025-06-11 20:53:35
1259,Festival Bandhani Fabric,7,745,2921,77.3,12.2,2026-03-25 08:44:45
1260,Local Handicraft Figurine,2,80,2167,63.2,18.8,2025-02-10 18:50:34
1261,Fridge Magnet,18,347,3200,47.8,36.5,2025-06-06 05:06:30
1262,Keychain Set,24,390,2069,72.3,22.1,2025-06-17 04:23:09
1263,Premium Keychain Set,25,662,2625,59.2,24.6,2025-07-17 05:32:25
1264,Phulkari Dupatta,20,448,1455,66.4,13.2,2025-11-19 01:01:13
1265,Authentic Handwoven Bag,27,268,520,75.8,13.3,2025-03-31 02:51:03
1266,Postcard Set,1,491,3143,66.2,32.6,2026-02-17 00:59:51
1267,Roadside Bamboo Basket,16,764,2545,44.1,51.7,2026-05-14 03:40:43
1268,Brassware,26,797,2524,41.9,39.7,2025-12-11 02:37:24
1269,Signature Local Handicraft Figurine,25,460,2745,48.2,39.8,2025-12-13 14:39:04
1270,Quick-bite Bamboo Craft,3,772,1319,70.1,26.5,2025-03-09 03:43:46
1271,Roadside Kantha Stitch Saree,28,361,1375,41.4,37.2,2026-02-25 09:45:27
1272,Juti Footwear,20,278,2627,66.2,26.6,2025-12-08 18:09:32
1273,Mirror Work Bag,7,186,441,72.4,19.7,2025-05-16 16:58:57
1274,Bagh Print Fabric,13,54,586,85.7,0,2026-06-27 08:20:08
1275,Pahari Cap,9,315,2663,78.9,8.8,2025-03-10 00:55:30
1276,Bronze Nataraja Statue,23,415,2266,68.0,23.4,2025-12-12 15:39:27
1277,Postcard Set,1,601,2343,64.1,20.8,2025-03-02 00:25:59
1278,Spicy Patola Saree,7,122,2808,40.1,54.2,2025-11-13 05:09:58
1279,Applique Work,19,100,1815,68.6,12.2,2026-02-16 01:04:21
1280,Dokra Art,28,425,1894,82.5,2.3,2025-11-02 09:05:22
1281,Premium Keychain Set,18,583,2613,69.2,22.9,2025-06-16 19:54:35
1282,Gond Art Painting,13,244,1709,73.4,12.5,2025-08-28 23:41:59
1283,Homestyle Fridge Magnet,17,572,902,88.6,0,2025-10-26 04:17:33
1284,Signature Phulkari Dupatta,20,250,2858,54.2,21.2,2025-04-26 01:35:23
1285,Roadside Handwoven Bag,2,288,1316,76.0,7.6,2025-08-23 01:05:11
1286,Authentic Bagh Print Fabric,13,571,1616,51.2,42.3,2025-07-21 07:42:49
1287,Handwoven Bag,1,643,1449,68.7,19.0,2025-08-15 22:06:49
1288,Thangka Painting,22,620,3263,81.5,5.5,2025-12-06 02:22:46
1289,Quick-bite Local Handicraft Figurine,4,280,1156,66.4,21.7,2025-02-15 19:05:17
1290,Pattachitra Painting,19,509,1851,58.3,16.3,2025-05-21 12:08:05
1291,Meenakari Jewelry,21,248,1681,47.0,32.5,2025-06-05 20:04:08
1292,Postcard Set,5,53,2702,78.7,9.8,2026-01-07 03:51:15
1293,Spicy Applique Work,19,491,3427,69.9,20.3,2025-09-16 11:05:39
1294,Juti Footwear,20,699,808,56.8,28.4,2026-04-29 09:08:15
1295,Extra Cheesy Handwoven Bag,4,271,1920,37.1,63.6,2025-09-21 12:03:24
1296,Local Handicraft Figurine,1,720,2137,91.3,0,2026-04-30 08:35:05
1297,Mirror Work Bag,7,81,1229,83.8,1.3,2025-08-14 06:39:28
1298,Street-side Terracotta Figurine,28,215,2895,57.9,25.1,2025-12-22 00:04:51
1299,Chikankari Kurta,26,561,3317,76.8,7.5,2025-11-17 22:54:40
1300,Paithani Saree,14,506,886,74.5,9.0,2025-04-02 04:54:33
1301,Deluxe Postcard Set,10,379,758,81.9,4.5,2026-03-07 16:33:09
1302,Patola Saree,7,511,2044,50.0,56.9,2026-02-07 05:17:54
1303,Handwoven Bag,24,721,1872,57.6,42.9,2025-06-04 00:14:08
1304,Keychain Set,24,616,2116,61.5,29.4,2025-03-24 06:29:50
1305,Handwoven Bag,8,437,3253,73.8,16.9,2026-06-13 09:10:46
1306,Extra Cheesy Keychain Set,4,793,1795,65.3,33.0,2025-03-06 09:39:26
1307,Pahari Cap,9,337,896,64.7,33.6,2025-10-16 23:16:54
1308,Authentic Local Handicraft Figurine,24,750,1753,71.7,8.7,2026-06-28 20:08:17
1309,Local Handicraft Figurine,2,92,326,72.0,10.6,2026-06-02 11:15:39
1310,Extra Cheesy Postcard Set,18,717,3523,76.9,11.6,2026-04-25 14:18:09
1311,Dokra Art,28,64,2654,51.4,59.2,2025-06-02 16:47:28
1312,Meenakari Jewelry,21,174,608,82.9,2.8,2025-08-19 13:39:01
1313,Postcard Set,25,72,652,80.2,8.6,2025-03-27 11:49:10
1314,Postcard Set,17,114,1444,65.8,26.7,2025-08-15 12:43:55
1315,Premium Pattachitra Painting,19,100,2896,66.6,17.6,2025-07-19 12:04:41
1316,Family Recipe Mirror Work Bag,7,155,767,88.4,0,2026-05-13 13:07:18
1317,Postcard Set,4,580,1093,83.7,1.6,2025-06-21 13:30:45
1318,Village-style Local Handicraft Figurine,2,683,3610,76.7,5.3,2025-11-26 08:06:34
1319,Street-side Kathakali Mask,12,438,1848,89.4,0,2025-02-11 02:24:02
1320,Traditional Postcard Set,24,167,1197,51.8,50.3,2026-06-21 22:51:55
1321,Fridge Magnet,27,650,1551,60.7,23.8,2026-05-30 04:38:46
1322,Street-side Tanjore Painting,23,125,2468,66.5,32.1,2025-12-29 13:25:32
1323,Local Handicraft Figurine,17,417,688,66.7,19.6,2026-01-18 13:48:02
1324,Roadside Brassware,26,631,1135,60.6,18.8,2025-09-24 10:54:05
1325,Khasi Shawl,16,265,2324,64.2,29.9,2026-01-28 11:20:09
1326,Bandhani Fabric,7,497,1296,72.0,9.7,2025-07-05 00:31:47
1327,Handwoven Bag,8,362,3350,80.5,5.1,2025-05-09 21:43:42
1328,Homestyle Keychain Set,24,796,2134,86.8,0,2026-03-06 04:24:01
1329,Postcard Set,25,128,980,76.2,14.5,2025-02-18 05:18:44
1330,Extra Cheesy Aranmula Kannadi Mirror,12,84,279,79.9,7.0,2025-03-22 18:48:59
1331,Chef's Chikankari Kurta,26,196,3129,77.4,11.7,2026-03-28 14:49:33
1332,Chef's Handwoven Bag,2,386,903,72.5,10.0,2025-05-09 22:57:56
1333,Deluxe Applique Work,19,306,935,81.1,6.1,2025-09-04 21:29:49
1334,Extra Cheesy Sandalwood Carving,11,406,2467,59.7,32.7,2025-04-24 23:35:18
1335,Homestyle Chanderi Saree,13,507,3268,56.2,43.3,2026-01-01 05:05:05
1336,Roadside Seashell Craft,6,602,1965,77.8,11.8,2025-05-26 01:58:52
1337,Extra Cheesy Channapatna Toy,11,156,754,64.3,31.6,2025-02-12 05:10:40
1338,Kathakali Mask,12,437,2291,84.9,0.1,2025-03-03 04:16:31
1339,Chef's Handwoven Carpet,22,400,1779,57.9,25.7,2025-03-29 15:56:43
1340,Quick-bite Bamboo Basket,16,326,2346,94.5,0,2025-11-27 09:08:35
1341,Postcard Set,24,340,752,72.8,12.2,2026-02-11 21:20:18
1342,Chef's Bamboo Basket,16,67,2043,66.6,15.2,2025-02-26 00:51:27
1343,Street-side Bandhani Fabric,7,760,862,58.0,41.0,2025-06-30 22:10:19
1344,Premium Kullu Shawl,9,362,1756,82.9,2.8,2026-01-05 21:57:45
1345,Street-side Pahari Cap,9,702,2705,47.2,63.6,2026-02-01 10:19:08
1346,Aranmula Kannadi Mirror,12,101,3092,56.9,41.2,2025-07-18 07:20:42
1347,Marble Taj Replica,26,419,1978,79.9,6.7,2025-10-08 17:09:07
1348,Marble Taj Replica,26,453,2799,88.4,0,2025-11-01 16:26:38
1349,Handwoven Bag,2,611,3028,60.3,27.5,2026-03-29 19:12:50
1350,Handwoven Bag,15,181,711,69.3,22.8,2025-10-29 18:31:00
1351,Festival Keychain Set,1,698,3037,47.0,34.4,2025-06-07 07:22:53
1352,Khasi Shawl,16,634,1619,94.5,0,2025-06-09 12:43:04
1353,Roadside Silver Filigree,19,565,2052,78.5,6.1,2025-01-10 01:22:31
1354,Roadside Kantha Stitch Saree,28,733,1695,67.4,11.4,2026-01-14 22:10:26
1355,Postcard Set,4,788,3610,77.9,5.2,2026-01-23 18:41:35
1356,Blue Pottery,21,95,1648,61.3,40.1,2025-11-18 23:35:01
1357,Mirror Work Bag,7,284,1336,82.1,4.8,2026-03-01 15:11:31
1358,Street-side Sandalwood Carving,11,707,2246,57.5,29.9,2025-05-10 22:29:27
1359,Postcard Set,24,289,696,42.6,71.8,2025-01-23 09:23:23
1360,Street-side Postcard Set,24,168,2982,76.9,7.6,2026-06-18 01:32:00
1361,Deluxe Chikankari Kurta,26,773,1175,88.5,0,2025-01-29 03:47:07
1362,Local Handicraft Figurine,24,416,3261,85.9,0,2026-02-05 02:33:45
1363,Warli Painting,14,56,467,51.9,51.4,2025-09-17 13:59:16
1364,Kathakali Mask,12,788,925,94.5,0,2025-12-09 09:53:18
1365,Bamboo Basket,16,238,3094,57.7,28.3,2025-08-28 05:16:59
1366,Street-side Juti Footwear,20,78,810,88.5,0,2025-05-08 06:58:02
1367,Gond Art Painting,13,141,2347,57.7,23.2,2025-11-02 20:30:56
1368,Festival Juti Footwear,20,86,2415,60.2,39.6,2025-07-19 05:05:32
1369,Postcard Set,15,470,1815,79.0,6.7,2026-04-02 20:36:08
1370,Deluxe Juti Footwear,20,542,3295,86.2,0,2026-03-30 12:46:38
1371,Street-side Keychain Set,10,122,1790,76.7,7.0,2025-07-30 04:57:04
1372,Warli Painting,14,135,311,67.0,22.7,2025-10-26 23:56:38
1373,Premium Bronze Nataraja Statue,23,626,1877,55.9,34.6,2026-05-19 06:15:47
1374,Handwoven Bag,4,440,2244,78.0,10.6,2025-11-09 23:21:48
1375,Local Handicraft Figurine,25,726,3143,88.8,0,2025-09-22 01:36:08
1376,Grandma's Postcard Set,24,294,358,63.3,27.2,2025-06-14 15:37:37
1377,Marble Taj Replica,26,728,2572,60.7,23.8,2025-03-23 01:32:49
1378,Muga Silk Stole,3,364,1312,80.3,3.5,2025-03-06 00:57:51
1379,Festival Handwoven Bag,5,501,962,49.2,63.7,2025-09-19 13:48:22
1380,Kullu Shawl,9,470,2671,67.1,31.4,2025-08-02 05:01:43
1381,Keychain Set,8,127,776,86.0,0,2025-05-23 23:41:18
1382,Authentic Thangka Painting,22,369,1569,58.2,33.4,2025-08-14 17:39:21
1383,Dokra Art,28,702,1326,75.3,6.4,2025-09-11 07:15:36
1384,Special Local Handicraft Figurine,24,512,2072,62.7,15.0,2026-02-15 08:46:35
1385,Extra Cheesy Keychain Set,18,341,2351,84.3,0.8,2026-05-21 06:38:24
1386,Paithani Saree,14,739,1088,57.0,22.1,2025-12-29 10:32:50
1387,Fridge Magnet,18,301,469,94.3,0,2026-05-01 09:16:45
1388,Spicy Fridge Magnet,2,385,1952,95.3,0,2025-12-19 02:12:13
1389,Special Sandalwood Carving,11,287,2450,47.9,54.4,2026-06-08 04:02:25
1390,Signature Local Handicraft Figurine,10,609,3596,67.5,12.4,2025-05-27 15:25:47
1391,Spicy Assam Tea Gift Box,3,198,1351,59.9,28.9,2026-06-14 07:22:18
1392,Spicy Chikankari Kurta,26,53,2916,75.7,8.5,2026-04-14 21:07:42
1393,Roadside Handwoven Bag,1,154,1935,88.8,0,2025-02-13 08:28:54
1394,Village-style Dokra Art,28,380,2497,74.4,18.2,2025-03-31 04:37:26
1395,Fridge Magnet,10,337,2104,53.8,27.9,2026-04-21 09:54:34
1396,Terracotta Figurine,28,255,2141,57.5,48.5,2025-01-14 23:46:38
1397,Coir Handicraft,12,214,1469,61.4,40.8,2025-07-30 02:04:57
1398,Marble Taj Replica,26,383,974,80.4,3.4,2025-03-29 12:23:49
1399,Handwoven Bag,24,269,410,77.5,4.6,2025-02-27 01:38:49
1400,Keychain Set,5,619,2055,69.4,19.9,2025-09-24 03:14:08
1401,Royal Keychain Set,27,412,493,76.9,6.0,2025-09-13 17:52:17
1402,Quick-bite Fridge Magnet,1,261,3101,53.7,50.5,2025-11-24 22:08:12
1403,Quick-bite Juti Footwear,20,293,3008,68.9,18.3,2025-11-13 10:45:38
1404,Royal Local Handicraft Figurine,18,118,754,66.6,11.5,2026-01-31 09:37:59
1405,Deluxe Local Handicraft Figurine,25,234,332,73.9,11.6,2026-05-27 16:59:05
1406,Gond Art Painting,13,482,1152,43.6,47.7,2025-11-25 11:43:08
1407,Roadside Seashell Craft,6,555,2336,70.1,14.8,2025-08-15 21:13:43
1408,Chef's Channapatna Toy,11,472,2721,71.6,10.2,2026-04-04 21:06:35
1409,Village-style Fridge Magnet,17,773,2595,63.1,13.5,2025-02-13 04:37:53
1410,Warli Painting,14,742,3581,59.8,23.3,2025-09-29 10:27:55
1411,Brassware,26,467,2487,66.8,12.9,2026-06-07 18:57:44
1412,Fridge Magnet,10,66,174,57.3,44.0,2025-11-01 18:01:31
1413,Aranmula Kannadi Mirror,12,620,2732,44.1,35.0,2025-11-21 05:55:17
1414,Fridge Magnet,4,64,919,78.8,7.9,2025-09-16 04:09:36
1415,Postcard Set,25,127,718,90.5,0,2025-01-22 13:53:23
1416,Homestyle Pattachitra Painting,19,649,1290,92.4,0,2025-10-12 06:57:37
1417,Kolhapuri Chappal,14,629,1186,44.2,44.1,2026-02-24 00:55:34
1418,Brassware,26,235,1595,75.8,6.6,2025-03-31 10:18:49
1419,Family Recipe Postcard Set,17,95,370,82.4,1.7,2026-05-27 14:49:23
1420,Authentic Terracotta Figurine,28,479,1058,58.0,32.1,2025-08-05 05:33:52
1421,Keychain Set,1,622,3535,74.1,15.2,2025-01-27 04:51:15
1422,Local Favourite Khasi Shawl,16,505,1959,77.2,6.1,2025-07-13 04:29:07
1423,Festival Keychain Set,27,135,215,54.5,54.1,2025-07-29 05:11:45
1424,Puppet (Kathputli),21,735,3365,59.5,39.6,2025-05-07 02:26:11
1425,Classic Keychain Set,15,635,3061,91.2,0,2026-04-09 13:53:53
1426,Fridge Magnet,15,328,1956,90.6,0,2025-02-14 12:31:59
1427,Premium Kanchipuram Silk Saree,23,198,1202,62.9,17.3,2025-04-13 15:26:55
1428,Kathakali Mask,12,266,835,92.5,0,2025-08-17 17:20:42
1429,Quick-bite Cashew Feni Bottle,6,529,1697,66.7,31.7,2025-03-23 15:57:48
1430,Handwoven Bag,24,496,2701,56.7,24.6,2025-11-13 22:25:40
1431,Classic Fridge Magnet,17,757,1098,73.0,11.1,2025-07-14 04:03:17
1432,Local Handicraft Figurine,17,633,3222,77.7,11.6,2026-02-21 05:49:44
1433,Chef's Local Handicraft Figurine,4,574,3349,45.1,61.6,2026-03-15 01:02:57
1434,Roadside Spice Box Set,12,573,2023,69.5,15.1,2025-08-19 22:06:07
1435,Blue Pottery,21,123,2920,46.2,49.8,2025-12-19 05:36:03
1436,Assam Tea Gift Box,3,237,1654,72.4,16.8,2025-12-06 14:46:00
1437,Handwoven Bag,18,635,2558,72.9,17.1,2026-05-10 23:08:33
1438,Keychain Set,15,578,912,79.3,9.8,2025-08-08 15:01:17
1439,Prayer Wheel,22,250,584,70.1,22.2,2025-11-20 18:00:16
1440,Grandma's Pattachitra Painting,19,167,494,85.6,0,2025-09-26 06:28:30
1441,Aranmula Kannadi Mirror,12,468,775,71.6,13.0,2026-04-10 03:35:05
1442,Meenakari Jewelry,21,249,1393,56.3,33.2,2026-03-21 08:15:26
1443,Special Pahari Cap,9,682,3387,65.7,25.7,2026-02-06 13:19:48
1444,Premium Tanjore Painting,23,512,2668,75.1,17.0,2025-02-23 23:42:26
1445,Keychain Set,4,639,2654,66.0,16.7,2025-02-17 21:16:42
1446,Homestyle Postcard Set,10,217,2415,76.7,8.5,2026-01-11 11:46:29
1447,Special Postcard Set,27,500,2266,81.5,5.9,2025-06-27 21:29:42
1448,Handwoven Carpet,22,139,709,52.6,19.6,2025-06-02 23:32:08
1449,Kathakali Mask,12,106,519,96.4,0,2025-02-08 19:12:35
1450,Kathakali Mask,12,276,372,93.1,0,2025-08-10 13:40:28
1451,Classic Silver Filigree,19,545,2950,86.9,0,2025-03-23 13:08:18
1452,Pattachitra Painting,19,390,1531,49.6,44.3,2026-02-24 07:57:00
1453,Village-style Handwoven Bag,18,111,2415,54.7,36.0,2026-01-19 09:45:19
1454,Spicy Marble Taj Replica,26,651,2876,88.7,0,2025-07-24 07:58:52
1455,Postcard Set,24,486,971,65.9,22.9,2026-02-27 17:37:06
1456,Royal Brassware,26,499,3083,56.5,34.7,2025-12-27 01:37:04
1457,Keychain Set,17,791,1634,73.3,16.2,2025-05-09 20:04:28
1458,Kangra Miniature Painting,9,137,986,78.6,7.9,2025-09-10 04:48:48
1459,Postcard Set,4,527,2256,69.9,14.4,2025-01-19 18:54:10
1460,Classic Keychain Set,15,167,738,55.6,33.7,2026-06-25 21:35:34
1461,Roadside Keychain Set,18,111,2904,79.9,4.1,2026-03-14 12:42:52
1462,Premium Bagh Print Fabric,13,586,1300,36.0,67.3,2026-06-04 02:52:59
1463,Street-side Brassware,26,593,1217,88.4,0,2026-01-29 11:20:43
1464,Kantha Stitch Saree,28,657,883,63.1,34.3,2025-03-09 18:11:26
1465,Local Favourite Bandhani Fabric,7,275,2994,66.0,33.6,2025-01-28 20:05:30
1466,Khasi Shawl,16,270,1587,83.9,0.7,2025-06-06 05:02:47
1467,Patola Saree,7,509,626,65.5,30.5,2025-01-17 01:28:22
1468,Azulejo Tile,6,220,1802,85.4,0,2025-09-06 20:15:18
1469,Kangra Miniature Painting,9,418,1176,65.5,15.7,2025-12-15 17:25:31
1470,Family Recipe Kolhapuri Chappal,14,758,2940,79.8,7.6,2025-06-01 14:31:33
1471,Deluxe Kantha Stitch Saree,28,319,3046,49.0,45.7,2026-03-08 13:36:53
1472,Special Keychain Set,2,602,3154,80.4,6.4,2026-06-18 07:58:39
1473,Traditional Postcard Set,17,715,2225,56.1,26.7,2025-12-31 07:36:31
1474,Royal Keychain Set,1,558,3556,85.7,0,2025-11-24 01:12:54
1475,Khasi Shawl,16,144,485,41.7,38.9,2025-03-27 02:16:58
1476,Traditional Postcard Set,8,610,1332,63.2,37.6,2025-04-30 15:36:51
1477,Phulkari Dupatta,20,574,792,83.3,1.9,2025-03-09 16:47:35
1478,Authentic Postcard Set,1,523,1413,94.9,0,2025-01-29 05:02:43
1479,Kangra Miniature Painting,9,604,2040,87.0,0,2025-05-24 08:23:37
1480,Bamboo Basket,16,424,847,69.0,27.9,2026-06-22 03:23:14
1481,Premium Gond Art Painting,13,746,3428,68.4,17.7,2025-07-22 23:46:34
1482,Postcard Set,27,206,2991,54.4,51.5,2026-05-13 01:41:26
1483,Special Postcard Set,15,737,3657,82.4,4.0,2026-04-27 18:37:31
1484,Local Handicraft Figurine,15,258,2245,69.4,16.6,2025-02-04 08:08:55
1485,Handwoven Bag,8,334,2060,69.1,14.0,2026-02-26 00:34:42
1486,Postcard Set,1,382,1329,60.4,35.9,2025-03-08 08:03:56
1487,Fridge Magnet,15,622,2369,49.3,53.4,2026-02-16 10:58:20
1488,Bamboo Craft,3,313,2282,51.8,38.9,2025-07-20 22:26:16
1489,Phulkari Dupatta,20,755,3250,83.1,1.9,2026-02-10 00:50:51
1490,Postcard Set,4,774,3258,55.6,41.8,2025-02-28 07:18:12
1491,Muga Silk Stole,3,195,1987,89.3,0,2026-04-17 07:40:48
1492,Postcard Set,2,480,3121,70.5,17.5,2025-06-22 22:40:25
1493,Local Handicraft Figurine,10,63,1164,50.0,30.0,2026-06-25 00:18:55
1494,Sandalwood Carving,11,623,3385,80.5,3.9,2025-04-16 22:06:03
1495,Classic Chanderi Saree,13,622,3228,91.4,0,2025-11-17 10:18:36
1496,Aranmula Kannadi Mirror,12,667,2453,57.6,25.9,2025-05-18 01:15:29
1497,Extra Cheesy Seashell Craft,6,338,754,82.1,2.5,2025-11-09 16:15:08
1498,Grandma's Postcard Set,1,480,3270,68.3,27.9,2025-02-07 21:56:20
1499,Kanchipuram Silk Saree,23,409,1781,79.6,3.4,2025-06-20 11:40:03
1500,Fridge Magnet,15,420,2674,68.5,27.1,2025-11-27 04:47:04
1501,Chikankari Kurta,26,361,1962,61.0,15.2,2025-10-13 12:16:03
1502,Homestyle Mysore Silk Saree,11,440,2640,80.8,7.3,2025-04-06 23:08:59
1503,Street-side Warli Painting,14,236,2667,56.2,28.5,2025-01-28 09:49:28
1504,Chef's Spice Box Set,12,144,400,75.6,16.5,2025-02-26 07:03:31
1505,Phulkari Dupatta,20,117,2814,72.3,17.0,2025-09-28 15:55:03
1506,Keychain Set,10,757,3654,67.7,16.4,2025-06-11 06:46:40
1507,Keychain Set,17,172,3034,66.3,11.9,2025-08-24 06:09:17
1508,Pattachitra Painting,19,442,1393,72.0,19.6,2025-07-19 15:24:07
1509,Premium Handwoven Carpet,22,746,2903,77.7,11.7,2025-05-18 18:17:41
1510,Kullu Shawl,9,291,364,38.8,35.7,2025-12-12 00:12:25
1511,Bamboo Craft,3,383,1019,70.7,20.1,2025-03-24 05:26:24
1512,Grandma's Local Handicraft Figurine,8,528,1079,74.5,8.4,2026-02-21 11:37:59
1513,Authentic Juti Footwear,20,323,2643,42.7,63.0,2025-08-16 03:51:28
1514,Spicy Fridge Magnet,15,576,2593,60.8,38.2,2026-01-17 16:43:10
1515,Special Kathakali Mask,12,249,403,90.0,0,2025-12-22 07:23:38
1516,Keychain Set,2,605,3528,46.4,54.4,2025-12-28 04:25:55
1517,Keychain Set,18,678,936,62.3,18.0,2025-04-18 23:41:30
1518,Special Local Handicraft Figurine,24,65,2157,91.5,0,2025-01-08 17:58:08
1519,Handwoven Bag,1,758,3214,55.9,38.7,2025-11-29 17:02:14
1520,Festival Kolhapuri Chappal,14,228,690,82.0,3.6,2025-12-04 16:29:39
1521,Mysore Silk Saree,11,545,2840,69.2,11.4,2026-01-14 10:49:37
1522,Marble Taj Replica,26,712,2975,79.6,7.3,2025-08-01 22:26:02
1523,Festival Blue Pottery,21,445,1195,51.9,52.1,2025-12-07 02:12:40
1524,Kolhapuri Chappal,14,130,245,75.2,11.2,2025-06-13 06:40:12
1525,Bandhani Fabric,7,348,3193,59.4,40.2,2025-02-10 17:18:55
1526,Local Favourite Keychain Set,15,386,1495,92.1,0,2025-01-06 23:58:06
1527,Roadside Postcard Set,27,135,874,52.8,45.3,2025-10-04 21:44:45
1528,Local Handicraft Figurine,25,508,3039,75.5,15.0,2025-05-22 08:34:09
1529,Spice Box Set,12,712,3418,74.6,13.2,2025-01-28 20:36:55
1530,Roadside Handwoven Bag,1,549,2408,81.3,4.7,2025-01-02 02:13:37
1531,Homestyle Postcard Set,10,205,1549,78.3,11.2,2026-06-08 04:37:31
1532,Prayer Wheel,22,720,3289,38.6,70.9,2025-01-14 21:41:39
1533,Festival Keychain Set,18,394,1005,60.5,41.8,2026-04-11 08:40:59
1534,Keychain Set,8,179,1102,81.2,6.8,2025-07-09 12:36:44
1535,Signature Fridge Magnet,17,440,1418,66.8,23.6,2025-05-02 22:25:22
1536,Quick-bite Aranmula Kannadi Mirror,12,403,968,51.7,58.5,2025-04-06 04:49:01
1537,Signature Fridge Magnet,27,443,1237,67.2,15.9,2025-05-03 16:48:51
1538,Kanchipuram Silk Saree,23,750,3040,58.8,22.6,2025-12-06 14:08:18
1539,Traditional Handwoven Carpet,22,130,1694,75.0,12.2,2025-05-09 16:53:27
1540,Local Handicraft Figurine,10,359,999,62.4,24.3,2026-02-22 15:48:03
1541,Village-style Mirror Work Bag,7,145,2351,56.0,42.1,2025-05-25 05:05:11
1542,Special Chanderi Saree,13,774,1860,63.9,27.5,2025-07-09 09:33:24
1543,Signature Keychain Set,18,510,1614,63.0,27.6,2026-01-03 04:08:28
1544,Royal Cashew Feni Bottle,6,419,1689,53.8,22.4,2026-04-12 05:02:16
1545,Deluxe Thangka Painting,22,715,2958,53.4,55.1,2026-04-24 13:28:14
1546,Bamboo Craft,3,323,1618,66.4,32.4,2026-03-14 04:30:45
1547,Premium Kangra Miniature Painting,9,155,1865,70.3,23.1,2025-06-27 00:51:10
1548,Family Recipe Keychain Set,25,569,693,50.7,25.7,2026-04-15 08:37:41
1549,Authentic Channapatna Toy,11,112,3097,86.6,0,2026-03-17 15:33:41
1550,Extra Cheesy Handwoven Bag,15,597,2049,49.2,56.4,2025-03-19 14:09:42
1551,Local Favourite Chikankari Kurta,26,334,1463,66.7,11.4,2025-09-25 19:44:23
1552,Grandma's Juti Footwear,20,606,2906,91.1,0,2025-02-18 03:11:12
1553,Handwoven Bag,15,236,1105,77.3,13.0,2026-02-28 00:12:54
1554,Local Favourite Marble Taj Replica,26,372,491,43.2,74.6,2025-03-07 22:48:55
1555,Premium Handwoven Bag,18,668,833,68.0,28.9,2025-03-12 10:07:10
1556,Premium Bagh Print Fabric,13,297,617,77.9,9.8,2026-03-27 03:10:34
1557,Classic Cashew Feni Bottle,6,379,3245,79.1,4.9,2026-03-13 15:06:02
1558,Local Handicraft Figurine,18,338,1115,38.4,73.5,2025-10-28 06:22:27
1559,Fridge Magnet,27,716,2760,86.1,0,2025-02-05 07:50:52
1560,Quick-bite Bamboo Basket,16,215,1070,80.9,4.7,2026-03-24 01:50:33
1561,Homestyle Keychain Set,10,238,1426,82.2,3.2,2025-10-08 23:23:07
1562,Chikankari Kurta,26,299,2480,77.4,11.0,2026-06-01 08:39:03
1563,Fridge Magnet,1,787,2544,84.1,1.1,2026-06-03 14:26:33
1564,Village-style Local Handicraft Figurine,4,152,2759,81.7,4.6,2025-03-05 19:14:30
1565,Village-style Phulkari Dupatta,20,759,3496,72.7,20.9,2026-04-18 13:51:04
1566,Homestyle Camel Leather Jutti,21,357,2945,83.2,2.1,2025-04-11 21:02:02
1567,Homestyle Fridge Magnet,4,415,2376,40.0,77.0,2025-03-26 09:05:52
1568,Classic Handwoven Bag,2,262,2801,76.9,11.3,2025-08-14 17:50:30
1569,Signature Paithani Saree,14,335,1802,79.7,3.3,2026-01-22 07:20:53
1570,Roadside Local Handicraft Figurine,1,637,1470,54.7,22.6,2025-03-23 19:30:39
1571,Authentic Kolhapuri Chappal,14,57,896,45.9,61.3,2026-05-24 09:49:29
1572,Classic Pahari Cap,9,106,3092,76.1,6.3,2025-11-10 00:37:39
1573,Local Favourite Handwoven Bag,17,512,1104,70.4,25.5,2025-07-26 01:13:35
1574,Premium Postcard Set,2,424,1371,82.7,2.0,2025-11-30 05:39:47
1575,Keychain Set,18,389,2540,44.6,36.6,2026-03-04 19:16:18
1576,Kantha Stitch Saree,28,491,1785,77.4,6.3,2026-05-25 16:44:28
1577,Family Recipe Keychain Set,10,277,791,46.3,54.3,2025-03-08 12:24:36
1578,Street-side Silver Filigree,19,641,1368,80.9,6.4,2026-05-16 03:51:12
1579,Premium Kathakali Mask,12,607,2649,74.5,15.5,2025-03-17 05:22:06
1580,Cashew Feni Bottle,6,135,2481,62.8,22.7,2026-03-30 14:37:22
1581,Terracotta Figurine,28,435,1364,80.6,7.2,2026-06-20 05:58:43
1582,Local Handicraft Figurine,2,349,1661,81.7,4.1,2025-03-12 14:58:21
1583,Local Handicraft Figurine,18,162,370,80.6,6.4,2025-12-13 04:38:14
1584,Family Recipe Kangra Miniature Painting,9,614,800,60.8,37.4,2026-05-11 08:31:30
1585,Dokra Art,28,588,905,66.0,22.5,2025-09-19 12:25:47
1586,Festival Khasi Shawl,16,769,1088,67.1,27.4,2025-08-14 01:38:54
1587,Extra Cheesy Assam Tea Gift Box,3,228,2192,75.6,14.6,2026-03-17 07:53:30
1588,Tanjore Painting,23,439,2456,82.8,2.9,2025-01-25 16:00:14
1589,Handwoven Bag,2,241,477,84.7,0.5,2025-07-18 14:08:46
1590,Handwoven Bag,8,437,1423,51.6,52.8,2026-04-22 18:40:01
1591,Keychain Set,1,383,822,70.1,18.0,2025-10-24 04:37:13
1592,Family Recipe Local Handicraft Figurine,10,273,1190,63.0,30.0,2026-02-17 02:55:14
1593,Grandma's Mysore Silk Saree,11,191,1925,50.5,50.7,2025-11-08 11:35:19
1594,Family Recipe Bamboo Basket,16,721,1171,60.4,18.4,2025-02-11 03:01:22
1595,Chef's Coir Handicraft,12,207,635,69.6,25.5,2025-10-04 01:10:09
1596,Mysore Silk Saree,11,296,2930,80.0,6.5,2025-12-06 18:01:24
1597,Premium Handwoven Bag,15,624,1056,43.2,57.2,2025-04-06 05:25:41
1598,Local Handicraft Figurine,2,94,1495,44.2,30.5,2025-04-10 23:49:05
1599,Seashell Craft,6,310,1481,66.5,24.3,2026-01-08 11:12:01
1600,Marble Taj Replica,26,430,2967,46.8,46.1,2025-08-29 11:32:44
1601,Traditional Handwoven Bag,8,763,3417,83.4,2.3,2025-09-21 17:34:44
1602,Royal Kanchipuram Silk Saree,23,687,2730,62.7,36.7,2025-12-31 16:08:15
1603,Local Handicraft Figurine,2,430,651,78.3,4.4,2026-01-10 01:06:31
1604,Local Handicraft Figurine,4,654,3218,71.5,17.3,2026-03-14 22:40:10
1605,Local Favourite Thangka Painting,22,364,2997,66.2,32.3,2025-02-16 11:03:20
1606,Bamboo Basket,16,154,612,76.1,13.0,2026-02-28 01:15:56
1607,Deluxe Keychain Set,17,748,2168,68.2,11.4,2025-05-30 07:17:02
1608,Assam Tea Gift Box,3,322,433,81.3,2.9,2025-04-02 11:37:27
1609,Royal Postcard Set,8,369,1112,49.7,31.5,2025-01-16 14:53:01
1610,Authentic Keychain Set,10,272,387,76.5,7.9,2025-12-14 17:58:37
1611,Bandhani Dupatta,21,63,1764,76.3,9.4,2025-05-29 11:52:25
1612,Festival Keychain Set,17,438,3117,59.2,28.8,2025-10-16 19:54:11
1613,Quick-bite Handwoven Bag,24,383,2456,80.9,5.1,2025-07-21 21:19:11
1614,Chef's Local Handicraft Figurine,24,326,1884,54.1,37.1,2025-10-03 01:28:52
1615,Festival Bamboo Basket,16,260,1937,57.4,40.6,2026-03-01 05:05:14
1616,Fridge Magnet,5,133,2827,80.4,5.3,2025-05-02 08:47:47
1617,Kantha Stitch Saree,28,207,473,59.7,25.8,2025-02-06 10:23:45
1618,Traditional Local Handicraft Figurine,10,697,1169,58.6,22.7,2025-08-12 21:05:27
1619,Homestyle Postcard Set,4,371,1996,64.3,28.9,2025-06-08 13:23:44
1620,Deluxe Pahari Cap,9,532,1424,92.5,0,2025-11-23 23:55:35
1621,Authentic Fridge Magnet,4,399,1064,82.0,4.6,2025-04-19 02:28:05
1622,Homestyle Azulejo Tile,6,724,3703,86.6,0,2025-08-10 06:02:33
1623,Handwoven Bag,5,216,1322,65.8,22.7,2025-12-30 00:52:01
1624,Extra Cheesy Phulkari Dupatta,20,612,1748,48.1,43.9,2025-08-28 03:11:30
1625,Bandhani Fabric,7,236,1207,83.2,1.7,2026-02-20 04:12:59
1626,Royal Local Handicraft Figurine,17,726,3421,62.8,33.5,2026-04-25 11:53:21
1627,Authentic Postcard Set,24,591,1705,85.1,0,2026-05-07 05:52:32
1628,Bamboo Basket,16,541,1076,47.3,34.7,2025-01-05 07:17:28
1629,Kangra Miniature Painting,9,733,3522,75.9,12.8,2026-06-25 04:09:26
1630,Local Handicraft Figurine,4,322,1951,60.2,37.6,2025-10-24 02:18:57
1631,Authentic Aranmula Kannadi Mirror,12,388,932,58.3,19.7,2025-07-07 04:21:29
1632,Local Favourite Postcard Set,5,250,3203,87.5,0,2026-01-24 21:02:59
1633,Juti Footwear,20,698,2323,82.9,1.8,2026-03-17 02:38:27
1634,Local Handicraft Figurine,25,648,2700,81.1,2.8,2025-10-25 07:22:06
1635,Authentic Silver Filigree,19,519,1390,83.0,2.3,2025-03-09 22:35:51
1636,Signature Keychain Set,8,704,2188,77.2,12.0,2025-08-12 19:33:10
1637,Handwoven Bag,10,144,1858,62.8,14.0,2025-07-30 13:36:53
1638,Mysore Silk Saree,11,549,1082,81.9,2.5,2025-08-06 10:42:02
1639,Cashew Feni Bottle,6,762,3545,70.9,17.9,2025-06-20 11:50:55
1640,Handwoven Bag,18,602,1952,67.5,16.2,2025-02-21 02:49:27
1641,Handwoven Bag,18,526,1457,79.0,5.3,2025-12-19 09:56:22
1642,Warli Painting,14,108,2114,42.9,41.4,2025-09-07 07:24:05
1643,Family Recipe Keychain Set,25,195,2878,66.9,12.1,2025-08-05 13:12:03
1644,Juti Footwear,20,616,804,89.3,0,2025-11-06 04:52:56
1645,Signature Fridge Magnet,10,199,404,79.1,10.3,2025-01-05 15:11:14
1646,Premium Prayer Wheel,22,663,1750,92.9,0,2025-01-22 09:47:48
1647,Quick-bite Keychain Set,5,455,2858,75.6,6.1,2025-05-05 11:43:02
1648,Fridge Magnet,27,231,2834,71.2,19.3,2026-05-16 09:46:16
1649,Handwoven Bag,25,399,3388,73.0,8.0,2025-02-24 09:29:18
1650,Festival Prayer Wheel,22,336,703,65.6,21.6,2026-01-20 02:48:28
1651,Local Handicraft Figurine,2,287,1021,77.4,5.6,2025-10-20 01:55:53
1652,Local Handicraft Figurine,15,569,3194,42.8,53.4,2026-06-27 10:39:26
1653,Grandma's Handwoven Carpet,22,450,3440,73.5,11.8,2026-02-25 12:48:44
1654,Royal Azulejo Tile,6,403,1080,55.2,22.5,2025-04-24 08:41:02
1655,Thangka Painting,22,485,3321,79.8,3.3,2025-10-31 07:33:28
1656,Keychain Set,5,103,653,53.6,47.4,2025-04-14 21:02:55
1657,Homestyle Cashew Feni Bottle,6,69,2815,66.9,15.2,2026-06-06 22:30:48
1658,Kanchipuram Silk Saree,23,714,2872,79.4,5.5,2025-12-15 17:05:57
1659,Postcard Set,4,492,1560,41.9,29.0,2025-02-25 15:15:35
1660,Premium Kanchipuram Silk Saree,23,580,2477,68.0,15.6,2025-07-20 07:46:02
1661,Premium Applique Work,19,565,2372,75.6,8.2,2025-06-16 04:14:25
1662,Keychain Set,15,461,2382,73.2,16.0,2026-05-04 13:00:57
1663,Signature Patola Saree,7,655,1236,66.0,13.1,2025-09-29 22:08:15
1664,Chanderi Saree,13,93,1270,72.3,8.2,2025-12-19 11:01:50
1665,Kangra Miniature Painting,9,430,1167,52.2,36.2,2025-06-01 15:40:29
1666,Authentic Paithani Saree,14,564,2827,90.0,0,2025-04-06 02:32:37
1667,Chef's Postcard Set,1,530,2732,85.1,0,2025-05-22 03:11:39
1668,Local Favourite Kullu Shawl,9,586,716,76.9,6.5,2026-01-19 12:34:25
1669,Keychain Set,5,212,274,74.4,12.7,2026-01-27 14:46:40
1670,Traditional Aranmula Kannadi Mirror,12,636,2824,77.5,12.4,2025-07-22 00:15:50
1671,Spicy Pattachitra Painting,19,665,1327,73.2,20.7,2025-09-25 12:24:07
1672,Homestyle Postcard Set,10,421,1240,63.9,34.0,2025-12-20 01:17:04
1673,Kathakali Mask,12,710,2486,72.9,19.4,2025-03-01 09:18:47
1674,Special Fridge Magnet,17,154,1989,51.0,22.9,2025-11-07 17:46:03
1675,Village-style Bamboo Basket,16,353,541,50.9,56.4,2026-01-06 01:49:09
1676,Azulejo Tile,6,778,2089,84.4,0.5,2025-08-13 23:14:49
1677,Family Recipe Postcard Set,10,50,306,89.1,0,2025-07-05 04:00:55
1678,Festival Handwoven Bag,27,237,1194,69.5,10.7,2025-01-04 00:39:14
1679,Local Handicraft Figurine,27,429,2045,81.4,3.9,2025-11-07 05:56:39
1680,Family Recipe Keychain Set,8,617,1263,92.9,0,2026-05-12 18:34:44
1681,Fridge Magnet,8,350,2817,52.8,52.3,2025-11-06 09:53:36
1682,Handwoven Bag,25,291,3122,74.8,8.0,2025-01-07 06:22:05
1683,Postcard Set,8,694,1958,68.5,21.3,2025-07-07 06:47:33
1684,Spice Box Set,12,702,2918,63.8,28.0,2025-03-12 00:41:50
1685,Keychain Set,24,651,3646,78.1,11.5,2025-04-11 09:13:55
1686,Roadside Terracotta Figurine,28,458,1396,66.4,20.5,2025-03-14 00:31:22
1687,Postcard Set,18,315,2186,89.3,0,2025-01-21 21:34:07
1688,Street-side Brassware,26,597,2240,56.2,42.8,2025-02-05 07:38:23
1689,Local Handicraft Figurine,1,672,2627,81.7,5.5,2025-09-02 22:19:23
1690,Applique Work,19,200,2394,57.2,22.6,2026-04-12 22:30:12
1691,Marble Taj Replica,26,459,2969,66.2,13.9,2026-05-02 08:32:29
1692,Brassware,26,327,2425,87.2,0,2026-02-27 06:26:51
1693,Silver Filigree,19,282,2971,83.9,1.3,2026-05-14 02:31:01
1694,Keychain Set,8,530,2919,61.1,40.7,2026-05-22 22:04:33
1695,Bronze Nataraja Statue,23,252,2824,66.7,15.9,2026-06-11 05:52:22
1696,Signature Coir Handicraft,12,434,660,52.8,56.9,2025-11-15 03:17:16
1697,Aranmula Kannadi Mirror,12,386,2897,88.6,0,2026-04-18 03:05:58
1698,Bandhani Dupatta,21,716,1268,78.2,12.0,2026-03-08 13:25:47
1699,Special Handwoven Bag,1,55,1968,61.5,41.3,2026-01-24 16:32:21
1700,Local Handicraft Figurine,17,123,655,52.4,30.5,2025-10-06 09:00:30
1701,Phulkari Dupatta,20,468,3015,50.9,21.0,2025-05-20 02:53:43
1702,Fridge Magnet,2,490,1484,72.6,10.0,2026-05-30 22:27:45
1703,Grandma's Postcard Set,8,368,485,79.0,7.2,2025-07-28 15:56:01
1704,Traditional Pattachitra Painting,19,792,3199,58.4,18.7,2026-06-29 20:09:18
1705,Extra Cheesy Local Handicraft Figurine,25,518,2744,67.3,22.7,2025-07-05 12:47:49
1706,Local Handicraft Figurine,5,454,634,77.7,12.7,2025-06-14 13:02:57
1707,Family Recipe Prayer Wheel,22,116,855,68.2,24.4,2026-01-22 19:42:46
1708,Deluxe Postcard Set,17,785,3085,87.0,0,2025-12-28 04:15:57
1709,Special Fridge Magnet,17,769,2482,69.4,20.1,2025-08-14 10:11:10
1710,Fridge Magnet,17,548,2528,69.8,25.2,2026-06-18 16:33:03
1711,Spicy Seashell Craft,6,789,1259,93.8,0,2026-04-06 08:54:42
1712,Bagh Print Fabric,13,643,3473,52.5,45.0,2025-02-27 00:45:57
1713,Keychain Set,5,64,394,42.0,62.7,2025-10-09 03:12:49
1714,Grandma's Dokra Art,28,198,677,85.1,0,2025-03-08 06:35:04
1715,Classic Seashell Craft,6,275,2437,54.4,51.9,2025-12-15 11:35:14
1716,Special Phulkari Dupatta,20,470,2458,81.6,2.7,2025-04-28 14:04:36
1717,Postcard Set,8,458,1134,45.5,48.0,2025-12-04 15:57:45
1718,Keychain Set,27,98,341,73.9,19.9,2025-04-13 12:11:55
1719,Local Favourite Handwoven Bag,1,691,2425,76.4,6.6,2025-05-09 05:26:54
1720,Chef's Dokra Art,28,342,873,50.7,29.9,2025-04-15 22:37:13
1721,Mirror Work Bag,7,295,881,75.4,12.8,2025-03-10 05:10:35
1722,Festival Sandalwood Carving,11,624,2605,86.7,0,2025-07-08 00:41:08
1723,Patola Saree,7,709,3192,45.6,50.2,2025-02-17 07:57:17
1724,Mysore Silk Saree,11,574,2900,71.4,22.6,2026-05-29 07:41:05
1725,Traditional Fridge Magnet,1,680,1210,77.6,12.6,2026-05-07 19:13:21
1726,Traditional Mirror Work Bag,7,792,2205,83.8,1.4,2025-08-28 07:03:47
1727,Fridge Magnet,25,107,577,81.0,2.6,2025-10-08 01:58:38
1728,Classic Handwoven Bag,5,293,1830,54.7,35.7,2025-09-25 11:39:06
1729,Signature Prayer Wheel,22,327,650,83.4,1.4,2025-02-05 19:22:07
1730,Grandma's Pattachitra Painting,19,207,1494,69.5,15.1,2025-05-17 17:27:40
1731,Puppet (Kathputli),21,371,2378,83.3,2.6,2026-03-15 22:28:44
1732,Silver Filigree,19,696,752,92.1,0,2025-12-04 07:49:57
1733,Premium Fridge Magnet,27,527,1515,85.4,0,2025-06-15 02:58:46
1734,Fridge Magnet,10,675,1752,64.7,16.5,2025-04-02 22:12:05
1735,Grandma's Local Handicraft Figurine,5,102,2942,79.7,7.4,2025-05-25 12:31:59
1736,Keychain Set,25,170,1612,52.5,39.6,2025-10-06 11:56:58
1737,Chanderi Saree,13,424,1523,93.2,0,2025-02-06 16:17:21
1738,Pahari Cap,9,514,1322,75.6,14.2,2025-07-29 21:25:06
1739,Extra Cheesy Keychain Set,1,795,3180,68.4,25.5,2025-05-16 00:54:53
1740,Terracotta Figurine,28,159,2077,66.5,28.6,2026-06-27 09:22:20
1741,Handwoven Bag,1,264,2704,82.9,3.2,2025-07-11 18:46:24
1742,Local Favourite Assam Tea Gift Box,3,319,1778,89.8,0,2025-12-08 02:46:22
1743,Family Recipe Handwoven Carpet,22,764,2413,82.5,3.5,2025-05-06 23:26:56
1744,Sandalwood Carving,11,762,1285,50.1,59.4,2025-04-19 02:21:09
1745,Street-side Terracotta Figurine,28,592,1792,40.1,30.3,2025-09-06 06:47:03
1746,Spicy Handwoven Bag,4,171,2972,78.2,8.5,2026-03-22 06:01:16
1747,Festival Fridge Magnet,27,417,1841,90.0,0,2026-01-26 03:05:11
1748,Royal Meenakari Jewelry,21,398,1848,60.6,22.7,2025-02-23 18:31:31
1749,Kanchipuram Silk Saree,23,56,1344,88.9,0,2025-09-06 04:51:26
1750,Local Favourite Handwoven Bag,2,659,1675,51.0,22.4,2026-03-25 23:36:40
1751,Grandma's Handwoven Bag,8,373,503,54.6,27.7,2026-02-14 12:02:13
1752,Roadside Keychain Set,5,443,2207,64.6,16.4,2026-03-03 01:40:34
1753,Deluxe Local Handicraft Figurine,27,74,2871,58.4,28.2,2025-11-12 05:40:46
1754,Royal Mysore Silk Saree,11,795,939,77.3,8.7,2025-04-04 18:29:56
1755,Keychain Set,27,628,3046,59.8,26.0,2025-09-06 11:12:34
1756,Extra Cheesy Kantha Stitch Saree,28,98,1781,74.3,15.0,2025-09-12 04:21:23
1757,Family Recipe Bandhani Fabric,7,609,1514,83.8,1.7,2025-11-12 13:17:00
1758,Festival Fridge Magnet,24,407,658,56.2,29.8,2025-11-17 10:17:20
1759,Extra Cheesy Spice Box Set,12,753,2852,58.6,36.8,2026-04-12 00:23:12
1760,Handwoven Bag,17,185,1665,91.5,0,2025-12-25 03:04:44
1761,Mirror Work Bag,7,618,1489,72.0,17.0,2025-04-19 09:16:48
1762,Fridge Magnet,17,575,804,67.9,14.6,2026-01-22 15:43:53
1763,Roadside Postcard Set,2,564,2246,66.0,14.0,2025-04-18 00:57:35
1764,Postcard Set,10,224,438,83.1,3.4,2025-03-20 15:00:46
1765,Deluxe Azulejo Tile,6,431,1616,52.9,30.7,2025-11-04 00:51:18
1766,Traditional Seashell Craft,6,621,1775,42.9,32.3,2025-04-13 13:09:52
1767,Homestyle Bronze Nataraja Statue,23,642,3428,65.3,34.7,2025-10-22 15:48:31
1768,Postcard Set,24,779,2013,84.3,0.5,2025-07-21 20:00:01
1769,Special Kanchipuram Silk Saree,23,463,3328,49.2,46.7,2025-01-08 11:52:26
1770,Postcard Set,5,484,3358,63.8,23.2,2025-11-29 00:51:21
1771,Fridge Magnet,17,270,2965,68.9,27.6,2025-02-20 05:44:04
1772,Premium Azulejo Tile,6,447,728,71.1,16.3,2025-06-06 11:54:15
1773,Classic Bronze Nataraja Statue,23,110,299,84.0,1.4,2025-07-06 14:46:44
1774,Postcard Set,2,613,3352,54.6,52.6,2025-03-26 01:10:09
1775,Local Handicraft Figurine,2,157,1267,66.2,22.4,2025-07-06 04:11:46
1776,Roadside Fridge Magnet,5,795,1880,75.3,8.3,2026-04-08 00:24:37
1777,Handwoven Bag,27,673,2694,72.7,12.8,2025-09-24 08:58:12
1778,Festival Postcard Set,10,547,3044,64.9,19.0,2025-04-23 03:27:30
1779,Extra Cheesy Seashell Craft,6,628,2228,84.1,1.6,2025-11-23 09:16:09
1780,Extra Cheesy Mirror Work Bag,7,717,2506,66.3,26.9,2026-04-17 02:11:07
1781,Homestyle Local Handicraft Figurine,1,550,1633,76.5,9.6,2025-05-29 23:13:34
1782,Mirror Work Bag,7,700,2257,90.1,0,2026-04-01 23:23:00
1783,Grandma's Handwoven Bag,18,623,2529,81.2,2.6,2025-07-13 08:39:34
1784,Gond Art Painting,13,401,1848,83.5,1.1,2025-04-01 16:06:25
1785,Classic Fridge Magnet,17,203,2192,75.3,10.4,2025-06-11 14:23:49
1786,Deluxe Keychain Set,1,180,2091,57.1,33.4,2026-03-14 09:05:50
1787,Chef's Mysore Silk Saree,11,135,828,46.4,30.3,2026-02-15 19:06:36
1788,Premium Terracotta Figurine,28,397,944,90.8,0,2025-02-23 00:01:40
1789,Street-side Bandhani Dupatta,21,656,2154,59.3,36.5,2026-05-04 13:59:57
1790,Deluxe Bamboo Basket,16,120,1620,78.3,10.6,2025-03-16 19:55:32
1791,Coir Handicraft,12,615,821,75.8,12.0,2025-11-12 18:03:17
1792,Channapatna Toy,11,600,2880,67.8,30.0,2025-05-09 21:36:59
1793,Local Handicraft Figurine,8,162,2453,75.6,14.0,2025-12-31 04:00:01
1794,Special Kanchipuram Silk Saree,23,309,824,73.7,15.4,2026-02-21 00:29:42
1795,Classic Juti Footwear,20,699,2477,80.5,5.4,2025-06-27 16:04:06
1796,Signature Mirror Work Bag,7,296,450,69.2,11.2,2025-03-25 21:12:36
1797,Fridge Magnet,27,311,2201,85.4,0,2025-03-14 17:27:35
1798,Quick-bite Local Handicraft Figurine,1,166,611,77.9,6.0,2025-12-27 22:56:28
1799,Postcard Set,25,599,1604,83.5,2.4,2025-07-13 01:51:22
1800,Royal Local Handicraft Figurine,25,417,1027,66.3,25.6,2025-03-18 14:17:26
1801,Muga Silk Stole,3,644,3310,75.5,14.4,2025-03-06 17:42:32
1802,Deluxe Muga Silk Stole,3,53,1200,83.6,2.1,2025-09-26 11:22:24
1803,Quick-bite Keychain Set,24,551,1138,90.7,0,2025-09-01 22:59:39
1804,Kantha Stitch Saree,28,611,2649,77.6,13.0,2025-04-23 13:38:20
1805,Family Recipe Fridge Magnet,8,370,1460,51.8,45.0,2025-10-24 02:07:13
1806,Roadside Kanchipuram Silk Saree,23,683,3401,70.4,15.6,2026-05-31 09:53:29
1807,Local Favourite Kangra Miniature Painting,9,348,872,61.5,15.7,2025-05-29 19:08:55
1808,Signature Local Handicraft Figurine,17,613,2668,72.7,12.9,2025-03-27 14:12:12
1809,Channapatna Toy,11,603,1112,78.8,5.6,2025-01-24 00:50:26
1810,Bamboo Basket,16,414,2765,59.3,35.4,2025-05-09 01:15:20
1811,Handwoven Bag,10,352,2110,80.9,2.6,2026-06-07 08:27:11
1812,Special Gond Art Painting,13,66,2347,67.5,29.3,2025-11-12 07:06:10
1813,Channapatna Toy,11,430,1518,38.0,54.4,2025-12-11 14:36:32
1814,Festival Kullu Shawl,9,586,1090,80.0,7.2,2025-08-05 05:48:49
1815,Special Kullu Shawl,9,567,827,60.4,40.9,2026-02-15 04:24:26
1816,Signature Dokra Art,28,751,1840,85.7,0,2025-04-26 17:59:42
1817,Spicy Bagh Print Fabric,13,547,1742,83.2,1.8,2025-01-26 18:21:04
1818,Homestyle Spice Box Set,12,440,2040,80.4,6.2,2025-04-07 23:45:32
1819,Patola Saree,7,306,1505,78.8,11.1,2026-03-19 12:29:42
1820,Traditional Kangra Miniature Painting,9,119,2396,69.9,24.1,2026-05-14 23:59:58
1821,Homestyle Local Handicraft Figurine,10,551,3269,73.4,19.2,2026-02-19 01:02:40
1822,Keychain Set,17,635,3579,88.4,0,2026-05-16 20:14:10
1823,Deluxe Keychain Set,15,141,1028,53.6,22.1,2025-10-21 10:57:47
1824,Postcard Set,5,581,2790,51.1,59.9,2026-02-28 20:45:06
1825,Festival Kangra Miniature Painting,9,487,973,57.3,29.9,2025-07-07 03:28:41
1826,Handwoven Bag,1,436,2480,75.6,9.1,2025-04-16 13:00:25
1827,Street-side Coir Handicraft,12,246,549,62.7,14.8,2025-05-17 19:11:51
1828,Festival Kangra Miniature Painting,9,172,2081,84.8,0.2,2025-01-15 20:27:50
1829,Roadside Bagh Print Fabric,13,766,1128,80.7,4.5,2025-10-11 20:59:23
1830,Deluxe Gond Art Painting,13,385,1573,95.6,0,2026-06-05 01:52:13
1831,Extra Cheesy Juti Footwear,20,70,2089,74.7,9.1,2025-06-07 13:28:30
1832,Silver Filigree,19,451,1381,86.2,0,2025-08-26 13:20:49
1833,Handwoven Bag,18,569,2975,54.2,49.9,2025-06-05 17:47:19
1834,Local Handicraft Figurine,1,476,541,61.5,40.6,2026-06-14 21:20:48
1835,Postcard Set,18,348,555,90.8,0,2025-02-22 11:48:02
1836,Brassware,26,54,1075,50.1,49.2,2025-04-18 14:53:42
1837,Royal Local Handicraft Figurine,5,697,1318,69.7,11.6,2025-11-10 19:00:32
1838,Traditional Gond Art Painting,13,561,2065,55.9,23.3,2026-04-25 20:55:03
1839,Phulkari Dupatta,20,668,1143,67.5,23.5,2025-12-02 22:25:20
1840,Kantha Stitch Saree,28,198,680,46.9,55.3,2026-03-12 18:25:57
1841,Thangka Painting,22,598,3491,88.3,0,2025-06-15 02:53:07
1842,Silver Filigree,19,131,234,71.0,23.2,2025-01-13 11:28:26
1843,Village-style Kangra Miniature Painting,9,317,1090,84.9,0.1,2025-06-19 10:51:03
1844,Handwoven Bag,17,592,2966,38.6,32.4,2025-08-06 10:36:44
1845,Handwoven Bag,17,446,1534,82.4,3.5,2025-02-24 20:30:09
1846,Grandma's Terracotta Figurine,28,117,1971,75.4,11.8,2025-01-18 11:15:11
1847,Postcard Set,1,753,3350,65.8,17.4,2025-05-23 21:04:33
1848,Puppet (Kathputli),21,275,2586,77.1,14.2,2025-10-05 19:03:39
1849,Roadside Aranmula Kannadi Mirror,12,708,1256,80.5,6.4,2025-09-11 14:10:29
1850,Spicy Keychain Set,10,212,2527,78.6,6.4,2025-05-20 15:44:28
1851,Street-side Channapatna Toy,11,409,1594,65.0,35.1,2025-10-12 00:46:17
1852,Deluxe Postcard Set,2,710,881,81.7,5.6,2025-05-01 23:50:20
1853,Camel Leather Jutti,21,119,2474,86.2,0,2025-07-26 21:55:22
1854,Grandma's Postcard Set,10,59,2122,67.6,30.3,2025-07-13 09:23:30
1855,Fridge Magnet,4,386,1268,72.0,15.4,2026-03-07 00:55:57
1856,Chikankari Kurta,26,509,1317,58.2,21.0,2025-11-08 16:37:44
1857,Phulkari Dupatta,20,327,3021,90.2,0,2025-07-17 05:46:09
1858,Grandma's Seashell Craft,6,401,798,76.5,8.9,2026-06-09 23:45:50
1859,Royal Azulejo Tile,6,546,600,45.5,67.1,2026-04-08 12:17:50
1860,Paithani Saree,14,544,962,87.4,0,2025-01-17 15:33:44
1861,Bagh Print Fabric,13,337,896,55.7,44.0,2026-05-09 04:15:25
1862,Special Khasi Shawl,16,125,949,55.9,24.2,2025-12-09 10:25:29
1863,Phulkari Dupatta,20,315,1182,73.1,14.5,2026-05-19 09:13:43
1864,Grandma's Handwoven Bag,27,591,869,52.7,48.4,2025-07-21 20:36:20
1865,Kanchipuram Silk Saree,23,389,2750,58.5,37.7,2026-02-05 20:47:56
1866,Local Handicraft Figurine,2,614,2358,57.3,29.5,2025-11-09 22:15:22
1867,Family Recipe Gond Art Painting,13,794,1869,56.3,19.0,2025-02-09 04:55:54
1868,Bandhani Fabric,7,345,3057,61.6,18.2,2025-11-23 22:35:19
1869,Brassware,26,162,1842,84.3,0.5,2026-02-07 20:47:12
1870,Seashell Craft,6,117,2332,91.7,0,2026-06-18 08:25:13
1871,Village-style Handwoven Carpet,22,155,659,94.3,0,2025-04-23 23:56:07
1872,Quick-bite Pahari Cap,9,669,2207,79.6,5.1,2026-06-24 01:53:42
1873,Bandhani Fabric,7,61,1022,74.0,13.8,2026-06-20 21:55:27
1874,Coir Handicraft,12,173,1863,59.1,45.3,2025-06-28 16:23:12
1875,Family Recipe Handwoven Bag,8,157,1776,73.6,7.8,2025-02-21 20:54:00
1876,Silver Filigree,19,173,2598,81.5,2.2,2025-06-25 20:48:39
1877,Handwoven Bag,27,720,1223,80.1,4.2,2026-05-12 02:59:39
1878,Signature Chanderi Saree,13,755,956,41.0,69.4,2025-11-20 03:30:55
1879,Local Handicraft Figurine,2,534,875,83.6,2.4,2025-01-13 08:37:53
1880,Juti Footwear,20,183,2875,53.8,38.7,2025-04-21 05:12:48
1881,Dokra Art,28,692,1942,46.1,45.0,2026-05-17 11:34:28
1882,Postcard Set,2,303,3061,80.9,6.3,2026-04-06 02:06:18
1883,Kolhapuri Chappal,14,177,2358,59.7,37.2,2025-04-02 22:08:00
1884,Local Favourite Bagh Print Fabric,13,90,1412,80.8,6.9,2025-05-17 16:10:03
1885,Special Mirror Work Bag,7,185,2270,78.4,4.6,2026-06-05 23:23:15
1886,Local Favourite Juti Footwear,20,681,1869,75.6,9.0,2025-07-18 04:22:06
1887,Keychain Set,2,567,1505,87.6,0,2026-05-31 22:48:43
1888,Premium Keychain Set,10,499,3386,90.5,0,2025-02-08 03:25:49
1889,Seashell Craft,6,100,2707,85.3,0,2025-05-09 20:33:57
1890,Chef's Postcard Set,18,310,2750,83.7,1.6,2025-08-15 14:32:25
1891,Gond Art Painting,13,586,1372,75.0,9.0,2026-04-22 16:30:09
1892,Family Recipe Postcard Set,15,340,2990,76.1,10.6,2026-06-18 11:27:11
1893,Classic Channapatna Toy,11,243,2998,87.1,0,2025-11-13 14:55:31
1894,Street-side Terracotta Figurine,28,182,2955,61.0,29.9,2025-05-01 03:39:01
1895,Mirror Work Bag,7,699,2233,55.7,27.6,2026-03-25 14:35:46
1896,Kolhapuri Chappal,14,456,2545,75.7,14.9,2025-07-14 11:52:41
1897,Classic Bagh Print Fabric,13,426,2332,92.2,0,2025-02-21 19:05:58
1898,Local Handicraft Figurine,27,196,1821,82.1,5.1,2025-09-23 22:24:27
1899,Street-side Warli Painting,14,465,2592,46.1,61.7,2025-08-13 02:45:56
1900,Keychain Set,1,154,2998,56.3,17.3,2025-09-10 15:21:55
1901,Local Favourite Local Handicraft Figurine,17,128,2605,55.8,45.4,2026-05-10 23:49:04
1902,Dokra Art,28,619,2815,57.8,23.4,2026-06-02 02:35:59
1903,Local Handicraft Figurine,8,510,3117,47.8,48.3,2025-08-07 13:28:48
1904,Postcard Set,17,781,895,72.8,21.2,2025-09-18 17:32:12
1905,Festival Terracotta Figurine,28,587,725,46.0,47.4,2025-01-12 03:06:15
1906,Special Keychain Set,5,83,556,78.2,8.7,2026-05-13 22:40:48
1907,Premium Handwoven Bag,24,648,2088,75.0,12.1,2025-08-04 16:12:49
1908,Fridge Magnet,15,61,710,94.4,0,2025-09-27 10:34:46
1909,Family Recipe Bagh Print Fabric,13,344,3039,42.0,67.5,2025-06-27 18:10:03
1910,Traditional Kantha Stitch Saree,28,163,466,64.6,15.9,2025-08-20 15:07:28
1911,Sandalwood Carving,11,162,1476,58.6,32.1,2026-03-20 15:20:46
1912,Bamboo Craft,3,697,1633,71.0,16.7,2025-09-26 16:34:52
1913,Village-style Dokra Art,28,428,1470,76.7,10.2,2025-06-20 11:26:44
1914,Sandalwood Carving,11,166,2692,68.3,19.8,2025-07-06 22:15:57
1915,Fridge Magnet,10,239,2400,80.8,5.2,2025-07-26 07:20:46
1916,Meenakari Jewelry,21,361,1209,55.9,50.1,2026-05-03 14:33:36
1917,Prayer Wheel,22,333,2819,71.5,14.5,2026-02-19 20:51:32
1918,Aranmula Kannadi Mirror,12,453,2402,58.9,16.8,2026-05-15 18:15:40
1919,Local Favourite Local Handicraft Figurine,25,108,2266,61.6,25.1,2025-11-08 13:46:29
1920,Roadside Fridge Magnet,2,418,1287,67.7,26.6,2025-05-30 04:01:59
1921,Homestyle Local Handicraft Figurine,18,322,3003,85.4,0,2025-11-23 08:55:33
1922,Keychain Set,15,418,1829,59.1,44.6,2026-02-24 13:15:45
1923,Phulkari Dupatta,20,325,493,71.0,11.4,2025-01-06 23:56:58
1924,Chef's Sandalwood Carving,11,665,3635,60.4,21.5,2025-09-03 07:25:19
1925,Sandalwood Carving,11,497,1656,89.2,0,2026-04-28 21:50:33
1926,Kantha Stitch Saree,28,711,1960,97.3,0,2025-01-10 21:02:29
1927,Traditional Kullu Shawl,9,629,3440,80.8,4.4,2026-06-11 02:07:18
1928,Festival Fridge Magnet,18,155,2413,81.4,4.2,2025-10-09 06:15:58
1929,Handwoven Bag,8,315,904,71.1,21.3,2025-05-07 08:00:06
1930,Authentic Kantha Stitch Saree,28,589,792,47.6,54.5,2026-01-05 06:41:56
1931,Postcard Set,25,456,911,83.2,1.8,2025-04-27 22:23:47
1932,Street-side Applique Work,19,216,1630,62.5,26.0,2025-04-09 17:47:07
1933,Marble Taj Replica,26,175,866,76.4,9.7,2026-05-14 09:39:30
1934,Special Seashell Craft,6,75,1767,83.4,1.1,2026-02-03 15:35:36
1935,Tanjore Painting,23,218,1388,75.4,13.8,2026-03-09 07:31:25
1936,Village-style Fridge Magnet,25,103,976,72.7,14.4,2025-11-21 08:09:15
1937,Spicy Phulkari Dupatta,20,610,3258,78.0,9.5,2025-05-22 19:51:30
1938,Chanderi Saree,13,390,1014,77.6,11.3,2026-04-02 22:56:06
1939,Quick-bite Fridge Magnet,27,614,2277,91.3,0,2025-07-06 17:31:43
1940,Local Handicraft Figurine,8,491,1901,68.9,12.6,2025-07-02 08:20:21
1941,Handwoven Bag,2,562,657,44.7,37.2,2026-04-25 09:03:38
1942,Kangra Miniature Painting,9,155,730,48.9,35.2,2025-05-16 16:43:03
1943,Pattachitra Painting,19,582,951,83.8,1.4,2025-07-25 01:30:34
1944,Keychain Set,25,141,2161,73.7,18.5,2026-02-17 15:25:56
1945,Deluxe Postcard Set,25,373,2254,64.1,19.6,2025-05-05 06:15:14
1946,Signature Kantha Stitch Saree,28,612,2363,80.0,8.4,2025-08-31 03:28:50
1947,Handwoven Bag,8,612,2654,84.5,0.5,2026-01-31 12:04:20
1948,Family Recipe Kolhapuri Chappal,14,247,1629,56.0,28.9,2026-03-29 07:29:15
1949,Khasi Shawl,16,584,1386,80.5,6.8,2026-03-26 22:02:56
1950,Bamboo Basket,16,86,2671,64.8,21.3,2025-05-07 20:42:29
1951,Fridge Magnet,17,783,2789,84.6,0.3,2025-01-21 22:30:34
1952,Signature Handwoven Bag,4,353,1011,84.6,0.5,2026-05-30 23:47:40
1953,Kangra Miniature Painting,9,714,2900,76.1,7.1,2025-12-10 11:07:16
1954,Extra Cheesy Local Handicraft Figurine,10,80,1172,56.1,46.4,2025-08-18 07:28:03
1955,Bamboo Craft,3,738,3647,70.3,26.1,2025-02-09 10:27:08
1956,Azulejo Tile,6,172,1524,80.5,6.3,2025-11-16 09:43:22
1957,Roadside Postcard Set,8,408,825,42.1,65.0,2025-08-11 07:09:01
1958,Grandma's Fridge Magnet,15,274,993,72.0,18.7,2026-03-24 13:50:01
1959,Festival Postcard Set,17,604,1920,83.8,1.6,2025-11-28 08:42:03
1960,Blue Pottery,21,623,1356,84.3,0.5,2025-08-12 13:57:41
1961,Keychain Set,8,434,605,72.0,21.5,2026-03-13 03:56:00
1962,Family Recipe Applique Work,19,800,1665,47.2,38.0,2025-06-09 14:17:21
1963,Handwoven Bag,27,116,1397,52.0,30.2,2026-03-22 21:08:01
1964,Local Handicraft Figurine,27,189,1704,58.9,30.2,2025-04-05 17:49:07
1965,Sandalwood Carving,11,378,1194,42.9,45.5,2025-09-02 05:44:19
1966,Homestyle Marble Taj Replica,26,93,2329,82.1,4.9,2025-04-21 23:35:27
1967,Quick-bite Bronze Nataraja Statue,23,503,3335,68.1,13.6,2025-09-04 10:08:47
1968,Local Handicraft Figurine,18,249,2057,52.7,45.0,2025-03-25 09:07:41
1969,Family Recipe Postcard Set,10,731,1120,58.8,43.0,2026-03-11 20:43:58
1970,Local Favourite Keychain Set,10,370,2369,72.4,9.7,2026-04-18 12:50:31
1971,Special Local Handicraft Figurine,4,566,2565,69.1,12.6,2025-04-21 03:14:41
1972,Kantha Stitch Saree,28,529,1623,50.0,41.8,2026-03-02 20:14:57
1973,Keychain Set,10,234,1761,74.2,17.7,2026-05-19 19:52:01
1974,Family Recipe Azulejo Tile,6,745,1555,62.1,31.3,2025-01-03 11:46:09
1975,Local Handicraft Figurine,1,135,311,72.2,11.2,2025-09-16 11:40:27
1976,Juti Footwear,20,567,2180,88.1,0,2025-09-11 07:32:08
1977,Local Favourite Meenakari Jewelry,21,68,2287,68.4,29.7,2026-03-22 14:16:02
1978,Street-side Dokra Art,28,455,896,85.2,0,2025-03-25 13:51:41
1979,Seashell Craft,6,280,2311,73.3,16.8,2025-01-19 05:03:19
1980,Street-side Patola Saree,7,530,1444,58.8,19.5,2026-05-04 11:14:17
1981,Classic Mysore Silk Saree,11,328,2181,67.5,15.8,2025-06-22 05:52:04
1982,Homestyle Muga Silk Stole,3,713,786,70.1,20.9,2025-01-07 12:35:18
1983,Extra Cheesy Sandalwood Carving,11,460,956,74.1,13.7,2025-07-15 05:43:00
1984,Classic Juti Footwear,20,625,2707,37.8,31.6,2026-03-14 11:18:11
1985,Authentic Handwoven Bag,1,232,2390,71.1,16.9,2025-04-02 17:36:58
1986,Local Handicraft Figurine,10,798,2482,66.3,13.0,2025-05-08 12:30:45
1987,Cashew Feni Bottle,6,528,1563,75.8,11.0,2026-02-06 15:44:03
1988,Local Handicraft Figurine,10,145,412,76.5,5.6,2025-07-07 03:06:44
1989,Tanjore Painting,23,192,2973,65.8,23.4,2025-08-06 01:11:18
1990,Chef's Thangka Painting,22,773,3465,75.9,6.6,2025-09-30 15:39:38
1991,Pattachitra Painting,19,433,1499,85.3,0,2025-11-18 13:43:07
1992,Street-side Warli Painting,14,167,1084,64.1,34.6,2026-01-03 21:10:06
1993,Street-side Juti Footwear,20,356,1993,64.4,12.6,2025-10-28 08:01:02
1994,Tanjore Painting,23,717,1138,73.6,11.7,2025-12-30 23:02:53
1995,Family Recipe Local Handicraft Figurine,4,465,2078,51.3,30.9,2026-04-20 05:13:26
1996,Keychain Set,27,125,2078,72.8,12.2,2026-05-10 17:50:06
1997,Street-side Handwoven Bag,17,375,743,92.4,0,2025-01-11 10:39:24
1998,Spicy Keychain Set,5,713,2791,66.7,19.0,2025-07-28 01:29:55
1999,Extra Cheesy Keychain Set,18,538,3196,68.0,22.7,2025-03-18 10:17:30
2000,Festival Pattachitra Painting,19,596,908,82.3,2.8,2026-04-15 20:43:37
2001,Extra Cheesy Handwoven Bag,2,503,1806,49.5,30.8,2025-05-22 00:19:45
2002,Keychain Set,1,557,2159,55.3,45.4,2025-12-03 13:26:39
2003,Local Favourite Keychain Set,18,697,2921,73.1,16.3,2026-06-28 12:40:50
2004,Keychain Set,17,356,2081,61.9,31.0,2026-03-24 12:00:28
2005,Traditional Handwoven Bag,8,555,1828,78.7,5.7,2025-11-03 04:47:01
2006,Bagh Print Fabric,13,220,622,47.1,61.9,2026-06-19 02:37:00
2007,Keychain Set,17,344,2164,48.9,42.9,2025-01-26 08:37:57
2008,Kanchipuram Silk Saree,23,658,1857,44.5,53.3,2025-04-02 19:33:32
2009,Street-side Fridge Magnet,1,222,2727,66.2,17.1,2026-01-26 17:11:54
2010,Applique Work,19,144,386,84.1,0.6,2026-01-13 12:40:43
2011,Thangka Painting,22,265,833,80.3,5.6,2025-03-11 09:48:10
2012,Coir Handicraft,12,640,1341,67.0,18.9,2025-01-27 02:13:38
2013,Handwoven Bag,8,243,1660,78.6,9.8,2026-01-04 14:07:31
2014,Phulkari Dupatta,20,137,1771,65.4,23.9,2025-11-30 18:03:26
2015,Royal Postcard Set,25,55,2148,80.6,6.4,2025-06-29 09:40:25
2016,Thangka Painting,22,154,2944,84.6,0.3,2026-02-20 20:33:24
2017,Khasi Shawl,16,657,1535,94.6,0,2025-12-01 11:59:22
2018,Spicy Fridge Magnet,17,495,1114,69.0,16.0,2025-07-30 05:52:59
2019,Kolhapuri Chappal,14,553,1165,75.8,6.1,2025-05-10 08:18:30
2020,Bagh Print Fabric,13,602,1445,91.9,0,2026-04-16 11:43:54
2021,Festival Keychain Set,24,633,921,66.8,30.5,2026-02-11 21:23:50
2022,Classic Local Handicraft Figurine,5,393,1318,50.2,24.2,2025-12-12 05:51:26
2023,Family Recipe Kangra Miniature Painting,9,668,2430,75.8,9.3,2025-05-31 15:10:33
2024,Paithani Saree,14,457,1998,80.5,7.6,2025-01-28 16:48:44
2025,Applique Work,19,753,999,60.9,28.1,2025-10-18 05:18:37
2026,Fridge Magnet,1,540,3317,79.8,6.7,2025-08-06 06:16:30
2027,Handwoven Bag,15,314,1147,59.2,23.6,2025-11-04 04:53:15
2028,Postcard Set,1,786,3475,87.7,0,2025-09-29 13:10:15
2029,Muga Silk Stole,3,542,3077,89.6,0,2025-05-07 06:12:33
2030,Postcard Set,27,466,1021,77.2,12.3,2025-11-21 20:02:08
2031,Local Handicraft Figurine,10,268,2550,74.4,12.9,2025-07-26 14:54:04
2032,Family Recipe Local Handicraft Figurine,17,159,1729,66.8,20.0,2025-05-17 05:16:44
2033,Premium Cashew Feni Bottle,6,202,2058,56.1,19.6,2025-12-16 07:39:39
2034,Postcard Set,15,785,2197,72.0,20.6,2025-03-08 05:17:16
2035,Spicy Kangra Miniature Painting,9,234,2632,54.3,22.9,2026-06-02 21:50:03
2036,Chef's Postcard Set,27,91,1348,72.4,15.8,2025-05-24 05:12:37
2037,Traditional Fridge Magnet,1,120,1140,57.5,30.8,2025-08-07 06:19:36
2038,Cashew Feni Bottle,6,488,3320,48.3,39.0,2025-07-04 08:32:17
2039,Tanjore Painting,23,654,1488,69.4,24.3,2025-06-13 12:12:51
2040,Street-side Bagh Print Fabric,13,776,2854,74.6,12.5,2025-06-29 11:48:46
2041,Royal Cashew Feni Bottle,6,373,2960,75.5,16.0,2025-11-15 16:09:49
2042,Quick-bite Handwoven Bag,2,257,1058,84.9,0.1,2025-05-05 02:37:36
2043,Quick-bite Handwoven Bag,2,412,2134,85.8,0,2025-01-02 02:10:03
2044,Festival Camel Leather Jutti,21,176,571,68.0,13.6,2026-06-05 00:34:38
2045,Royal Fridge Magnet,4,128,1514,79.2,8.4,2025-12-22 13:06:23
2046,Deluxe Bandhani Fabric,7,218,623,77.2,12.7,2025-09-13 02:16:38
2047,Fridge Magnet,2,282,2934,51.6,24.5,2025-02-26 21:41:11
2048,Family Recipe Fridge Magnet,4,786,2154,82.0,3.8,2026-05-06 11:35:22
2049,Local Favourite Chikankari Kurta,26,559,3078,97.3,0,2025-02-23 02:29:10
2050,Warli Painting,14,347,595,66.5,27.5,2025-01-25 21:05:21
2051,Traditional Kullu Shawl,9,346,1240,80.2,4.0,2025-04-21 09:22:20
2052,Kantha Stitch Saree,28,58,660,58.5,38.9,2026-02-14 05:00:07
2053,Kanchipuram Silk Saree,23,490,2850,86.2,0,2025-11-29 06:26:59
2054,Traditional Cashew Feni Bottle,6,684,2488,69.8,18.3,2026-01-09 00:02:29
2055,Mirror Work Bag,7,639,772,82.7,3.1,2025-11-12 16:50:58
2056,Chikankari Kurta,26,319,2543,39.9,61.5,2025-07-18 15:09:04
2057,Bamboo Craft,3,596,1913,52.5,57.0,2025-06-01 07:53:39
2058,Signature Spice Box Set,12,551,2627,81.0,6.2,2025-04-24 07:40:54
2059,Family Recipe Handwoven Bag,10,257,795,71.8,21.4,2025-04-08 16:03:58
2060,Special Postcard Set,4,656,2905,66.0,14.1,2025-07-20 17:47:43
2061,Postcard Set,27,685,911,66.7,17.6,2025-06-15 00:58:50
2062,Azulejo Tile,6,438,835,77.0,6.4,2026-02-26 09:30:01
2063,Khasi Shawl,16,349,2988,78.5,8.5,2026-03-14 20:38:42
2064,Quick-bite Warli Painting,14,101,850,76.9,8.5,2026-03-14 06:11:59
2065,Festival Mirror Work Bag,7,764,2317,57.0,38.1,2025-07-26 04:06:07
2066,Signature Keychain Set,25,317,2777,77.0,7.7,2026-05-10 23:22:42
2067,Authentic Handwoven Bag,4,566,3538,81.1,6.9,2025-03-23 13:29:27
2068,Roadside Coir Handicraft,12,104,334,92.9,0,2025-07-25 22:37:03
2069,Spicy Cashew Feni Bottle,6,635,1477,71.9,15.2,2026-01-13 07:09:06
2070,Keychain Set,2,623,2306,55.5,47.6,2026-04-26 08:54:46
2071,Signature Kantha Stitch Saree,28,547,2387,57.0,28.4,2026-05-06 09:46:28
2072,Handwoven Bag,1,414,710,53.9,24.4,2026-04-10 03:07:21
2073,Premium Keychain Set,25,643,1406,80.0,4.6,2025-09-03 00:04:32
2074,Warli Painting,14,693,2532,86.3,0,2025-08-28 15:29:26
2075,Postcard Set,4,728,3512,83.0,2.1,2025-09-18 20:25:56
2076,Village-style Channapatna Toy,11,164,1582,82.5,3.4,2025-01-06 14:01:56
2077,Local Handicraft Figurine,5,85,1737,68.1,20.2,2025-12-12 20:46:05
2078,Mysore Silk Saree,11,283,1102,65.0,33.7,2026-03-15 05:16:16
2079,Pahari Cap,9,635,1826,43.4,31.4,2026-04-08 18:19:30
2080,Authentic Applique Work,19,398,733,86.1,0,2026-06-05 00:52:58
2081,Postcard Set,27,790,1726,55.8,22.5,2025-03-16 16:34:27
2082,Local Handicraft Figurine,27,174,2799,73.7,14.3,2026-06-10 04:27:33
2083,Local Favourite Azulejo Tile,6,658,3419,47.9,55.5,2025-07-23 02:02:08
2084,Spicy Gond Art Painting,13,671,2731,76.3,13.8,2025-11-20 09:43:19
2085,Phulkari Dupatta,20,760,3478,78.9,4.3,2025-04-02 14:21:40
2086,Grandma's Fridge Magnet,17,517,3317,63.2,38.6,2026-03-29 18:32:55
2087,Chef's Pattachitra Painting,19,441,1228,71.5,21.9,2025-07-03 01:34:39
2088,Patola Saree,7,242,2920,51.8,33.1,2025-12-30 17:42:59
2089,Royal Keychain Set,5,740,3199,79.3,8.2,2025-08-06 03:15:22
2090,Pahari Cap,9,635,1767,94.3,0,2025-04-19 17:58:01
2091,Classic Keychain Set,24,107,2996,76.8,11.4,2026-03-01 07:45:07
2092,Deluxe Patola Saree,7,200,989,71.3,13.3,2025-07-06 12:08:30
2093,Local Favourite Handwoven Bag,8,780,3720,77.7,5.6,2025-04-09 01:28:53
2094,Patola Saree,7,127,607,76.7,6.1,2025-04-21 10:04:36
2095,Authentic Meenakari Jewelry,21,71,678,78.8,5.4,2025-10-07 07:42:01
2096,Village-style Handwoven Bag,24,418,1704,76.4,5.2,2025-08-02 09:16:41
2097,Bamboo Basket,16,361,676,82.4,4.3,2025-06-09 15:13:23
2098,Fridge Magnet,24,635,2140,75.4,14.4,2025-08-30 15:41:47
2099,Kantha Stitch Saree,28,199,2810,85.3,0,2026-06-13 06:30:42
2100,Handwoven Bag,5,341,2192,88.0,0,2026-05-11 00:28:57
2101,Handwoven Bag,5,486,777,48.7,52.7,2025-03-08 14:19:51
2102,Bronze Nataraja Statue,23,684,2104,68.0,22.9,2026-02-24 05:47:29
2103,Keychain Set,5,658,2706,70.9,23.7,2025-12-21 22:44:32
2104,Prayer Wheel,22,168,664,69.6,10.3,2026-04-30 19:52:49
2105,Deluxe Assam Tea Gift Box,3,237,1419,78.8,9.2,2025-01-05 07:21:12
2106,Postcard Set,4,465,1877,80.4,7.9,2025-03-06 10:28:24
2107,Channapatna Toy,11,193,3184,77.3,9.7,2026-02-05 11:34:42
2108,Kantha Stitch Saree,28,142,1205,49.1,42.9,2026-04-08 05:33:32
2109,Festival Chikankari Kurta,26,137,1214,76.9,7.2,2025-11-19 00:28:22
2110,Fridge Magnet,27,774,1775,65.9,12.4,2025-03-16 12:58:02
2111,Spicy Phulkari Dupatta,20,560,933,57.6,43.2,2026-03-06 07:06:18
2112,Local Handicraft Figurine,25,247,1710,61.9,21.9,2026-05-02 11:28:25
2113,Chef's Bamboo Basket,16,703,3291,94.5,0,2025-08-16 15:00:30
2114,Kanchipuram Silk Saree,23,673,1406,52.1,28.0,2025-01-15 07:40:41
2115,Signature Bagh Print Fabric,13,288,2900,56.6,17.1,2025-01-31 06:37:29
2116,Bamboo Basket,16,147,2131,52.7,46.7,2026-03-04 03:38:10
2117,Marble Taj Replica,26,58,353,87.4,0,2025-01-08 08:37:40
2118,Village-style Handwoven Bag,5,791,2589,73.1,20.7,2025-07-06 09:25:27
2119,Premium Silver Filigree,19,365,1976,36.7,65.4,2025-12-05 20:44:47
2120,Bamboo Basket,16,154,217,73.7,6.9,2025-03-25 17:32:33
2121,Grandma's Bagh Print Fabric,13,740,1341,78.0,11.2,2025-10-06 16:21:33
2122,Cashew Feni Bottle,6,737,2922,60.2,21.8,2025-05-06 00:16:47
2123,Festival Mirror Work Bag,7,167,2368,72.4,7.8,2025-04-20 19:01:37
2124,Roadside Juti Footwear,20,485,631,60.9,38.9,2025-03-10 00:04:19
2125,Warli Painting,14,180,2488,79.2,4.9,2025-07-20 08:58:09
2126,Extra Cheesy Fridge Magnet,15,233,1054,65.7,29.0,2026-03-15 18:46:12
2127,Festival Kantha Stitch Saree,28,270,3115,50.9,39.2,2025-12-06 18:39:41
2128,Signature Fridge Magnet,1,497,953,90.9,0,2025-03-31 23:00:04
2129,Mysore Silk Saree,11,799,995,79.2,6.6,2026-02-19 10:17:23
2130,Local Handicraft Figurine,17,479,1018,51.7,24.3,2026-02-12 01:46:52
2131,Village-style Fridge Magnet,4,72,553,87.6,0,2026-06-01 09:23:57
2132,Postcard Set,17,144,231,65.7,12.4,2025-07-13 01:00:36
2133,Puppet (Kathputli),21,516,2017,86.9,0,2026-03-20 21:22:15
2134,Channapatna Toy,11,403,2058,73.0,15.5,2025-03-02 19:40:11
2135,Bamboo Basket,16,719,3494,87.7,0,2026-02-05 15:10:06
2136,Roadside Postcard Set,4,450,2147,46.1,59.2,2025-08-18 04:51:37
2137,Local Favourite Fridge Magnet,4,238,696,79.9,7.9,2026-02-05 12:52:46
2138,Keychain Set,15,295,2241,55.1,24.2,2025-07-21 15:07:41
2139,Gond Art Painting,13,748,2450,81.2,2.5,2026-01-16 07:07:46
2140,Postcard Set,2,544,1819,94.8,0,2025-06-09 21:23:16
2141,Premium Postcard Set,17,617,1507,74.0,12.5,2026-02-05 10:48:09
2142,Spicy Marble Taj Replica,26,456,1471,51.3,51.3,2026-04-14 07:22:04
2143,Local Handicraft Figurine,4,680,3100,72.7,21.5,2025-09-13 17:56:22
2144,Postcard Set,10,144,2804,80.3,6.4,2025-06-12 21:36:21
2145,Phulkari Dupatta,20,438,3361,51.8,58.2,2025-12-16 11:04:46
2146,Roadside Bronze Nataraja Statue,23,329,3255,52.9,48.1,2026-04-16 07:46:55
2147,Meenakari Jewelry,21,702,3439,80.3,4.6,2025-02-04 10:18:29
2148,Spice Box Set,12,519,572,54.5,25.2,2025-08-22 01:24:01
2149,Patola Saree,7,651,3084,90.3,0,2025-11-13 23:26:35
2150,Festival Prayer Wheel,22,95,1450,82.1,3.5,2025-02-19 04:49:39
2151,Special Handwoven Bag,1,262,1106,93.3,0,2025-07-09 21:26:54
2152,Extra Cheesy Keychain Set,4,738,3161,70.1,9.3,2025-12-30 10:39:29
2153,Meenakari Jewelry,21,295,1850,70.0,23.5,2025-02-04 08:37:28
2154,Seashell Craft,6,141,824,75.3,11.1,2026-03-11 11:17:32
2155,Roadside Bamboo Basket,16,414,720,76.4,8.1,2025-12-09 17:29:15
2156,Muga Silk Stole,3,387,907,73.7,7.0,2025-03-11 06:57:47
2157,Local Handicraft Figurine,5,450,1145,61.0,40.2,2025-05-12 04:07:47
2158,Royal Handwoven Bag,2,370,1412,62.0,21.4,2025-10-01 21:08:51
2159,Azulejo Tile,6,220,1222,43.5,26.3,2025-02-17 01:11:57
2160,Local Handicraft Figurine,27,693,2275,59.6,28.6,2025-08-19 19:47:14
2161,Phulkari Dupatta,20,589,1936,91.0,0,2026-01-26 23:38:19
2162,Chef's Cashew Feni Bottle,6,646,2170,44.9,52.1,2025-08-12 04:20:25
2163,Handwoven Bag,24,224,1374,71.5,23.5,2025-04-01 21:50:43
2164,Festival Keychain Set,25,405,3016,75.1,10.7,2025-06-28 01:14:00
2165,Authentic Postcard Set,1,384,2583,42.6,34.6,2025-05-16 18:33:00
2166,Grandma's Spice Box Set,12,258,2951,75.5,13.0,2025-01-12 01:28:57
2167,Handwoven Bag,1,511,886,47.4,55.3,2025-11-07 14:40:46
2168,Dokra Art,28,583,947,57.4,39.0,2025-06-29 04:00:46
2169,Grandma's Handwoven Bag,2,616,1348,83.8,1.8,2025-01-25 16:46:55
2170,Sandalwood Carving,11,383,1626,53.5,54.6,2025-10-22 05:02:41
2171,Signature Paithani Saree,14,656,2450,78.5,8.1,2025-10-22 23:31:17
2172,Fridge Magnet,25,655,1438,72.1,14.0,2025-08-24 07:49:44
2173,Chikankari Kurta,26,99,395,69.1,28.5,2026-01-30 16:38:15
2174,Tanjore Painting,23,488,3478,63.6,29.3,2025-02-20 05:43:11
2175,Roadside Keychain Set,24,458,1264,63.6,30.4,2025-11-13 10:35:17
2176,Puppet (Kathputli),21,653,1170,58.6,16.2,2026-04-04 02:56:27
2177,Classic Bamboo Craft,3,622,2169,65.8,18.9,2025-07-27 02:02:21
2178,Postcard Set,2,480,2019,76.6,13.1,2025-01-30 07:38:44
2179,Brassware,26,291,1314,64.9,28.2,2025-10-29 16:53:32
2180,Kathakali Mask,12,102,1268,90.4,0,2025-03-26 09:16:13
2181,Extra Cheesy Postcard Set,5,197,2083,94.9,0,2025-03-14 03:39:51
2182,Tanjore Painting,23,392,517,59.8,18.5,2026-03-12 07:20:22
2183,Puppet (Kathputli),21,351,593,81.4,3.4,2025-06-26 13:40:37
2184,Village-style Marble Taj Replica,26,292,1970,71.3,15.7,2025-10-31 01:56:42
2185,Postcard Set,15,432,1576,85.1,0,2025-03-04 14:59:04
2186,Cashew Feni Bottle,6,663,2778,58.2,21.4,2026-04-23 16:49:59
2187,Kullu Shawl,9,759,1622,64.3,28.4,2026-04-23 03:17:27
2188,Postcard Set,18,543,3258,66.3,28.2,2025-06-29 14:16:24
2189,Applique Work,19,106,2131,78.9,5.8,2026-01-26 20:23:51
2190,Channapatna Toy,11,487,1004,73.7,19.5,2026-05-22 14:42:57
2191,Handwoven Bag,8,195,1659,73.5,13.7,2025-04-01 04:47:32
2192,Meenakari Jewelry,21,642,2644,77.7,5.8,2026-04-16 19:51:52
2193,Local Handicraft Figurine,2,356,1007,76.1,8.1,2025-01-02 22:35:09
2194,Kathakali Mask,12,654,1078,78.3,9.9,2026-04-14 05:14:26
2195,Traditional Cashew Feni Bottle,6,153,413,76.0,14.7,2025-05-12 10:48:03
2196,Festival Handwoven Bag,27,218,976,66.2,29.9,2026-02-21 16:01:11
2197,Handwoven Carpet,22,579,3086,75.1,8.7,2025-07-04 18:21:55
2198,Fridge Magnet,5,693,1208,71.1,23.9,2026-06-23 13:02:56
2199,Applique Work,19,445,1684,70.3,24.6,2026-05-12 17:08:22
2200,Village-style Warli Painting,14,610,2538,77.8,9.6,2025-05-13 06:01:06
