state,city,category,item,localPrice,touristPrice,officialPrice,currency,trustScore,reports,lastUpdated
Andhra Pradesh,Visakhapatnam,Food,Standard Meals/Thali,200,340,,INR,84,60,2026-06-05
Andhra Pradesh,Visakhapatnam,Food,Local Signature Dish,250,440,,INR,83,31,2026-06-17
Andhra Pradesh,Visakhapatnam,Food,Breakfast Plate (Dosa/Puri/Poha),100,155,,INR,85,42,2026-05-13
Andhra Pradesh,Visakhapatnam,Food,Evening Snack Plate,70,120,,INR,82,48,2026-05-13
Andhra Pradesh,Visakhapatnam,Taxi,Airport Transfer (One-way),1000,3500,1000,INR,56,118,2026-06-10
Andhra Pradesh,Visakhapatnam,Taxi,Railway Station Pick-up,350,1160,350,INR,61,103,2026-06-05
Andhra Pradesh,Visakhapatnam,Taxi,Sightseeing Taxi (8 Hours / 80km),2200,7185,2215,INR,64,43,2026-05-16
Andhra Pradesh,Visakhapatnam,Auto,Short Auto Ride (Under 3km),75,100,75,INR,91,41,2026-05-23
Andhra Pradesh,Visakhapatnam,Auto,Medium Auto Ride (5km),140,185,145,INR,90,12,2026-06-15
Andhra Pradesh,Visakhapatnam,Auto,Auto Ride (10km),250,330,250,INR,90,26,2026-06-02
Andhra Pradesh,Visakhapatnam,Bus,Local Bus Ticket (Short distance),15,20,15,INR,91,23,2026-07-01
Andhra Pradesh,Visakhapatnam,Bus,Local Bus Ticket (Long distance),45,55,45,INR,91,43,2026-05-29
Andhra Pradesh,Visakhapatnam,Bus,AC Volvo Intercity Bus (100km),480,605,500,INR,87,43,2026-05-13
Andhra Pradesh,Visakhapatnam,Train,Coolie/Porter Service (1 Luggage),160,220,160,INR,88,39,2026-05-13
Andhra Pradesh,Visakhapatnam,Train,Station Cloak Room Storage (24 Hours),40,45,40,INR,92,21,2026-05-11
Andhra Pradesh,Visakhapatnam,Train,Platform Entry Ticket,10,10,10,INR,96,36,2026-05-21
Andhra Pradesh,Visakhapatnam,Hotels,Budget Guest House Room (Per Night),1100,2330,,INR,81,59,2026-06-10
Andhra Pradesh,Visakhapatnam,Hotels,3-Star Midscale Hotel Room (Per Night),4000,8085,,INR,77,75,2026-06-23
Andhra Pradesh,Visakhapatnam,Hotels,Luxury / Heritage Resort Room (Per Night),6200,12410,,INR,79,10,2026-06-30
Andhra Pradesh,Visakhapatnam,Souvenirs,Local Textile / Shawl,420,1240,,INR,67,22,2026-05-09
Andhra Pradesh,Visakhapatnam,Souvenirs,Handcrafted Wooden / Clay Mug,130,310,,INR,76,49,2026-06-18
Andhra Pradesh,Visakhapatnam,Souvenirs,Brass / Metal Art Piece,570,1525,,INR,71,31,2026-05-14
Andhra Pradesh,Visakhapatnam,Souvenirs,Local Spices / Tea Pack (250g),130,345,,INR,68,67,2026-06-23
Andhra Pradesh,Visakhapatnam,Attractions,Historical Monument Entry (Indian Citizen),45,140,45,INR,63,87,2026-06-08
Andhra Pradesh,Visakhapatnam,Attractions,Historical Monument Entry (Foreigner),570,615,580,INR,95,24,2026-06-29
Andhra Pradesh,Visakhapatnam,Attractions,Museum Entry Ticket,15,60,15,INR,50,73,2026-05-15
Andhra Pradesh,Visakhapatnam,Attractions,Palace / Fort Entry Ticket,200,735,200,INR,54,104,2026-06-13
Andhra Pradesh,Visakhapatnam,Boat Rides,Shared Boat Ride (30 Mins),170,530,175,INR,59,114,2026-05-31
Andhra Pradesh,Visakhapatnam,Boat Rides,Private Chartered Boat Ride (1 Hour),530,1400,,INR,72,67,2026-05-19
Andhra Pradesh,Visakhapatnam,Parking,Two-Wheeler Parking (Per Hour),20,25,20,INR,95,36,2026-05-27
Andhra Pradesh,Visakhapatnam,Parking,Four-Wheeler Parking (Per Hour),40,45,40,INR,96,9,2026-06-21
Andhra Pradesh,Visakhapatnam,Parking,Tourist Spot All-Day Parking (Car),80,95,80,INR,91,44,2026-06-09
Andhra Pradesh,Visakhapatnam,Cafés,Traditional Filter Coffee / Tea,20,40,,INR,77,64,2026-06-29
Andhra Pradesh,Visakhapatnam,Cafés,Cappuccino / Latte,180,275,,INR,85,10,2026-06-05
Andhra Pradesh,Visakhapatnam,Cafés,Grilled Sandwich,150,235,,INR,88,51,2026-06-13
Andhra Pradesh,Visakhapatnam,Street Food,Pani Puri / Golgappa (6 Pcs),30,65,,INR,82,28,2026-06-08
Andhra Pradesh,Visakhapatnam,Street Food,Samosa / Vada Pav (Plate),25,55,,INR,76,40,2026-06-13
Andhra Pradesh,Visakhapatnam,Street Food,Pav Bhaji / Chaat (Plate),80,155,,INR,82,72,2026-06-13
Andhra Pradesh,Visakhapatnam,Street Food,Fresh Fruit Juice / Soda,45,70,,INR,83,9,2026-06-01
Andhra Pradesh,Visakhapatnam,Public Facilities,Paid Public Restroom (Toilet),5,5,5,INR,92,35,2026-05-28
Andhra Pradesh,Visakhapatnam,Public Facilities,Paid Public Restroom (Bathroom),15,20,15,INR,94,9,2026-06-30
Andhra Pradesh,Visakhapatnam,Public Facilities,Purified Drinking Water Refill (20L),20,25,20,INR,92,44,2026-05-18
Andhra Pradesh,Visakhapatnam,Cultural Activities,Folk Dance / Puppet Show Ticket,320,420,335,INR,92,37,2026-05-10
Andhra Pradesh,Visakhapatnam,Cultural Activities,Sound and Light Show Ticket,150,200,150,INR,91,41,2026-05-29
Andhra Pradesh,Visakhapatnam,Rentals,Bicycle Rental (Per Day),110,260,,INR,75,62,2026-06-17
Andhra Pradesh,Visakhapatnam,Rentals,Scooter / Activa Rental (Per Day),640,1540,,INR,73,37,2026-05-06
Andhra Pradesh,Visakhapatnam,Rentals,Royal Enfield / Cruiser Rental (Per Day),1300,3630,,INR,65,55,2026-06-02
Andhra Pradesh,Vijayawada,Food,Standard Meals/Thali,120,185,,INR,87,37,2026-06-15
Andhra Pradesh,Vijayawada,Food,Local Signature Dish,170,225,,INR,89,37,2026-07-02
Andhra Pradesh,Vijayawada,Food,Breakfast Plate (Dosa/Puri/Poha),50,85,,INR,83,31,2026-06-12
Andhra Pradesh,Vijayawada,Food,Evening Snack Plate,40,60,,INR,90,39,2026-05-07
Andhra Pradesh,Vijayawada,Taxi,Airport Transfer (One-way),370,890,380,INR,76,34,2026-05-28
Andhra Pradesh,Vijayawada,Taxi,Railway Station Pick-up,200,475,200,INR,74,71,2026-05-26
Andhra Pradesh,Vijayawada,Taxi,Sightseeing Taxi (8 Hours / 80km),2000,3505,2010,INR,87,20,2026-06-29
Andhra Pradesh,Vijayawada,Auto,Short Auto Ride (Under 3km),55,65,55,INR,91,41,2026-05-10
Andhra Pradesh,Vijayawada,Auto,Medium Auto Ride (5km),65,75,65,INR,96,6,2026-05-13
Andhra Pradesh,Vijayawada,Auto,Auto Ride (10km),120,140,120,INR,93,44,2026-05-21
Andhra Pradesh,Vijayawada,Bus,Local Bus Ticket (Short distance),10,10,10,INR,89,42,2026-06-10
Andhra Pradesh,Vijayawada,Bus,Local Bus Ticket (Long distance),30,35,30,INR,90,14,2026-05-12
Andhra Pradesh,Vijayawada,Bus,AC Volvo Intercity Bus (100km),330,380,330,INR,95,12,2026-06-28
Andhra Pradesh,Vijayawada,Train,Coolie/Porter Service (1 Luggage),120,145,125,INR,92,17,2026-05-24
Andhra Pradesh,Vijayawada,Train,Station Cloak Room Storage (24 Hours),30,35,30,INR,93,14,2026-07-02
Andhra Pradesh,Vijayawada,Train,Platform Entry Ticket,10,10,10,INR,88,14,2026-06-01
Andhra Pradesh,Vijayawada,Hotels,Budget Guest House Room (Per Night),1000,1670,,INR,87,27,2026-05-05
Andhra Pradesh,Vijayawada,Hotels,3-Star Midscale Hotel Room (Per Night),2700,3520,,INR,91,15,2026-05-24
Andhra Pradesh,Vijayawada,Hotels,Luxury / Heritage Resort Room (Per Night),8000,11265,,INR,88,46,2026-06-10
Andhra Pradesh,Vijayawada,Souvenirs,Local Textile / Shawl,990,1845,,INR,85,11,2026-06-20
Andhra Pradesh,Vijayawada,Souvenirs,Handcrafted Wooden / Clay Mug,140,250,,INR,82,56,2026-05-09
Andhra Pradesh,Vijayawada,Souvenirs,Brass / Metal Art Piece,970,1900,,INR,79,35,2026-06-26
Andhra Pradesh,Vijayawada,Souvenirs,Local Spices / Tea Pack (250g),170,295,,INR,82,30,2026-06-14
Andhra Pradesh,Vijayawada,Attractions,Historical Monument Entry (Indian Citizen),45,90,45,INR,82,36,2026-05-23
Andhra Pradesh,Vijayawada,Attractions,Historical Monument Entry (Foreigner),500,520,505,INR,97,11,2026-06-08
Andhra Pradesh,Vijayawada,Attractions,Museum Entry Ticket,15,40,15,INR,73,34,2026-05-15
Andhra Pradesh,Vijayawada,Attractions,Palace / Fort Entry Ticket,150,365,150,INR,70,50,2026-06-21
Andhra Pradesh,Vijayawada,Boat Rides,Shared Boat Ride (30 Mins),90,185,90,INR,80,47,2026-05-08
Andhra Pradesh,Vijayawada,Boat Rides,Private Chartered Boat Ride (1 Hour),860,2090,,INR,69,30,2026-05-05
Andhra Pradesh,Vijayawada,Parking,Two-Wheeler Parking (Per Hour),10,10,10,INR,94,16,2026-06-02
Andhra Pradesh,Vijayawada,Parking,Four-Wheeler Parking (Per Hour),40,50,40,INR,91,25,2026-06-04
Andhra Pradesh,Vijayawada,Parking,Tourist Spot All-Day Parking (Car),65,75,65,INR,91,14,2026-06-18
Andhra Pradesh,Vijayawada,Cafés,Traditional Filter Coffee / Tea,25,35,,INR,86,35,2026-06-10
Andhra Pradesh,Vijayawada,Cafés,Cappuccino / Latte,140,200,,INR,89,21,2026-06-03
Andhra Pradesh,Vijayawada,Cafés,Grilled Sandwich,70,105,,INR,87,21,2026-05-16
Andhra Pradesh,Vijayawada,Street Food,Pani Puri / Golgappa (6 Pcs),20,30,,INR,83,43,2026-05-08
Andhra Pradesh,Vijayawada,Street Food,Samosa / Vada Pav (Plate),15,25,,INR,87,47,2026-06-21
Andhra Pradesh,Vijayawada,Street Food,Pav Bhaji / Chaat (Plate),40,50,,INR,93,31,2026-05-08
Andhra Pradesh,Vijayawada,Street Food,Fresh Fruit Juice / Soda,30,50,,INR,83,12,2026-07-03
Andhra Pradesh,Vijayawada,Public Facilities,Paid Public Restroom (Toilet),5,5,5,INR,94,31,2026-06-23
Andhra Pradesh,Vijayawada,Public Facilities,Paid Public Restroom (Bathroom),10,10,10,INR,93,12,2026-06-23
Andhra Pradesh,Vijayawada,Public Facilities,Purified Drinking Water Refill (20L),10,10,10,INR,89,26,2026-06-01
Andhra Pradesh,Vijayawada,Cultural Activities,Folk Dance / Puppet Show Ticket,110,130,110,INR,91,16,2026-06-13
Andhra Pradesh,Vijayawada,Cultural Activities,Sound and Light Show Ticket,85,100,85,INR,90,29,2026-05-24
Andhra Pradesh,Vijayawada,Rentals,Bicycle Rental (Per Day),80,140,,INR,86,56,2026-06-18
Andhra Pradesh,Vijayawada,Rentals,Scooter / Activa Rental (Per Day),400,810,,INR,80,44,2026-06-11
Andhra Pradesh,Vijayawada,Rentals,Royal Enfield / Cruiser Rental (Per Day),910,1765,,INR,78,50,2026-05-30
Andhra Pradesh,Tirupati,Food,Standard Meals/Thali,100,180,,INR,80,26,2026-05-13
Andhra Pradesh,Tirupati,Food,Local Signature Dish,260,400,,INR,84,11,2026-05-16
Andhra Pradesh,Tirupati,Food,Breakfast Plate (Dosa/Puri/Poha),100,180,,INR,80,20,2026-05-25
Andhra Pradesh,Tirupati,Food,Evening Snack Plate,45,75,,INR,83,59,2026-06-14
Andhra Pradesh,Tirupati,Taxi,Airport Transfer (One-way),500,1300,500,INR,68,56,2026-05-24
Andhra Pradesh,Tirupati,Taxi,Railway Station Pick-up,240,885,250,INR,55,125,2026-06-24
Andhra Pradesh,Tirupati,Taxi,Sightseeing Taxi (8 Hours / 80km),3100,8090,3100,INR,67,55,2026-05-27
Andhra Pradesh,Tirupati,Auto,Short Auto Ride (Under 3km),45,60,45,INR,90,24,2026-05-28
Andhra Pradesh,Tirupati,Auto,Medium Auto Ride (5km),130,170,130,INR,93,17,2026-06-01
Andhra Pradesh,Tirupati,Auto,Auto Ride (10km),180,240,180,INR,89,6,2026-05-10
Andhra Pradesh,Tirupati,Bus,Local Bus Ticket (Short distance),20,25,20,INR,94,27,2026-05-17
Andhra Pradesh,Tirupati,Bus,Local Bus Ticket (Long distance),30,45,30,INR,92,15,2026-06-28
Andhra Pradesh,Tirupati,Bus,AC Volvo Intercity Bus (100km),450,555,470,INR,95,19,2026-05-27
Andhra Pradesh,Tirupati,Train,Coolie/Porter Service (1 Luggage),130,175,130,INR,92,29,2026-06-22
Andhra Pradesh,Tirupati,Train,Station Cloak Room Storage (24 Hours),40,50,40,INR,89,8,2026-05-28
Andhra Pradesh,Tirupati,Train,Platform Entry Ticket,10,15,10,INR,93,37,2026-06-07
Andhra Pradesh,Tirupati,Hotels,Budget Guest House Room (Per Night),980,1755,,INR,85,24,2026-05-13
Andhra Pradesh,Tirupati,Hotels,3-Star Midscale Hotel Room (Per Night),2000,3950,,INR,81,57,2026-06-06
Andhra Pradesh,Tirupati,Hotels,Luxury / Heritage Resort Room (Per Night),12100,19345,,INR,82,10,2026-05-23
Andhra Pradesh,Tirupati,Souvenirs,Local Textile / Shawl,1000,2785,,INR,66,104,2026-06-18
Andhra Pradesh,Tirupati,Souvenirs,Handcrafted Wooden / Clay Mug,220,560,,INR,68,58,2026-06-26
Andhra Pradesh,Tirupati,Souvenirs,Brass / Metal Art Piece,820,2515,,INR,62,109,2026-06-12
Andhra Pradesh,Tirupati,Souvenirs,Local Spices / Tea Pack (250g),260,665,,INR,72,30,2026-05-18
Andhra Pradesh,Tirupati,Attractions,Historical Monument Entry (Indian Citizen),45,185,45,INR,50,124,2026-06-27
Andhra Pradesh,Tirupati,Attractions,Historical Monument Entry (Foreigner),470,510,470,INR,92,17,2026-05-18
Andhra Pradesh,Tirupati,Attractions,Museum Entry Ticket,70,250,70,INR,54,112,2026-05-10
Andhra Pradesh,Tirupati,Attractions,Palace / Fort Entry Ticket,210,525,220,INR,72,87,2026-06-04
Andhra Pradesh,Tirupati,Boat Rides,Shared Boat Ride (30 Mins),150,555,150,INR,51,111,2026-06-24
Andhra Pradesh,Tirupati,Boat Rides,Private Chartered Boat Ride (1 Hour),1600,3775,,INR,73,77,2026-06-08
Andhra Pradesh,Tirupati,Parking,Two-Wheeler Parking (Per Hour),10,15,10,INR,84,57,2026-05-10
Andhra Pradesh,Tirupati,Parking,Four-Wheeler Parking (Per Hour),30,40,30,INR,91,37,2026-07-03
Andhra Pradesh,Tirupati,Parking,Tourist Spot All-Day Parking (Car),110,155,110,INR,85,17,2026-05-13
Andhra Pradesh,Tirupati,Cafés,Traditional Filter Coffee / Tea,40,65,,INR,86,38,2026-05-24
Andhra Pradesh,Tirupati,Cafés,Cappuccino / Latte,160,270,,INR,86,43,2026-06-18
Andhra Pradesh,Tirupati,Cafés,Grilled Sandwich,90,175,,INR,79,75,2026-06-14
Andhra Pradesh,Tirupati,Street Food,Pani Puri / Golgappa (6 Pcs),40,75,,INR,79,38,2026-06-14
Andhra Pradesh,Tirupati,Street Food,Samosa / Vada Pav (Plate),20,40,,INR,78,73,2026-05-17
Andhra Pradesh,Tirupati,Street Food,Pav Bhaji / Chaat (Plate),70,135,,INR,77,46,2026-06-15
Andhra Pradesh,Tirupati,Street Food,Fresh Fruit Juice / Soda,50,80,,INR,90,33,2026-06-22
Andhra Pradesh,Tirupati,Public Facilities,Paid Public Restroom (Toilet),5,5,5,INR,89,45,2026-05-30
Andhra Pradesh,Tirupati,Public Facilities,Paid Public Restroom (Bathroom),15,20,15,INR,93,48,2026-05-24
Andhra Pradesh,Tirupati,Public Facilities,Purified Drinking Water Refill (20L),10,10,10,INR,96,42,2026-06-25
Andhra Pradesh,Tirupati,Cultural Activities,Folk Dance / Puppet Show Ticket,320,420,320,INR,87,26,2026-06-27
Andhra Pradesh,Tirupati,Cultural Activities,Sound and Light Show Ticket,130,170,130,INR,93,29,2026-07-03
Andhra Pradesh,Tirupati,Rentals,Bicycle Rental (Per Day),70,220,,INR,64,82,2026-05-18
Andhra Pradesh,Tirupati,Rentals,Scooter / Activa Rental (Per Day),440,1160,,INR,69,36,2026-06-21
Andhra Pradesh,Tirupati,Rentals,Royal Enfield / Cruiser Rental (Per Day),1600,4680,,INR,67,91,2026-06-08
Andhra Pradesh,Guntur,Food,Standard Meals/Thali,80,125,,INR,88,38,2026-06-02
Andhra Pradesh,Guntur,Food,Local Signature Dish,220,350,,INR,88,9,2026-05-19
Andhra Pradesh,Guntur,Food,Breakfast Plate (Dosa/Puri/Poha),65,105,,INR,83,18,2026-06-13
Andhra Pradesh,Guntur,Food,Evening Snack Plate,60,95,,INR,84,27,2026-06-16
Andhra Pradesh,Guntur,Taxi,Airport Transfer (One-way),650,1120,650,INR,83,34,2026-06-13
Andhra Pradesh,Guntur,Taxi,Railway Station Pick-up,240,505,240,INR,75,22,2026-06-07
Andhra Pradesh,Guntur,Taxi,Sightseeing Taxi (8 Hours / 80km),2400,4110,2485,INR,84,27,2026-06-10
Andhra Pradesh,Guntur,Auto,Short Auto Ride (Under 3km),50,60,50,INR,95,29,2026-05-07
Andhra Pradesh,Guntur,Auto,Medium Auto Ride (5km),100,115,105,INR,91,6,2026-05-23
Andhra Pradesh,Guntur,Auto,Auto Ride (10km),150,175,150,INR,95,6,2026-06-20
Andhra Pradesh,Guntur,Bus,Local Bus Ticket (Short distance),20,25,20,INR,95,10,2026-06-11
Andhra Pradesh,Guntur,Bus,Local Bus Ticket (Long distance),25,30,25,INR,95,12,2026-05-24
Andhra Pradesh,Guntur,Bus,AC Volvo Intercity Bus (100km),360,410,370,INR,89,8,2026-05-20
Andhra Pradesh,Guntur,Train,Coolie/Porter Service (1 Luggage),100,110,105,INR,92,24,2026-06-30
Andhra Pradesh,Guntur,Train,Station Cloak Room Storage (24 Hours),35,40,35,INR,94,11,2026-06-26
Andhra Pradesh,Guntur,Train,Platform Entry Ticket,10,10,10,INR,95,19,2026-06-29
Andhra Pradesh,Guntur,Hotels,Budget Guest House Room (Per Night),840,1205,,INR,90,17,2026-05-17
Andhra Pradesh,Guntur,Hotels,3-Star Midscale Hotel Room (Per Night),2600,3485,,INR,93,25,2026-06-26
Andhra Pradesh,Guntur,Hotels,Luxury / Heritage Resort Room (Per Night),5400,7630,,INR,89,29,2026-06-19
Andhra Pradesh,Guntur,Souvenirs,Local Textile / Shawl,960,1750,,INR,82,56,2026-05-17
Andhra Pradesh,Guntur,Souvenirs,Handcrafted Wooden / Clay Mug,95,170,,INR,83,9,2026-05-19
Andhra Pradesh,Guntur,Souvenirs,Brass / Metal Art Piece,320,755,,INR,73,86,2026-05-31
Andhra Pradesh,Guntur,Souvenirs,Local Spices / Tea Pack (250g),250,445,,INR,83,35,2026-05-18
Andhra Pradesh,Guntur,Attractions,Historical Monument Entry (Indian Citizen),30,75,30,INR,73,19,2026-06-02
Andhra Pradesh,Guntur,Attractions,Historical Monument Entry (Foreigner),380,395,390,INR,93,13,2026-06-29
Andhra Pradesh,Guntur,Attractions,Museum Entry Ticket,15,30,15,INR,80,62,2026-05-21
Andhra Pradesh,Guntur,Attractions,Palace / Fort Entry Ticket,70,105,70,INR,89,13,2026-06-13
Andhra Pradesh,Guntur,Boat Rides,Shared Boat Ride (30 Mins),100,170,105,INR,86,29,2026-06-16
Andhra Pradesh,Guntur,Boat Rides,Private Chartered Boat Ride (1 Hour),1000,2380,,INR,77,51,2026-07-01
Andhra Pradesh,Guntur,Parking,Two-Wheeler Parking (Per Hour),15,15,15,INR,90,29,2026-05-07
Andhra Pradesh,Guntur,Parking,Four-Wheeler Parking (Per Hour),35,40,35,INR,92,20,2026-06-22
Andhra Pradesh,Guntur,Parking,Tourist Spot All-Day Parking (Car),80,95,80,INR,95,26,2026-06-08
Andhra Pradesh,Guntur,Cafés,Traditional Filter Coffee / Tea,35,55,,INR,83,59,2026-05-05
Andhra Pradesh,Guntur,Cafés,Cappuccino / Latte,120,165,,INR,93,50,2026-05-21
Andhra Pradesh,Guntur,Cafés,Grilled Sandwich,95,125,,INR,87,8,2026-06-11
Andhra Pradesh,Guntur,Street Food,Pani Puri / Golgappa (6 Pcs),25,35,,INR,87,15,2026-05-29
Andhra Pradesh,Guntur,Street Food,Samosa / Vada Pav (Plate),15,20,,INR,91,23,2026-06-30
Andhra Pradesh,Guntur,Street Food,Pav Bhaji / Chaat (Plate),65,100,,INR,85,41,2026-05-30
Andhra Pradesh,Guntur,Street Food,Fresh Fruit Juice / Soda,35,50,,INR,90,13,2026-05-23
Andhra Pradesh,Guntur,Public Facilities,Paid Public Restroom (Toilet),5,5,5,INR,92,16,2026-06-24
Andhra Pradesh,Guntur,Public Facilities,Paid Public Restroom (Bathroom),10,10,10,INR,93,7,2026-05-27
Andhra Pradesh,Guntur,Public Facilities,Purified Drinking Water Refill (20L),10,10,10,INR,95,11,2026-06-09
Andhra Pradesh,Guntur,Cultural Activities,Folk Dance / Puppet Show Ticket,120,140,120,INR,93,17,2026-06-17
Andhra Pradesh,Guntur,Cultural Activities,Sound and Light Show Ticket,70,80,75,INR,95,20,2026-06-09
Andhra Pradesh,Guntur,Rentals,Bicycle Rental (Per Day),60,100,,INR,85,13,2026-06-12
Andhra Pradesh,Guntur,Rentals,Scooter / Activa Rental (Per Day),320,735,,INR,78,77,2026-05-14
Andhra Pradesh,Guntur,Rentals,Royal Enfield / Cruiser Rental (Per Day),1300,2680,,INR,75,49,2026-05-15
Andhra Pradesh,Nellore,Food,Standard Meals/Thali,80,105,,INR,87,18,2026-05-20
Andhra Pradesh,Nellore,Food,Local Signature Dish,110,150,,INR,88,28,2026-05-16
Andhra Pradesh,Nellore,Food,Breakfast Plate (Dosa/Puri/Poha),50,75,,INR,85,19,2026-06-06
Andhra Pradesh,Nellore,Food,Evening Snack Plate,50,80,,INR,83,33,2026-05-29
Andhra Pradesh,Nellore,Taxi,Airport Transfer (One-way),620,1320,640,INR,76,26,2026-05-06
Andhra Pradesh,Nellore,Taxi,Railway Station Pick-up,330,740,345,INR,77,32,2026-06-02
Andhra Pradesh,Nellore,Taxi,Sightseeing Taxi (8 Hours / 80km),2300,4765,2300,INR,78,62,2026-06-08
Andhra Pradesh,Nellore,Auto,Short Auto Ride (Under 3km),40,45,40,INR,90,11,2026-06-20
Andhra Pradesh,Nellore,Auto,Medium Auto Ride (5km),65,75,65,INR,92,42,2026-05-16
Andhra Pradesh,Nellore,Auto,Auto Ride (10km),170,200,175,INR,93,19,2026-05-19
Andhra Pradesh,Nellore,Bus,Local Bus Ticket (Short distance),15,20,15,INR,95,19,2026-05-08
Andhra Pradesh,Nellore,Bus,Local Bus Ticket (Long distance),40,45,40,INR,91,6,2026-06-08
Andhra Pradesh,Nellore,Bus,AC Volvo Intercity Bus (100km),290,365,290,INR,92,34,2026-07-03
Andhra Pradesh,Nellore,Train,Coolie/Porter Service (1 Luggage),95,110,95,INR,90,17,2026-05-29
Andhra Pradesh,Nellore,Train,Station Cloak Room Storage (24 Hours),20,25,20,INR,92,21,2026-05-23
Andhra Pradesh,Nellore,Train,Platform Entry Ticket,10,10,10,INR,95,25,2026-06-19
Andhra Pradesh,Nellore,Hotels,Budget Guest House Room (Per Night),1100,1385,,INR,92,8,2026-06-23
Andhra Pradesh,Nellore,Hotels,3-Star Midscale Hotel Room (Per Night),2600,3540,,INR,89,19,2026-06-12
Andhra Pradesh,Nellore,Hotels,Luxury / Heritage Resort Room (Per Night),6800,9550,,INR,92,22,2026-06-03
Andhra Pradesh,Nellore,Souvenirs,Local Textile / Shawl,360,615,,INR,81,10,2026-06-03
Andhra Pradesh,Nellore,Souvenirs,Handcrafted Wooden / Clay Mug,150,340,,INR,76,27,2026-05-08
Andhra Pradesh,Nellore,Souvenirs,Brass / Metal Art Piece,470,955,,INR,81,36,2026-05-09
Andhra Pradesh,Nellore,Souvenirs,Local Spices / Tea Pack (250g),150,360,,INR,70,87,2026-06-17
Andhra Pradesh,Nellore,Attractions,Historical Monument Entry (Indian Citizen),20,30,20,INR,86,14,2026-05-22
Andhra Pradesh,Nellore,Attractions,Historical Monument Entry (Foreigner),280,290,285,INR,94,16,2026-07-03
Andhra Pradesh,Nellore,Attractions,Museum Entry Ticket,20,30,20,INR,89,43,2026-05-15
Andhra Pradesh,Nellore,Attractions,Palace / Fort Entry Ticket,70,145,70,INR,77,25,2026-05-20
Andhra Pradesh,Nellore,Boat Rides,Shared Boat Ride (30 Mins),120,280,120,INR,71,38,2026-05-25
Andhra Pradesh,Nellore,Boat Rides,Private Chartered Boat Ride (1 Hour),970,1685,,INR,85,19,2026-06-09
Andhra Pradesh,Nellore,Parking,Two-Wheeler Parking (Per Hour),15,15,15,INR,93,41,2026-06-28
Andhra Pradesh,Nellore,Parking,Four-Wheeler Parking (Per Hour),40,45,40,INR,95,41,2026-05-16
Andhra Pradesh,Nellore,Parking,Tourist Spot All-Day Parking (Car),80,95,80,INR,95,29,2026-05-08
Andhra Pradesh,Nellore,Cafés,Traditional Filter Coffee / Tea,35,45,,INR,86,45,2026-05-17
Andhra Pradesh,Nellore,Cafés,Cappuccino / Latte,120,155,,INR,88,6,2026-07-02
Andhra Pradesh,Nellore,Cafés,Grilled Sandwich,110,170,,INR,89,21,2026-05-27
Andhra Pradesh,Nellore,Street Food,Pani Puri / Golgappa (6 Pcs),20,30,,INR,88,21,2026-06-05
Andhra Pradesh,Nellore,Street Food,Samosa / Vada Pav (Plate),20,30,,INR,86,31,2026-06-10
Andhra Pradesh,Nellore,Street Food,Pav Bhaji / Chaat (Plate),65,105,,INR,82,17,2026-06-23
Andhra Pradesh,Nellore,Street Food,Fresh Fruit Juice / Soda,35,45,,INR,86,44,2026-06-19
Andhra Pradesh,Nellore,Public Facilities,Paid Public Restroom (Toilet),2,0,2,INR,90,14,2026-05-24
Andhra Pradesh,Nellore,Public Facilities,Paid Public Restroom (Bathroom),10,10,10,INR,90,29,2026-05-20
Andhra Pradesh,Nellore,Public Facilities,Purified Drinking Water Refill (20L),15,15,15,INR,94,37,2026-06-11
Andhra Pradesh,Nellore,Cultural Activities,Folk Dance / Puppet Show Ticket,170,200,175,INR,95,37,2026-06-19
Andhra Pradesh,Nellore,Cultural Activities,Sound and Light Show Ticket,120,140,120,INR,88,28,2026-05-29
Andhra Pradesh,Nellore,Rentals,Bicycle Rental (Per Day),65,125,,INR,80,23,2026-06-25
Andhra Pradesh,Nellore,Rentals,Scooter / Activa Rental (Per Day),460,980,,INR,77,71,2026-06-24
Andhra Pradesh,Nellore,Rentals,Royal Enfield / Cruiser Rental (Per Day),1200,2355,,INR,79,74,2026-05-06
Arunachal Pradesh,Itanagar,Food,Standard Meals/Thali,120,155,,INR,90,51,2026-05-31
Arunachal Pradesh,Itanagar,Food,Local Signature Dish,170,285,,INR,85,23,2026-05-19
Arunachal Pradesh,Itanagar,Food,Breakfast Plate (Dosa/Puri/Poha),60,90,,INR,88,22,2026-06-24
Arunachal Pradesh,Itanagar,Food,Evening Snack Plate,60,80,,INR,92,42,2026-06-20
Arunachal Pradesh,Itanagar,Taxi,Airport Transfer (One-way),550,1085,550,INR,78,34,2026-05-11
Arunachal Pradesh,Itanagar,Taxi,Railway Station Pick-up,230,535,230,INR,78,25,2026-06-07
Arunachal Pradesh,Itanagar,Taxi,Sightseeing Taxi (8 Hours / 80km),1900,4525,1900,INR,72,15,2026-05-28
Arunachal Pradesh,Itanagar,Auto,Short Auto Ride (Under 3km),55,65,55,INR,92,10,2026-07-03
Arunachal Pradesh,Itanagar,Auto,Medium Auto Ride (5km),75,90,80,INR,93,17,2026-06-17
Arunachal Pradesh,Itanagar,Auto,Auto Ride (10km),170,200,175,INR,96,24,2026-06-08
Arunachal Pradesh,Itanagar,Bus,Local Bus Ticket (Short distance),20,25,20,INR,90,39,2026-05-20
Arunachal Pradesh,Itanagar,Bus,Local Bus Ticket (Long distance),45,55,45,INR,89,47,2026-06-25
Arunachal Pradesh,Itanagar,Bus,AC Volvo Intercity Bus (100km),260,285,260,INR,96,27,2026-06-25
Arunachal Pradesh,Itanagar,Train,Coolie/Porter Service (1 Luggage),95,110,95,INR,94,37,2026-05-28
Arunachal Pradesh,Itanagar,Train,Station Cloak Room Storage (24 Hours),20,25,20,INR,91,9,2026-05-18
Arunachal Pradesh,Itanagar,Train,Platform Entry Ticket,10,10,10,INR,90,43,2026-05-26
Arunachal Pradesh,Itanagar,Hotels,Budget Guest House Room (Per Night),530,740,,INR,85,47,2026-05-29
Arunachal Pradesh,Itanagar,Hotels,3-Star Midscale Hotel Room (Per Night),1600,2215,,INR,89,12,2026-05-30
Arunachal Pradesh,Itanagar,Hotels,Luxury / Heritage Resort Room (Per Night),8700,12170,,INR,88,20,2026-07-02
Arunachal Pradesh,Itanagar,Souvenirs,Local Textile / Shawl,730,1700,,INR,76,32,2026-06-02
Arunachal Pradesh,Itanagar,Souvenirs,Handcrafted Wooden / Clay Mug,120,280,,INR,71,58,2026-05-22
Arunachal Pradesh,Itanagar,Souvenirs,Brass / Metal Art Piece,720,1665,,INR,77,87,2026-06-06
Arunachal Pradesh,Itanagar,Souvenirs,Local Spices / Tea Pack (250g),95,195,,INR,82,70,2026-06-03
Arunachal Pradesh,Itanagar,Attractions,Historical Monument Entry (Indian Citizen),40,90,40,INR,73,75,2026-05-08
Arunachal Pradesh,Itanagar,Attractions,Historical Monument Entry (Foreigner),280,290,280,INR,94,36,2026-06-14
Arunachal Pradesh,Itanagar,Attractions,Museum Entry Ticket,40,100,40,INR,71,34,2026-05-22
Arunachal Pradesh,Itanagar,Attractions,Palace / Fort Entry Ticket,150,345,155,INR,76,21,2026-06-23
Arunachal Pradesh,Itanagar,Boat Rides,Shared Boat Ride (30 Mins),80,145,80,INR,82,70,2026-06-19
Arunachal Pradesh,Itanagar,Boat Rides,Private Chartered Boat Ride (1 Hour),1000,2100,,INR,81,75,2026-05-12
Arunachal Pradesh,Itanagar,Parking,Two-Wheeler Parking (Per Hour),10,10,10,INR,95,19,2026-06-04
Arunachal Pradesh,Itanagar,Parking,Four-Wheeler Parking (Per Hour),30,35,30,INR,94,39,2026-05-27
Arunachal Pradesh,Itanagar,Parking,Tourist Spot All-Day Parking (Car),60,70,60,INR,94,37,2026-06-22
Arunachal Pradesh,Itanagar,Cafés,Traditional Filter Coffee / Tea,30,45,,INR,87,35,2026-05-31
Arunachal Pradesh,Itanagar,Cafés,Cappuccino / Latte,85,135,,INR,88,15,2026-05-06
Arunachal Pradesh,Itanagar,Cafés,Grilled Sandwich,100,165,,INR,81,8,2026-05-08
Arunachal Pradesh,Itanagar,Street Food,Pani Puri / Golgappa (6 Pcs),30,50,,INR,82,34,2026-05-09
Arunachal Pradesh,Itanagar,Street Food,Samosa / Vada Pav (Plate),20,30,,INR,89,35,2026-06-11
Arunachal Pradesh,Itanagar,Street Food,Pav Bhaji / Chaat (Plate),70,105,,INR,90,24,2026-06-08
Arunachal Pradesh,Itanagar,Street Food,Fresh Fruit Juice / Soda,25,35,,INR,86,17,2026-05-08
Arunachal Pradesh,Itanagar,Public Facilities,Paid Public Restroom (Toilet),5,5,5,INR,90,42,2026-05-22
Arunachal Pradesh,Itanagar,Public Facilities,Paid Public Restroom (Bathroom),10,10,10,INR,88,25,2026-06-20
Arunachal Pradesh,Itanagar,Public Facilities,Purified Drinking Water Refill (20L),15,20,15,INR,93,24,2026-05-29
Arunachal Pradesh,Itanagar,Cultural Activities,Folk Dance / Puppet Show Ticket,120,140,120,INR,88,21,2026-05-05
Arunachal Pradesh,Itanagar,Cultural Activities,Sound and Light Show Ticket,110,130,110,INR,94,25,2026-05-31
Arunachal Pradesh,Itanagar,Rentals,Bicycle Rental (Per Day),65,160,,INR,74,52,2026-05-11
Arunachal Pradesh,Itanagar,Rentals,Scooter / Activa Rental (Per Day),490,910,,INR,78,49,2026-06-22
Arunachal Pradesh,Itanagar,Rentals,Royal Enfield / Cruiser Rental (Per Day),1100,2435,,INR,80,55,2026-06-30
Arunachal Pradesh,Tawang,Food,Standard Meals/Thali,95,170,,INR,84,47,2026-06-28
Arunachal Pradesh,Tawang,Food,Local Signature Dish,180,270,,INR,89,38,2026-07-01
Arunachal Pradesh,Tawang,Food,Breakfast Plate (Dosa/Puri/Poha),95,160,,INR,84,51,2026-06-22
Arunachal Pradesh,Tawang,Food,Evening Snack Plate,50,110,,INR,72,32,2026-05-10
Arunachal Pradesh,Tawang,Taxi,Airport Transfer (One-way),550,1810,565,INR,63,35,2026-06-24
Arunachal Pradesh,Tawang,Taxi,Railway Station Pick-up,320,1040,330,INR,60,20,2026-06-08
Arunachal Pradesh,Tawang,Taxi,Sightseeing Taxi (8 Hours / 80km),3100,9105,3170,INR,65,68,2026-06-28
Arunachal Pradesh,Tawang,Auto,Short Auto Ride (Under 3km),55,75,60,INR,93,47,2026-05-10
Arunachal Pradesh,Tawang,Auto,Medium Auto Ride (5km),130,170,130,INR,92,30,2026-05-19
Arunachal Pradesh,Tawang,Auto,Auto Ride (10km),160,210,160,INR,87,32,2026-06-08
Arunachal Pradesh,Tawang,Bus,Local Bus Ticket (Short distance),30,40,30,INR,89,39,2026-06-04
Arunachal Pradesh,Tawang,Bus,Local Bus Ticket (Long distance),35,45,35,INR,87,36,2026-06-06
Arunachal Pradesh,Tawang,Bus,AC Volvo Intercity Bus (100km),330,420,330,INR,91,19,2026-05-12
Arunachal Pradesh,Tawang,Train,Coolie/Porter Service (1 Luggage),160,180,165,INR,90,10,2026-06-29
Arunachal Pradesh,Tawang,Train,Station Cloak Room Storage (24 Hours),40,55,40,INR,85,51,2026-07-02
Arunachal Pradesh,Tawang,Train,Platform Entry Ticket,10,15,10,INR,94,29,2026-06-14
Arunachal Pradesh,Tawang,Hotels,Budget Guest House Room (Per Night),820,1785,,INR,81,11,2026-05-05
Arunachal Pradesh,Tawang,Hotels,3-Star Midscale Hotel Room (Per Night),3600,5720,,INR,82,17,2026-05-17
Arunachal Pradesh,Tawang,Hotels,Luxury / Heritage Resort Room (Per Night),9000,15485,,INR,84,37,2026-05-09
Arunachal Pradesh,Tawang,Souvenirs,Local Textile / Shawl,530,1255,,INR,70,27,2026-05-16
Arunachal Pradesh,Tawang,Souvenirs,Handcrafted Wooden / Clay Mug,130,340,,INR,74,49,2026-06-21
Arunachal Pradesh,Tawang,Souvenirs,Brass / Metal Art Piece,710,1640,,INR,71,21,2026-06-27
Arunachal Pradesh,Tawang,Souvenirs,Local Spices / Tea Pack (250g),200,725,,INR,55,38,2026-06-22
Arunachal Pradesh,Tawang,Attractions,Historical Monument Entry (Indian Citizen),50,185,50,INR,55,45,2026-06-09
Arunachal Pradesh,Tawang,Attractions,Historical Monument Entry (Foreigner),620,670,620,INR,95,40,2026-05-24
Arunachal Pradesh,Tawang,Attractions,Museum Entry Ticket,70,150,70,INR,78,74,2026-05-05
Arunachal Pradesh,Tawang,Attractions,Palace / Fort Entry Ticket,70,270,70,INR,50,94,2026-06-30
Arunachal Pradesh,Tawang,Boat Rides,Shared Boat Ride (30 Mins),130,450,135,INR,54,122,2026-05-29
Arunachal Pradesh,Tawang,Boat Rides,Private Chartered Boat Ride (1 Hour),820,2560,,INR,65,121,2026-05-26
Arunachal Pradesh,Tawang,Parking,Two-Wheeler Parking (Per Hour),20,25,20,INR,88,28,2026-05-22
Arunachal Pradesh,Tawang,Parking,Four-Wheeler Parking (Per Hour),40,60,40,INR,88,37,2026-05-14
Arunachal Pradesh,Tawang,Parking,Tourist Spot All-Day Parking (Car),90,110,90,INR,87,7,2026-06-10
Arunachal Pradesh,Tawang,Cafés,Traditional Filter Coffee / Tea,25,55,,INR,75,30,2026-06-13
Arunachal Pradesh,Tawang,Cafés,Cappuccino / Latte,180,370,,INR,83,30,2026-05-25
Arunachal Pradesh,Tawang,Cafés,Grilled Sandwich,70,115,,INR,84,40,2026-06-02
Arunachal Pradesh,Tawang,Street Food,Pani Puri / Golgappa (6 Pcs),40,65,,INR,81,21,2026-06-23
Arunachal Pradesh,Tawang,Street Food,Samosa / Vada Pav (Plate),25,45,,INR,87,11,2026-06-19
Arunachal Pradesh,Tawang,Street Food,Pav Bhaji / Chaat (Plate),100,155,,INR,90,21,2026-05-29
Arunachal Pradesh,Tawang,Street Food,Fresh Fruit Juice / Soda,30,60,,INR,76,25,2026-06-07
Arunachal Pradesh,Tawang,Public Facilities,Paid Public Restroom (Toilet),5,5,5,INR,91,13,2026-06-19
Arunachal Pradesh,Tawang,Public Facilities,Paid Public Restroom (Bathroom),15,20,15,INR,89,17,2026-05-06
Arunachal Pradesh,Tawang,Public Facilities,Purified Drinking Water Refill (20L),20,25,20,INR,87,51,2026-05-30
Arunachal Pradesh,Tawang,Cultural Activities,Folk Dance / Puppet Show Ticket,310,410,325,INR,90,15,2026-05-25
Arunachal Pradesh,Tawang,Cultural Activities,Sound and Light Show Ticket,170,225,170,INR,93,25,2026-06-07
Arunachal Pradesh,Tawang,Rentals,Bicycle Rental (Per Day),100,270,,INR,70,93,2026-05-30
Arunachal Pradesh,Tawang,Rentals,Scooter / Activa Rental (Per Day),410,1155,,INR,66,31,2026-05-25
Arunachal Pradesh,Tawang,Rentals,Royal Enfield / Cruiser Rental (Per Day),1600,4750,,INR,64,73,2026-05-23
Arunachal Pradesh,Ziro,Food,Standard Meals/Thali,170,300,,INR,84,62,2026-06-20
Arunachal Pradesh,Ziro,Food,Local Signature Dish,210,405,,INR,83,17,2026-06-21
Arunachal Pradesh,Ziro,Food,Breakfast Plate (Dosa/Puri/Poha),70,130,,INR,79,71,2026-06-16
Arunachal Pradesh,Ziro,Food,Evening Snack Plate,70,155,,INR,72,59,2026-05-05
Arunachal Pradesh,Ziro,Taxi,Airport Transfer (One-way),730,1915,730,INR,69,37,2026-05-12
Arunachal Pradesh,Ziro,Taxi,Railway Station Pick-up,510,1175,510,INR,76,61,2026-06-14
Arunachal Pradesh,Ziro,Taxi,Sightseeing Taxi (8 Hours / 80km),2200,7210,2265,INR,57,16,2026-05-10
Arunachal Pradesh,Ziro,Auto,Short Auto Ride (Under 3km),55,75,55,INR,92,26,2026-05-12
Arunachal Pradesh,Ziro,Auto,Medium Auto Ride (5km),140,185,140,INR,90,38,2026-05-28
Arunachal Pradesh,Ziro,Auto,Auto Ride (10km),250,330,260,INR,91,32,2026-06-20
Arunachal Pradesh,Ziro,Bus,Local Bus Ticket (Short distance),15,15,15,INR,95,28,2026-05-14
Arunachal Pradesh,Ziro,Bus,Local Bus Ticket (Long distance),55,65,55,INR,92,31,2026-05-20
Arunachal Pradesh,Ziro,Bus,AC Volvo Intercity Bus (100km),350,385,350,INR,91,34,2026-06-12
Arunachal Pradesh,Ziro,Train,Coolie/Porter Service (1 Luggage),110,135,110,INR,91,47,2026-06-30
Arunachal Pradesh,Ziro,Train,Station Cloak Room Storage (24 Hours),45,60,45,INR,91,25,2026-06-12
Arunachal Pradesh,Ziro,Train,Platform Entry Ticket,10,10,10,INR,89,11,2026-06-03
Arunachal Pradesh,Ziro,Hotels,Budget Guest House Room (Per Night),850,1915,,INR,73,36,2026-05-06
Arunachal Pradesh,Ziro,Hotels,3-Star Midscale Hotel Room (Per Night),2200,4805,,INR,76,53,2026-06-23
Arunachal Pradesh,Ziro,Hotels,Luxury / Heritage Resort Room (Per Night),12100,20090,,INR,85,36,2026-06-28
Arunachal Pradesh,Ziro,Souvenirs,Local Textile / Shawl,390,1180,,INR,65,40,2026-05-15
Arunachal Pradesh,Ziro,Souvenirs,Handcrafted Wooden / Clay Mug,160,495,,INR,65,103,2026-05-14
Arunachal Pradesh,Ziro,Souvenirs,Brass / Metal Art Piece,1100,2825,,INR,74,45,2026-05-26
Arunachal Pradesh,Ziro,Souvenirs,Local Spices / Tea Pack (250g),240,865,,INR,55,30,2026-05-18
Arunachal Pradesh,Ziro,Attractions,Historical Monument Entry (Indian Citizen),25,70,25,INR,67,59,2026-05-19
Arunachal Pradesh,Ziro,Attractions,Historical Monument Entry (Foreigner),410,445,425,INR,94,9,2026-05-22
Arunachal Pradesh,Ziro,Attractions,Museum Entry Ticket,95,350,95,INR,55,55,2026-06-08
Arunachal Pradesh,Ziro,Attractions,Palace / Fort Entry Ticket,85,305,85,INR,57,26,2026-05-09
Arunachal Pradesh,Ziro,Boat Rides,Shared Boat Ride (30 Mins),85,315,90,INR,54,110,2026-05-17
Arunachal Pradesh,Ziro,Boat Rides,Private Chartered Boat Ride (1 Hour),910,2440,,INR,69,32,2026-05-18
Arunachal Pradesh,Ziro,Parking,Two-Wheeler Parking (Per Hour),20,25,20,INR,92,22,2026-06-25
Arunachal Pradesh,Ziro,Parking,Four-Wheeler Parking (Per Hour),25,30,25,INR,92,36,2026-05-13
Arunachal Pradesh,Ziro,Parking,Tourist Spot All-Day Parking (Car),110,155,115,INR,91,42,2026-05-13
Arunachal Pradesh,Ziro,Cafés,Traditional Filter Coffee / Tea,30,50,,INR,87,45,2026-06-03
Arunachal Pradesh,Ziro,Cafés,Cappuccino / Latte,210,345,,INR,86,14,2026-06-19
Arunachal Pradesh,Ziro,Cafés,Grilled Sandwich,90,160,,INR,80,36,2026-06-09
Arunachal Pradesh,Ziro,Street Food,Pani Puri / Golgappa (6 Pcs),30,55,,INR,87,45,2026-05-17
Arunachal Pradesh,Ziro,Street Food,Samosa / Vada Pav (Plate),20,40,,INR,81,81,2026-07-02
Arunachal Pradesh,Ziro,Street Food,Pav Bhaji / Chaat (Plate),80,130,,INR,85,55,2026-05-27
Arunachal Pradesh,Ziro,Street Food,Fresh Fruit Juice / Soda,30,45,,INR,86,13,2026-06-23
Arunachal Pradesh,Ziro,Public Facilities,Paid Public Restroom (Toilet),5,5,5,INR,90,26,2026-06-27
Arunachal Pradesh,Ziro,Public Facilities,Paid Public Restroom (Bathroom),15,15,15,INR,93,10,2026-06-25
Arunachal Pradesh,Ziro,Public Facilities,Purified Drinking Water Refill (20L),15,20,15,INR,86,53,2026-05-07
Arunachal Pradesh,Ziro,Cultural Activities,Folk Dance / Puppet Show Ticket,310,410,320,INR,88,40,2026-06-13
Arunachal Pradesh,Ziro,Cultural Activities,Sound and Light Show Ticket,170,225,170,INR,86,13,2026-05-25
Arunachal Pradesh,Ziro,Rentals,Bicycle Rental (Per Day),100,330,,INR,60,49,2026-05-26
Arunachal Pradesh,Ziro,Rentals,Scooter / Activa Rental (Per Day),480,1675,,INR,61,72,2026-06-15
Arunachal Pradesh,Ziro,Rentals,Royal Enfield / Cruiser Rental (Per Day),1200,3640,,INR,65,17,2026-06-13
Arunachal Pradesh,Pasighat,Food,Standard Meals/Thali,110,175,,INR,88,62,2026-06-26
Arunachal Pradesh,Pasighat,Food,Local Signature Dish,140,230,,INR,82,48,2026-06-04
Arunachal Pradesh,Pasighat,Food,Breakfast Plate (Dosa/Puri/Poha),40,55,,INR,88,38,2026-06-18
Arunachal Pradesh,Pasighat,Food,Evening Snack Plate,40,55,,INR,89,16,2026-05-21
Arunachal Pradesh,Pasighat,Taxi,Airport Transfer (One-way),520,1005,520,INR,80,71,2026-06-28
Arunachal Pradesh,Pasighat,Taxi,Railway Station Pick-up,260,460,270,INR,84,37,2026-05-18
Arunachal Pradesh,Pasighat,Taxi,Sightseeing Taxi (8 Hours / 80km),2300,4785,2300,INR,78,59,2026-05-25
Arunachal Pradesh,Pasighat,Auto,Short Auto Ride (Under 3km),45,55,45,INR,96,40,2026-06-07
Arunachal Pradesh,Pasighat,Auto,Medium Auto Ride (5km),75,90,80,INR,90,27,2026-05-27
Arunachal Pradesh,Pasighat,Auto,Auto Ride (10km),190,220,195,INR,90,39,2026-06-03
Arunachal Pradesh,Pasighat,Bus,Local Bus Ticket (Short distance),10,10,10,INR,90,30,2026-06-13
Arunachal Pradesh,Pasighat,Bus,Local Bus Ticket (Long distance),50,55,50,INR,91,33,2026-05-10
Arunachal Pradesh,Pasighat,Bus,AC Volvo Intercity Bus (100km),410,475,410,INR,88,22,2026-05-06
Arunachal Pradesh,Pasighat,Train,Coolie/Porter Service (1 Luggage),130,145,135,INR,89,10,2026-05-26
Arunachal Pradesh,Pasighat,Train,Station Cloak Room Storage (24 Hours),30,35,30,INR,92,29,2026-05-23
Arunachal Pradesh,Pasighat,Train,Platform Entry Ticket,10,10,10,INR,89,35,2026-05-21
Arunachal Pradesh,Pasighat,Hotels,Budget Guest House Room (Per Night),480,625,,INR,91,20,2026-06-15
Arunachal Pradesh,Pasighat,Hotels,3-Star Midscale Hotel Room (Per Night),1700,2660,,INR,85,49,2026-06-08
Arunachal Pradesh,Pasighat,Hotels,Luxury / Heritage Resort Room (Per Night),8400,12365,,INR,87,25,2026-06-28
Arunachal Pradesh,Pasighat,Souvenirs,Local Textile / Shawl,380,860,,INR,75,52,2026-05-24
Arunachal Pradesh,Pasighat,Souvenirs,Handcrafted Wooden / Clay Mug,220,480,,INR,79,51,2026-06-13
Arunachal Pradesh,Pasighat,Souvenirs,Brass / Metal Art Piece,1100,2530,,INR,77,29,2026-05-25
Arunachal Pradesh,Pasighat,Souvenirs,Local Spices / Tea Pack (250g),150,260,,INR,80,38,2026-07-01
Arunachal Pradesh,Pasighat,Attractions,Historical Monument Entry (Indian Citizen),40,60,40,INR,83,47,2026-06-14
Arunachal Pradesh,Pasighat,Attractions,Historical Monument Entry (Foreigner),400,415,400,INR,95,22,2026-06-11
Arunachal Pradesh,Pasighat,Attractions,Museum Entry Ticket,85,130,90,INR,83,25,2026-05-30
Arunachal Pradesh,Pasighat,Attractions,Palace / Fort Entry Ticket,85,155,85,INR,85,53,2026-05-20
Arunachal Pradesh,Pasighat,Boat Rides,Shared Boat Ride (30 Mins),95,200,95,INR,75,69,2026-06-04
Arunachal Pradesh,Pasighat,Boat Rides,Private Chartered Boat Ride (1 Hour),1300,2230,,INR,82,27,2026-06-04
Arunachal Pradesh,Pasighat,Parking,Two-Wheeler Parking (Per Hour),15,20,15,INR,87,24,2026-06-04
Arunachal Pradesh,Pasighat,Parking,Four-Wheeler Parking (Per Hour),25,30,25,INR,88,13,2026-06-28
Arunachal Pradesh,Pasighat,Parking,Tourist Spot All-Day Parking (Car),75,85,75,INR,92,32,2026-05-23
Arunachal Pradesh,Pasighat,Cafés,Traditional Filter Coffee / Tea,20,30,,INR,83,28,2026-06-07
Arunachal Pradesh,Pasighat,Cafés,Cappuccino / Latte,140,175,,INR,94,48,2026-06-14
Arunachal Pradesh,Pasighat,Cafés,Grilled Sandwich,100,160,,INR,86,52,2026-06-17
Arunachal Pradesh,Pasighat,Street Food,Pani Puri / Golgappa (6 Pcs),25,35,,INR,88,24,2026-05-19
Arunachal Pradesh,Pasighat,Street Food,Samosa / Vada Pav (Plate),20,30,,INR,88,47,2026-05-09
Arunachal Pradesh,Pasighat,Street Food,Pav Bhaji / Chaat (Plate),55,75,,INR,88,48,2026-06-03
Arunachal Pradesh,Pasighat,Street Food,Fresh Fruit Juice / Soda,25,30,,INR,91,23,2026-05-15
Arunachal Pradesh,Pasighat,Public Facilities,Paid Public Restroom (Toilet),2,0,2,INR,90,25,2026-05-14
Arunachal Pradesh,Pasighat,Public Facilities,Paid Public Restroom (Bathroom),10,10,10,INR,91,41,2026-06-18
Arunachal Pradesh,Pasighat,Public Facilities,Purified Drinking Water Refill (20L),15,20,15,INR,92,24,2026-05-10
Arunachal Pradesh,Pasighat,Cultural Activities,Folk Dance / Puppet Show Ticket,190,220,195,INR,89,14,2026-05-18
Arunachal Pradesh,Pasighat,Cultural Activities,Sound and Light Show Ticket,130,150,135,INR,94,42,2026-05-06
Arunachal Pradesh,Pasighat,Rentals,Bicycle Rental (Per Day),65,145,,INR,73,66,2026-05-13
Arunachal Pradesh,Pasighat,Rentals,Scooter / Activa Rental (Per Day),460,995,,INR,75,70,2026-06-17
Arunachal Pradesh,Pasighat,Rentals,Royal Enfield / Cruiser Rental (Per Day),1100,2645,,INR,70,59,2026-05-15
Assam,Guwahati,Food,Standard Meals/Thali,80,130,,INR,83,63,2026-05-29
Assam,Guwahati,Food,Local Signature Dish,220,295,,INR,87,53,2026-06-04
Assam,Guwahati,Food,Breakfast Plate (Dosa/Puri/Poha),65,105,,INR,83,40,2026-06-18
Assam,Guwahati,Food,Evening Snack Plate,55,90,,INR,87,34,2026-05-13
Assam,Guwahati,Taxi,Airport Transfer (One-way),360,655,360,INR,85,25,2026-05-26
Assam,Guwahati,Taxi,Railway Station Pick-up,380,675,380,INR,84,61,2026-06-29
Assam,Guwahati,Taxi,Sightseeing Taxi (8 Hours / 80km),2200,4335,2285,INR,81,40,2026-06-09
Assam,Guwahati,Auto,Short Auto Ride (Under 3km),40,45,40,INR,94,10,2026-06-07
Assam,Guwahati,Auto,Medium Auto Ride (5km),65,75,65,INR,95,26,2026-06-18
Assam,Guwahati,Auto,Auto Ride (10km),150,175,155,INR,95,45,2026-06-03
Assam,Guwahati,Bus,Local Bus Ticket (Short distance),10,10,10,INR,89,27,2026-06-02
Assam,Guwahati,Bus,Local Bus Ticket (Long distance),30,35,30,INR,90,8,2026-05-25
Assam,Guwahati,Bus,AC Volvo Intercity Bus (100km),440,520,455,INR,93,28,2026-06-17
Assam,Guwahati,Train,Coolie/Porter Service (1 Luggage),90,105,95,INR,93,47,2026-05-18
Assam,Guwahati,Train,Station Cloak Room Storage (24 Hours),25,25,25,INR,90,41,2026-06-05
Assam,Guwahati,Train,Platform Entry Ticket,10,10,10,INR,93,31,2026-06-10
Assam,Guwahati,Hotels,Budget Guest House Room (Per Night),940,1325,,INR,87,39,2026-05-07
Assam,Guwahati,Hotels,3-Star Midscale Hotel Room (Per Night),2800,3535,,INR,92,23,2026-05-11
Assam,Guwahati,Hotels,Luxury / Heritage Resort Room (Per Night),9100,14820,,INR,87,43,2026-05-29
Assam,Guwahati,Souvenirs,Local Textile / Shawl,810,1900,,INR,71,81,2026-05-11
Assam,Guwahati,Souvenirs,Handcrafted Wooden / Clay Mug,170,310,,INR,84,63,2026-06-08
Assam,Guwahati,Souvenirs,Brass / Metal Art Piece,510,1155,,INR,77,48,2026-05-31
Assam,Guwahati,Souvenirs,Local Spices / Tea Pack (250g),130,270,,INR,82,68,2026-06-08
Assam,Guwahati,Attractions,Historical Monument Entry (Indian Citizen),25,45,25,INR,82,33,2026-05-24
Assam,Guwahati,Attractions,Historical Monument Entry (Foreigner),360,375,360,INR,97,34,2026-05-16
Assam,Guwahati,Attractions,Museum Entry Ticket,50,100,50,INR,76,31,2026-05-14
Assam,Guwahati,Attractions,Palace / Fort Entry Ticket,110,285,110,INR,74,91,2026-06-02
Assam,Guwahati,Boat Rides,Shared Boat Ride (30 Mins),130,250,135,INR,82,76,2026-05-28
Assam,Guwahati,Boat Rides,Private Chartered Boat Ride (1 Hour),1100,1915,,INR,83,30,2026-05-27
Assam,Guwahati,Parking,Two-Wheeler Parking (Per Hour),15,15,15,INR,89,28,2026-06-10
Assam,Guwahati,Parking,Four-Wheeler Parking (Per Hour),35,40,35,INR,90,33,2026-05-06
Assam,Guwahati,Parking,Tourist Spot All-Day Parking (Car),85,95,85,INR,93,25,2026-06-21
Assam,Guwahati,Cafés,Traditional Filter Coffee / Tea,15,25,,INR,86,28,2026-06-22
Assam,Guwahati,Cafés,Cappuccino / Latte,120,175,,INR,86,25,2026-05-26
Assam,Guwahati,Cafés,Grilled Sandwich,130,180,,INR,92,9,2026-06-21
Assam,Guwahati,Street Food,Pani Puri / Golgappa (6 Pcs),25,35,,INR,90,52,2026-05-05
Assam,Guwahati,Street Food,Samosa / Vada Pav (Plate),15,20,,INR,92,25,2026-07-03
Assam,Guwahati,Street Food,Pav Bhaji / Chaat (Plate),60,95,,INR,89,19,2026-06-27
Assam,Guwahati,Street Food,Fresh Fruit Juice / Soda,25,35,,INR,88,31,2026-05-14
Assam,Guwahati,Public Facilities,Paid Public Restroom (Toilet),2,5,2,INR,92,24,2026-05-06
Assam,Guwahati,Public Facilities,Paid Public Restroom (Bathroom),10,10,10,INR,90,31,2026-05-20
Assam,Guwahati,Public Facilities,Purified Drinking Water Refill (20L),10,10,10,INR,95,32,2026-06-07
Assam,Guwahati,Cultural Activities,Folk Dance / Puppet Show Ticket,230,270,230,INR,94,30,2026-05-27
Assam,Guwahati,Cultural Activities,Sound and Light Show Ticket,120,140,120,INR,90,29,2026-06-28
Assam,Guwahati,Rentals,Bicycle Rental (Per Day),55,100,,INR,79,24,2026-06-12
Assam,Guwahati,Rentals,Scooter / Activa Rental (Per Day),500,1125,,INR,75,15,2026-06-03
Assam,Guwahati,Rentals,Royal Enfield / Cruiser Rental (Per Day),1200,2615,,INR,78,84,2026-06-05
Assam,Dibrugarh,Food,Standard Meals/Thali,160,265,,INR,85,40,2026-05-17
Assam,Dibrugarh,Food,Local Signature Dish,95,155,,INR,82,13,2026-07-02
Assam,Dibrugarh,Food,Breakfast Plate (Dosa/Puri/Poha),45,60,,INR,88,22,2026-06-24
Assam,Dibrugarh,Food,Evening Snack Plate,45,70,,INR,86,55,2026-05-21
Assam,Dibrugarh,Taxi,Airport Transfer (One-way),390,785,390,INR,83,46,2026-06-14
Assam,Dibrugarh,Taxi,Railway Station Pick-up,250,485,255,INR,77,35,2026-06-30
Assam,Dibrugarh,Taxi,Sightseeing Taxi (8 Hours / 80km),1800,3575,1830,INR,78,77,2026-05-21
Assam,Dibrugarh,Auto,Short Auto Ride (Under 3km),60,70,60,INR,91,29,2026-06-25
Assam,Dibrugarh,Auto,Medium Auto Ride (5km),100,115,100,INR,89,37,2026-05-29
Assam,Dibrugarh,Auto,Auto Ride (10km),140,165,140,INR,93,37,2026-05-27
Assam,Dibrugarh,Bus,Local Bus Ticket (Short distance),10,10,10,INR,88,6,2026-05-17
Assam,Dibrugarh,Bus,Local Bus Ticket (Long distance),35,40,35,INR,90,26,2026-05-08
Assam,Dibrugarh,Bus,AC Volvo Intercity Bus (100km),240,300,250,INR,93,45,2026-06-16
Assam,Dibrugarh,Train,Coolie/Porter Service (1 Luggage),85,105,85,INR,90,24,2026-06-28
Assam,Dibrugarh,Train,Station Cloak Room Storage (24 Hours),25,30,25,INR,92,21,2026-06-19
Assam,Dibrugarh,Train,Platform Entry Ticket,10,10,10,INR,90,25,2026-05-24
Assam,Dibrugarh,Hotels,Budget Guest House Room (Per Night),660,1020,,INR,86,36,2026-06-19
Assam,Dibrugarh,Hotels,3-Star Midscale Hotel Room (Per Night),2800,3895,,INR,87,13,2026-05-26
Assam,Dibrugarh,Hotels,Luxury / Heritage Resort Room (Per Night),10100,14150,,INR,87,49,2026-05-08
Assam,Dibrugarh,Souvenirs,Local Textile / Shawl,570,1230,,INR,74,62,2026-06-12
Assam,Dibrugarh,Souvenirs,Handcrafted Wooden / Clay Mug,160,300,,INR,81,13,2026-06-22
Assam,Dibrugarh,Souvenirs,Brass / Metal Art Piece,1100,1880,,INR,86,12,2026-05-26
Assam,Dibrugarh,Souvenirs,Local Spices / Tea Pack (250g),190,430,,INR,77,12,2026-06-11
Assam,Dibrugarh,Attractions,Historical Monument Entry (Indian Citizen),40,60,40,INR,86,27,2026-05-19
Assam,Dibrugarh,Attractions,Historical Monument Entry (Foreigner),530,555,530,INR,95,8,2026-05-08
Assam,Dibrugarh,Attractions,Museum Entry Ticket,70,125,75,INR,84,62,2026-06-25
Assam,Dibrugarh,Attractions,Palace / Fort Entry Ticket,170,445,170,INR,71,39,2026-06-12
Assam,Dibrugarh,Boat Rides,Shared Boat Ride (30 Mins),45,100,45,INR,76,77,2026-05-07
Assam,Dibrugarh,Boat Rides,Private Chartered Boat Ride (1 Hour),1000,2225,,INR,77,16,2026-05-17
Assam,Dibrugarh,Parking,Two-Wheeler Parking (Per Hour),10,10,10,INR,91,12,2026-06-05
Assam,Dibrugarh,Parking,Four-Wheeler Parking (Per Hour),35,40,35,INR,92,26,2026-06-27
Assam,Dibrugarh,Parking,Tourist Spot All-Day Parking (Car),55,65,60,INR,93,40,2026-05-16
Assam,Dibrugarh,Cafés,Traditional Filter Coffee / Tea,30,40,,INR,92,38,2026-05-16
Assam,Dibrugarh,Cafés,Cappuccino / Latte,150,230,,INR,85,53,2026-05-18
Assam,Dibrugarh,Cafés,Grilled Sandwich,75,100,,INR,89,46,2026-06-17
Assam,Dibrugarh,Street Food,Pani Puri / Golgappa (6 Pcs),25,40,,INR,87,19,2026-05-11
Assam,Dibrugarh,Street Food,Samosa / Vada Pav (Plate),25,40,,INR,87,33,2026-06-09
Assam,Dibrugarh,Street Food,Pav Bhaji / Chaat (Plate),40,50,,INR,88,15,2026-05-21
Assam,Dibrugarh,Street Food,Fresh Fruit Juice / Soda,45,70,,INR,82,62,2026-05-12
Assam,Dibrugarh,Public Facilities,Paid Public Restroom (Toilet),2,0,2,INR,94,32,2026-05-09
Assam,Dibrugarh,Public Facilities,Paid Public Restroom (Bathroom),10,10,10,INR,90,19,2026-06-09
Assam,Dibrugarh,Public Facilities,Purified Drinking Water Refill (20L),10,10,10,INR,92,36,2026-05-16
Assam,Dibrugarh,Cultural Activities,Folk Dance / Puppet Show Ticket,250,295,250,INR,92,28,2026-05-22
Assam,Dibrugarh,Cultural Activities,Sound and Light Show Ticket,110,130,110,INR,89,16,2026-06-19
Assam,Dibrugarh,Rentals,Bicycle Rental (Per Day),85,155,,INR,84,31,2026-05-18
Assam,Dibrugarh,Rentals,Scooter / Activa Rental (Per Day),400,855,,INR,74,16,2026-06-14
Assam,Dibrugarh,Rentals,Royal Enfield / Cruiser Rental (Per Day),820,1530,,INR,83,26,2026-06-13
Assam,Silchar,Food,Standard Meals/Thali,130,185,,INR,90,9,2026-05-16
Assam,Silchar,Food,Local Signature Dish,220,300,,INR,87,40,2026-06-08
Assam,Silchar,Food,Breakfast Plate (Dosa/Puri/Poha),60,95,,INR,84,15,2026-05-24
Assam,Silchar,Food,Evening Snack Plate,60,95,,INR,87,15,2026-06-20
Assam,Silchar,Taxi,Airport Transfer (One-way),540,950,550,INR,83,63,2026-06-02
Assam,Silchar,Taxi,Railway Station Pick-up,280,670,290,INR,77,27,2026-06-17
Assam,Silchar,Taxi,Sightseeing Taxi (8 Hours / 80km),2200,4580,2200,INR,80,52,2026-05-30
Assam,Silchar,Auto,Short Auto Ride (Under 3km),50,60,50,INR,90,25,2026-06-12
Assam,Silchar,Auto,Medium Auto Ride (5km),80,95,80,INR,94,42,2026-06-16
Assam,Silchar,Auto,Auto Ride (10km),120,140,125,INR,89,38,2026-05-25
Assam,Silchar,Bus,Local Bus Ticket (Short distance),15,15,15,INR,92,5,2026-05-25
Assam,Silchar,Bus,Local Bus Ticket (Long distance),45,45,45,INR,94,29,2026-05-22
Assam,Silchar,Bus,AC Volvo Intercity Bus (100km),440,465,440,INR,95,23,2026-05-27
Assam,Silchar,Train,Coolie/Porter Service (1 Luggage),85,90,90,INR,95,14,2026-06-25
Assam,Silchar,Train,Station Cloak Room Storage (24 Hours),30,35,30,INR,92,18,2026-05-17
Assam,Silchar,Train,Platform Entry Ticket,10,10,10,INR,88,8,2026-06-05
Assam,Silchar,Hotels,Budget Guest House Room (Per Night),570,940,,INR,89,12,2026-06-27
Assam,Silchar,Hotels,3-Star Midscale Hotel Room (Per Night),2000,2595,,INR,87,9,2026-05-05
Assam,Silchar,Hotels,Luxury / Heritage Resort Room (Per Night),8700,13590,,INR,85,9,2026-06-26
Assam,Silchar,Souvenirs,Local Textile / Shawl,850,1760,,INR,79,43,2026-06-13
Assam,Silchar,Souvenirs,Handcrafted Wooden / Clay Mug,210,485,,INR,78,75,2026-05-19
Assam,Silchar,Souvenirs,Brass / Metal Art Piece,640,1305,,INR,79,69,2026-06-07
Assam,Silchar,Souvenirs,Local Spices / Tea Pack (250g),120,210,,INR,83,19,2026-05-19
Assam,Silchar,Attractions,Historical Monument Entry (Indian Citizen),25,50,25,INR,76,65,2026-05-07
Assam,Silchar,Attractions,Historical Monument Entry (Foreigner),430,450,430,INR,90,17,2026-06-09
Assam,Silchar,Attractions,Museum Entry Ticket,60,135,60,INR,79,18,2026-05-11
Assam,Silchar,Attractions,Palace / Fort Entry Ticket,120,220,120,INR,79,66,2026-06-28
Assam,Silchar,Boat Rides,Shared Boat Ride (30 Mins),80,170,80,INR,74,37,2026-05-23
Assam,Silchar,Boat Rides,Private Chartered Boat Ride (1 Hour),700,1650,,INR,76,27,2026-05-10
Assam,Silchar,Parking,Two-Wheeler Parking (Per Hour),10,10,10,INR,95,11,2026-06-28
Assam,Silchar,Parking,Four-Wheeler Parking (Per Hour),25,30,25,INR,92,44,2026-06-12
Assam,Silchar,Parking,Tourist Spot All-Day Parking (Car),90,100,90,INR,91,42,2026-06-19
Assam,Silchar,Cafés,Traditional Filter Coffee / Tea,35,50,,INR,91,47,2026-05-11
Assam,Silchar,Cafés,Cappuccino / Latte,90,145,,INR,88,18,2026-06-15
Assam,Silchar,Cafés,Grilled Sandwich,70,100,,INR,91,41,2026-06-20
Assam,Silchar,Street Food,Pani Puri / Golgappa (6 Pcs),20,30,,INR,87,54,2026-05-30
Assam,Silchar,Street Food,Samosa / Vada Pav (Plate),20,30,,INR,84,47,2026-07-01
Assam,Silchar,Street Food,Pav Bhaji / Chaat (Plate),40,65,,INR,83,53,2026-06-03
Assam,Silchar,Street Food,Fresh Fruit Juice / Soda,30,50,,INR,87,46,2026-05-05
Assam,Silchar,Public Facilities,Paid Public Restroom (Toilet),5,5,5,INR,93,17,2026-05-15
Assam,Silchar,Public Facilities,Paid Public Restroom (Bathroom),10,10,10,INR,97,28,2026-05-21
Assam,Silchar,Public Facilities,Purified Drinking Water Refill (20L),15,15,15,INR,94,7,2026-06-03
Assam,Silchar,Cultural Activities,Folk Dance / Puppet Show Ticket,180,210,190,INR,90,12,2026-06-11
Assam,Silchar,Cultural Activities,Sound and Light Show Ticket,90,105,90,INR,95,8,2026-05-13
Assam,Silchar,Rentals,Bicycle Rental (Per Day),75,145,,INR,77,62,2026-05-19
Assam,Silchar,Rentals,Scooter / Activa Rental (Per Day),480,820,,INR,82,56,2026-05-28
Assam,Silchar,Rentals,Royal Enfield / Cruiser Rental (Per Day),940,1845,,INR,76,69,2026-06-13
Assam,Jorhat,Food,Standard Meals/Thali,110,160,,INR,85,30,2026-05-17
Assam,Jorhat,Food,Local Signature Dish,110,170,,INR,86,38,2026-06-27
Assam,Jorhat,Food,Breakfast Plate (Dosa/Puri/Poha),55,90,,INR,85,51,2026-05-18
Assam,Jorhat,Food,Evening Snack Plate,45,65,,INR,88,45,2026-06-16
Assam,Jorhat,Taxi,Airport Transfer (One-way),440,925,440,INR,74,79,2026-06-19
Assam,Jorhat,Taxi,Railway Station Pick-up,320,580,320,INR,86,32,2026-06-09
Assam,Jorhat,Taxi,Sightseeing Taxi (8 Hours / 80km),1800,3645,1800,INR,76,38,2026-07-01
Assam,Jorhat,Auto,Short Auto Ride (Under 3km),55,65,55,INR,94,9,2026-05-26
Assam,Jorhat,Auto,Medium Auto Ride (5km),70,80,70,INR,95,40,2026-05-25
Assam,Jorhat,Auto,Auto Ride (10km),190,220,190,INR,95,34,2026-07-03
Assam,Jorhat,Bus,Local Bus Ticket (Short distance),10,10,10,INR,92,37,2026-05-15
Assam,Jorhat,Bus,Local Bus Ticket (Long distance),35,40,35,INR,93,11,2026-05-20
Assam,Jorhat,Bus,AC Volvo Intercity Bus (100km),320,335,320,INR,96,7,2026-05-24
Assam,Jorhat,Train,Coolie/Porter Service (1 Luggage),85,90,90,INR,96,21,2026-05-20
Assam,Jorhat,Train,Station Cloak Room Storage (24 Hours),30,35,30,INR,93,7,2026-06-19
Assam,Jorhat,Train,Platform Entry Ticket,10,10,10,INR,92,44,2026-06-28
Assam,Jorhat,Hotels,Budget Guest House Room (Per Night),640,885,,INR,92,7,2026-06-10
Assam,Jorhat,Hotels,3-Star Midscale Hotel Room (Per Night),2000,3320,,INR,87,54,2026-05-29
Assam,Jorhat,Hotels,Luxury / Heritage Resort Room (Per Night),9900,12440,,INR,88,22,2026-05-09
Assam,Jorhat,Souvenirs,Local Textile / Shawl,690,1400,,INR,78,42,2026-05-29
Assam,Jorhat,Souvenirs,Handcrafted Wooden / Clay Mug,220,375,,INR,87,36,2026-05-05
Assam,Jorhat,Souvenirs,Brass / Metal Art Piece,560,1130,,INR,77,18,2026-05-09
Assam,Jorhat,Souvenirs,Local Spices / Tea Pack (250g),130,290,,INR,78,87,2026-06-26
Assam,Jorhat,Attractions,Historical Monument Entry (Indian Citizen),25,55,25,INR,74,49,2026-06-16
Assam,Jorhat,Attractions,Historical Monument Entry (Foreigner),440,460,450,INR,98,35,2026-05-29
Assam,Jorhat,Attractions,Museum Entry Ticket,30,80,30,INR,72,72,2026-06-05
Assam,Jorhat,Attractions,Palace / Fort Entry Ticket,120,295,120,INR,75,37,2026-07-01
Assam,Jorhat,Boat Rides,Shared Boat Ride (30 Mins),130,265,130,INR,75,37,2026-05-25
Assam,Jorhat,Boat Rides,Private Chartered Boat Ride (1 Hour),1300,2785,,INR,80,65,2026-05-10
Assam,Jorhat,Parking,Two-Wheeler Parking (Per Hour),15,20,15,INR,91,15,2026-06-04
Assam,Jorhat,Parking,Four-Wheeler Parking (Per Hour),40,50,40,INR,93,6,2026-05-16
Assam,Jorhat,Parking,Tourist Spot All-Day Parking (Car),85,105,85,INR,95,33,2026-05-16
Assam,Jorhat,Cafés,Traditional Filter Coffee / Tea,25,40,,INR,84,8,2026-06-30
Assam,Jorhat,Cafés,Cappuccino / Latte,110,180,,INR,87,53,2026-05-20
Assam,Jorhat,Cafés,Grilled Sandwich,95,160,,INR,88,54,2026-06-06
Assam,Jorhat,Street Food,Pani Puri / Golgappa (6 Pcs),30,40,,INR,92,10,2026-06-29
Assam,Jorhat,Street Food,Samosa / Vada Pav (Plate),15,25,,INR,88,34,2026-06-22
Assam,Jorhat,Street Food,Pav Bhaji / Chaat (Plate),55,85,,INR,82,8,2026-06-28
Assam,Jorhat,Street Food,Fresh Fruit Juice / Soda,30,40,,INR,88,36,2026-06-15
Assam,Jorhat,Public Facilities,Paid Public Restroom (Toilet),5,5,5,INR,92,17,2026-06-08
Assam,Jorhat,Public Facilities,Paid Public Restroom (Bathroom),10,10,10,INR,92,17,2026-06-08
Assam,Jorhat,Public Facilities,Purified Drinking Water Refill (20L),10,10,10,INR,89,17,2026-06-30
Assam,Jorhat,Cultural Activities,Folk Dance / Puppet Show Ticket,260,305,260,INR,94,17,2026-05-14
Assam,Jorhat,Cultural Activities,Sound and Light Show Ticket,60,70,60,INR,94,44,2026-06-30
Assam,Jorhat,Rentals,Bicycle Rental (Per Day),60,110,,INR,80,52,2026-06-13
Assam,Jorhat,Rentals,Scooter / Activa Rental (Per Day),460,905,,INR,81,36,2026-06-18
Assam,Jorhat,Rentals,Royal Enfield / Cruiser Rental (Per Day),1100,2270,,INR,82,64,2026-06-19
Assam,Tezpur,Food,Standard Meals/Thali,95,195,,INR,80,11,2026-05-10
Assam,Tezpur,Food,Local Signature Dish,130,270,,INR,80,33,2026-05-22
Assam,Tezpur,Food,Breakfast Plate (Dosa/Puri/Poha),95,200,,INR,74,43,2026-06-13
Assam,Tezpur,Food,Evening Snack Plate,60,105,,INR,82,43,2026-06-29
Assam,Tezpur,Taxi,Airport Transfer (One-way),980,3595,1015,INR,53,139,2026-06-23
Assam,Tezpur,Taxi,Railway Station Pick-up,460,1160,480,INR,70,56,2026-06-26
Assam,Tezpur,Taxi,Sightseeing Taxi (8 Hours / 80km),3200,8045,3200,INR,72,70,2026-06-12
Assam,Tezpur,Auto,Short Auto Ride (Under 3km),45,60,45,INR,91,10,2026-06-16
Assam,Tezpur,Auto,Medium Auto Ride (5km),85,110,90,INR,92,52,2026-06-11
Assam,Tezpur,Auto,Auto Ride (10km),230,305,230,INR,94,18,2026-05-22
Assam,Tezpur,Bus,Local Bus Ticket (Short distance),10,15,10,INR,89,16,2026-06-27
Assam,Tezpur,Bus,Local Bus Ticket (Long distance),50,70,50,INR,86,19,2026-05-12
Assam,Tezpur,Bus,AC Volvo Intercity Bus (100km),350,390,365,INR,95,10,2026-05-16
Assam,Tezpur,Train,Coolie/Porter Service (1 Luggage),160,225,165,INR,92,25,2026-05-11
Assam,Tezpur,Train,Station Cloak Room Storage (24 Hours),40,45,40,INR,88,27,2026-05-19
Assam,Tezpur,Train,Platform Entry Ticket,10,15,10,INR,88,43,2026-06-20
Assam,Tezpur,Hotels,Budget Guest House Room (Per Night),1000,1910,,INR,78,65,2026-06-13
Assam,Tezpur,Hotels,3-Star Midscale Hotel Room (Per Night),2800,6245,,INR,76,87,2026-05-21
Assam,Tezpur,Hotels,Luxury / Heritage Resort Room (Per Night),10800,18410,,INR,85,23,2026-06-14
Assam,Tezpur,Souvenirs,Local Textile / Shawl,1400,4065,,INR,65,83,2026-06-21
Assam,Tezpur,Souvenirs,Handcrafted Wooden / Clay Mug,250,665,,INR,71,70,2026-06-26
Assam,Tezpur,Souvenirs,Brass / Metal Art Piece,500,1215,,INR,73,66,2026-05-20
Assam,Tezpur,Souvenirs,Local Spices / Tea Pack (250g),290,820,,INR,65,57,2026-05-15
Assam,Tezpur,Attractions,Historical Monument Entry (Indian Citizen),40,75,40,INR,83,11,2026-06-19
Assam,Tezpur,Attractions,Historical Monument Entry (Foreigner),400,430,400,INR,91,30,2026-05-16
Assam,Tezpur,Attractions,Museum Entry Ticket,80,260,80,INR,60,117,2026-06-11
Assam,Tezpur,Attractions,Palace / Fort Entry Ticket,150,430,150,INR,69,56,2026-05-27
Assam,Tezpur,Boat Rides,Shared Boat Ride (30 Mins),60,155,60,INR,70,15,2026-05-16
Assam,Tezpur,Boat Rides,Private Chartered Boat Ride (1 Hour),830,2240,,INR,69,100,2026-06-11
Assam,Tezpur,Parking,Two-Wheeler Parking (Per Hour),15,20,15,INR,84,24,2026-05-20
Assam,Tezpur,Parking,Four-Wheeler Parking (Per Hour),25,35,25,INR,87,22,2026-06-14
Assam,Tezpur,Parking,Tourist Spot All-Day Parking (Car),100,145,100,INR,86,27,2026-06-18
Assam,Tezpur,Cafés,Traditional Filter Coffee / Tea,40,85,,INR,82,56,2026-05-10
Assam,Tezpur,Cafés,Cappuccino / Latte,190,300,,INR,83,28,2026-05-20
Assam,Tezpur,Cafés,Grilled Sandwich,160,325,,INR,82,12,2026-07-03
Assam,Tezpur,Street Food,Pani Puri / Golgappa (6 Pcs),35,65,,INR,81,55,2026-07-03
Assam,Tezpur,Street Food,Samosa / Vada Pav (Plate),20,45,,INR,79,41,2026-05-17
Assam,Tezpur,Street Food,Pav Bhaji / Chaat (Plate),100,150,,INR,89,38,2026-05-06
Assam,Tezpur,Street Food,Fresh Fruit Juice / Soda,35,70,,INR,81,51,2026-06-06
Assam,Tezpur,Public Facilities,Paid Public Restroom (Toilet),5,5,5,INR,93,23,2026-06-24
Assam,Tezpur,Public Facilities,Paid Public Restroom (Bathroom),15,20,15,INR,94,25,2026-06-18
Assam,Tezpur,Public Facilities,Purified Drinking Water Refill (20L),15,20,15,INR,91,25,2026-06-21
Assam,Tezpur,Cultural Activities,Folk Dance / Puppet Show Ticket,300,395,310,INR,86,49,2026-05-20
Assam,Tezpur,Cultural Activities,Sound and Light Show Ticket,100,130,105,INR,93,9,2026-05-25
Assam,Tezpur,Rentals,Bicycle Rental (Per Day),60,220,,INR,51,33,2026-05-24
Assam,Tezpur,Rentals,Scooter / Activa Rental (Per Day),580,1660,,INR,69,58,2026-06-13
Assam,Tezpur,Rentals,Royal Enfield / Cruiser Rental (Per Day),1200,3700,,INR,60,50,2026-06-05
Bihar,Patna,Food,Standard Meals/Thali,90,145,,INR,83,44,2026-06-22
Bihar,Patna,Food,Local Signature Dish,220,315,,INR,86,49,2026-07-03
Bihar,Patna,Food,Breakfast Plate (Dosa/Puri/Poha),70,105,,INR,87,39,2026-06-04
Bihar,Patna,Food,Evening Snack Plate,60,95,,INR,84,12,2026-06-14
Bihar,Patna,Taxi,Airport Transfer (One-way),530,900,530,INR,81,63,2026-05-31
Bihar,Patna,Taxi,Railway Station Pick-up,390,750,390,INR,78,66,2026-06-24
Bihar,Patna,Taxi,Sightseeing Taxi (8 Hours / 80km),2300,5300,2300,INR,72,71,2026-05-27
Bihar,Patna,Auto,Short Auto Ride (Under 3km),45,55,45,INR,90,46,2026-06-05
Bihar,Patna,Auto,Medium Auto Ride (5km),100,115,105,INR,93,16,2026-06-18
Bihar,Patna,Auto,Auto Ride (10km),190,220,190,INR,92,7,2026-05-17
Bihar,Patna,Bus,Local Bus Ticket (Short distance),10,10,10,INR,91,26,2026-06-21
Bihar,Patna,Bus,Local Bus Ticket (Long distance),25,25,25,INR,97,14,2026-05-11
Bihar,Patna,Bus,AC Volvo Intercity Bus (100km),380,430,395,INR,93,42,2026-05-18
Bihar,Patna,Train,Coolie/Porter Service (1 Luggage),95,105,95,INR,94,35,2026-05-29
Bihar,Patna,Train,Station Cloak Room Storage (24 Hours),30,30,30,INR,92,19,2026-05-19
Bihar,Patna,Train,Platform Entry Ticket,10,10,10,INR,97,28,2026-05-15
Bihar,Patna,Hotels,Budget Guest House Room (Per Night),590,975,,INR,84,52,2026-06-30
Bihar,Patna,Hotels,3-Star Midscale Hotel Room (Per Night),2700,4365,,INR,88,32,2026-06-03
Bihar,Patna,Hotels,Luxury / Heritage Resort Room (Per Night),9800,16335,,INR,88,30,2026-06-10
Bihar,Patna,Souvenirs,Local Textile / Shawl,600,1370,,INR,73,38,2026-05-25
Bihar,Patna,Souvenirs,Handcrafted Wooden / Clay Mug,220,465,,INR,77,68,2026-06-07
Bihar,Patna,Souvenirs,Brass / Metal Art Piece,660,1210,,INR,83,27,2026-06-26
Bihar,Patna,Souvenirs,Local Spices / Tea Pack (250g),220,465,,INR,76,73,2026-06-03
Bihar,Patna,Attractions,Historical Monument Entry (Indian Citizen),25,55,25,INR,76,35,2026-06-12
Bihar,Patna,Attractions,Historical Monument Entry (Foreigner),540,565,550,INR,96,15,2026-05-30
Bihar,Patna,Attractions,Museum Entry Ticket,10,20,10,INR,86,40,2026-05-18
Bihar,Patna,Attractions,Palace / Fort Entry Ticket,45,95,45,INR,79,39,2026-05-31
Bihar,Patna,Boat Rides,Shared Boat Ride (30 Mins),70,170,70,INR,72,57,2026-06-06
Bihar,Patna,Boat Rides,Private Chartered Boat Ride (1 Hour),760,1475,,INR,82,9,2026-06-14
Bihar,Patna,Parking,Two-Wheeler Parking (Per Hour),15,15,15,INR,90,7,2026-05-13
Bihar,Patna,Parking,Four-Wheeler Parking (Per Hour),40,50,40,INR,92,43,2026-06-21
Bihar,Patna,Parking,Tourist Spot All-Day Parking (Car),70,80,70,INR,94,21,2026-05-06
Bihar,Patna,Cafés,Traditional Filter Coffee / Tea,30,45,,INR,89,16,2026-05-15
Bihar,Patna,Cafés,Cappuccino / Latte,130,175,,INR,88,10,2026-05-24
Bihar,Patna,Cafés,Grilled Sandwich,120,180,,INR,89,34,2026-06-07
Bihar,Patna,Street Food,Pani Puri / Golgappa (6 Pcs),35,55,,INR,88,54,2026-06-03
Bihar,Patna,Street Food,Samosa / Vada Pav (Plate),20,30,,INR,86,53,2026-07-02
Bihar,Patna,Street Food,Pav Bhaji / Chaat (Plate),65,105,,INR,87,19,2026-06-10
Bihar,Patna,Street Food,Fresh Fruit Juice / Soda,30,45,,INR,87,28,2026-05-21
Bihar,Patna,Public Facilities,Paid Public Restroom (Toilet),2,0,2,INR,96,12,2026-05-29
Bihar,Patna,Public Facilities,Paid Public Restroom (Bathroom),10,10,10,INR,96,41,2026-05-28
Bihar,Patna,Public Facilities,Purified Drinking Water Refill (20L),10,10,10,INR,92,26,2026-05-16
Bihar,Patna,Cultural Activities,Folk Dance / Puppet Show Ticket,270,315,275,INR,95,12,2026-06-17
Bihar,Patna,Cultural Activities,Sound and Light Show Ticket,90,105,90,INR,90,21,2026-06-19
Bihar,Patna,Rentals,Bicycle Rental (Per Day),55,100,,INR,84,54,2026-06-29
Bihar,Patna,Rentals,Scooter / Activa Rental (Per Day),480,915,,INR,82,38,2026-05-15
Bihar,Patna,Rentals,Royal Enfield / Cruiser Rental (Per Day),1000,1985,,INR,83,74,2026-05-29
Bihar,Gaya,Food,Standard Meals/Thali,200,410,,INR,79,40,2026-06-21
Bihar,Gaya,Food,Local Signature Dish,160,345,,INR,77,43,2026-05-24
Bihar,Gaya,Food,Breakfast Plate (Dosa/Puri/Poha),75,125,,INR,87,13,2026-06-30
Bihar,Gaya,Food,Evening Snack Plate,65,135,,INR,78,72,2026-06-18
Bihar,Gaya,Taxi,Airport Transfer (One-way),860,2430,860,INR,65,21,2026-06-01
Bihar,Gaya,Taxi,Railway Station Pick-up,390,990,390,INR,70,48,2026-06-16
Bihar,Gaya,Taxi,Sightseeing Taxi (8 Hours / 80km),2200,5685,2260,INR,73,94,2026-06-18
Bihar,Gaya,Auto,Short Auto Ride (Under 3km),60,80,60,INR,88,12,2026-05-08
Bihar,Gaya,Auto,Medium Auto Ride (5km),110,145,110,INR,88,22,2026-06-28
Bihar,Gaya,Auto,Auto Ride (10km),180,240,180,INR,89,41,2026-06-28
Bihar,Gaya,Bus,Local Bus Ticket (Short distance),25,35,25,INR,86,27,2026-06-26
Bihar,Gaya,Bus,Local Bus Ticket (Long distance),30,35,30,INR,95,43,2026-05-10
Bihar,Gaya,Bus,AC Volvo Intercity Bus (100km),540,770,540,INR,90,25,2026-06-13
Bihar,Gaya,Train,Coolie/Porter Service (1 Luggage),170,225,170,INR,93,52,2026-07-02
Bihar,Gaya,Train,Station Cloak Room Storage (24 Hours),35,40,35,INR,96,40,2026-05-20
Bihar,Gaya,Train,Platform Entry Ticket,10,15,10,INR,92,20,2026-06-20
Bihar,Gaya,Hotels,Budget Guest House Room (Per Night),580,1045,,INR,81,37,2026-05-06
Bihar,Gaya,Hotels,3-Star Midscale Hotel Room (Per Night),3600,6205,,INR,86,58,2026-05-24
Bihar,Gaya,Hotels,Luxury / Heritage Resort Room (Per Night),6200,10675,,INR,87,45,2026-06-13
Bihar,Gaya,Souvenirs,Local Textile / Shawl,290,710,,INR,71,18,2026-05-17
Bihar,Gaya,Souvenirs,Handcrafted Wooden / Clay Mug,110,285,,INR,69,98,2026-06-19
Bihar,Gaya,Souvenirs,Brass / Metal Art Piece,840,1970,,INR,77,64,2026-06-08
Bihar,Gaya,Souvenirs,Local Spices / Tea Pack (250g),140,475,,INR,57,21,2026-05-13
Bihar,Gaya,Attractions,Historical Monument Entry (Indian Citizen),45,110,45,INR,69,69,2026-06-15
Bihar,Gaya,Attractions,Historical Monument Entry (Foreigner),570,615,585,INR,96,42,2026-06-22
Bihar,Gaya,Attractions,Museum Entry Ticket,110,320,115,INR,63,36,2026-06-17
Bihar,Gaya,Attractions,Palace / Fort Entry Ticket,70,275,70,INR,53,147,2026-06-15
Bihar,Gaya,Boat Rides,Shared Boat Ride (30 Mins),140,485,140,INR,56,53,2026-05-05
Bihar,Gaya,Boat Rides,Private Chartered Boat Ride (1 Hour),1500,4585,,INR,62,102,2026-06-16
Bihar,Gaya,Parking,Two-Wheeler Parking (Per Hour),15,20,15,INR,88,39,2026-05-27
Bihar,Gaya,Parking,Four-Wheeler Parking (Per Hour),40,55,40,INR,86,42,2026-05-19
Bihar,Gaya,Parking,Tourist Spot All-Day Parking (Car),60,85,60,INR,85,19,2026-06-10
Bihar,Gaya,Cafés,Traditional Filter Coffee / Tea,45,95,,INR,82,75,2026-06-08
Bihar,Gaya,Cafés,Cappuccino / Latte,150,280,,INR,85,54,2026-06-21
Bihar,Gaya,Cafés,Grilled Sandwich,95,210,,INR,76,65,2026-05-12
Bihar,Gaya,Street Food,Pani Puri / Golgappa (6 Pcs),40,75,,INR,80,29,2026-05-24
Bihar,Gaya,Street Food,Samosa / Vada Pav (Plate),30,65,,INR,79,21,2026-06-23
Bihar,Gaya,Street Food,Pav Bhaji / Chaat (Plate),65,125,,INR,84,36,2026-05-19
Bihar,Gaya,Street Food,Fresh Fruit Juice / Soda,40,70,,INR,80,18,2026-06-06
Bihar,Gaya,Public Facilities,Paid Public Restroom (Toilet),2,5,2,INR,91,38,2026-06-05
Bihar,Gaya,Public Facilities,Paid Public Restroom (Bathroom),15,15,15,INR,89,41,2026-06-16
Bihar,Gaya,Public Facilities,Purified Drinking Water Refill (20L),20,25,20,INR,89,40,2026-05-15
Bihar,Gaya,Cultural Activities,Folk Dance / Puppet Show Ticket,250,330,250,INR,87,38,2026-06-15
Bihar,Gaya,Cultural Activities,Sound and Light Show Ticket,120,160,120,INR,86,37,2026-06-28
Bihar,Gaya,Rentals,Bicycle Rental (Per Day),80,240,,INR,68,111,2026-06-02
Bihar,Gaya,Rentals,Scooter / Activa Rental (Per Day),500,1345,,INR,70,97,2026-05-24
Bihar,Gaya,Rentals,Royal Enfield / Cruiser Rental (Per Day),1600,5875,,INR,58,116,2026-05-22
Bihar,Bhagalpur,Food,Standard Meals/Thali,85,115,,INR,88,45,2026-06-03
Bihar,Bhagalpur,Food,Local Signature Dish,210,290,,INR,90,24,2026-06-10
Bihar,Bhagalpur,Food,Breakfast Plate (Dosa/Puri/Poha),45,70,,INR,90,15,2026-06-21
Bihar,Bhagalpur,Food,Evening Snack Plate,50,70,,INR,88,40,2026-05-06
Bihar,Bhagalpur,Taxi,Airport Transfer (One-way),680,1400,685,INR,76,14,2026-05-17
Bihar,Bhagalpur,Taxi,Railway Station Pick-up,360,670,360,INR,80,45,2026-05-20
Bihar,Bhagalpur,Taxi,Sightseeing Taxi (8 Hours / 80km),2300,4455,2360,INR,79,28,2026-05-31
Bihar,Bhagalpur,Auto,Short Auto Ride (Under 3km),45,55,45,INR,92,25,2026-05-05
Bihar,Bhagalpur,Auto,Medium Auto Ride (5km),95,110,100,INR,92,39,2026-05-12
Bihar,Bhagalpur,Auto,Auto Ride (10km),160,185,160,INR,94,34,2026-05-17
Bihar,Bhagalpur,Bus,Local Bus Ticket (Short distance),10,10,10,INR,91,48,2026-06-08
Bihar,Bhagalpur,Bus,Local Bus Ticket (Long distance),35,40,35,INR,96,43,2026-05-31
Bihar,Bhagalpur,Bus,AC Volvo Intercity Bus (100km),380,440,380,INR,92,24,2026-05-07
Bihar,Bhagalpur,Train,Coolie/Porter Service (1 Luggage),110,120,110,INR,91,30,2026-06-20
Bihar,Bhagalpur,Train,Station Cloak Room Storage (24 Hours),30,35,30,INR,95,11,2026-06-14
Bihar,Bhagalpur,Train,Platform Entry Ticket,10,10,10,INR,91,42,2026-06-10
Bihar,Bhagalpur,Hotels,Budget Guest House Room (Per Night),650,850,,INR,93,43,2026-06-18
Bihar,Bhagalpur,Hotels,3-Star Midscale Hotel Room (Per Night),1400,1800,,INR,89,39,2026-06-10
Bihar,Bhagalpur,Hotels,Luxury / Heritage Resort Room (Per Night),10300,14585,,INR,85,45,2026-07-01
Bihar,Bhagalpur,Souvenirs,Local Textile / Shawl,330,805,,INR,69,29,2026-05-18
Bihar,Bhagalpur,Souvenirs,Handcrafted Wooden / Clay Mug,75,125,,INR,85,43,2026-06-03
Bihar,Bhagalpur,Souvenirs,Brass / Metal Art Piece,1200,2565,,INR,76,33,2026-06-19
Bihar,Bhagalpur,Souvenirs,Local Spices / Tea Pack (250g),130,240,,INR,85,67,2026-06-24
Bihar,Bhagalpur,Attractions,Historical Monument Entry (Indian Citizen),35,65,35,INR,82,27,2026-05-12
Bihar,Bhagalpur,Attractions,Historical Monument Entry (Foreigner),380,395,380,INR,90,16,2026-05-29
Bihar,Bhagalpur,Attractions,Museum Entry Ticket,75,175,75,INR,76,73,2026-05-24
Bihar,Bhagalpur,Attractions,Palace / Fort Entry Ticket,110,185,115,INR,87,48,2026-06-05
Bihar,Bhagalpur,Boat Rides,Shared Boat Ride (30 Mins),60,100,60,INR,82,41,2026-05-27
Bihar,Bhagalpur,Boat Rides,Private Chartered Boat Ride (1 Hour),590,1330,,INR,74,19,2026-06-27
Bihar,Bhagalpur,Parking,Two-Wheeler Parking (Per Hour),10,10,10,INR,95,34,2026-05-31
Bihar,Bhagalpur,Parking,Four-Wheeler Parking (Per Hour),30,35,30,INR,88,10,2026-06-11
Bihar,Bhagalpur,Parking,Tourist Spot All-Day Parking (Car),75,80,75,INR,92,10,2026-06-18
Bihar,Bhagalpur,Cafés,Traditional Filter Coffee / Tea,15,25,,INR,83,29,2026-06-26
Bihar,Bhagalpur,Cafés,Cappuccino / Latte,150,205,,INR,88,16,2026-06-28
Bihar,Bhagalpur,Cafés,Grilled Sandwich,95,120,,INR,91,12,2026-05-20
Bihar,Bhagalpur,Street Food,Pani Puri / Golgappa (6 Pcs),30,50,,INR,82,20,2026-06-14
Bihar,Bhagalpur,Street Food,Samosa / Vada Pav (Plate),20,30,,INR,90,50,2026-06-29
Bihar,Bhagalpur,Street Food,Pav Bhaji / Chaat (Plate),70,115,,INR,82,52,2026-05-05
Bihar,Bhagalpur,Street Food,Fresh Fruit Juice / Soda,40,65,,INR,81,11,2026-05-14
Bihar,Bhagalpur,Public Facilities,Paid Public Restroom (Toilet),5,5,5,INR,96,12,2026-06-03
Bihar,Bhagalpur,Public Facilities,Paid Public Restroom (Bathroom),15,15,15,INR,91,19,2026-06-27
Bihar,Bhagalpur,Public Facilities,Purified Drinking Water Refill (20L),15,20,15,INR,95,27,2026-05-31
Bihar,Bhagalpur,Cultural Activities,Folk Dance / Puppet Show Ticket,200,235,200,INR,96,21,2026-06-22
Bihar,Bhagalpur,Cultural Activities,Sound and Light Show Ticket,50,60,50,INR,88,46,2026-05-27
Bihar,Bhagalpur,Rentals,Bicycle Rental (Per Day),65,155,,INR,72,79,2026-05-19
Bihar,Bhagalpur,Rentals,Scooter / Activa Rental (Per Day),440,845,,INR,83,24,2026-05-25
Bihar,Bhagalpur,Rentals,Royal Enfield / Cruiser Rental (Per Day),1300,3035,,INR,76,61,2026-06-25
Bihar,Muzaffarpur,Food,Standard Meals/Thali,120,160,,INR,92,37,2026-06-22
Bihar,Muzaffarpur,Food,Local Signature Dish,150,235,,INR,90,56,2026-05-25
Bihar,Muzaffarpur,Food,Breakfast Plate (Dosa/Puri/Poha),75,115,,INR,90,45,2026-05-09
Bihar,Muzaffarpur,Food,Evening Snack Plate,60,95,,INR,84,24,2026-06-29
Bihar,Muzaffarpur,Taxi,Airport Transfer (One-way),620,1310,620,INR,78,19,2026-05-13
Bihar,Muzaffarpur,Taxi,Railway Station Pick-up,210,360,210,INR,82,22,2026-06-21
Bihar,Muzaffarpur,Taxi,Sightseeing Taxi (8 Hours / 80km),2100,4235,2100,INR,80,38,2026-06-10
Bihar,Muzaffarpur,Auto,Short Auto Ride (Under 3km),45,55,45,INR,93,37,2026-05-07
Bihar,Muzaffarpur,Auto,Medium Auto Ride (5km),110,130,110,INR,96,38,2026-06-04
Bihar,Muzaffarpur,Auto,Auto Ride (10km),140,165,140,INR,93,9,2026-05-07
Bihar,Muzaffarpur,Bus,Local Bus Ticket (Short distance),15,20,15,INR,90,17,2026-05-21
Bihar,Muzaffarpur,Bus,Local Bus Ticket (Long distance),40,50,40,INR,92,33,2026-06-13
Bihar,Muzaffarpur,Bus,AC Volvo Intercity Bus (100km),370,400,370,INR,96,19,2026-05-07
Bihar,Muzaffarpur,Train,Coolie/Porter Service (1 Luggage),110,125,110,INR,93,12,2026-06-22
Bihar,Muzaffarpur,Train,Station Cloak Room Storage (24 Hours),25,30,25,INR,89,33,2026-06-19
Bihar,Muzaffarpur,Train,Platform Entry Ticket,10,10,10,INR,89,47,2026-05-31
Bihar,Muzaffarpur,Hotels,Budget Guest House Room (Per Night),870,1335,,INR,88,49,2026-07-02
Bihar,Muzaffarpur,Hotels,3-Star Midscale Hotel Room (Per Night),1800,2500,,INR,87,49,2026-06-28
Bihar,Muzaffarpur,Hotels,Luxury / Heritage Resort Room (Per Night),7800,12655,,INR,84,34,2026-05-23
Bihar,Muzaffarpur,Souvenirs,Local Textile / Shawl,470,795,,INR,84,33,2026-06-03
Bihar,Muzaffarpur,Souvenirs,Handcrafted Wooden / Clay Mug,160,335,,INR,76,13,2026-06-06
Bihar,Muzaffarpur,Souvenirs,Brass / Metal Art Piece,850,1705,,INR,81,33,2026-06-29
Bihar,Muzaffarpur,Souvenirs,Local Spices / Tea Pack (250g),140,315,,INR,74,69,2026-07-02
Bihar,Muzaffarpur,Attractions,Historical Monument Entry (Indian Citizen),40,70,40,INR,82,25,2026-06-28
Bihar,Muzaffarpur,Attractions,Historical Monument Entry (Foreigner),470,490,470,INR,94,15,2026-06-19
Bihar,Muzaffarpur,Attractions,Museum Entry Ticket,65,160,65,INR,74,93,2026-06-08
Bihar,Muzaffarpur,Attractions,Palace / Fort Entry Ticket,90,190,90,INR,77,55,2026-06-01
Bihar,Muzaffarpur,Boat Rides,Shared Boat Ride (30 Mins),130,240,130,INR,82,14,2026-07-01
Bihar,Muzaffarpur,Boat Rides,Private Chartered Boat Ride (1 Hour),940,1635,,INR,81,25,2026-05-11
Bihar,Muzaffarpur,Parking,Two-Wheeler Parking (Per Hour),15,15,15,INR,93,7,2026-06-02
Bihar,Muzaffarpur,Parking,Four-Wheeler Parking (Per Hour),35,45,35,INR,89,10,2026-06-22
Bihar,Muzaffarpur,Parking,Tourist Spot All-Day Parking (Car),80,90,85,INR,95,10,2026-06-21
Bihar,Muzaffarpur,Cafés,Traditional Filter Coffee / Tea,20,30,,INR,84,42,2026-05-25
Bihar,Muzaffarpur,Cafés,Cappuccino / Latte,95,120,,INR,91,14,2026-06-17
Bihar,Muzaffarpur,Cafés,Grilled Sandwich,60,90,,INR,88,29,2026-06-06
Bihar,Muzaffarpur,Street Food,Pani Puri / Golgappa (6 Pcs),20,30,,INR,87,12,2026-06-08
Bihar,Muzaffarpur,Street Food,Samosa / Vada Pav (Plate),15,25,,INR,89,13,2026-06-26
Bihar,Muzaffarpur,Street Food,Pav Bhaji / Chaat (Plate),70,105,,INR,87,45,2026-06-06
Bihar,Muzaffarpur,Street Food,Fresh Fruit Juice / Soda,25,35,,INR,90,37,2026-06-16
Bihar,Muzaffarpur,Public Facilities,Paid Public Restroom (Toilet),5,5,5,INR,94,11,2026-05-23
Bihar,Muzaffarpur,Public Facilities,Paid Public Restroom (Bathroom),10,10,10,INR,94,20,2026-05-30
Bihar,Muzaffarpur,Public Facilities,Purified Drinking Water Refill (20L),15,20,15,INR,94,34,2026-06-02
Bihar,Muzaffarpur,Cultural Activities,Folk Dance / Puppet Show Ticket,250,295,260,INR,88,40,2026-05-12
Bihar,Muzaffarpur,Cultural Activities,Sound and Light Show Ticket,80,95,80,INR,93,15,2026-07-01
Bihar,Muzaffarpur,Rentals,Bicycle Rental (Per Day),50,120,,INR,73,47,2026-06-02
Bihar,Muzaffarpur,Rentals,Scooter / Activa Rental (Per Day),400,800,,INR,81,70,2026-05-10
Bihar,Muzaffarpur,Rentals,Royal Enfield / Cruiser Rental (Per Day),1000,2090,,INR,75,42,2026-05-11
Bihar,Nalanda,Food,Standard Meals/Thali,140,260,,INR,83,48,2026-05-20
Bihar,Nalanda,Food,Local Signature Dish,130,275,,INR,79,19,2026-05-05
Bihar,Nalanda,Food,Breakfast Plate (Dosa/Puri/Poha),95,195,,INR,75,49,2026-06-15
Bihar,Nalanda,Food,Evening Snack Plate,35,70,,INR,82,76,2026-05-09
Bihar,Nalanda,Taxi,Airport Transfer (One-way),490,1735,505,INR,56,94,2026-05-16
Bihar,Nalanda,Taxi,Railway Station Pick-up,350,980,350,INR,70,41,2026-06-20
Bihar,Nalanda,Taxi,Sightseeing Taxi (8 Hours / 80km),2200,5675,2200,INR,72,72,2026-06-23
Bihar,Nalanda,Auto,Short Auto Ride (Under 3km),60,80,60,INR,87,33,2026-07-01
Bihar,Nalanda,Auto,Medium Auto Ride (5km),110,145,110,INR,88,17,2026-06-13
Bihar,Nalanda,Auto,Auto Ride (10km),180,240,180,INR,87,31,2026-06-28
Bihar,Nalanda,Bus,Local Bus Ticket (Short distance),15,20,15,INR,87,22,2026-05-08
Bihar,Nalanda,Bus,Local Bus Ticket (Long distance),45,60,45,INR,87,39,2026-06-05
Bihar,Nalanda,Bus,AC Volvo Intercity Bus (100km),340,445,355,INR,89,8,2026-06-26
Bihar,Nalanda,Train,Coolie/Porter Service (1 Luggage),150,200,155,INR,93,43,2026-06-06
Bihar,Nalanda,Train,Station Cloak Room Storage (24 Hours),45,65,45,INR,86,21,2026-05-29
Bihar,Nalanda,Train,Platform Entry Ticket,10,15,10,INR,89,21,2026-06-17
Bihar,Nalanda,Hotels,Budget Guest House Room (Per Night),580,1175,,INR,77,20,2026-05-10
Bihar,Nalanda,Hotels,3-Star Midscale Hotel Room (Per Night),2100,3370,,INR,88,45,2026-07-01
Bihar,Nalanda,Hotels,Luxury / Heritage Resort Room (Per Night),12100,19005,,INR,88,14,2026-05-14
Bihar,Nalanda,Souvenirs,Local Textile / Shawl,610,1660,,INR,69,16,2026-05-29
Bihar,Nalanda,Souvenirs,Handcrafted Wooden / Clay Mug,160,595,,INR,54,48,2026-06-03
Bihar,Nalanda,Souvenirs,Brass / Metal Art Piece,620,1910,,INR,66,74,2026-05-11
Bihar,Nalanda,Souvenirs,Local Spices / Tea Pack (250g),240,800,,INR,60,65,2026-07-03
Bihar,Nalanda,Attractions,Historical Monument Entry (Indian Citizen),45,95,45,INR,81,54,2026-05-19
Bihar,Nalanda,Attractions,Historical Monument Entry (Foreigner),510,550,535,INR,91,34,2026-05-17
Bihar,Nalanda,Attractions,Museum Entry Ticket,110,400,110,INR,58,104,2026-06-25
Bihar,Nalanda,Attractions,Palace / Fort Entry Ticket,150,585,150,INR,53,34,2026-06-26
Bihar,Nalanda,Boat Rides,Shared Boat Ride (30 Mins),170,605,170,INR,58,123,2026-06-12
Bihar,Nalanda,Boat Rides,Private Chartered Boat Ride (1 Hour),1200,2875,,INR,75,94,2026-06-16
Bihar,Nalanda,Parking,Two-Wheeler Parking (Per Hour),20,20,20,INR,93,35,2026-06-07
Bihar,Nalanda,Parking,Four-Wheeler Parking (Per Hour),50,60,50,INR,88,30,2026-05-26
Bihar,Nalanda,Parking,Tourist Spot All-Day Parking (Car),110,130,110,INR,94,39,2026-05-07
Bihar,Nalanda,Cafés,Traditional Filter Coffee / Tea,45,90,,INR,84,26,2026-05-22
Bihar,Nalanda,Cafés,Cappuccino / Latte,120,190,,INR,84,16,2026-06-10
Bihar,Nalanda,Cafés,Grilled Sandwich,80,145,,INR,79,34,2026-05-24
Bihar,Nalanda,Street Food,Pani Puri / Golgappa (6 Pcs),40,65,,INR,83,9,2026-07-03
Bihar,Nalanda,Street Food,Samosa / Vada Pav (Plate),20,30,,INR,82,60,2026-05-20
Bihar,Nalanda,Street Food,Pav Bhaji / Chaat (Plate),85,190,,INR,74,14,2026-06-27
Bihar,Nalanda,Street Food,Fresh Fruit Juice / Soda,45,75,,INR,87,12,2026-05-10
Bihar,Nalanda,Public Facilities,Paid Public Restroom (Toilet),5,5,5,INR,87,17,2026-06-26
Bihar,Nalanda,Public Facilities,Paid Public Restroom (Bathroom),15,15,15,INR,95,17,2026-06-06
Bihar,Nalanda,Public Facilities,Purified Drinking Water Refill (20L),20,30,20,INR,86,44,2026-05-10
Bihar,Nalanda,Cultural Activities,Folk Dance / Puppet Show Ticket,130,170,130,INR,92,27,2026-06-05
Bihar,Nalanda,Cultural Activities,Sound and Light Show Ticket,60,80,60,INR,91,40,2026-07-03
Bihar,Nalanda,Rentals,Bicycle Rental (Per Day),90,305,,INR,60,97,2026-05-12
Bihar,Nalanda,Rentals,Scooter / Activa Rental (Per Day),610,1685,,INR,68,68,2026-05-30
Bihar,Nalanda,Rentals,Royal Enfield / Cruiser Rental (Per Day),1500,4235,,INR,65,64,2026-05-31
Chhattisgarh,Raipur,Food,Standard Meals/Thali,75,125,,INR,82,61,2026-05-20
Chhattisgarh,Raipur,Food,Local Signature Dish,200,265,,INR,87,42,2026-05-17
Chhattisgarh,Raipur,Food,Breakfast Plate (Dosa/Puri/Poha),45,75,,INR,82,16,2026-05-28
Chhattisgarh,Raipur,Food,Evening Snack Plate,60,80,,INR,93,37,2026-06-17
Chhattisgarh,Raipur,Taxi,Airport Transfer (One-way),510,930,510,INR,84,58,2026-06-17
Chhattisgarh,Raipur,Taxi,Railway Station Pick-up,310,705,320,INR,77,11,2026-05-19
Chhattisgarh,Raipur,Taxi,Sightseeing Taxi (8 Hours / 80km),1900,3370,1900,INR,84,23,2026-06-27
Chhattisgarh,Raipur,Auto,Short Auto Ride (Under 3km),60,70,60,INR,90,37,2026-05-25
Chhattisgarh,Raipur,Auto,Medium Auto Ride (5km),85,100,85,INR,94,36,2026-06-24
Chhattisgarh,Raipur,Auto,Auto Ride (10km),180,210,185,INR,90,10,2026-05-19
Chhattisgarh,Raipur,Bus,Local Bus Ticket (Short distance),10,10,10,INR,89,42,2026-06-24
Chhattisgarh,Raipur,Bus,Local Bus Ticket (Long distance),35,40,35,INR,91,29,2026-06-09
Chhattisgarh,Raipur,Bus,AC Volvo Intercity Bus (100km),410,495,410,INR,93,9,2026-05-17
Chhattisgarh,Raipur,Train,Coolie/Porter Service (1 Luggage),100,125,100,INR,88,37,2026-05-07
Chhattisgarh,Raipur,Train,Station Cloak Room Storage (24 Hours),30,35,30,INR,93,42,2026-06-05
Chhattisgarh,Raipur,Train,Platform Entry Ticket,10,10,10,INR,94,23,2026-06-07
Chhattisgarh,Raipur,Hotels,Budget Guest House Room (Per Night),1000,1385,,INR,88,28,2026-07-03
Chhattisgarh,Raipur,Hotels,3-Star Midscale Hotel Room (Per Night),1400,1985,,INR,84,25,2026-05-21
Chhattisgarh,Raipur,Hotels,Luxury / Heritage Resort Room (Per Night),9500,13675,,INR,85,43,2026-05-24
Chhattisgarh,Raipur,Souvenirs,Local Textile / Shawl,350,610,,INR,81,63,2026-05-24
Chhattisgarh,Raipur,Souvenirs,Handcrafted Wooden / Clay Mug,110,215,,INR,82,47,2026-05-15
Chhattisgarh,Raipur,Souvenirs,Brass / Metal Art Piece,960,2085,,INR,75,15,2026-05-14
Chhattisgarh,Raipur,Souvenirs,Local Spices / Tea Pack (250g),270,455,,INR,86,24,2026-06-22
Chhattisgarh,Raipur,Attractions,Historical Monument Entry (Indian Citizen),30,45,30,INR,85,20,2026-06-08
Chhattisgarh,Raipur,Attractions,Historical Monument Entry (Foreigner),330,345,345,INR,93,5,2026-05-25
Chhattisgarh,Raipur,Attractions,Museum Entry Ticket,20,45,20,INR,78,32,2026-05-10
Chhattisgarh,Raipur,Attractions,Palace / Fort Entry Ticket,65,160,65,INR,75,15,2026-06-29
Chhattisgarh,Raipur,Boat Rides,Shared Boat Ride (30 Mins),60,145,60,INR,73,44,2026-05-12
Chhattisgarh,Raipur,Boat Rides,Private Chartered Boat Ride (1 Hour),630,1340,,INR,76,13,2026-05-17
Chhattisgarh,Raipur,Parking,Two-Wheeler Parking (Per Hour),15,15,15,INR,98,6,2026-06-26
Chhattisgarh,Raipur,Parking,Four-Wheeler Parking (Per Hour),30,35,30,INR,94,18,2026-05-25
Chhattisgarh,Raipur,Parking,Tourist Spot All-Day Parking (Car),85,95,90,INR,90,19,2026-05-17
Chhattisgarh,Raipur,Cafés,Traditional Filter Coffee / Tea,25,30,,INR,94,12,2026-05-23
Chhattisgarh,Raipur,Cafés,Cappuccino / Latte,85,105,,INR,93,25,2026-05-29
Chhattisgarh,Raipur,Cafés,Grilled Sandwich,75,125,,INR,83,24,2026-05-07
Chhattisgarh,Raipur,Street Food,Pani Puri / Golgappa (6 Pcs),25,35,,INR,90,20,2026-05-13
Chhattisgarh,Raipur,Street Food,Samosa / Vada Pav (Plate),25,40,,INR,81,12,2026-05-14
Chhattisgarh,Raipur,Street Food,Pav Bhaji / Chaat (Plate),65,110,,INR,88,33,2026-05-06
Chhattisgarh,Raipur,Street Food,Fresh Fruit Juice / Soda,30,50,,INR,82,44,2026-07-01
Chhattisgarh,Raipur,Public Facilities,Paid Public Restroom (Toilet),2,0,2,INR,93,21,2026-05-24
Chhattisgarh,Raipur,Public Facilities,Paid Public Restroom (Bathroom),10,10,10,INR,94,41,2026-06-18
Chhattisgarh,Raipur,Public Facilities,Purified Drinking Water Refill (20L),10,10,10,INR,90,10,2026-07-01
Chhattisgarh,Raipur,Cultural Activities,Folk Dance / Puppet Show Ticket,130,150,130,INR,93,36,2026-05-07
Chhattisgarh,Raipur,Cultural Activities,Sound and Light Show Ticket,50,60,50,INR,89,12,2026-06-28
Chhattisgarh,Raipur,Rentals,Bicycle Rental (Per Day),80,190,,INR,77,45,2026-06-17
Chhattisgarh,Raipur,Rentals,Scooter / Activa Rental (Per Day),350,835,,INR,76,83,2026-05-25
Chhattisgarh,Raipur,Rentals,Royal Enfield / Cruiser Rental (Per Day),1200,2335,,INR,83,31,2026-06-22
Chhattisgarh,Bilaspur,Food,Standard Meals/Thali,160,245,,INR,89,52,2026-05-23
Chhattisgarh,Bilaspur,Food,Local Signature Dish,160,205,,INR,88,31,2026-07-01
Chhattisgarh,Bilaspur,Food,Breakfast Plate (Dosa/Puri/Poha),50,70,,INR,89,18,2026-05-28
Chhattisgarh,Bilaspur,Food,Evening Snack Plate,35,45,,INR,91,30,2026-05-05
Chhattisgarh,Bilaspur,Taxi,Airport Transfer (One-way),480,990,480,INR,82,59,2026-07-02
Chhattisgarh,Bilaspur,Taxi,Railway Station Pick-up,370,775,380,INR,78,49,2026-06-24
Chhattisgarh,Bilaspur,Taxi,Sightseeing Taxi (8 Hours / 80km),2200,4325,2200,INR,79,24,2026-05-11
Chhattisgarh,Bilaspur,Auto,Short Auto Ride (Under 3km),40,45,40,INR,96,25,2026-06-24
Chhattisgarh,Bilaspur,Auto,Medium Auto Ride (5km),100,115,100,INR,92,15,2026-05-31
Chhattisgarh,Bilaspur,Auto,Auto Ride (10km),190,220,195,INR,91,34,2026-06-03
Chhattisgarh,Bilaspur,Bus,Local Bus Ticket (Short distance),10,10,10,INR,95,31,2026-05-09
Chhattisgarh,Bilaspur,Bus,Local Bus Ticket (Long distance),45,55,45,INR,95,23,2026-06-05
Chhattisgarh,Bilaspur,Bus,AC Volvo Intercity Bus (100km),360,430,375,INR,92,12,2026-05-30
Chhattisgarh,Bilaspur,Train,Coolie/Porter Service (1 Luggage),110,125,115,INR,96,36,2026-06-14
Chhattisgarh,Bilaspur,Train,Station Cloak Room Storage (24 Hours),25,25,25,INR,97,41,2026-06-18
Chhattisgarh,Bilaspur,Train,Platform Entry Ticket,10,10,10,INR,90,19,2026-06-25
Chhattisgarh,Bilaspur,Hotels,Budget Guest House Room (Per Night),710,1035,,INR,88,48,2026-06-19
Chhattisgarh,Bilaspur,Hotels,3-Star Midscale Hotel Room (Per Night),2300,3005,,INR,86,29,2026-06-18
Chhattisgarh,Bilaspur,Hotels,Luxury / Heritage Resort Room (Per Night),8900,13055,,INR,85,35,2026-06-24
Chhattisgarh,Bilaspur,Souvenirs,Local Textile / Shawl,550,1280,,INR,72,40,2026-06-17
Chhattisgarh,Bilaspur,Souvenirs,Handcrafted Wooden / Clay Mug,140,295,,INR,76,48,2026-05-14
Chhattisgarh,Bilaspur,Souvenirs,Brass / Metal Art Piece,420,885,,INR,81,16,2026-06-12
Chhattisgarh,Bilaspur,Souvenirs,Local Spices / Tea Pack (250g),210,440,,INR,79,77,2026-07-02
Chhattisgarh,Bilaspur,Attractions,Historical Monument Entry (Indian Citizen),20,35,20,INR,85,35,2026-06-17
Chhattisgarh,Bilaspur,Attractions,Historical Monument Entry (Foreigner),520,540,520,INR,98,8,2026-05-05
Chhattisgarh,Bilaspur,Attractions,Museum Entry Ticket,60,130,60,INR,74,53,2026-06-09
Chhattisgarh,Bilaspur,Attractions,Palace / Fort Entry Ticket,150,285,155,INR,78,55,2026-06-05
Chhattisgarh,Bilaspur,Boat Rides,Shared Boat Ride (30 Mins),80,195,80,INR,71,79,2026-05-12
Chhattisgarh,Bilaspur,Boat Rides,Private Chartered Boat Ride (1 Hour),640,1550,,INR,76,32,2026-05-22
Chhattisgarh,Bilaspur,Parking,Two-Wheeler Parking (Per Hour),10,10,10,INR,93,23,2026-05-07
Chhattisgarh,Bilaspur,Parking,Four-Wheeler Parking (Per Hour),25,25,25,INR,92,19,2026-05-23
Chhattisgarh,Bilaspur,Parking,Tourist Spot All-Day Parking (Car),45,50,45,INR,89,10,2026-05-10
Chhattisgarh,Bilaspur,Cafés,Traditional Filter Coffee / Tea,20,30,,INR,83,40,2026-06-18
Chhattisgarh,Bilaspur,Cafés,Cappuccino / Latte,85,110,,INR,88,25,2026-06-22
Chhattisgarh,Bilaspur,Cafés,Grilled Sandwich,130,180,,INR,87,22,2026-05-14
Chhattisgarh,Bilaspur,Street Food,Pani Puri / Golgappa (6 Pcs),25,40,,INR,88,35,2026-06-03
Chhattisgarh,Bilaspur,Street Food,Samosa / Vada Pav (Plate),15,25,,INR,82,15,2026-06-07
Chhattisgarh,Bilaspur,Street Food,Pav Bhaji / Chaat (Plate),55,80,,INR,87,53,2026-05-27
Chhattisgarh,Bilaspur,Street Food,Fresh Fruit Juice / Soda,30,45,,INR,89,16,2026-06-03
Chhattisgarh,Bilaspur,Public Facilities,Paid Public Restroom (Toilet),5,5,5,INR,91,11,2026-06-21
Chhattisgarh,Bilaspur,Public Facilities,Paid Public Restroom (Bathroom),10,10,10,INR,88,34,2026-06-12
Chhattisgarh,Bilaspur,Public Facilities,Purified Drinking Water Refill (20L),15,20,15,INR,89,14,2026-06-27
Chhattisgarh,Bilaspur,Cultural Activities,Folk Dance / Puppet Show Ticket,210,245,215,INR,95,26,2026-05-27
Chhattisgarh,Bilaspur,Cultural Activities,Sound and Light Show Ticket,70,80,70,INR,94,31,2026-05-16
Chhattisgarh,Bilaspur,Rentals,Bicycle Rental (Per Day),85,150,,INR,85,44,2026-06-29
Chhattisgarh,Bilaspur,Rentals,Scooter / Activa Rental (Per Day),450,910,,INR,76,54,2026-06-09
Chhattisgarh,Bilaspur,Rentals,Royal Enfield / Cruiser Rental (Per Day),970,2100,,INR,78,18,2026-05-13
Chhattisgarh,Bhilai,Food,Standard Meals/Thali,150,215,,INR,85,26,2026-06-13
Chhattisgarh,Bhilai,Food,Local Signature Dish,90,135,,INR,84,10,2026-06-07
Chhattisgarh,Bhilai,Food,Breakfast Plate (Dosa/Puri/Poha),50,65,,INR,86,35,2026-05-06
Chhattisgarh,Bhilai,Food,Evening Snack Plate,35,50,,INR,84,36,2026-06-30
Chhattisgarh,Bhilai,Taxi,Airport Transfer (One-way),790,1835,790,INR,77,31,2026-06-10
Chhattisgarh,Bhilai,Taxi,Railway Station Pick-up,220,475,230,INR,75,65,2026-05-29
Chhattisgarh,Bhilai,Taxi,Sightseeing Taxi (8 Hours / 80km),2000,3665,2000,INR,83,28,2026-05-05
Chhattisgarh,Bhilai,Auto,Short Auto Ride (Under 3km),55,65,55,INR,92,9,2026-05-23
Chhattisgarh,Bhilai,Auto,Medium Auto Ride (5km),70,80,70,INR,92,12,2026-05-25
Chhattisgarh,Bhilai,Auto,Auto Ride (10km),170,200,170,INR,95,42,2026-06-26
Chhattisgarh,Bhilai,Bus,Local Bus Ticket (Short distance),15,15,15,INR,94,39,2026-06-08
Chhattisgarh,Bhilai,Bus,Local Bus Ticket (Long distance),45,45,45,INR,93,39,2026-05-20
Chhattisgarh,Bhilai,Bus,AC Volvo Intercity Bus (100km),370,430,370,INR,89,26,2026-06-29
Chhattisgarh,Bhilai,Train,Coolie/Porter Service (1 Luggage),90,105,90,INR,95,16,2026-05-09
Chhattisgarh,Bhilai,Train,Station Cloak Room Storage (24 Hours),35,35,35,INR,92,14,2026-06-01
Chhattisgarh,Bhilai,Train,Platform Entry Ticket,10,10,10,INR,94,13,2026-06-21
Chhattisgarh,Bhilai,Hotels,Budget Guest House Room (Per Night),480,800,,INR,88,43,2026-05-05
Chhattisgarh,Bhilai,Hotels,3-Star Midscale Hotel Room (Per Night),2400,3600,,INR,86,54,2026-05-27
Chhattisgarh,Bhilai,Hotels,Luxury / Heritage Resort Room (Per Night),7300,9610,,INR,87,11,2026-05-18
Chhattisgarh,Bhilai,Souvenirs,Local Textile / Shawl,310,650,,INR,82,70,2026-06-15
Chhattisgarh,Bhilai,Souvenirs,Handcrafted Wooden / Clay Mug,200,460,,INR,78,89,2026-05-15
Chhattisgarh,Bhilai,Souvenirs,Brass / Metal Art Piece,560,1005,,INR,80,56,2026-06-10
Chhattisgarh,Bhilai,Souvenirs,Local Spices / Tea Pack (250g),140,305,,INR,80,54,2026-05-07
Chhattisgarh,Bhilai,Attractions,Historical Monument Entry (Indian Citizen),25,65,25,INR,71,50,2026-06-21
Chhattisgarh,Bhilai,Attractions,Historical Monument Entry (Foreigner),440,460,440,INR,90,21,2026-06-22
Chhattisgarh,Bhilai,Attractions,Museum Entry Ticket,20,30,20,INR,90,21,2026-05-26
Chhattisgarh,Bhilai,Attractions,Palace / Fort Entry Ticket,150,395,150,INR,73,20,2026-06-05
Chhattisgarh,Bhilai,Boat Rides,Shared Boat Ride (30 Mins),110,215,115,INR,82,12,2026-06-11
Chhattisgarh,Bhilai,Boat Rides,Private Chartered Boat Ride (1 Hour),430,795,,INR,79,62,2026-07-01
Chhattisgarh,Bhilai,Parking,Two-Wheeler Parking (Per Hour),15,20,15,INR,87,31,2026-06-12
Chhattisgarh,Bhilai,Parking,Four-Wheeler Parking (Per Hour),45,50,45,INR,91,40,2026-06-17
Chhattisgarh,Bhilai,Parking,Tourist Spot All-Day Parking (Car),70,85,75,INR,93,17,2026-05-17
Chhattisgarh,Bhilai,Cafés,Traditional Filter Coffee / Tea,30,45,,INR,90,52,2026-05-30
Chhattisgarh,Bhilai,Cafés,Cappuccino / Latte,110,170,,INR,84,56,2026-06-29
Chhattisgarh,Bhilai,Cafés,Grilled Sandwich,80,105,,INR,88,7,2026-05-14
Chhattisgarh,Bhilai,Street Food,Pani Puri / Golgappa (6 Pcs),25,40,,INR,89,29,2026-05-28
Chhattisgarh,Bhilai,Street Food,Samosa / Vada Pav (Plate),25,35,,INR,90,13,2026-06-05
Chhattisgarh,Bhilai,Street Food,Pav Bhaji / Chaat (Plate),80,130,,INR,86,32,2026-05-27
Chhattisgarh,Bhilai,Street Food,Fresh Fruit Juice / Soda,25,35,,INR,90,13,2026-05-15
Chhattisgarh,Bhilai,Public Facilities,Paid Public Restroom (Toilet),5,5,5,INR,93,48,2026-06-08
Chhattisgarh,Bhilai,Public Facilities,Paid Public Restroom (Bathroom),10,10,10,INR,92,32,2026-06-12
Chhattisgarh,Bhilai,Public Facilities,Purified Drinking Water Refill (20L),15,15,15,INR,94,7,2026-05-08
Chhattisgarh,Bhilai,Cultural Activities,Folk Dance / Puppet Show Ticket,210,245,210,INR,91,25,2026-05-22
Chhattisgarh,Bhilai,Cultural Activities,Sound and Light Show Ticket,85,100,85,INR,92,6,2026-05-14
Chhattisgarh,Bhilai,Rentals,Bicycle Rental (Per Day),75,140,,INR,79,68,2026-06-03
Chhattisgarh,Bhilai,Rentals,Scooter / Activa Rental (Per Day),510,1140,,INR,78,31,2026-06-03
Chhattisgarh,Bhilai,Rentals,Royal Enfield / Cruiser Rental (Per Day),970,2320,,INR,74,89,2026-06-14
Chhattisgarh,Jagdalpur,Food,Standard Meals/Thali,160,250,,INR,82,44,2026-06-21
Chhattisgarh,Jagdalpur,Food,Local Signature Dish,240,440,,INR,85,40,2026-05-06
Chhattisgarh,Jagdalpur,Food,Breakfast Plate (Dosa/Puri/Poha),85,190,,INR,76,74,2026-05-10
Chhattisgarh,Jagdalpur,Food,Evening Snack Plate,70,155,,INR,77,32,2026-06-12
Chhattisgarh,Jagdalpur,Taxi,Airport Transfer (One-way),840,2825,860,INR,57,122,2026-05-28
Chhattisgarh,Jagdalpur,Taxi,Railway Station Pick-up,370,1080,380,INR,63,92,2026-05-24
Chhattisgarh,Jagdalpur,Taxi,Sightseeing Taxi (8 Hours / 80km),2400,8130,2400,INR,60,128,2026-06-08
Chhattisgarh,Jagdalpur,Auto,Short Auto Ride (Under 3km),70,90,70,INR,89,11,2026-06-04
Chhattisgarh,Jagdalpur,Auto,Medium Auto Ride (5km),150,200,150,INR,86,15,2026-05-20
Chhattisgarh,Jagdalpur,Auto,Auto Ride (10km),250,330,255,INR,87,24,2026-06-23
Chhattisgarh,Jagdalpur,Bus,Local Bus Ticket (Short distance),25,35,25,INR,90,36,2026-05-11
Chhattisgarh,Jagdalpur,Bus,Local Bus Ticket (Long distance),65,80,65,INR,94,43,2026-05-30
Chhattisgarh,Jagdalpur,Bus,AC Volvo Intercity Bus (100km),500,610,515,INR,90,12,2026-06-09
Chhattisgarh,Jagdalpur,Train,Coolie/Porter Service (1 Luggage),140,205,145,INR,86,20,2026-06-13
Chhattisgarh,Jagdalpur,Train,Station Cloak Room Storage (24 Hours),30,40,30,INR,90,37,2026-06-14
Chhattisgarh,Jagdalpur,Train,Platform Entry Ticket,10,10,10,INR,89,41,2026-06-04
Chhattisgarh,Jagdalpur,Hotels,Budget Guest House Room (Per Night),1300,2740,,INR,80,37,2026-06-28
Chhattisgarh,Jagdalpur,Hotels,3-Star Midscale Hotel Room (Per Night),3800,8315,,INR,73,74,2026-05-16
Chhattisgarh,Jagdalpur,Hotels,Luxury / Heritage Resort Room (Per Night),7700,16435,,INR,77,76,2026-05-26
Chhattisgarh,Jagdalpur,Souvenirs,Local Textile / Shawl,980,3235,,INR,59,104,2026-05-31
Chhattisgarh,Jagdalpur,Souvenirs,Handcrafted Wooden / Clay Mug,180,525,,INR,63,39,2026-05-26
Chhattisgarh,Jagdalpur,Souvenirs,Brass / Metal Art Piece,1600,5740,,INR,53,142,2026-06-19
Chhattisgarh,Jagdalpur,Souvenirs,Local Spices / Tea Pack (250g),150,345,,INR,75,48,2026-05-07
Chhattisgarh,Jagdalpur,Attractions,Historical Monument Entry (Indian Citizen),40,135,40,INR,58,25,2026-06-29
Chhattisgarh,Jagdalpur,Attractions,Historical Monument Entry (Foreigner),630,680,650,INR,92,36,2026-06-13
Chhattisgarh,Jagdalpur,Attractions,Museum Entry Ticket,75,235,75,INR,65,108,2026-05-28
Chhattisgarh,Jagdalpur,Attractions,Palace / Fort Entry Ticket,130,335,130,INR,68,44,2026-05-06
Chhattisgarh,Jagdalpur,Boat Rides,Shared Boat Ride (30 Mins),140,450,140,INR,61,66,2026-05-14
Chhattisgarh,Jagdalpur,Boat Rides,Private Chartered Boat Ride (1 Hour),870,2980,,INR,60,35,2026-06-03
Chhattisgarh,Jagdalpur,Parking,Two-Wheeler Parking (Per Hour),20,25,20,INR,86,17,2026-06-29
Chhattisgarh,Jagdalpur,Parking,Four-Wheeler Parking (Per Hour),45,60,45,INR,88,26,2026-06-19
Chhattisgarh,Jagdalpur,Parking,Tourist Spot All-Day Parking (Car),65,90,65,INR,92,27,2026-07-01
Chhattisgarh,Jagdalpur,Cafés,Traditional Filter Coffee / Tea,25,50,,INR,75,24,2026-05-25
Chhattisgarh,Jagdalpur,Cafés,Cappuccino / Latte,190,335,,INR,83,21,2026-05-14
Chhattisgarh,Jagdalpur,Cafés,Grilled Sandwich,110,175,,INR,87,16,2026-06-17
Chhattisgarh,Jagdalpur,Street Food,Pani Puri / Golgappa (6 Pcs),35,55,,INR,85,23,2026-06-19
Chhattisgarh,Jagdalpur,Street Food,Samosa / Vada Pav (Plate),20,40,,INR,82,39,2026-05-26
Chhattisgarh,Jagdalpur,Street Food,Pav Bhaji / Chaat (Plate),95,200,,INR,78,22,2026-06-25
Chhattisgarh,Jagdalpur,Street Food,Fresh Fruit Juice / Soda,30,55,,INR,84,36,2026-06-27
Chhattisgarh,Jagdalpur,Public Facilities,Paid Public Restroom (Toilet),5,5,5,INR,91,6,2026-05-06
Chhattisgarh,Jagdalpur,Public Facilities,Paid Public Restroom (Bathroom),15,20,15,INR,94,22,2026-05-25
Chhattisgarh,Jagdalpur,Public Facilities,Purified Drinking Water Refill (20L),15,20,15,INR,90,37,2026-06-11
Chhattisgarh,Jagdalpur,Cultural Activities,Folk Dance / Puppet Show Ticket,330,435,330,INR,91,32,2026-06-06
Chhattisgarh,Jagdalpur,Cultural Activities,Sound and Light Show Ticket,150,200,155,INR,89,48,2026-06-28
Chhattisgarh,Jagdalpur,Rentals,Bicycle Rental (Per Day),100,355,,INR,55,99,2026-05-10
Chhattisgarh,Jagdalpur,Rentals,Scooter / Activa Rental (Per Day),580,1885,,INR,63,45,2026-06-25
Chhattisgarh,Jagdalpur,Rentals,Royal Enfield / Cruiser Rental (Per Day),1300,4570,,INR,53,46,2026-05-27
Goa,Panaji,Food,Standard Meals/Thali,180,390,,INR,80,22,2026-06-28
Goa,Panaji,Food,Local Signature Dish,220,330,,INR,83,54,2026-06-07
Goa,Panaji,Food,Breakfast Plate (Dosa/Puri/Poha),55,90,,INR,84,30,2026-06-04
Goa,Panaji,Food,Evening Snack Plate,70,125,,INR,84,67,2026-05-21
Goa,Panaji,Taxi,Airport Transfer (One-way),690,2365,690,INR,56,24,2026-07-01
Goa,Panaji,Taxi,Railway Station Pick-up,380,1130,380,INR,62,52,2026-06-30
Goa,Panaji,Taxi,Sightseeing Taxi (8 Hours / 80km),2600,8465,2600,INR,62,46,2026-06-01
Goa,Panaji,Auto,Short Auto Ride (Under 3km),55,75,55,INR,92,20,2026-05-27
Goa,Panaji,Auto,Medium Auto Ride (5km),140,185,145,INR,87,43,2026-06-28
Goa,Panaji,Auto,Auto Ride (10km),240,315,240,INR,88,7,2026-06-16
Goa,Panaji,Bus,Local Bus Ticket (Short distance),25,35,25,INR,91,42,2026-06-05
Goa,Panaji,Bus,Local Bus Ticket (Long distance),35,40,35,INR,94,27,2026-07-03
Goa,Panaji,Bus,AC Volvo Intercity Bus (100km),310,365,310,INR,91,23,2026-06-12
Goa,Panaji,Train,Coolie/Porter Service (1 Luggage),160,205,160,INR,88,9,2026-05-07
Goa,Panaji,Train,Station Cloak Room Storage (24 Hours),40,45,40,INR,89,11,2026-06-18
Goa,Panaji,Train,Platform Entry Ticket,10,15,10,INR,89,43,2026-06-14
Goa,Panaji,Hotels,Budget Guest House Room (Per Night),1300,2255,,INR,85,36,2026-05-05
Goa,Panaji,Hotels,3-Star Midscale Hotel Room (Per Night),2200,4985,,INR,78,46,2026-07-03
Goa,Panaji,Hotels,Luxury / Heritage Resort Room (Per Night),8300,13120,,INR,88,60,2026-05-18
Goa,Panaji,Souvenirs,Local Textile / Shawl,1100,2710,,INR,76,92,2026-06-14
Goa,Panaji,Souvenirs,Handcrafted Wooden / Clay Mug,230,610,,INR,72,93,2026-06-19
Goa,Panaji,Souvenirs,Brass / Metal Art Piece,640,1860,,INR,64,39,2026-05-05
Goa,Panaji,Souvenirs,Local Spices / Tea Pack (250g),160,505,,INR,66,55,2026-05-06
Goa,Panaji,Attractions,Historical Monument Entry (Indian Citizen),55,130,55,INR,71,49,2026-06-22
Goa,Panaji,Attractions,Historical Monument Entry (Foreigner),620,670,620,INR,92,36,2026-05-21
Goa,Panaji,Attractions,Museum Entry Ticket,35,125,35,INR,55,30,2026-06-29
Goa,Panaji,Attractions,Palace / Fort Entry Ticket,200,690,205,INR,58,111,2026-06-22
Goa,Panaji,Boat Rides,Shared Boat Ride (30 Mins),75,235,75,INR,60,42,2026-05-22
Goa,Panaji,Boat Rides,Private Chartered Boat Ride (1 Hour),1100,3570,,INR,62,62,2026-06-25
Goa,Panaji,Parking,Two-Wheeler Parking (Per Hour),15,15,15,INR,94,10,2026-05-11
Goa,Panaji,Parking,Four-Wheeler Parking (Per Hour),25,30,25,INR,88,37,2026-06-22
Goa,Panaji,Parking,Tourist Spot All-Day Parking (Car),85,120,85,INR,89,42,2026-05-18
Goa,Panaji,Cafés,Traditional Filter Coffee / Tea,35,70,,INR,80,68,2026-06-25
Goa,Panaji,Cafés,Cappuccino / Latte,200,325,,INR,88,53,2026-05-07
Goa,Panaji,Cafés,Grilled Sandwich,140,280,,INR,79,22,2026-06-22
Goa,Panaji,Street Food,Pani Puri / Golgappa (6 Pcs),35,60,,INR,85,41,2026-06-26
Goa,Panaji,Street Food,Samosa / Vada Pav (Plate),35,55,,INR,86,46,2026-05-23
Goa,Panaji,Street Food,Pav Bhaji / Chaat (Plate),75,135,,INR,81,57,2026-06-07
Goa,Panaji,Street Food,Fresh Fruit Juice / Soda,50,100,,INR,80,64,2026-06-27
Goa,Panaji,Public Facilities,Paid Public Restroom (Toilet),5,5,5,INR,88,41,2026-05-10
Goa,Panaji,Public Facilities,Paid Public Restroom (Bathroom),15,20,15,INR,92,35,2026-05-19
Goa,Panaji,Public Facilities,Purified Drinking Water Refill (20L),20,20,20,INR,90,23,2026-05-06
Goa,Panaji,Cultural Activities,Folk Dance / Puppet Show Ticket,340,450,340,INR,90,35,2026-05-19
Goa,Panaji,Cultural Activities,Sound and Light Show Ticket,170,225,170,INR,91,17,2026-05-29
Goa,Panaji,Rentals,Bicycle Rental (Per Day),80,195,,INR,74,56,2026-05-18
Goa,Panaji,Rentals,Scooter / Activa Rental (Per Day),650,2285,,INR,61,98,2026-05-07
Goa,Panaji,Rentals,Royal Enfield / Cruiser Rental (Per Day),1200,3460,,INR,62,18,2026-06-11
Goa,Margao,Food,Standard Meals/Thali,130,255,,INR,81,65,2026-06-13
Goa,Margao,Food,Local Signature Dish,210,440,,INR,75,35,2026-06-12
Goa,Margao,Food,Breakfast Plate (Dosa/Puri/Poha),80,170,,INR,76,18,2026-05-15
Goa,Margao,Food,Evening Snack Plate,55,95,,INR,82,45,2026-05-26
Goa,Margao,Taxi,Airport Transfer (One-way),500,1235,500,INR,72,56,2026-06-12
Goa,Margao,Taxi,Railway Station Pick-up,500,1475,500,INR,64,69,2026-06-24
Goa,Margao,Taxi,Sightseeing Taxi (8 Hours / 80km),2300,5425,2300,INR,73,54,2026-06-13
Goa,Margao,Auto,Short Auto Ride (Under 3km),50,65,50,INR,88,38,2026-05-05
Goa,Margao,Auto,Medium Auto Ride (5km),110,145,110,INR,93,8,2026-06-18
Goa,Margao,Auto,Auto Ride (10km),230,305,240,INR,89,50,2026-06-16
Goa,Margao,Bus,Local Bus Ticket (Short distance),25,30,25,INR,93,17,2026-06-22
Goa,Margao,Bus,Local Bus Ticket (Long distance),45,55,45,INR,94,28,2026-05-25
Goa,Margao,Bus,AC Volvo Intercity Bus (100km),500,635,520,INR,94,43,2026-05-19
Goa,Margao,Train,Coolie/Porter Service (1 Luggage),120,155,120,INR,88,29,2026-05-21
Goa,Margao,Train,Station Cloak Room Storage (24 Hours),35,45,35,INR,92,44,2026-06-17
Goa,Margao,Train,Platform Entry Ticket,10,15,10,INR,90,20,2026-06-26
Goa,Margao,Hotels,Budget Guest House Room (Per Night),670,1180,,INR,80,25,2026-05-25
Goa,Margao,Hotels,3-Star Midscale Hotel Room (Per Night),2200,4720,,INR,79,73,2026-06-23
Goa,Margao,Hotels,Luxury / Heritage Resort Room (Per Night),11500,26070,,INR,75,35,2026-06-06
Goa,Margao,Souvenirs,Local Textile / Shawl,460,1710,,INR,55,72,2026-05-21
Goa,Margao,Souvenirs,Handcrafted Wooden / Clay Mug,130,380,,INR,62,35,2026-06-02
Goa,Margao,Souvenirs,Brass / Metal Art Piece,1700,3960,,INR,75,69,2026-05-19
Goa,Margao,Souvenirs,Local Spices / Tea Pack (250g),330,1120,,INR,56,59,2026-06-28
Goa,Margao,Attractions,Historical Monument Entry (Indian Citizen),55,200,55,INR,57,47,2026-05-29
Goa,Margao,Attractions,Historical Monument Entry (Foreigner),530,570,530,INR,95,30,2026-05-16
Goa,Margao,Attractions,Museum Entry Ticket,15,45,15,INR,66,41,2026-06-04
Goa,Margao,Attractions,Palace / Fort Entry Ticket,210,620,210,INR,64,83,2026-06-23
Goa,Margao,Boat Rides,Shared Boat Ride (30 Mins),65,205,65,INR,64,53,2026-06-25
Goa,Margao,Boat Rides,Private Chartered Boat Ride (1 Hour),1500,4575,,INR,65,38,2026-05-30
Goa,Margao,Parking,Two-Wheeler Parking (Per Hour),20,25,20,INR,94,19,2026-06-09
Goa,Margao,Parking,Four-Wheeler Parking (Per Hour),50,60,50,INR,92,33,2026-06-09
Goa,Margao,Parking,Tourist Spot All-Day Parking (Car),110,140,110,INR,91,47,2026-05-06
Goa,Margao,Cafés,Traditional Filter Coffee / Tea,20,40,,INR,79,62,2026-05-26
Goa,Margao,Cafés,Cappuccino / Latte,120,235,,INR,83,47,2026-05-19
Goa,Margao,Cafés,Grilled Sandwich,130,235,,INR,82,13,2026-05-26
Goa,Margao,Street Food,Pani Puri / Golgappa (6 Pcs),25,45,,INR,82,48,2026-05-25
Goa,Margao,Street Food,Samosa / Vada Pav (Plate),25,45,,INR,82,47,2026-05-12
Goa,Margao,Street Food,Pav Bhaji / Chaat (Plate),80,150,,INR,83,66,2026-05-19
Goa,Margao,Street Food,Fresh Fruit Juice / Soda,40,75,,INR,83,18,2026-05-27
Goa,Margao,Public Facilities,Paid Public Restroom (Toilet),5,5,5,INR,87,28,2026-06-08
Goa,Margao,Public Facilities,Paid Public Restroom (Bathroom),15,15,15,INR,89,36,2026-05-30
Goa,Margao,Public Facilities,Purified Drinking Water Refill (20L),15,20,15,INR,88,7,2026-06-02
Goa,Margao,Cultural Activities,Folk Dance / Puppet Show Ticket,280,370,280,INR,92,25,2026-06-20
Goa,Margao,Cultural Activities,Sound and Light Show Ticket,60,80,60,INR,93,6,2026-05-20
Goa,Margao,Rentals,Bicycle Rental (Per Day),80,275,,INR,55,71,2026-05-29
Goa,Margao,Rentals,Scooter / Activa Rental (Per Day),590,1750,,INR,64,21,2026-06-27
Goa,Margao,Rentals,Royal Enfield / Cruiser Rental (Per Day),1500,4745,,INR,62,118,2026-07-01
Goa,Vasco da Gama,Food,Standard Meals/Thali,110,245,,INR,74,38,2026-06-05
Goa,Vasco da Gama,Food,Local Signature Dish,200,390,,INR,81,23,2026-05-14
Goa,Vasco da Gama,Food,Breakfast Plate (Dosa/Puri/Poha),70,145,,INR,81,22,2026-05-10
Goa,Vasco da Gama,Food,Evening Snack Plate,40,70,,INR,82,40,2026-06-24
Goa,Vasco da Gama,Taxi,Airport Transfer (One-way),820,2540,855,INR,63,122,2026-05-29
Goa,Vasco da Gama,Taxi,Railway Station Pick-up,360,920,360,INR,74,14,2026-05-13
Goa,Vasco da Gama,Taxi,Sightseeing Taxi (8 Hours / 80km),2500,7405,2570,INR,62,97,2026-05-19
Goa,Vasco da Gama,Auto,Short Auto Ride (Under 3km),75,100,75,INR,89,31,2026-05-07
Goa,Vasco da Gama,Auto,Medium Auto Ride (5km),110,145,110,INR,87,14,2026-05-14
Goa,Vasco da Gama,Auto,Auto Ride (10km),230,305,230,INR,90,32,2026-05-19
Goa,Vasco da Gama,Bus,Local Bus Ticket (Short distance),15,15,15,INR,93,40,2026-05-21
Goa,Vasco da Gama,Bus,Local Bus Ticket (Long distance),65,75,65,INR,91,34,2026-06-01
Goa,Vasco da Gama,Bus,AC Volvo Intercity Bus (100km),520,635,520,INR,91,44,2026-06-30
Goa,Vasco da Gama,Train,Coolie/Porter Service (1 Luggage),160,200,160,INR,88,26,2026-06-22
Goa,Vasco da Gama,Train,Station Cloak Room Storage (24 Hours),40,50,40,INR,91,16,2026-06-28
Goa,Vasco da Gama,Train,Platform Entry Ticket,10,10,10,INR,88,29,2026-07-01
Goa,Vasco da Gama,Hotels,Budget Guest House Room (Per Night),630,1110,,INR,87,69,2026-05-16
Goa,Vasco da Gama,Hotels,3-Star Midscale Hotel Room (Per Night),3300,5995,,INR,84,25,2026-05-08
Goa,Vasco da Gama,Hotels,Luxury / Heritage Resort Room (Per Night),13000,28255,,INR,73,26,2026-05-06
Goa,Vasco da Gama,Souvenirs,Local Textile / Shawl,380,1160,,INR,65,95,2026-06-27
Goa,Vasco da Gama,Souvenirs,Handcrafted Wooden / Clay Mug,160,415,,INR,71,42,2026-06-08
Goa,Vasco da Gama,Souvenirs,Brass / Metal Art Piece,450,1250,,INR,68,34,2026-05-22
Goa,Vasco da Gama,Souvenirs,Local Spices / Tea Pack (250g),200,665,,INR,56,132,2026-05-21
Goa,Vasco da Gama,Attractions,Historical Monument Entry (Indian Citizen),40,140,40,INR,56,138,2026-06-29
Goa,Vasco da Gama,Attractions,Historical Monument Entry (Foreigner),490,530,500,INR,91,38,2026-05-15
Goa,Vasco da Gama,Attractions,Museum Entry Ticket,35,110,35,INR,62,118,2026-05-10
Goa,Vasco da Gama,Attractions,Palace / Fort Entry Ticket,220,800,230,INR,58,67,2026-06-09
Goa,Vasco da Gama,Boat Rides,Shared Boat Ride (30 Mins),65,215,65,INR,63,65,2026-05-09
Goa,Vasco da Gama,Boat Rides,Private Chartered Boat Ride (1 Hour),1200,4385,,INR,52,115,2026-05-22
Goa,Vasco da Gama,Parking,Two-Wheeler Parking (Per Hour),15,20,15,INR,93,43,2026-05-24
Goa,Vasco da Gama,Parking,Four-Wheeler Parking (Per Hour),30,45,30,INR,85,57,2026-06-26
Goa,Vasco da Gama,Parking,Tourist Spot All-Day Parking (Car),100,115,100,INR,94,27,2026-06-07
Goa,Vasco da Gama,Cafés,Traditional Filter Coffee / Tea,40,65,,INR,82,63,2026-06-16
Goa,Vasco da Gama,Cafés,Cappuccino / Latte,190,410,,INR,76,13,2026-06-02
Goa,Vasco da Gama,Cafés,Grilled Sandwich,75,150,,INR,76,77,2026-05-15
Goa,Vasco da Gama,Street Food,Pani Puri / Golgappa (6 Pcs),30,45,,INR,88,42,2026-06-06
Goa,Vasco da Gama,Street Food,Samosa / Vada Pav (Plate),20,35,,INR,87,66,2026-05-07
Goa,Vasco da Gama,Street Food,Pav Bhaji / Chaat (Plate),75,135,,INR,83,59,2026-05-15
Goa,Vasco da Gama,Street Food,Fresh Fruit Juice / Soda,50,80,,INR,84,62,2026-06-11
Goa,Vasco da Gama,Public Facilities,Paid Public Restroom (Toilet),5,5,5,INR,94,40,2026-05-06
Goa,Vasco da Gama,Public Facilities,Paid Public Restroom (Bathroom),15,20,15,INR,89,28,2026-05-26
Goa,Vasco da Gama,Public Facilities,Purified Drinking Water Refill (20L),20,30,20,INR,86,9,2026-06-10
Goa,Vasco da Gama,Cultural Activities,Folk Dance / Puppet Show Ticket,260,345,270,INR,91,47,2026-07-03
Goa,Vasco da Gama,Cultural Activities,Sound and Light Show Ticket,120,160,125,INR,92,13,2026-06-23
Goa,Vasco da Gama,Rentals,Bicycle Rental (Per Day),80,235,,INR,66,37,2026-05-16
Goa,Vasco da Gama,Rentals,Scooter / Activa Rental (Per Day),410,1245,,INR,65,38,2026-05-06
Goa,Vasco da Gama,Rentals,Royal Enfield / Cruiser Rental (Per Day),1500,5395,,INR,59,123,2026-05-06
Goa,Calangute,Food,Standard Meals/Thali,160,310,,INR,79,12,2026-05-05
Goa,Calangute,Food,Local Signature Dish,250,455,,INR,81,22,2026-06-17
Goa,Calangute,Food,Breakfast Plate (Dosa/Puri/Poha),70,125,,INR,84,25,2026-06-10
Goa,Calangute,Food,Evening Snack Plate,50,100,,INR,77,52,2026-05-14
Goa,Calangute,Taxi,Airport Transfer (One-way),880,2790,920,INR,62,103,2026-07-02
Goa,Calangute,Taxi,Railway Station Pick-up,440,1270,450,INR,69,110,2026-06-24
Goa,Calangute,Taxi,Sightseeing Taxi (8 Hours / 80km),2800,9860,2800,INR,57,76,2026-06-01
Goa,Calangute,Auto,Short Auto Ride (Under 3km),45,60,45,INR,88,20,2026-05-23
Goa,Calangute,Auto,Medium Auto Ride (5km),120,160,120,INR,86,36,2026-06-12
Goa,Calangute,Auto,Auto Ride (10km),200,265,200,INR,92,25,2026-06-18
Goa,Calangute,Bus,Local Bus Ticket (Short distance),10,15,10,INR,94,13,2026-06-29
Goa,Calangute,Bus,Local Bus Ticket (Long distance),45,50,45,INR,94,41,2026-05-20
Goa,Calangute,Bus,AC Volvo Intercity Bus (100km),510,690,535,INR,91,19,2026-07-02
Goa,Calangute,Train,Coolie/Porter Service (1 Luggage),150,170,155,INR,90,21,2026-06-17
Goa,Calangute,Train,Station Cloak Room Storage (24 Hours),25,35,25,INR,89,12,2026-05-30
Goa,Calangute,Train,Platform Entry Ticket,10,15,10,INR,88,21,2026-05-21
Goa,Calangute,Hotels,Budget Guest House Room (Per Night),1200,2035,,INR,84,8,2026-06-24
Goa,Calangute,Hotels,3-Star Midscale Hotel Room (Per Night),1800,2805,,INR,86,45,2026-06-19
Goa,Calangute,Hotels,Luxury / Heritage Resort Room (Per Night),13300,22795,,INR,80,49,2026-06-22
Goa,Calangute,Souvenirs,Local Textile / Shawl,890,3085,,INR,61,49,2026-06-16
Goa,Calangute,Souvenirs,Handcrafted Wooden / Clay Mug,130,400,,INR,61,91,2026-06-04
Goa,Calangute,Souvenirs,Brass / Metal Art Piece,630,1675,,INR,70,38,2026-06-14
Goa,Calangute,Souvenirs,Local Spices / Tea Pack (250g),180,620,,INR,58,58,2026-06-26
Goa,Calangute,Attractions,Historical Monument Entry (Indian Citizen),55,140,55,INR,70,94,2026-05-26
Goa,Calangute,Attractions,Historical Monument Entry (Foreigner),680,735,690,INR,95,6,2026-06-24
Goa,Calangute,Attractions,Museum Entry Ticket,55,195,55,INR,57,94,2026-05-08
Goa,Calangute,Attractions,Palace / Fort Entry Ticket,130,395,130,INR,64,74,2026-06-23
Goa,Calangute,Boat Rides,Shared Boat Ride (30 Mins),100,345,100,INR,54,122,2026-06-09
Goa,Calangute,Boat Rides,Private Chartered Boat Ride (1 Hour),1100,3355,,INR,61,109,2026-05-06
Goa,Calangute,Parking,Two-Wheeler Parking (Per Hour),10,10,10,INR,92,39,2026-06-12
Goa,Calangute,Parking,Four-Wheeler Parking (Per Hour),50,55,50,INR,89,9,2026-06-03
Goa,Calangute,Parking,Tourist Spot All-Day Parking (Car),65,90,65,INR,86,40,2026-07-01
Goa,Calangute,Cafés,Traditional Filter Coffee / Tea,30,45,,INR,89,51,2026-06-19
Goa,Calangute,Cafés,Cappuccino / Latte,190,300,,INR,89,22,2026-05-16
Goa,Calangute,Cafés,Grilled Sandwich,140,220,,INR,88,38,2026-06-14
Goa,Calangute,Street Food,Pani Puri / Golgappa (6 Pcs),35,65,,INR,80,28,2026-06-23
Goa,Calangute,Street Food,Samosa / Vada Pav (Plate),30,65,,INR,76,61,2026-06-18
Goa,Calangute,Street Food,Pav Bhaji / Chaat (Plate),90,140,,INR,85,61,2026-05-27
Goa,Calangute,Street Food,Fresh Fruit Juice / Soda,50,90,,INR,86,63,2026-07-01
Goa,Calangute,Public Facilities,Paid Public Restroom (Toilet),5,5,5,INR,89,24,2026-05-29
Goa,Calangute,Public Facilities,Paid Public Restroom (Bathroom),15,20,15,INR,86,12,2026-05-12
Goa,Calangute,Public Facilities,Purified Drinking Water Refill (20L),20,20,20,INR,91,24,2026-05-07
Goa,Calangute,Cultural Activities,Folk Dance / Puppet Show Ticket,250,330,260,INR,87,11,2026-07-02
Goa,Calangute,Cultural Activities,Sound and Light Show Ticket,100,130,100,INR,87,18,2026-06-08
Goa,Calangute,Rentals,Bicycle Rental (Per Day),90,325,,INR,54,22,2026-05-22
Goa,Calangute,Rentals,Scooter / Activa Rental (Per Day),650,1960,,INR,66,83,2026-05-20
Goa,Calangute,Rentals,Royal Enfield / Cruiser Rental (Per Day),1000,2690,,INR,72,42,2026-06-14
Goa,Mapusa,Food,Standard Meals/Thali,160,280,,INR,83,65,2026-05-31
Goa,Mapusa,Food,Local Signature Dish,160,315,,INR,84,58,2026-05-20
Goa,Mapusa,Food,Breakfast Plate (Dosa/Puri/Poha),60,135,,INR,80,30,2026-05-28
Goa,Mapusa,Food,Evening Snack Plate,65,125,,INR,85,11,2026-06-03
Goa,Mapusa,Taxi,Airport Transfer (One-way),910,2270,910,INR,68,48,2026-06-24
Goa,Mapusa,Taxi,Railway Station Pick-up,290,705,290,INR,74,81,2026-05-11
Goa,Mapusa,Taxi,Sightseeing Taxi (8 Hours / 80km),2900,9530,2985,INR,56,103,2026-05-23
Goa,Mapusa,Auto,Short Auto Ride (Under 3km),80,105,80,INR,86,23,2026-06-06
Goa,Mapusa,Auto,Medium Auto Ride (5km),130,170,130,INR,92,28,2026-06-14
Goa,Mapusa,Auto,Auto Ride (10km),210,275,210,INR,92,51,2026-06-28
Goa,Mapusa,Bus,Local Bus Ticket (Short distance),20,25,20,INR,87,48,2026-05-06
Goa,Mapusa,Bus,Local Bus Ticket (Long distance),60,85,60,INR,85,48,2026-06-24
Goa,Mapusa,Bus,AC Volvo Intercity Bus (100km),420,535,420,INR,89,26,2026-05-13
Goa,Mapusa,Train,Coolie/Porter Service (1 Luggage),170,190,170,INR,93,39,2026-06-14
Goa,Mapusa,Train,Station Cloak Room Storage (24 Hours),35,40,35,INR,96,43,2026-05-10
Goa,Mapusa,Train,Platform Entry Ticket,10,15,10,INR,88,22,2026-06-27
Goa,Mapusa,Hotels,Budget Guest House Room (Per Night),880,1985,,INR,77,13,2026-05-27
Goa,Mapusa,Hotels,3-Star Midscale Hotel Room (Per Night),2800,4645,,INR,87,41,2026-05-14
Goa,Mapusa,Hotels,Luxury / Heritage Resort Room (Per Night),6700,14995,,INR,75,70,2026-06-17
Goa,Mapusa,Souvenirs,Local Textile / Shawl,1000,2490,,INR,71,45,2026-06-19
Goa,Mapusa,Souvenirs,Handcrafted Wooden / Clay Mug,240,700,,INR,66,20,2026-05-28
Goa,Mapusa,Souvenirs,Brass / Metal Art Piece,1600,3680,,INR,75,48,2026-05-20
Goa,Mapusa,Souvenirs,Local Spices / Tea Pack (250g),200,740,,INR,57,93,2026-05-17
Goa,Mapusa,Attractions,Historical Monument Entry (Indian Citizen),35,115,35,INR,63,82,2026-06-23
Goa,Mapusa,Attractions,Historical Monument Entry (Foreigner),650,700,660,INR,96,9,2026-06-29
Goa,Mapusa,Attractions,Museum Entry Ticket,110,325,110,INR,67,64,2026-06-27
Goa,Mapusa,Attractions,Palace / Fort Entry Ticket,190,790,190,INR,50,43,2026-06-07
Goa,Mapusa,Boat Rides,Shared Boat Ride (30 Mins),140,405,140,INR,62,44,2026-05-07
Goa,Mapusa,Boat Rides,Private Chartered Boat Ride (1 Hour),1200,3450,,INR,64,50,2026-07-02
Goa,Mapusa,Parking,Two-Wheeler Parking (Per Hour),15,15,15,INR,96,35,2026-05-30
Goa,Mapusa,Parking,Four-Wheeler Parking (Per Hour),25,35,25,INR,88,10,2026-05-09
Goa,Mapusa,Parking,Tourist Spot All-Day Parking (Car),60,85,60,INR,92,24,2026-06-20
Goa,Mapusa,Cafés,Traditional Filter Coffee / Tea,45,85,,INR,83,65,2026-05-26
Goa,Mapusa,Cafés,Cappuccino / Latte,180,310,,INR,83,12,2026-05-19
Goa,Mapusa,Cafés,Grilled Sandwich,150,335,,INR,75,34,2026-06-13
Goa,Mapusa,Street Food,Pani Puri / Golgappa (6 Pcs),40,70,,INR,87,20,2026-05-21
Goa,Mapusa,Street Food,Samosa / Vada Pav (Plate),30,65,,INR,78,66,2026-07-03
Goa,Mapusa,Street Food,Pav Bhaji / Chaat (Plate),90,150,,INR,85,13,2026-05-14
Goa,Mapusa,Street Food,Fresh Fruit Juice / Soda,25,50,,INR,82,41,2026-06-24
Goa,Mapusa,Public Facilities,Paid Public Restroom (Toilet),2,0,2,INR,95,41,2026-06-20
Goa,Mapusa,Public Facilities,Paid Public Restroom (Bathroom),15,15,15,INR,92,21,2026-06-16
Goa,Mapusa,Public Facilities,Purified Drinking Water Refill (20L),15,20,15,INR,92,9,2026-05-31
Goa,Mapusa,Cultural Activities,Folk Dance / Puppet Show Ticket,210,275,210,INR,88,43,2026-06-11
Goa,Mapusa,Cultural Activities,Sound and Light Show Ticket,100,130,100,INR,92,52,2026-06-24
Goa,Mapusa,Rentals,Bicycle Rental (Per Day),85,290,,INR,56,77,2026-05-07
Goa,Mapusa,Rentals,Scooter / Activa Rental (Per Day),410,1415,,INR,59,77,2026-05-06
Goa,Mapusa,Rentals,Royal Enfield / Cruiser Rental (Per Day),1500,5490,,INR,55,21,2026-05-17
Gujarat,Ahmedabad,Food,Standard Meals/Thali,130,210,,INR,87,26,2026-06-26
Gujarat,Ahmedabad,Food,Local Signature Dish,160,250,,INR,83,53,2026-06-12
Gujarat,Ahmedabad,Food,Breakfast Plate (Dosa/Puri/Poha),45,70,,INR,86,37,2026-06-04
Gujarat,Ahmedabad,Food,Evening Snack Plate,50,65,,INR,92,33,2026-05-05
Gujarat,Ahmedabad,Taxi,Airport Transfer (One-way),740,1645,760,INR,77,62,2026-05-27
Gujarat,Ahmedabad,Taxi,Railway Station Pick-up,380,795,395,INR,82,25,2026-06-06
Gujarat,Ahmedabad,Taxi,Sightseeing Taxi (8 Hours / 80km),2100,4600,2100,INR,77,63,2026-06-11
Gujarat,Ahmedabad,Auto,Short Auto Ride (Under 3km),50,60,50,INR,93,22,2026-05-08
Gujarat,Ahmedabad,Auto,Medium Auto Ride (5km),85,100,85,INR,90,15,2026-06-27
Gujarat,Ahmedabad,Auto,Auto Ride (10km),180,210,185,INR,91,9,2026-05-05
Gujarat,Ahmedabad,Bus,Local Bus Ticket (Short distance),20,25,20,INR,92,19,2026-05-23
Gujarat,Ahmedabad,Bus,Local Bus Ticket (Long distance),35,40,35,INR,91,44,2026-05-18
Gujarat,Ahmedabad,Bus,AC Volvo Intercity Bus (100km),420,495,420,INR,92,42,2026-05-18
Gujarat,Ahmedabad,Train,Coolie/Porter Service (1 Luggage),130,145,130,INR,93,31,2026-06-23
Gujarat,Ahmedabad,Train,Station Cloak Room Storage (24 Hours),30,30,30,INR,93,34,2026-06-23
Gujarat,Ahmedabad,Train,Platform Entry Ticket,10,10,10,INR,92,38,2026-06-26
Gujarat,Ahmedabad,Hotels,Budget Guest House Room (Per Night),700,1090,,INR,88,61,2026-05-22
Gujarat,Ahmedabad,Hotels,3-Star Midscale Hotel Room (Per Night),1900,2790,,INR,87,26,2026-06-22
Gujarat,Ahmedabad,Hotels,Luxury / Heritage Resort Room (Per Night),6300,10520,,INR,86,63,2026-07-03
Gujarat,Ahmedabad,Souvenirs,Local Textile / Shawl,1000,1695,,INR,87,14,2026-06-06
Gujarat,Ahmedabad,Souvenirs,Handcrafted Wooden / Clay Mug,190,430,,INR,75,66,2026-06-02
Gujarat,Ahmedabad,Souvenirs,Brass / Metal Art Piece,500,880,,INR,82,64,2026-05-09
Gujarat,Ahmedabad,Souvenirs,Local Spices / Tea Pack (250g),260,455,,INR,83,38,2026-05-08
Gujarat,Ahmedabad,Attractions,Historical Monument Entry (Indian Citizen),40,95,40,INR,72,89,2026-06-12
Gujarat,Ahmedabad,Attractions,Historical Monument Entry (Foreigner),460,480,480,INR,95,32,2026-05-28
Gujarat,Ahmedabad,Attractions,Museum Entry Ticket,35,70,35,INR,81,36,2026-06-08
Gujarat,Ahmedabad,Attractions,Palace / Fort Entry Ticket,90,165,90,INR,85,72,2026-06-15
Gujarat,Ahmedabad,Boat Rides,Shared Boat Ride (30 Mins),110,255,110,INR,78,59,2026-05-06
Gujarat,Ahmedabad,Boat Rides,Private Chartered Boat Ride (1 Hour),710,1360,,INR,78,74,2026-06-01
Gujarat,Ahmedabad,Parking,Two-Wheeler Parking (Per Hour),15,15,15,INR,90,10,2026-06-03
Gujarat,Ahmedabad,Parking,Four-Wheeler Parking (Per Hour),20,20,20,INR,95,19,2026-06-08
Gujarat,Ahmedabad,Parking,Tourist Spot All-Day Parking (Car),55,60,55,INR,97,18,2026-06-29
Gujarat,Ahmedabad,Cafés,Traditional Filter Coffee / Tea,30,45,,INR,82,32,2026-06-11
Gujarat,Ahmedabad,Cafés,Cappuccino / Latte,85,135,,INR,88,9,2026-06-01
Gujarat,Ahmedabad,Cafés,Grilled Sandwich,100,155,,INR,84,36,2026-05-30
Gujarat,Ahmedabad,Street Food,Pani Puri / Golgappa (6 Pcs),20,30,,INR,90,31,2026-06-08
Gujarat,Ahmedabad,Street Food,Samosa / Vada Pav (Plate),20,25,,INR,91,17,2026-06-25
Gujarat,Ahmedabad,Street Food,Pav Bhaji / Chaat (Plate),40,50,,INR,87,28,2026-05-18
Gujarat,Ahmedabad,Street Food,Fresh Fruit Juice / Soda,35,55,,INR,87,13,2026-06-15
Gujarat,Ahmedabad,Public Facilities,Paid Public Restroom (Toilet),5,5,5,INR,89,43,2026-06-22
Gujarat,Ahmedabad,Public Facilities,Paid Public Restroom (Bathroom),10,10,10,INR,95,28,2026-05-22
Gujarat,Ahmedabad,Public Facilities,Purified Drinking Water Refill (20L),15,15,15,INR,97,22,2026-05-28
Gujarat,Ahmedabad,Cultural Activities,Folk Dance / Puppet Show Ticket,100,115,105,INR,91,23,2026-05-19
Gujarat,Ahmedabad,Cultural Activities,Sound and Light Show Ticket,100,115,100,INR,90,24,2026-06-01
Gujarat,Ahmedabad,Rentals,Bicycle Rental (Per Day),60,130,,INR,78,86,2026-05-29
Gujarat,Ahmedabad,Rentals,Scooter / Activa Rental (Per Day),520,990,,INR,82,62,2026-05-05
Gujarat,Ahmedabad,Rentals,Royal Enfield / Cruiser Rental (Per Day),1300,2425,,INR,82,71,2026-07-02
Gujarat,Surat,Food,Standard Meals/Thali,110,185,,INR,84,63,2026-05-13
Gujarat,Surat,Food,Local Signature Dish,180,275,,INR,86,39,2026-05-31
Gujarat,Surat,Food,Breakfast Plate (Dosa/Puri/Poha),60,100,,INR,81,28,2026-06-09
Gujarat,Surat,Food,Evening Snack Plate,35,50,,INR,88,33,2026-06-13
Gujarat,Surat,Taxi,Airport Transfer (One-way),800,1395,835,INR,80,55,2026-06-01
Gujarat,Surat,Taxi,Railway Station Pick-up,290,525,290,INR,84,36,2026-05-18
Gujarat,Surat,Taxi,Sightseeing Taxi (8 Hours / 80km),2000,3915,2000,INR,76,49,2026-05-26
Gujarat,Surat,Auto,Short Auto Ride (Under 3km),45,55,45,INR,90,8,2026-05-13
Gujarat,Surat,Auto,Medium Auto Ride (5km),75,90,75,INR,91,41,2026-07-03
Gujarat,Surat,Auto,Auto Ride (10km),160,185,165,INR,92,10,2026-05-31
Gujarat,Surat,Bus,Local Bus Ticket (Short distance),15,15,15,INR,95,21,2026-05-06
Gujarat,Surat,Bus,Local Bus Ticket (Long distance),30,35,30,INR,87,20,2026-06-06
Gujarat,Surat,Bus,AC Volvo Intercity Bus (100km),290,305,290,INR,97,35,2026-06-01
Gujarat,Surat,Train,Coolie/Porter Service (1 Luggage),110,130,115,INR,92,14,2026-05-17
Gujarat,Surat,Train,Station Cloak Room Storage (24 Hours),25,30,25,INR,89,34,2026-05-16
Gujarat,Surat,Train,Platform Entry Ticket,10,10,10,INR,92,19,2026-05-30
Gujarat,Surat,Hotels,Budget Guest House Room (Per Night),570,725,,INR,91,18,2026-06-14
Gujarat,Surat,Hotels,3-Star Midscale Hotel Room (Per Night),3100,4315,,INR,90,33,2026-05-21
Gujarat,Surat,Hotels,Luxury / Heritage Resort Room (Per Night),10400,14220,,INR,89,44,2026-06-05
Gujarat,Surat,Souvenirs,Local Textile / Shawl,600,1025,,INR,87,51,2026-05-27
Gujarat,Surat,Souvenirs,Handcrafted Wooden / Clay Mug,160,320,,INR,82,31,2026-05-15
Gujarat,Surat,Souvenirs,Brass / Metal Art Piece,830,1500,,INR,82,58,2026-05-27
Gujarat,Surat,Souvenirs,Local Spices / Tea Pack (250g),260,525,,INR,79,30,2026-05-25
Gujarat,Surat,Attractions,Historical Monument Entry (Indian Citizen),30,45,30,INR,90,18,2026-06-13
Gujarat,Surat,Attractions,Historical Monument Entry (Foreigner),420,440,420,INR,98,26,2026-06-12
Gujarat,Surat,Attractions,Museum Entry Ticket,70,155,70,INR,76,14,2026-06-01
Gujarat,Surat,Attractions,Palace / Fort Entry Ticket,150,385,150,INR,71,16,2026-06-09
Gujarat,Surat,Boat Rides,Shared Boat Ride (30 Mins),110,210,110,INR,77,12,2026-05-09
Gujarat,Surat,Boat Rides,Private Chartered Boat Ride (1 Hour),1300,2495,,INR,84,18,2026-06-25
Gujarat,Surat,Parking,Two-Wheeler Parking (Per Hour),10,10,10,INR,96,20,2026-06-08
Gujarat,Surat,Parking,Four-Wheeler Parking (Per Hour),40,45,40,INR,90,11,2026-06-15
Gujarat,Surat,Parking,Tourist Spot All-Day Parking (Car),70,85,70,INR,94,28,2026-05-08
Gujarat,Surat,Cafés,Traditional Filter Coffee / Tea,15,25,,INR,82,50,2026-06-23
Gujarat,Surat,Cafés,Cappuccino / Latte,110,140,,INR,88,19,2026-06-16
Gujarat,Surat,Cafés,Grilled Sandwich,130,215,,INR,85,34,2026-05-12
Gujarat,Surat,Street Food,Pani Puri / Golgappa (6 Pcs),20,25,,INR,92,51,2026-05-10
Gujarat,Surat,Street Food,Samosa / Vada Pav (Plate),20,30,,INR,84,27,2026-05-19
Gujarat,Surat,Street Food,Pav Bhaji / Chaat (Plate),65,85,,INR,92,33,2026-05-15
Gujarat,Surat,Street Food,Fresh Fruit Juice / Soda,20,30,,INR,84,42,2026-05-12
Gujarat,Surat,Public Facilities,Paid Public Restroom (Toilet),2,0,2,INR,92,29,2026-06-26
Gujarat,Surat,Public Facilities,Paid Public Restroom (Bathroom),10,10,10,INR,90,27,2026-06-03
Gujarat,Surat,Public Facilities,Purified Drinking Water Refill (20L),15,15,15,INR,95,11,2026-05-27
Gujarat,Surat,Cultural Activities,Folk Dance / Puppet Show Ticket,210,245,210,INR,89,16,2026-07-01
Gujarat,Surat,Cultural Activities,Sound and Light Show Ticket,65,75,65,INR,92,6,2026-05-27
Gujarat,Surat,Rentals,Bicycle Rental (Per Day),60,130,,INR,75,43,2026-06-22
Gujarat,Surat,Rentals,Scooter / Activa Rental (Per Day),390,750,,INR,77,63,2026-05-07
Gujarat,Surat,Rentals,Royal Enfield / Cruiser Rental (Per Day),880,1500,,INR,81,44,2026-06-29
Gujarat,Vadodara,Food,Standard Meals/Thali,130,215,,INR,86,32,2026-06-01
Gujarat,Vadodara,Food,Local Signature Dish,190,320,,INR,81,54,2026-05-15
Gujarat,Vadodara,Food,Breakfast Plate (Dosa/Puri/Poha),75,125,,INR,88,33,2026-05-24
Gujarat,Vadodara,Food,Evening Snack Plate,30,45,,INR,85,55,2026-05-05
Gujarat,Vadodara,Taxi,Airport Transfer (One-way),690,1395,690,INR,77,68,2026-05-21
Gujarat,Vadodara,Taxi,Railway Station Pick-up,340,595,340,INR,87,58,2026-06-10
Gujarat,Vadodara,Taxi,Sightseeing Taxi (8 Hours / 80km),1900,3240,1900,INR,83,54,2026-05-25
Gujarat,Vadodara,Auto,Short Auto Ride (Under 3km),60,70,60,INR,95,24,2026-06-06
Gujarat,Vadodara,Auto,Medium Auto Ride (5km),75,90,75,INR,93,39,2026-05-17
Gujarat,Vadodara,Auto,Auto Ride (10km),130,150,130,INR,90,35,2026-06-27
Gujarat,Vadodara,Bus,Local Bus Ticket (Short distance),10,10,10,INR,91,30,2026-05-06
Gujarat,Vadodara,Bus,Local Bus Ticket (Long distance),50,55,50,INR,92,36,2026-06-19
Gujarat,Vadodara,Bus,AC Volvo Intercity Bus (100km),360,420,360,INR,95,40,2026-06-16
Gujarat,Vadodara,Train,Coolie/Porter Service (1 Luggage),110,135,110,INR,93,11,2026-05-26
Gujarat,Vadodara,Train,Station Cloak Room Storage (24 Hours),35,35,35,INR,92,5,2026-06-30
Gujarat,Vadodara,Train,Platform Entry Ticket,10,10,10,INR,91,33,2026-05-30
Gujarat,Vadodara,Hotels,Budget Guest House Room (Per Night),1000,1510,,INR,86,30,2026-06-11
Gujarat,Vadodara,Hotels,3-Star Midscale Hotel Room (Per Night),2000,2995,,INR,88,38,2026-06-26
Gujarat,Vadodara,Hotels,Luxury / Heritage Resort Room (Per Night),5800,8320,,INR,88,15,2026-07-02
Gujarat,Vadodara,Souvenirs,Local Textile / Shawl,400,960,,INR,75,69,2026-06-11
Gujarat,Vadodara,Souvenirs,Handcrafted Wooden / Clay Mug,130,280,,INR,75,24,2026-05-23
Gujarat,Vadodara,Souvenirs,Brass / Metal Art Piece,750,1765,,INR,78,19,2026-06-30
Gujarat,Vadodara,Souvenirs,Local Spices / Tea Pack (250g),120,265,,INR,73,25,2026-05-21
Gujarat,Vadodara,Attractions,Historical Monument Entry (Indian Citizen),45,70,45,INR,87,37,2026-06-09
Gujarat,Vadodara,Attractions,Historical Monument Entry (Foreigner),480,500,480,INR,98,15,2026-05-12
Gujarat,Vadodara,Attractions,Museum Entry Ticket,25,50,25,INR,77,50,2026-06-29
Gujarat,Vadodara,Attractions,Palace / Fort Entry Ticket,70,145,70,INR,76,21,2026-05-18
Gujarat,Vadodara,Boat Rides,Shared Boat Ride (30 Mins),80,185,80,INR,71,24,2026-05-28
Gujarat,Vadodara,Boat Rides,Private Chartered Boat Ride (1 Hour),1100,2065,,INR,83,49,2026-06-26
Gujarat,Vadodara,Parking,Two-Wheeler Parking (Per Hour),10,10,10,INR,93,29,2026-05-24
Gujarat,Vadodara,Parking,Four-Wheeler Parking (Per Hour),35,40,35,INR,92,25,2026-06-03
Gujarat,Vadodara,Parking,Tourist Spot All-Day Parking (Car),80,90,80,INR,93,36,2026-05-09
Gujarat,Vadodara,Cafés,Traditional Filter Coffee / Tea,15,20,,INR,88,23,2026-06-10
Gujarat,Vadodara,Cafés,Cappuccino / Latte,150,200,,INR,86,39,2026-06-01
Gujarat,Vadodara,Cafés,Grilled Sandwich,100,155,,INR,84,20,2026-05-17
Gujarat,Vadodara,Street Food,Pani Puri / Golgappa (6 Pcs),25,35,,INR,92,49,2026-05-30
Gujarat,Vadodara,Street Food,Samosa / Vada Pav (Plate),25,40,,INR,84,12,2026-06-06
Gujarat,Vadodara,Street Food,Pav Bhaji / Chaat (Plate),50,80,,INR,83,27,2026-06-16
Gujarat,Vadodara,Street Food,Fresh Fruit Juice / Soda,30,45,,INR,83,45,2026-05-08
Gujarat,Vadodara,Public Facilities,Paid Public Restroom (Toilet),5,5,5,INR,92,43,2026-06-04
Gujarat,Vadodara,Public Facilities,Paid Public Restroom (Bathroom),10,10,10,INR,95,22,2026-07-02
Gujarat,Vadodara,Public Facilities,Purified Drinking Water Refill (20L),10,10,10,INR,95,6,2026-06-20
Gujarat,Vadodara,Cultural Activities,Folk Dance / Puppet Show Ticket,190,220,190,INR,92,29,2026-06-09
Gujarat,Vadodara,Cultural Activities,Sound and Light Show Ticket,85,100,85,INR,94,18,2026-06-26
Gujarat,Vadodara,Rentals,Bicycle Rental (Per Day),80,165,,INR,81,76,2026-06-28
Gujarat,Vadodara,Rentals,Scooter / Activa Rental (Per Day),450,875,,INR,84,45,2026-06-20
Gujarat,Vadodara,Rentals,Royal Enfield / Cruiser Rental (Per Day),950,1845,,INR,80,72,2026-06-01
Gujarat,Rajkot,Food,Standard Meals/Thali,110,165,,INR,89,47,2026-06-13
Gujarat,Rajkot,Food,Local Signature Dish,110,145,,INR,91,44,2026-06-16
Gujarat,Rajkot,Food,Breakfast Plate (Dosa/Puri/Poha),50,75,,INR,90,52,2026-06-27
Gujarat,Rajkot,Food,Evening Snack Plate,35,55,,INR,86,26,2026-05-11
Gujarat,Rajkot,Taxi,Airport Transfer (One-way),690,1315,690,INR,82,33,2026-06-12
Gujarat,Rajkot,Taxi,Railway Station Pick-up,260,510,260,INR,78,43,2026-06-14
Gujarat,Rajkot,Taxi,Sightseeing Taxi (8 Hours / 80km),2000,4885,2000,INR,75,46,2026-06-16
Gujarat,Rajkot,Auto,Short Auto Ride (Under 3km),50,60,50,INR,92,29,2026-05-09
Gujarat,Rajkot,Auto,Medium Auto Ride (5km),80,95,80,INR,96,18,2026-05-28
Gujarat,Rajkot,Auto,Auto Ride (10km),200,235,210,INR,91,42,2026-05-08
Gujarat,Rajkot,Bus,Local Bus Ticket (Short distance),15,20,15,INR,94,12,2026-06-17
Gujarat,Rajkot,Bus,Local Bus Ticket (Long distance),25,30,25,INR,90,44,2026-05-24
Gujarat,Rajkot,Bus,AC Volvo Intercity Bus (100km),400,480,410,INR,88,39,2026-05-24
Gujarat,Rajkot,Train,Coolie/Porter Service (1 Luggage),75,90,75,INR,91,26,2026-05-10
Gujarat,Rajkot,Train,Station Cloak Room Storage (24 Hours),35,40,35,INR,94,14,2026-05-11
Gujarat,Rajkot,Train,Platform Entry Ticket,10,10,10,INR,91,27,2026-06-22
Gujarat,Rajkot,Hotels,Budget Guest House Room (Per Night),860,1375,,INR,88,44,2026-06-25
Gujarat,Rajkot,Hotels,3-Star Midscale Hotel Room (Per Night),2900,4795,,INR,87,38,2026-05-22
Gujarat,Rajkot,Hotels,Luxury / Heritage Resort Room (Per Night),5400,8845,,INR,81,58,2026-06-22
Gujarat,Rajkot,Souvenirs,Local Textile / Shawl,760,1440,,INR,83,39,2026-06-06
Gujarat,Rajkot,Souvenirs,Handcrafted Wooden / Clay Mug,100,240,,INR,73,86,2026-06-16
Gujarat,Rajkot,Souvenirs,Brass / Metal Art Piece,770,1835,,INR,74,36,2026-07-01
Gujarat,Rajkot,Souvenirs,Local Spices / Tea Pack (250g),150,270,,INR,81,30,2026-05-26
Gujarat,Rajkot,Attractions,Historical Monument Entry (Indian Citizen),30,75,30,INR,68,50,2026-06-05
Gujarat,Rajkot,Attractions,Historical Monument Entry (Foreigner),300,315,300,INR,97,35,2026-05-28
Gujarat,Rajkot,Attractions,Museum Entry Ticket,70,135,75,INR,78,47,2026-06-08
Gujarat,Rajkot,Attractions,Palace / Fort Entry Ticket,45,65,45,INR,90,22,2026-05-06
Gujarat,Rajkot,Boat Rides,Shared Boat Ride (30 Mins),120,205,120,INR,87,13,2026-06-08
Gujarat,Rajkot,Boat Rides,Private Chartered Boat Ride (1 Hour),450,1055,,INR,73,26,2026-06-01
Gujarat,Rajkot,Parking,Two-Wheeler Parking (Per Hour),15,15,15,INR,90,25,2026-05-15
Gujarat,Rajkot,Parking,Four-Wheeler Parking (Per Hour),35,40,35,INR,94,35,2026-05-31
Gujarat,Rajkot,Parking,Tourist Spot All-Day Parking (Car),50,55,50,INR,94,26,2026-05-22
Gujarat,Rajkot,Cafés,Traditional Filter Coffee / Tea,20,30,,INR,88,8,2026-06-24
Gujarat,Rajkot,Cafés,Cappuccino / Latte,85,110,,INR,91,49,2026-05-29
Gujarat,Rajkot,Cafés,Grilled Sandwich,60,85,,INR,85,51,2026-05-26
Gujarat,Rajkot,Street Food,Pani Puri / Golgappa (6 Pcs),30,40,,INR,91,10,2026-05-22
Gujarat,Rajkot,Street Food,Samosa / Vada Pav (Plate),20,30,,INR,82,35,2026-06-27
Gujarat,Rajkot,Street Food,Pav Bhaji / Chaat (Plate),75,125,,INR,81,8,2026-05-23
Gujarat,Rajkot,Street Food,Fresh Fruit Juice / Soda,20,30,,INR,86,56,2026-05-21
Gujarat,Rajkot,Public Facilities,Paid Public Restroom (Toilet),5,5,5,INR,94,6,2026-06-27
Gujarat,Rajkot,Public Facilities,Paid Public Restroom (Bathroom),10,10,10,INR,95,14,2026-06-23
Gujarat,Rajkot,Public Facilities,Purified Drinking Water Refill (20L),15,15,15,INR,94,37,2026-05-14
Gujarat,Rajkot,Cultural Activities,Folk Dance / Puppet Show Ticket,210,245,210,INR,89,11,2026-06-30
Gujarat,Rajkot,Cultural Activities,Sound and Light Show Ticket,50,60,50,INR,95,13,2026-06-24
Gujarat,Rajkot,Rentals,Bicycle Rental (Per Day),80,180,,INR,76,48,2026-06-10
Gujarat,Rajkot,Rentals,Scooter / Activa Rental (Per Day),440,980,,INR,74,63,2026-06-07
Gujarat,Rajkot,Rentals,Royal Enfield / Cruiser Rental (Per Day),1100,1885,,INR,85,41,2026-05-05
Gujarat,Dwarka,Food,Standard Meals/Thali,160,360,,INR,74,60,2026-05-27
Gujarat,Dwarka,Food,Local Signature Dish,210,345,,INR,85,12,2026-06-09
Gujarat,Dwarka,Food,Breakfast Plate (Dosa/Puri/Poha),100,225,,INR,74,79,2026-05-27
Gujarat,Dwarka,Food,Evening Snack Plate,45,70,,INR,85,47,2026-06-10
Gujarat,Dwarka,Taxi,Airport Transfer (One-way),1000,3015,1000,INR,67,57,2026-06-22
Gujarat,Dwarka,Taxi,Railway Station Pick-up,340,1115,350,INR,63,51,2026-05-18
Gujarat,Dwarka,Taxi,Sightseeing Taxi (8 Hours / 80km),3200,9485,3345,INR,64,51,2026-06-26
Gujarat,Dwarka,Auto,Short Auto Ride (Under 3km),50,65,50,INR,93,30,2026-06-02
Gujarat,Dwarka,Auto,Medium Auto Ride (5km),140,185,140,INR,93,34,2026-06-02
Gujarat,Dwarka,Auto,Auto Ride (10km),180,240,180,INR,89,44,2026-05-18
Gujarat,Dwarka,Bus,Local Bus Ticket (Short distance),20,25,20,INR,94,22,2026-05-20
Gujarat,Dwarka,Bus,Local Bus Ticket (Long distance),30,40,30,INR,87,43,2026-05-22
Gujarat,Dwarka,Bus,AC Volvo Intercity Bus (100km),470,575,490,INR,94,20,2026-05-14
Gujarat,Dwarka,Train,Coolie/Porter Service (1 Luggage),140,195,140,INR,88,32,2026-06-10
Gujarat,Dwarka,Train,Station Cloak Room Storage (24 Hours),30,40,30,INR,88,35,2026-06-04
Gujarat,Dwarka,Train,Platform Entry Ticket,10,15,10,INR,86,42,2026-05-16
Gujarat,Dwarka,Hotels,Budget Guest House Room (Per Night),1200,1795,,INR,87,38,2026-06-08
Gujarat,Dwarka,Hotels,3-Star Midscale Hotel Room (Per Night),3400,7320,,INR,78,78,2026-05-10
Gujarat,Dwarka,Hotels,Luxury / Heritage Resort Room (Per Night),13500,22815,,INR,88,62,2026-05-18
Gujarat,Dwarka,Souvenirs,Local Textile / Shawl,640,1705,,INR,69,84,2026-05-22
Gujarat,Dwarka,Souvenirs,Handcrafted Wooden / Clay Mug,100,300,,INR,62,88,2026-06-20
Gujarat,Dwarka,Souvenirs,Brass / Metal Art Piece,770,2175,,INR,67,88,2026-05-27
Gujarat,Dwarka,Souvenirs,Local Spices / Tea Pack (250g),220,515,,INR,78,38,2026-06-23
Gujarat,Dwarka,Attractions,Historical Monument Entry (Indian Citizen),25,60,25,INR,75,43,2026-06-20
Gujarat,Dwarka,Attractions,Historical Monument Entry (Foreigner),570,615,590,INR,91,31,2026-05-19
Gujarat,Dwarka,Attractions,Museum Entry Ticket,65,215,65,INR,62,55,2026-05-23
Gujarat,Dwarka,Attractions,Palace / Fort Entry Ticket,140,285,145,INR,80,79,2026-06-22
Gujarat,Dwarka,Boat Rides,Shared Boat Ride (30 Mins),95,215,95,INR,72,66,2026-06-16
Gujarat,Dwarka,Boat Rides,Private Chartered Boat Ride (1 Hour),920,3240,,INR,56,86,2026-05-08
Gujarat,Dwarka,Parking,Two-Wheeler Parking (Per Hour),20,25,20,INR,93,7,2026-06-04
Gujarat,Dwarka,Parking,Four-Wheeler Parking (Per Hour),40,45,40,INR,91,28,2026-06-25
Gujarat,Dwarka,Parking,Tourist Spot All-Day Parking (Car),65,85,65,INR,86,26,2026-05-16
Gujarat,Dwarka,Cafés,Traditional Filter Coffee / Tea,30,65,,INR,74,56,2026-06-03
Gujarat,Dwarka,Cafés,Cappuccino / Latte,190,385,,INR,80,61,2026-05-06
Gujarat,Dwarka,Cafés,Grilled Sandwich,160,280,,INR,81,35,2026-06-13
Gujarat,Dwarka,Street Food,Pani Puri / Golgappa (6 Pcs),25,40,,INR,86,19,2026-05-17
Gujarat,Dwarka,Street Food,Samosa / Vada Pav (Plate),20,35,,INR,85,60,2026-06-23
Gujarat,Dwarka,Street Food,Pav Bhaji / Chaat (Plate),95,155,,INR,82,36,2026-05-05
Gujarat,Dwarka,Street Food,Fresh Fruit Juice / Soda,40,85,,INR,77,58,2026-06-03
Gujarat,Dwarka,Public Facilities,Paid Public Restroom (Toilet),2,5,2,INR,91,16,2026-06-12
Gujarat,Dwarka,Public Facilities,Paid Public Restroom (Bathroom),15,20,15,INR,87,24,2026-06-26
Gujarat,Dwarka,Public Facilities,Purified Drinking Water Refill (20L),10,15,10,INR,90,43,2026-06-15
Gujarat,Dwarka,Cultural Activities,Folk Dance / Puppet Show Ticket,310,410,310,INR,88,49,2026-05-25
Gujarat,Dwarka,Cultural Activities,Sound and Light Show Ticket,130,170,130,INR,92,42,2026-05-12
Gujarat,Dwarka,Rentals,Bicycle Rental (Per Day),75,175,,INR,73,12,2026-06-11
Gujarat,Dwarka,Rentals,Scooter / Activa Rental (Per Day),680,2355,,INR,56,112,2026-05-16
Gujarat,Dwarka,Rentals,Royal Enfield / Cruiser Rental (Per Day),1300,4455,,INR,57,22,2026-05-26
Haryana,Gurugram,Food,Standard Meals/Thali,210,395,,INR,80,23,2026-06-03
Haryana,Gurugram,Food,Local Signature Dish,140,270,,INR,84,37,2026-05-11
Haryana,Gurugram,Food,Breakfast Plate (Dosa/Puri/Poha),100,155,,INR,85,16,2026-06-01
Haryana,Gurugram,Food,Evening Snack Plate,45,70,,INR,83,36,2026-06-02
Haryana,Gurugram,Taxi,Airport Transfer (One-way),550,1080,550,INR,81,59,2026-06-30
Haryana,Gurugram,Taxi,Railway Station Pick-up,460,1200,465,INR,69,93,2026-06-10
Haryana,Gurugram,Taxi,Sightseeing Taxi (8 Hours / 80km),2600,5955,2615,INR,72,14,2026-06-13
Haryana,Gurugram,Auto,Short Auto Ride (Under 3km),60,75,60,INR,88,41,2026-05-17
Haryana,Gurugram,Auto,Medium Auto Ride (5km),140,175,140,INR,93,47,2026-06-12
Haryana,Gurugram,Auto,Auto Ride (10km),250,310,255,INR,93,33,2026-06-17
Haryana,Gurugram,Bus,Local Bus Ticket (Short distance),25,25,25,INR,92,38,2026-06-09
Haryana,Gurugram,Bus,Local Bus Ticket (Long distance),40,45,40,INR,90,11,2026-06-04
Haryana,Gurugram,Bus,AC Volvo Intercity Bus (100km),490,530,490,INR,97,37,2026-05-16
Haryana,Gurugram,Train,Coolie/Porter Service (1 Luggage),140,185,140,INR,88,8,2026-06-19
Haryana,Gurugram,Train,Station Cloak Room Storage (24 Hours),40,45,40,INR,94,19,2026-06-07
Haryana,Gurugram,Train,Platform Entry Ticket,15,15,15,INR,93,41,2026-06-22
Haryana,Gurugram,Hotels,Budget Guest House Room (Per Night),980,1865,,INR,80,67,2026-05-06
Haryana,Gurugram,Hotels,3-Star Midscale Hotel Room (Per Night),2800,4325,,INR,88,47,2026-05-08
Haryana,Gurugram,Hotels,Luxury / Heritage Resort Room (Per Night),11000,16355,,INR,89,28,2026-05-14
Haryana,Gurugram,Souvenirs,Local Textile / Shawl,1200,2835,,INR,72,29,2026-06-13
Haryana,Gurugram,Souvenirs,Handcrafted Wooden / Clay Mug,250,660,,INR,71,54,2026-06-18
Haryana,Gurugram,Souvenirs,Brass / Metal Art Piece,1600,4685,,INR,65,89,2026-06-11
Haryana,Gurugram,Souvenirs,Local Spices / Tea Pack (250g),160,475,,INR,65,50,2026-06-16
Haryana,Gurugram,Attractions,Historical Monument Entry (Indian Citizen),55,120,55,INR,81,25,2026-06-07
Haryana,Gurugram,Attractions,Historical Monument Entry (Foreigner),620,655,645,INR,95,35,2026-06-08
Haryana,Gurugram,Attractions,Museum Entry Ticket,70,150,70,INR,76,28,2026-06-12
Haryana,Gurugram,Attractions,Palace / Fort Entry Ticket,130,380,135,INR,68,45,2026-07-02
Haryana,Gurugram,Boat Rides,Shared Boat Ride (30 Mins),130,345,130,INR,74,14,2026-06-28
Haryana,Gurugram,Boat Rides,Private Chartered Boat Ride (1 Hour),1400,2805,,INR,80,18,2026-06-21
Haryana,Gurugram,Parking,Two-Wheeler Parking (Per Hour),25,30,25,INR,89,37,2026-06-18
Haryana,Gurugram,Parking,Four-Wheeler Parking (Per Hour),40,55,40,INR,86,21,2026-06-07
Haryana,Gurugram,Parking,Tourist Spot All-Day Parking (Car),95,110,100,INR,90,43,2026-05-28
Haryana,Gurugram,Cafés,Traditional Filter Coffee / Tea,35,60,,INR,84,15,2026-05-09
Haryana,Gurugram,Cafés,Cappuccino / Latte,150,220,,INR,84,53,2026-06-09
Haryana,Gurugram,Cafés,Grilled Sandwich,130,240,,INR,84,45,2026-05-19
Haryana,Gurugram,Street Food,Pani Puri / Golgappa (6 Pcs),40,55,,INR,84,10,2026-05-10
Haryana,Gurugram,Street Food,Samosa / Vada Pav (Plate),25,45,,INR,80,56,2026-06-18
Haryana,Gurugram,Street Food,Pav Bhaji / Chaat (Plate),120,180,,INR,84,17,2026-05-06
Haryana,Gurugram,Street Food,Fresh Fruit Juice / Soda,30,55,,INR,84,64,2026-06-06
Haryana,Gurugram,Public Facilities,Paid Public Restroom (Toilet),5,5,5,INR,91,41,2026-06-29
Haryana,Gurugram,Public Facilities,Paid Public Restroom (Bathroom),15,20,15,INR,91,21,2026-06-24
Haryana,Gurugram,Public Facilities,Purified Drinking Water Refill (20L),15,20,15,INR,87,14,2026-05-21
Haryana,Gurugram,Cultural Activities,Folk Dance / Puppet Show Ticket,380,470,395,INR,91,21,2026-05-23
Haryana,Gurugram,Cultural Activities,Sound and Light Show Ticket,190,235,190,INR,91,12,2026-06-13
Haryana,Gurugram,Rentals,Bicycle Rental (Per Day),110,320,,INR,64,62,2026-06-20
Haryana,Gurugram,Rentals,Scooter / Activa Rental (Per Day),680,1530,,INR,79,82,2026-06-03
Haryana,Gurugram,Rentals,Royal Enfield / Cruiser Rental (Per Day),1400,3100,,INR,80,81,2026-06-03
Haryana,Faridabad,Food,Standard Meals/Thali,150,205,,INR,90,17,2026-05-26
Haryana,Faridabad,Food,Local Signature Dish,110,165,,INR,86,51,2026-06-16
Haryana,Faridabad,Food,Breakfast Plate (Dosa/Puri/Poha),65,105,,INR,87,50,2026-05-26
Haryana,Faridabad,Food,Evening Snack Plate,35,45,,INR,89,34,2026-05-26
Haryana,Faridabad,Taxi,Airport Transfer (One-way),410,715,420,INR,81,8,2026-05-21
Haryana,Faridabad,Taxi,Railway Station Pick-up,360,755,375,INR,81,70,2026-05-06
Haryana,Faridabad,Taxi,Sightseeing Taxi (8 Hours / 80km),1800,3290,1800,INR,85,37,2026-06-27
Haryana,Faridabad,Auto,Short Auto Ride (Under 3km),60,70,60,INR,94,36,2026-05-09
Haryana,Faridabad,Auto,Medium Auto Ride (5km),70,80,70,INR,90,39,2026-06-07
Haryana,Faridabad,Auto,Auto Ride (10km),190,220,190,INR,90,8,2026-05-06
Haryana,Faridabad,Bus,Local Bus Ticket (Short distance),20,25,20,INR,92,19,2026-06-12
Haryana,Faridabad,Bus,Local Bus Ticket (Long distance),50,55,50,INR,93,14,2026-05-12
Haryana,Faridabad,Bus,AC Volvo Intercity Bus (100km),440,500,440,INR,96,34,2026-05-21
Haryana,Faridabad,Train,Coolie/Porter Service (1 Luggage),110,135,115,INR,91,20,2026-05-06
Haryana,Faridabad,Train,Station Cloak Room Storage (24 Hours),35,40,35,INR,97,40,2026-06-12
Haryana,Faridabad,Train,Platform Entry Ticket,10,10,10,INR,92,17,2026-05-28
Haryana,Faridabad,Hotels,Budget Guest House Room (Per Night),460,760,,INR,84,30,2026-06-04
Haryana,Faridabad,Hotels,3-Star Midscale Hotel Room (Per Night),2900,3680,,INR,90,41,2026-05-12
Haryana,Faridabad,Hotels,Luxury / Heritage Resort Room (Per Night),7200,11640,,INR,84,33,2026-05-27
Haryana,Faridabad,Souvenirs,Local Textile / Shawl,910,1975,,INR,75,68,2026-06-18
Haryana,Faridabad,Souvenirs,Handcrafted Wooden / Clay Mug,120,230,,INR,80,27,2026-06-16
Haryana,Faridabad,Souvenirs,Brass / Metal Art Piece,700,1545,,INR,76,69,2026-06-26
Haryana,Faridabad,Souvenirs,Local Spices / Tea Pack (250g),250,530,,INR,78,12,2026-06-21
Haryana,Faridabad,Attractions,Historical Monument Entry (Indian Citizen),30,60,30,INR,81,57,2026-05-24
Haryana,Faridabad,Attractions,Historical Monument Entry (Foreigner),360,375,375,INR,93,7,2026-05-16
Haryana,Faridabad,Attractions,Museum Entry Ticket,60,100,60,INR,85,32,2026-06-24
Haryana,Faridabad,Attractions,Palace / Fort Entry Ticket,50,100,50,INR,81,23,2026-06-08
Haryana,Faridabad,Boat Rides,Shared Boat Ride (30 Mins),130,245,135,INR,81,37,2026-05-25
Haryana,Faridabad,Boat Rides,Private Chartered Boat Ride (1 Hour),1200,2070,,INR,87,55,2026-05-24
Haryana,Faridabad,Parking,Two-Wheeler Parking (Per Hour),15,20,15,INR,88,10,2026-05-11
Haryana,Faridabad,Parking,Four-Wheeler Parking (Per Hour),20,20,20,INR,94,16,2026-06-02
Haryana,Faridabad,Parking,Tourist Spot All-Day Parking (Car),80,90,80,INR,90,17,2026-05-13
Haryana,Faridabad,Cafés,Traditional Filter Coffee / Tea,20,30,,INR,90,55,2026-06-01
Haryana,Faridabad,Cafés,Cappuccino / Latte,120,155,,INR,87,33,2026-06-03
Haryana,Faridabad,Cafés,Grilled Sandwich,90,130,,INR,88,38,2026-05-21
Haryana,Faridabad,Street Food,Pani Puri / Golgappa (6 Pcs),25,35,,INR,89,48,2026-06-22
Haryana,Faridabad,Street Food,Samosa / Vada Pav (Plate),20,30,,INR,89,58,2026-06-20
Haryana,Faridabad,Street Food,Pav Bhaji / Chaat (Plate),60,75,,INR,88,22,2026-06-09
Haryana,Faridabad,Street Food,Fresh Fruit Juice / Soda,20,25,,INR,91,15,2026-05-26
Haryana,Faridabad,Public Facilities,Paid Public Restroom (Toilet),5,5,5,INR,95,23,2026-05-31
Haryana,Faridabad,Public Facilities,Paid Public Restroom (Bathroom),15,15,15,INR,95,42,2026-06-02
Haryana,Faridabad,Public Facilities,Purified Drinking Water Refill (20L),10,10,10,INR,93,17,2026-06-16
Haryana,Faridabad,Cultural Activities,Folk Dance / Puppet Show Ticket,180,210,180,INR,90,20,2026-06-30
Haryana,Faridabad,Cultural Activities,Sound and Light Show Ticket,120,140,125,INR,96,20,2026-05-17
Haryana,Faridabad,Rentals,Bicycle Rental (Per Day),50,95,,INR,84,41,2026-05-24
Haryana,Faridabad,Rentals,Scooter / Activa Rental (Per Day),320,580,,INR,85,49,2026-06-11
Haryana,Faridabad,Rentals,Royal Enfield / Cruiser Rental (Per Day),1300,2920,,INR,75,70,2026-05-13
Haryana,Panipat,Food,Standard Meals/Thali,160,215,,INR,85,28,2026-06-12
Haryana,Panipat,Food,Local Signature Dish,220,315,,INR,86,51,2026-05-28
Haryana,Panipat,Food,Breakfast Plate (Dosa/Puri/Poha),70,110,,INR,90,41,2026-05-09
Haryana,Panipat,Food,Evening Snack Plate,50,80,,INR,82,58,2026-06-01
Haryana,Panipat,Taxi,Airport Transfer (One-way),610,1385,610,INR,75,31,2026-05-16
Haryana,Panipat,Taxi,Railway Station Pick-up,190,460,190,INR,76,51,2026-05-07
Haryana,Panipat,Taxi,Sightseeing Taxi (8 Hours / 80km),2300,4735,2300,INR,82,71,2026-06-14
Haryana,Panipat,Auto,Short Auto Ride (Under 3km),55,65,55,INR,91,14,2026-05-24
Haryana,Panipat,Auto,Medium Auto Ride (5km),100,115,100,INR,94,13,2026-06-22
Haryana,Panipat,Auto,Auto Ride (10km),120,140,120,INR,96,14,2026-05-18
Haryana,Panipat,Bus,Local Bus Ticket (Short distance),20,25,20,INR,89,41,2026-05-07
Haryana,Panipat,Bus,Local Bus Ticket (Long distance),40,45,40,INR,89,39,2026-06-08
Haryana,Panipat,Bus,AC Volvo Intercity Bus (100km),380,420,380,INR,96,42,2026-06-20
Haryana,Panipat,Train,Coolie/Porter Service (1 Luggage),90,100,90,INR,94,11,2026-06-23
Haryana,Panipat,Train,Station Cloak Room Storage (24 Hours),35,40,35,INR,94,15,2026-05-17
Haryana,Panipat,Train,Platform Entry Ticket,10,10,10,INR,88,43,2026-06-23
Haryana,Panipat,Hotels,Budget Guest House Room (Per Night),870,1105,,INR,89,45,2026-07-02
Haryana,Panipat,Hotels,3-Star Midscale Hotel Room (Per Night),2900,3835,,INR,93,11,2026-06-12
Haryana,Panipat,Hotels,Luxury / Heritage Resort Room (Per Night),9200,12390,,INR,88,24,2026-05-12
Haryana,Panipat,Souvenirs,Local Textile / Shawl,640,1370,,INR,78,17,2026-06-28
Haryana,Panipat,Souvenirs,Handcrafted Wooden / Clay Mug,90,175,,INR,84,39,2026-05-07
Haryana,Panipat,Souvenirs,Brass / Metal Art Piece,1100,2610,,INR,74,58,2026-05-13
Haryana,Panipat,Souvenirs,Local Spices / Tea Pack (250g),95,170,,INR,80,34,2026-05-09
Haryana,Panipat,Attractions,Historical Monument Entry (Indian Citizen),45,110,45,INR,70,73,2026-06-28
Haryana,Panipat,Attractions,Historical Monument Entry (Foreigner),410,425,410,INR,95,40,2026-05-21
Haryana,Panipat,Attractions,Museum Entry Ticket,80,190,80,INR,73,62,2026-05-11
Haryana,Panipat,Attractions,Palace / Fort Entry Ticket,65,140,65,INR,75,51,2026-06-17
Haryana,Panipat,Boat Rides,Shared Boat Ride (30 Mins),110,190,110,INR,86,61,2026-06-10
Haryana,Panipat,Boat Rides,Private Chartered Boat Ride (1 Hour),590,1220,,INR,82,17,2026-06-27
Haryana,Panipat,Parking,Two-Wheeler Parking (Per Hour),10,10,10,INR,95,28,2026-06-03
Haryana,Panipat,Parking,Four-Wheeler Parking (Per Hour),20,25,20,INR,88,31,2026-07-03
Haryana,Panipat,Parking,Tourist Spot All-Day Parking (Car),45,50,45,INR,93,15,2026-06-07
Haryana,Panipat,Cafés,Traditional Filter Coffee / Tea,15,25,,INR,83,37,2026-06-22
Haryana,Panipat,Cafés,Cappuccino / Latte,150,235,,INR,86,14,2026-06-17
Haryana,Panipat,Cafés,Grilled Sandwich,75,105,,INR,89,56,2026-07-01
Haryana,Panipat,Street Food,Pani Puri / Golgappa (6 Pcs),20,30,,INR,86,28,2026-05-09
Haryana,Panipat,Street Food,Samosa / Vada Pav (Plate),20,30,,INR,88,16,2026-05-06
Haryana,Panipat,Street Food,Pav Bhaji / Chaat (Plate),70,90,,INR,88,47,2026-06-26
Haryana,Panipat,Street Food,Fresh Fruit Juice / Soda,40,55,,INR,91,13,2026-06-19
Haryana,Panipat,Public Facilities,Paid Public Restroom (Toilet),5,5,5,INR,95,43,2026-05-12
Haryana,Panipat,Public Facilities,Paid Public Restroom (Bathroom),10,10,10,INR,96,25,2026-05-25
Haryana,Panipat,Public Facilities,Purified Drinking Water Refill (20L),15,20,15,INR,90,38,2026-06-29
Haryana,Panipat,Cultural Activities,Folk Dance / Puppet Show Ticket,150,175,150,INR,89,38,2026-05-15
Haryana,Panipat,Cultural Activities,Sound and Light Show Ticket,65,75,65,INR,91,18,2026-06-09
Haryana,Panipat,Rentals,Bicycle Rental (Per Day),75,155,,INR,79,53,2026-06-25
Haryana,Panipat,Rentals,Scooter / Activa Rental (Per Day),370,790,,INR,74,74,2026-06-06
Haryana,Panipat,Rentals,Royal Enfield / Cruiser Rental (Per Day),980,1785,,INR,79,55,2026-05-10
Haryana,Ambala,Food,Standard Meals/Thali,160,225,,INR,89,38,2026-06-17
Haryana,Ambala,Food,Local Signature Dish,210,305,,INR,85,28,2026-06-29
Haryana,Ambala,Food,Breakfast Plate (Dosa/Puri/Poha),80,130,,INR,81,28,2026-06-27
Haryana,Ambala,Food,Evening Snack Plate,55,90,,INR,84,48,2026-05-08
Haryana,Ambala,Taxi,Airport Transfer (One-way),640,1340,670,INR,75,24,2026-05-10
Haryana,Ambala,Taxi,Railway Station Pick-up,330,610,330,INR,84,52,2026-05-08
Haryana,Ambala,Taxi,Sightseeing Taxi (8 Hours / 80km),2100,4115,2100,INR,80,56,2026-06-25
Haryana,Ambala,Auto,Short Auto Ride (Under 3km),50,60,50,INR,96,22,2026-05-07
Haryana,Ambala,Auto,Medium Auto Ride (5km),120,140,120,INR,92,38,2026-05-30
Haryana,Ambala,Auto,Auto Ride (10km),180,210,180,INR,92,32,2026-06-14
Haryana,Ambala,Bus,Local Bus Ticket (Short distance),20,25,20,INR,93,36,2026-06-23
Haryana,Ambala,Bus,Local Bus Ticket (Long distance),20,20,20,INR,97,38,2026-06-01
Haryana,Ambala,Bus,AC Volvo Intercity Bus (100km),350,405,350,INR,92,18,2026-05-21
Haryana,Ambala,Train,Coolie/Porter Service (1 Luggage),110,135,110,INR,90,25,2026-07-01
Haryana,Ambala,Train,Station Cloak Room Storage (24 Hours),20,25,20,INR,90,33,2026-05-05
Haryana,Ambala,Train,Platform Entry Ticket,10,10,10,INR,93,39,2026-06-28
Haryana,Ambala,Hotels,Budget Guest House Room (Per Night),550,920,,INR,83,21,2026-05-18
Haryana,Ambala,Hotels,3-Star Midscale Hotel Room (Per Night),1700,2800,,INR,85,19,2026-07-01
Haryana,Ambala,Hotels,Luxury / Heritage Resort Room (Per Night),8100,12450,,INR,88,21,2026-06-02
Haryana,Ambala,Souvenirs,Local Textile / Shawl,530,1015,,INR,83,35,2026-06-19
Haryana,Ambala,Souvenirs,Handcrafted Wooden / Clay Mug,200,430,,INR,78,44,2026-05-21
Haryana,Ambala,Souvenirs,Brass / Metal Art Piece,390,725,,INR,86,44,2026-05-22
Haryana,Ambala,Souvenirs,Local Spices / Tea Pack (250g),270,490,,INR,84,70,2026-05-08
Haryana,Ambala,Attractions,Historical Monument Entry (Indian Citizen),25,50,25,INR,83,43,2026-05-23
Haryana,Ambala,Attractions,Historical Monument Entry (Foreigner),450,470,450,INR,94,15,2026-05-19
Haryana,Ambala,Attractions,Museum Entry Ticket,10,20,10,INR,76,70,2026-06-17
Haryana,Ambala,Attractions,Palace / Fort Entry Ticket,85,135,85,INR,87,35,2026-06-14
Haryana,Ambala,Boat Rides,Shared Boat Ride (30 Mins),70,140,70,INR,82,58,2026-06-02
Haryana,Ambala,Boat Rides,Private Chartered Boat Ride (1 Hour),1200,2220,,INR,85,34,2026-06-21
Haryana,Ambala,Parking,Two-Wheeler Parking (Per Hour),15,15,15,INR,92,18,2026-05-13
Haryana,Ambala,Parking,Four-Wheeler Parking (Per Hour),40,50,40,INR,92,9,2026-05-09
Haryana,Ambala,Parking,Tourist Spot All-Day Parking (Car),50,60,50,INR,94,29,2026-06-04
Haryana,Ambala,Cafés,Traditional Filter Coffee / Tea,25,40,,INR,87,26,2026-05-26
Haryana,Ambala,Cafés,Cappuccino / Latte,140,195,,INR,92,12,2026-05-09
Haryana,Ambala,Cafés,Grilled Sandwich,120,175,,INR,89,15,2026-05-31
Haryana,Ambala,Street Food,Pani Puri / Golgappa (6 Pcs),30,40,,INR,89,43,2026-05-17
Haryana,Ambala,Street Food,Samosa / Vada Pav (Plate),20,30,,INR,85,14,2026-05-31
Haryana,Ambala,Street Food,Pav Bhaji / Chaat (Plate),45,60,,INR,89,31,2026-05-18
Haryana,Ambala,Street Food,Fresh Fruit Juice / Soda,20,30,,INR,89,23,2026-06-01
Haryana,Ambala,Public Facilities,Paid Public Restroom (Toilet),2,0,2,INR,89,23,2026-06-09
Haryana,Ambala,Public Facilities,Paid Public Restroom (Bathroom),10,10,10,INR,95,18,2026-06-09
Haryana,Ambala,Public Facilities,Purified Drinking Water Refill (20L),10,10,10,INR,90,20,2026-07-01
Haryana,Ambala,Cultural Activities,Folk Dance / Puppet Show Ticket,190,220,190,INR,96,39,2026-06-08
Haryana,Ambala,Cultural Activities,Sound and Light Show Ticket,100,115,100,INR,92,27,2026-05-06
Haryana,Ambala,Rentals,Bicycle Rental (Per Day),60,145,,INR,75,43,2026-06-01
Haryana,Ambala,Rentals,Scooter / Activa Rental (Per Day),490,1005,,INR,76,46,2026-05-26
Haryana,Ambala,Rentals,Royal Enfield / Cruiser Rental (Per Day),900,1895,,INR,80,46,2026-05-23
Haryana,Kurukshetra,Food,Standard Meals/Thali,150,335,,INR,75,18,2026-06-12
Haryana,Kurukshetra,Food,Local Signature Dish,140,270,,INR,82,24,2026-06-27
Haryana,Kurukshetra,Food,Breakfast Plate (Dosa/Puri/Poha),75,145,,INR,78,59,2026-06-22
Haryana,Kurukshetra,Food,Evening Snack Plate,55,105,,INR,80,18,2026-06-23
Haryana,Kurukshetra,Taxi,Airport Transfer (One-way),630,2215,630,INR,55,110,2026-05-17
Haryana,Kurukshetra,Taxi,Railway Station Pick-up,360,960,360,INR,66,92,2026-06-09
Haryana,Kurukshetra,Taxi,Sightseeing Taxi (8 Hours / 80km),3000,8245,3000,INR,69,53,2026-06-15
Haryana,Kurukshetra,Auto,Short Auto Ride (Under 3km),55,75,55,INR,86,37,2026-05-30
Haryana,Kurukshetra,Auto,Medium Auto Ride (5km),90,120,95,INR,88,15,2026-06-02
Haryana,Kurukshetra,Auto,Auto Ride (10km),230,305,230,INR,91,8,2026-05-24
Haryana,Kurukshetra,Bus,Local Bus Ticket (Short distance),25,35,25,INR,88,20,2026-06-16
Haryana,Kurukshetra,Bus,Local Bus Ticket (Long distance),55,60,55,INR,94,28,2026-05-09
Haryana,Kurukshetra,Bus,AC Volvo Intercity Bus (100km),550,685,550,INR,94,25,2026-05-25
Haryana,Kurukshetra,Train,Coolie/Porter Service (1 Luggage),110,155,110,INR,87,43,2026-05-08
Haryana,Kurukshetra,Train,Station Cloak Room Storage (24 Hours),30,35,30,INR,88,23,2026-05-07
Haryana,Kurukshetra,Train,Platform Entry Ticket,10,15,10,INR,89,8,2026-06-06
Haryana,Kurukshetra,Hotels,Budget Guest House Room (Per Night),800,1785,,INR,73,62,2026-05-25
Haryana,Kurukshetra,Hotels,3-Star Midscale Hotel Room (Per Night),3200,7285,,INR,78,14,2026-06-07
Haryana,Kurukshetra,Hotels,Luxury / Heritage Resort Room (Per Night),13800,28720,,INR,77,74,2026-06-08
Haryana,Kurukshetra,Souvenirs,Local Textile / Shawl,490,1170,,INR,74,63,2026-05-28
Haryana,Kurukshetra,Souvenirs,Handcrafted Wooden / Clay Mug,230,745,,INR,63,29,2026-05-10
Haryana,Kurukshetra,Souvenirs,Brass / Metal Art Piece,1400,3795,,INR,70,69,2026-06-12
Haryana,Kurukshetra,Souvenirs,Local Spices / Tea Pack (250g),310,1055,,INR,56,69,2026-07-03
Haryana,Kurukshetra,Attractions,Historical Monument Entry (Indian Citizen),25,95,25,INR,53,125,2026-05-06
Haryana,Kurukshetra,Attractions,Historical Monument Entry (Foreigner),640,690,640,INR,96,15,2026-06-09
Haryana,Kurukshetra,Attractions,Museum Entry Ticket,110,250,110,INR,77,40,2026-07-01
Haryana,Kurukshetra,Attractions,Palace / Fort Entry Ticket,140,385,145,INR,65,31,2026-05-10
Haryana,Kurukshetra,Boat Rides,Shared Boat Ride (30 Mins),140,480,140,INR,58,103,2026-05-23
Haryana,Kurukshetra,Boat Rides,Private Chartered Boat Ride (1 Hour),1400,3850,,INR,69,94,2026-06-27
Haryana,Kurukshetra,Parking,Two-Wheeler Parking (Per Hour),20,25,20,INR,92,23,2026-06-25
Haryana,Kurukshetra,Parking,Four-Wheeler Parking (Per Hour),35,40,35,INR,90,27,2026-05-07
Haryana,Kurukshetra,Parking,Tourist Spot All-Day Parking (Car),85,110,85,INR,92,13,2026-06-22
Haryana,Kurukshetra,Cafés,Traditional Filter Coffee / Tea,45,100,,INR,74,37,2026-06-25
Haryana,Kurukshetra,Cafés,Cappuccino / Latte,170,285,,INR,81,59,2026-05-08
Haryana,Kurukshetra,Cafés,Grilled Sandwich,140,290,,INR,80,15,2026-05-21
Haryana,Kurukshetra,Street Food,Pani Puri / Golgappa (6 Pcs),25,50,,INR,75,19,2026-05-09
Haryana,Kurukshetra,Street Food,Samosa / Vada Pav (Plate),30,50,,INR,83,8,2026-05-18
Haryana,Kurukshetra,Street Food,Pav Bhaji / Chaat (Plate),60,120,,INR,79,39,2026-05-07
Haryana,Kurukshetra,Street Food,Fresh Fruit Juice / Soda,50,85,,INR,83,67,2026-06-07
Haryana,Kurukshetra,Public Facilities,Paid Public Restroom (Toilet),5,5,5,INR,93,9,2026-05-22
Haryana,Kurukshetra,Public Facilities,Paid Public Restroom (Bathroom),15,15,15,INR,90,17,2026-06-29
Haryana,Kurukshetra,Public Facilities,Purified Drinking Water Refill (20L),15,15,15,INR,95,6,2026-06-06
Haryana,Kurukshetra,Cultural Activities,Folk Dance / Puppet Show Ticket,230,305,230,INR,87,9,2026-05-17
Haryana,Kurukshetra,Cultural Activities,Sound and Light Show Ticket,130,170,135,INR,92,37,2026-06-21
Haryana,Kurukshetra,Rentals,Bicycle Rental (Per Day),70,255,,INR,53,34,2026-05-28
Haryana,Kurukshetra,Rentals,Scooter / Activa Rental (Per Day),540,1905,,INR,54,102,2026-05-05
Haryana,Kurukshetra,Rentals,Royal Enfield / Cruiser Rental (Per Day),1700,3880,,INR,79,20,2026-05-11
Himachal Pradesh,Shimla,Food,Standard Meals/Thali,170,330,,INR,84,20,2026-06-12
Himachal Pradesh,Shimla,Food,Local Signature Dish,210,320,,INR,85,60,2026-06-22
Himachal Pradesh,Shimla,Food,Breakfast Plate (Dosa/Puri/Poha),70,150,,INR,78,64,2026-07-02
Himachal Pradesh,Shimla,Food,Evening Snack Plate,75,140,,INR,84,20,2026-05-23
Himachal Pradesh,Shimla,Taxi,Airport Transfer (One-way),630,1965,630,INR,64,64,2026-05-28
Himachal Pradesh,Shimla,Taxi,Railway Station Pick-up,250,630,260,INR,69,17,2026-06-21
Himachal Pradesh,Shimla,Taxi,Sightseeing Taxi (8 Hours / 80km),2400,7100,2515,INR,64,28,2026-06-06
Himachal Pradesh,Shimla,Auto,Short Auto Ride (Under 3km),70,90,70,INR,91,13,2026-05-08
Himachal Pradesh,Shimla,Auto,Medium Auto Ride (5km),130,170,130,INR,87,39,2026-06-20
Himachal Pradesh,Shimla,Auto,Auto Ride (10km),200,265,200,INR,93,22,2026-06-21
Himachal Pradesh,Shimla,Bus,Local Bus Ticket (Short distance),15,15,15,INR,90,34,2026-05-09
Himachal Pradesh,Shimla,Bus,Local Bus Ticket (Long distance),35,50,35,INR,84,37,2026-06-14
Himachal Pradesh,Shimla,Bus,AC Volvo Intercity Bus (100km),300,395,300,INR,87,14,2026-05-22
Himachal Pradesh,Shimla,Train,Coolie/Porter Service (1 Luggage),160,180,160,INR,91,38,2026-06-29
Himachal Pradesh,Shimla,Train,Station Cloak Room Storage (24 Hours),40,45,40,INR,92,15,2026-05-20
Himachal Pradesh,Shimla,Train,Platform Entry Ticket,10,10,10,INR,92,17,2026-06-28
Himachal Pradesh,Shimla,Hotels,Budget Guest House Room (Per Night),1000,1765,,INR,85,25,2026-06-13
Himachal Pradesh,Shimla,Hotels,3-Star Midscale Hotel Room (Per Night),2500,5620,,INR,75,14,2026-05-09
Himachal Pradesh,Shimla,Hotels,Luxury / Heritage Resort Room (Per Night),13300,29595,,INR,80,29,2026-06-25
Himachal Pradesh,Shimla,Souvenirs,Local Textile / Shawl,610,1475,,INR,77,79,2026-06-12
Himachal Pradesh,Shimla,Souvenirs,Handcrafted Wooden / Clay Mug,210,585,,INR,70,30,2026-05-31
Himachal Pradesh,Shimla,Souvenirs,Brass / Metal Art Piece,770,2555,,INR,60,87,2026-05-31
Himachal Pradesh,Shimla,Souvenirs,Local Spices / Tea Pack (250g),300,805,,INR,66,99,2026-06-19
Himachal Pradesh,Shimla,Attractions,Historical Monument Entry (Indian Citizen),55,105,55,INR,84,25,2026-05-06
Himachal Pradesh,Shimla,Attractions,Historical Monument Entry (Foreigner),500,540,500,INR,93,35,2026-06-01
Himachal Pradesh,Shimla,Attractions,Museum Entry Ticket,15,60,15,INR,50,119,2026-07-01
Himachal Pradesh,Shimla,Attractions,Palace / Fort Entry Ticket,65,230,65,INR,58,122,2026-06-13
Himachal Pradesh,Shimla,Boat Rides,Shared Boat Ride (30 Mins),160,515,160,INR,60,117,2026-05-18
Himachal Pradesh,Shimla,Boat Rides,Private Chartered Boat Ride (1 Hour),1500,4545,,INR,66,16,2026-05-31
Himachal Pradesh,Shimla,Parking,Two-Wheeler Parking (Per Hour),15,15,15,INR,91,16,2026-07-03
Himachal Pradesh,Shimla,Parking,Four-Wheeler Parking (Per Hour),35,40,35,INR,92,44,2026-06-02
Himachal Pradesh,Shimla,Parking,Tourist Spot All-Day Parking (Car),70,90,70,INR,93,9,2026-06-15
Himachal Pradesh,Shimla,Cafés,Traditional Filter Coffee / Tea,35,80,,INR,72,36,2026-05-05
Himachal Pradesh,Shimla,Cafés,Cappuccino / Latte,150,300,,INR,78,70,2026-06-21
Himachal Pradesh,Shimla,Cafés,Grilled Sandwich,160,255,,INR,84,15,2026-06-24
Himachal Pradesh,Shimla,Street Food,Pani Puri / Golgappa (6 Pcs),30,60,,INR,77,34,2026-06-12
Himachal Pradesh,Shimla,Street Food,Samosa / Vada Pav (Plate),25,40,,INR,88,28,2026-06-22
Himachal Pradesh,Shimla,Street Food,Pav Bhaji / Chaat (Plate),95,155,,INR,82,34,2026-05-16
Himachal Pradesh,Shimla,Street Food,Fresh Fruit Juice / Soda,25,45,,INR,79,72,2026-05-05
Himachal Pradesh,Shimla,Public Facilities,Paid Public Restroom (Toilet),5,5,5,INR,89,20,2026-05-31
Himachal Pradesh,Shimla,Public Facilities,Paid Public Restroom (Bathroom),15,20,15,INR,87,47,2026-05-24
Himachal Pradesh,Shimla,Public Facilities,Purified Drinking Water Refill (20L),15,20,15,INR,93,54,2026-06-05
Himachal Pradesh,Shimla,Cultural Activities,Folk Dance / Puppet Show Ticket,340,450,350,INR,93,17,2026-06-28
Himachal Pradesh,Shimla,Cultural Activities,Sound and Light Show Ticket,85,110,85,INR,89,19,2026-07-01
Himachal Pradesh,Shimla,Rentals,Bicycle Rental (Per Day),100,305,,INR,66,115,2026-07-02
Himachal Pradesh,Shimla,Rentals,Scooter / Activa Rental (Per Day),550,1975,,INR,59,26,2026-06-10
Himachal Pradesh,Shimla,Rentals,Royal Enfield / Cruiser Rental (Per Day),1100,3285,,INR,61,80,2026-05-06
Himachal Pradesh,Manali,Food,Standard Meals/Thali,180,345,,INR,79,23,2026-06-18
Himachal Pradesh,Manali,Food,Local Signature Dish,150,255,,INR,82,32,2026-05-28
Himachal Pradesh,Manali,Food,Breakfast Plate (Dosa/Puri/Poha),95,210,,INR,77,75,2026-05-22
Himachal Pradesh,Manali,Food,Evening Snack Plate,70,110,,INR,90,62,2026-05-17
Himachal Pradesh,Manali,Taxi,Airport Transfer (One-way),700,2025,700,INR,68,111,2026-06-30
Himachal Pradesh,Manali,Taxi,Railway Station Pick-up,490,1330,490,INR,68,46,2026-06-25
Himachal Pradesh,Manali,Taxi,Sightseeing Taxi (8 Hours / 80km),3000,8150,3130,INR,65,52,2026-06-10
Himachal Pradesh,Manali,Auto,Short Auto Ride (Under 3km),70,90,75,INR,93,38,2026-05-23
Himachal Pradesh,Manali,Auto,Medium Auto Ride (5km),150,200,155,INR,89,36,2026-05-13
Himachal Pradesh,Manali,Auto,Auto Ride (10km),180,240,180,INR,93,24,2026-06-23
Himachal Pradesh,Manali,Bus,Local Bus Ticket (Short distance),25,30,25,INR,93,6,2026-05-15
Himachal Pradesh,Manali,Bus,Local Bus Ticket (Long distance),55,65,55,INR,92,27,2026-06-25
Himachal Pradesh,Manali,Bus,AC Volvo Intercity Bus (100km),290,400,290,INR,90,20,2026-06-19
Himachal Pradesh,Manali,Train,Coolie/Porter Service (1 Luggage),140,155,140,INR,90,27,2026-06-29
Himachal Pradesh,Manali,Train,Station Cloak Room Storage (24 Hours),35,45,35,INR,87,26,2026-06-15
Himachal Pradesh,Manali,Train,Platform Entry Ticket,10,10,10,INR,94,26,2026-06-23
Himachal Pradesh,Manali,Hotels,Budget Guest House Room (Per Night),890,1815,,INR,80,14,2026-06-03
Himachal Pradesh,Manali,Hotels,3-Star Midscale Hotel Room (Per Night),3300,4920,,INR,85,41,2026-05-18
Himachal Pradesh,Manali,Hotels,Luxury / Heritage Resort Room (Per Night),10200,18760,,INR,82,57,2026-05-23
Himachal Pradesh,Manali,Souvenirs,Local Textile / Shawl,990,3210,,INR,60,57,2026-06-06
Himachal Pradesh,Manali,Souvenirs,Handcrafted Wooden / Clay Mug,210,575,,INR,64,107,2026-05-29
Himachal Pradesh,Manali,Souvenirs,Brass / Metal Art Piece,1000,3700,,INR,57,73,2026-06-29
Himachal Pradesh,Manali,Souvenirs,Local Spices / Tea Pack (250g),250,675,,INR,66,85,2026-05-07
Himachal Pradesh,Manali,Attractions,Historical Monument Entry (Indian Citizen),55,105,55,INR,82,44,2026-06-17
Himachal Pradesh,Manali,Attractions,Historical Monument Entry (Foreigner),390,420,400,INR,93,22,2026-06-11
Himachal Pradesh,Manali,Attractions,Museum Entry Ticket,85,160,85,INR,85,15,2026-06-07
Himachal Pradesh,Manali,Attractions,Palace / Fort Entry Ticket,110,300,110,INR,68,100,2026-06-01
Himachal Pradesh,Manali,Boat Rides,Shared Boat Ride (30 Mins),75,270,75,INR,53,47,2026-05-12
Himachal Pradesh,Manali,Boat Rides,Private Chartered Boat Ride (1 Hour),1400,3475,,INR,74,23,2026-06-22
Himachal Pradesh,Manali,Parking,Two-Wheeler Parking (Per Hour),10,10,10,INR,89,48,2026-06-01
Himachal Pradesh,Manali,Parking,Four-Wheeler Parking (Per Hour),35,50,35,INR,86,26,2026-06-29
Himachal Pradesh,Manali,Parking,Tourist Spot All-Day Parking (Car),100,145,105,INR,88,47,2026-06-20
Himachal Pradesh,Manali,Cafés,Traditional Filter Coffee / Tea,35,60,,INR,81,22,2026-05-06
Himachal Pradesh,Manali,Cafés,Cappuccino / Latte,180,270,,INR,90,17,2026-05-10
Himachal Pradesh,Manali,Cafés,Grilled Sandwich,160,300,,INR,82,72,2026-06-12
Himachal Pradesh,Manali,Street Food,Pani Puri / Golgappa (6 Pcs),40,65,,INR,84,17,2026-06-10
Himachal Pradesh,Manali,Street Food,Samosa / Vada Pav (Plate),35,80,,INR,74,34,2026-06-11
Himachal Pradesh,Manali,Street Food,Pav Bhaji / Chaat (Plate),60,135,,INR,73,80,2026-07-02
Himachal Pradesh,Manali,Street Food,Fresh Fruit Juice / Soda,40,75,,INR,82,66,2026-06-13
Himachal Pradesh,Manali,Public Facilities,Paid Public Restroom (Toilet),5,5,5,INR,92,7,2026-06-11
Himachal Pradesh,Manali,Public Facilities,Paid Public Restroom (Bathroom),15,20,15,INR,87,50,2026-06-21
Himachal Pradesh,Manali,Public Facilities,Purified Drinking Water Refill (20L),10,15,10,INR,89,43,2026-05-24
Himachal Pradesh,Manali,Cultural Activities,Folk Dance / Puppet Show Ticket,140,185,140,INR,91,48,2026-05-18
Himachal Pradesh,Manali,Cultural Activities,Sound and Light Show Ticket,65,85,65,INR,91,9,2026-06-01
Himachal Pradesh,Manali,Rentals,Bicycle Rental (Per Day),90,245,,INR,72,30,2026-06-19
Himachal Pradesh,Manali,Rentals,Scooter / Activa Rental (Per Day),550,1270,,INR,77,59,2026-06-06
Himachal Pradesh,Manali,Rentals,Royal Enfield / Cruiser Rental (Per Day),1500,4835,,INR,59,68,2026-05-17
Himachal Pradesh,Dharamshala,Food,Standard Meals/Thali,170,360,,INR,75,80,2026-06-24
Himachal Pradesh,Dharamshala,Food,Local Signature Dish,140,230,,INR,86,43,2026-07-02
Himachal Pradesh,Dharamshala,Food,Breakfast Plate (Dosa/Puri/Poha),60,135,,INR,74,27,2026-06-04
Himachal Pradesh,Dharamshala,Food,Evening Snack Plate,45,100,,INR,76,38,2026-06-06
Himachal Pradesh,Dharamshala,Taxi,Airport Transfer (One-way),770,2605,775,INR,59,39,2026-05-19
Himachal Pradesh,Dharamshala,Taxi,Railway Station Pick-up,330,800,330,INR,74,57,2026-06-04
Himachal Pradesh,Dharamshala,Taxi,Sightseeing Taxi (8 Hours / 80km),2900,6935,2900,INR,72,26,2026-06-20
Himachal Pradesh,Dharamshala,Auto,Short Auto Ride (Under 3km),60,80,65,INR,92,51,2026-05-13
Himachal Pradesh,Dharamshala,Auto,Medium Auto Ride (5km),130,170,135,INR,91,41,2026-05-10
Himachal Pradesh,Dharamshala,Auto,Auto Ride (10km),210,275,210,INR,89,40,2026-06-24
Himachal Pradesh,Dharamshala,Bus,Local Bus Ticket (Short distance),15,20,15,INR,86,42,2026-05-06
Himachal Pradesh,Dharamshala,Bus,Local Bus Ticket (Long distance),50,65,50,INR,92,49,2026-07-03
Himachal Pradesh,Dharamshala,Bus,AC Volvo Intercity Bus (100km),420,485,420,INR,91,25,2026-05-12
Himachal Pradesh,Dharamshala,Train,Coolie/Porter Service (1 Luggage),120,175,125,INR,90,25,2026-05-27
Himachal Pradesh,Dharamshala,Train,Station Cloak Room Storage (24 Hours),25,30,25,INR,87,49,2026-06-05
Himachal Pradesh,Dharamshala,Train,Platform Entry Ticket,10,15,10,INR,92,15,2026-06-16
Himachal Pradesh,Dharamshala,Hotels,Budget Guest House Room (Per Night),840,1885,,INR,72,21,2026-07-03
Himachal Pradesh,Dharamshala,Hotels,3-Star Midscale Hotel Room (Per Night),2700,4005,,INR,87,41,2026-06-24
Himachal Pradesh,Dharamshala,Hotels,Luxury / Heritage Resort Room (Per Night),10300,20010,,INR,81,40,2026-05-20
Himachal Pradesh,Dharamshala,Souvenirs,Local Textile / Shawl,450,1320,,INR,68,63,2026-05-09
Himachal Pradesh,Dharamshala,Souvenirs,Handcrafted Wooden / Clay Mug,240,800,,INR,60,22,2026-06-10
Himachal Pradesh,Dharamshala,Souvenirs,Brass / Metal Art Piece,700,1755,,INR,68,86,2026-05-16
Himachal Pradesh,Dharamshala,Souvenirs,Local Spices / Tea Pack (250g),260,650,,INR,72,67,2026-05-26
Himachal Pradesh,Dharamshala,Attractions,Historical Monument Entry (Indian Citizen),40,75,40,INR,82,34,2026-05-13
Himachal Pradesh,Dharamshala,Attractions,Historical Monument Entry (Foreigner),580,625,610,INR,93,34,2026-06-20
Himachal Pradesh,Dharamshala,Attractions,Museum Entry Ticket,20,60,20,INR,69,38,2026-07-03
Himachal Pradesh,Dharamshala,Attractions,Palace / Fort Entry Ticket,140,315,140,INR,78,23,2026-06-16
Himachal Pradesh,Dharamshala,Boat Rides,Shared Boat Ride (30 Mins),110,400,115,INR,54,37,2026-06-27
Himachal Pradesh,Dharamshala,Boat Rides,Private Chartered Boat Ride (1 Hour),780,2855,,INR,56,131,2026-05-05
Himachal Pradesh,Dharamshala,Parking,Two-Wheeler Parking (Per Hour),20,30,20,INR,84,22,2026-05-18
Himachal Pradesh,Dharamshala,Parking,Four-Wheeler Parking (Per Hour),35,40,35,INR,91,21,2026-05-16
Himachal Pradesh,Dharamshala,Parking,Tourist Spot All-Day Parking (Car),100,140,105,INR,88,36,2026-06-20
Himachal Pradesh,Dharamshala,Cafés,Traditional Filter Coffee / Tea,35,75,,INR,80,54,2026-06-16
Himachal Pradesh,Dharamshala,Cafés,Cappuccino / Latte,120,220,,INR,81,23,2026-06-14
Himachal Pradesh,Dharamshala,Cafés,Grilled Sandwich,80,150,,INR,81,27,2026-06-04
Himachal Pradesh,Dharamshala,Street Food,Pani Puri / Golgappa (6 Pcs),40,65,,INR,81,23,2026-05-27
Himachal Pradesh,Dharamshala,Street Food,Samosa / Vada Pav (Plate),30,60,,INR,81,32,2026-07-02
Himachal Pradesh,Dharamshala,Street Food,Pav Bhaji / Chaat (Plate),90,185,,INR,77,21,2026-05-13
Himachal Pradesh,Dharamshala,Street Food,Fresh Fruit Juice / Soda,25,55,,INR,81,17,2026-06-29
Himachal Pradesh,Dharamshala,Public Facilities,Paid Public Restroom (Toilet),5,5,5,INR,91,32,2026-06-02
Himachal Pradesh,Dharamshala,Public Facilities,Paid Public Restroom (Bathroom),15,15,15,INR,95,7,2026-06-28
Himachal Pradesh,Dharamshala,Public Facilities,Purified Drinking Water Refill (20L),15,20,15,INR,89,38,2026-05-15
Himachal Pradesh,Dharamshala,Cultural Activities,Folk Dance / Puppet Show Ticket,120,160,120,INR,88,14,2026-07-01
Himachal Pradesh,Dharamshala,Cultural Activities,Sound and Light Show Ticket,110,145,115,INR,89,36,2026-07-02
Himachal Pradesh,Dharamshala,Rentals,Bicycle Rental (Per Day),85,205,,INR,71,33,2026-06-05
Himachal Pradesh,Dharamshala,Rentals,Scooter / Activa Rental (Per Day),550,1380,,INR,70,32,2026-05-20
Himachal Pradesh,Dharamshala,Rentals,Royal Enfield / Cruiser Rental (Per Day),1700,4030,,INR,77,91,2026-06-26
Himachal Pradesh,Dalhousie,Food,Standard Meals/Thali,200,325,,INR,84,8,2026-06-29
Himachal Pradesh,Dalhousie,Food,Local Signature Dish,280,475,,INR,86,18,2026-05-10
Himachal Pradesh,Dalhousie,Food,Breakfast Plate (Dosa/Puri/Poha),85,135,,INR,85,52,2026-05-21
Himachal Pradesh,Dalhousie,Food,Evening Snack Plate,45,95,,INR,78,20,2026-05-16
Himachal Pradesh,Dalhousie,Taxi,Airport Transfer (One-way),800,2005,800,INR,76,79,2026-05-28
Himachal Pradesh,Dalhousie,Taxi,Railway Station Pick-up,240,555,245,INR,77,44,2026-05-25
Himachal Pradesh,Dalhousie,Taxi,Sightseeing Taxi (8 Hours / 80km),2300,8190,2300,INR,53,84,2026-05-16
Himachal Pradesh,Dalhousie,Auto,Short Auto Ride (Under 3km),60,80,65,INR,89,40,2026-05-28
Himachal Pradesh,Dalhousie,Auto,Medium Auto Ride (5km),110,145,110,INR,86,30,2026-06-29
Himachal Pradesh,Dalhousie,Auto,Auto Ride (10km),240,315,240,INR,91,27,2026-06-29
Himachal Pradesh,Dalhousie,Bus,Local Bus Ticket (Short distance),25,30,25,INR,90,27,2026-06-06
Himachal Pradesh,Dalhousie,Bus,Local Bus Ticket (Long distance),45,60,45,INR,86,45,2026-05-17
Himachal Pradesh,Dalhousie,Bus,AC Volvo Intercity Bus (100km),400,565,405,INR,92,46,2026-06-06
Himachal Pradesh,Dalhousie,Train,Coolie/Porter Service (1 Luggage),95,130,95,INR,93,18,2026-05-19
Himachal Pradesh,Dalhousie,Train,Station Cloak Room Storage (24 Hours),40,50,40,INR,93,12,2026-07-01
Himachal Pradesh,Dalhousie,Train,Platform Entry Ticket,10,15,10,INR,88,33,2026-05-10
Himachal Pradesh,Dalhousie,Hotels,Budget Guest House Room (Per Night),1300,2125,,INR,85,60,2026-05-24
Himachal Pradesh,Dalhousie,Hotels,3-Star Midscale Hotel Room (Per Night),2500,4415,,INR,82,39,2026-05-14
Himachal Pradesh,Dalhousie,Hotels,Luxury / Heritage Resort Room (Per Night),8500,16740,,INR,82,12,2026-05-13
Himachal Pradesh,Dalhousie,Souvenirs,Local Textile / Shawl,740,2325,,INR,66,18,2026-06-17
Himachal Pradesh,Dalhousie,Souvenirs,Handcrafted Wooden / Clay Mug,210,735,,INR,53,53,2026-06-24
Himachal Pradesh,Dalhousie,Souvenirs,Brass / Metal Art Piece,650,1580,,INR,73,89,2026-05-30
Himachal Pradesh,Dalhousie,Souvenirs,Local Spices / Tea Pack (250g),250,790,,INR,62,66,2026-05-08
Himachal Pradesh,Dalhousie,Attractions,Historical Monument Entry (Indian Citizen),50,180,50,INR,54,133,2026-06-13
Himachal Pradesh,Dalhousie,Attractions,Historical Monument Entry (Foreigner),510,550,530,INR,90,38,2026-06-15
Himachal Pradesh,Dalhousie,Attractions,Museum Entry Ticket,75,255,75,INR,59,102,2026-05-06
Himachal Pradesh,Dalhousie,Attractions,Palace / Fort Entry Ticket,140,500,140,INR,57,52,2026-05-12
Himachal Pradesh,Dalhousie,Boat Rides,Shared Boat Ride (30 Mins),150,525,150,INR,54,43,2026-06-23
Himachal Pradesh,Dalhousie,Boat Rides,Private Chartered Boat Ride (1 Hour),1500,3735,,INR,73,68,2026-05-09
Himachal Pradesh,Dalhousie,Parking,Two-Wheeler Parking (Per Hour),20,25,20,INR,89,50,2026-06-21
Himachal Pradesh,Dalhousie,Parking,Four-Wheeler Parking (Per Hour),50,70,50,INR,91,13,2026-05-12
Himachal Pradesh,Dalhousie,Parking,Tourist Spot All-Day Parking (Car),85,115,85,INR,85,25,2026-06-22
Himachal Pradesh,Dalhousie,Cafés,Traditional Filter Coffee / Tea,35,55,,INR,85,14,2026-06-01
Himachal Pradesh,Dalhousie,Cafés,Cappuccino / Latte,180,280,,INR,87,10,2026-05-15
Himachal Pradesh,Dalhousie,Cafés,Grilled Sandwich,110,190,,INR,86,23,2026-05-16
Himachal Pradesh,Dalhousie,Street Food,Pani Puri / Golgappa (6 Pcs),35,65,,INR,83,62,2026-06-02
Himachal Pradesh,Dalhousie,Street Food,Samosa / Vada Pav (Plate),30,60,,INR,77,58,2026-05-31
Himachal Pradesh,Dalhousie,Street Food,Pav Bhaji / Chaat (Plate),75,160,,INR,79,13,2026-05-24
Himachal Pradesh,Dalhousie,Street Food,Fresh Fruit Juice / Soda,55,95,,INR,82,67,2026-05-17
Himachal Pradesh,Dalhousie,Public Facilities,Paid Public Restroom (Toilet),5,5,5,INR,88,49,2026-06-24
Himachal Pradesh,Dalhousie,Public Facilities,Paid Public Restroom (Bathroom),15,15,15,INR,90,43,2026-05-22
Himachal Pradesh,Dalhousie,Public Facilities,Purified Drinking Water Refill (20L),10,15,10,INR,88,50,2026-06-07
Himachal Pradesh,Dalhousie,Cultural Activities,Folk Dance / Puppet Show Ticket,240,315,240,INR,90,50,2026-06-15
Himachal Pradesh,Dalhousie,Cultural Activities,Sound and Light Show Ticket,130,170,135,INR,90,52,2026-05-21
Himachal Pradesh,Dalhousie,Rentals,Bicycle Rental (Per Day),110,270,,INR,74,46,2026-05-26
Himachal Pradesh,Dalhousie,Rentals,Scooter / Activa Rental (Per Day),510,1730,,INR,58,27,2026-06-16
Himachal Pradesh,Dalhousie,Rentals,Royal Enfield / Cruiser Rental (Per Day),1300,4040,,INR,63,101,2026-05-18
Himachal Pradesh,Kasauli,Food,Standard Meals/Thali,120,200,,INR,84,8,2026-05-18
Himachal Pradesh,Kasauli,Food,Local Signature Dish,230,515,,INR,72,11,2026-06-15
Himachal Pradesh,Kasauli,Food,Breakfast Plate (Dosa/Puri/Poha),85,160,,INR,81,19,2026-05-26
Himachal Pradesh,Kasauli,Food,Evening Snack Plate,45,75,,INR,84,31,2026-06-17
Himachal Pradesh,Kasauli,Taxi,Airport Transfer (One-way),460,1215,460,INR,68,36,2026-06-07
Himachal Pradesh,Kasauli,Taxi,Railway Station Pick-up,360,1285,370,INR,54,58,2026-05-29
Himachal Pradesh,Kasauli,Taxi,Sightseeing Taxi (8 Hours / 80km),2100,6105,2100,INR,68,37,2026-05-17
Himachal Pradesh,Kasauli,Auto,Short Auto Ride (Under 3km),75,100,75,INR,93,45,2026-06-01
Himachal Pradesh,Kasauli,Auto,Medium Auto Ride (5km),110,145,115,INR,88,37,2026-06-24
Himachal Pradesh,Kasauli,Auto,Auto Ride (10km),240,315,245,INR,89,45,2026-06-23
Himachal Pradesh,Kasauli,Bus,Local Bus Ticket (Short distance),20,25,20,INR,90,24,2026-06-22
Himachal Pradesh,Kasauli,Bus,Local Bus Ticket (Long distance),40,55,40,INR,85,11,2026-05-30
Himachal Pradesh,Kasauli,Bus,AC Volvo Intercity Bus (100km),520,685,520,INR,91,7,2026-06-26
Himachal Pradesh,Kasauli,Train,Coolie/Porter Service (1 Luggage),140,165,140,INR,90,27,2026-05-09
Himachal Pradesh,Kasauli,Train,Station Cloak Room Storage (24 Hours),35,40,35,INR,92,26,2026-06-03
Himachal Pradesh,Kasauli,Train,Platform Entry Ticket,10,15,10,INR,88,39,2026-06-08
Himachal Pradesh,Kasauli,Hotels,Budget Guest House Room (Per Night),1300,2125,,INR,89,64,2026-05-14
Himachal Pradesh,Kasauli,Hotels,3-Star Midscale Hotel Room (Per Night),2700,5610,,INR,77,64,2026-06-02
Himachal Pradesh,Kasauli,Hotels,Luxury / Heritage Resort Room (Per Night),12100,21205,,INR,81,56,2026-05-18
Himachal Pradesh,Kasauli,Souvenirs,Local Textile / Shawl,1100,2725,,INR,75,17,2026-05-23
Himachal Pradesh,Kasauli,Souvenirs,Handcrafted Wooden / Clay Mug,280,755,,INR,72,71,2026-06-13
Himachal Pradesh,Kasauli,Souvenirs,Brass / Metal Art Piece,1700,5730,,INR,61,128,2026-06-20
Himachal Pradesh,Kasauli,Souvenirs,Local Spices / Tea Pack (250g),310,1065,,INR,61,74,2026-05-28
Himachal Pradesh,Kasauli,Attractions,Historical Monument Entry (Indian Citizen),50,160,50,INR,59,103,2026-07-01
Himachal Pradesh,Kasauli,Attractions,Historical Monument Entry (Foreigner),460,495,460,INR,92,10,2026-06-11
Himachal Pradesh,Kasauli,Attractions,Museum Entry Ticket,90,205,90,INR,74,22,2026-05-20
Himachal Pradesh,Kasauli,Attractions,Palace / Fort Entry Ticket,120,410,120,INR,55,74,2026-05-29
Himachal Pradesh,Kasauli,Boat Rides,Shared Boat Ride (30 Mins),90,290,90,INR,61,90,2026-05-22
Himachal Pradesh,Kasauli,Boat Rides,Private Chartered Boat Ride (1 Hour),840,2595,,INR,67,97,2026-06-06
Himachal Pradesh,Kasauli,Parking,Two-Wheeler Parking (Per Hour),20,25,20,INR,93,17,2026-05-05
Himachal Pradesh,Kasauli,Parking,Four-Wheeler Parking (Per Hour),50,65,50,INR,86,44,2026-06-27
Himachal Pradesh,Kasauli,Parking,Tourist Spot All-Day Parking (Car),75,80,75,INR,91,11,2026-05-24
Himachal Pradesh,Kasauli,Cafés,Traditional Filter Coffee / Tea,40,75,,INR,80,67,2026-06-05
Himachal Pradesh,Kasauli,Cafés,Cappuccino / Latte,140,260,,INR,84,57,2026-06-18
Himachal Pradesh,Kasauli,Cafés,Grilled Sandwich,140,220,,INR,85,11,2026-05-15
Himachal Pradesh,Kasauli,Street Food,Pani Puri / Golgappa (6 Pcs),40,80,,INR,76,48,2026-06-24
Himachal Pradesh,Kasauli,Street Food,Samosa / Vada Pav (Plate),25,50,,INR,85,27,2026-05-19
Himachal Pradesh,Kasauli,Street Food,Pav Bhaji / Chaat (Plate),100,150,,INR,87,24,2026-06-18
Himachal Pradesh,Kasauli,Street Food,Fresh Fruit Juice / Soda,40,75,,INR,80,54,2026-05-12
Himachal Pradesh,Kasauli,Public Facilities,Paid Public Restroom (Toilet),2,5,2,INR,89,9,2026-06-05
Himachal Pradesh,Kasauli,Public Facilities,Paid Public Restroom (Bathroom),15,20,15,INR,90,46,2026-05-13
Himachal Pradesh,Kasauli,Public Facilities,Purified Drinking Water Refill (20L),15,20,15,INR,86,39,2026-06-21
Himachal Pradesh,Kasauli,Cultural Activities,Folk Dance / Puppet Show Ticket,270,355,270,INR,94,13,2026-06-03
Himachal Pradesh,Kasauli,Cultural Activities,Sound and Light Show Ticket,120,160,120,INR,91,52,2026-05-15
Himachal Pradesh,Kasauli,Rentals,Bicycle Rental (Per Day),80,185,,INR,77,45,2026-05-18
Himachal Pradesh,Kasauli,Rentals,Scooter / Activa Rental (Per Day),600,1810,,INR,61,75,2026-07-03
Himachal Pradesh,Kasauli,Rentals,Royal Enfield / Cruiser Rental (Per Day),1500,4695,,INR,66,84,2026-05-21
Jharkhand,Ranchi,Food,Standard Meals/Thali,95,150,,INR,84,45,2026-06-04
Jharkhand,Ranchi,Food,Local Signature Dish,150,220,,INR,88,21,2026-07-03
Jharkhand,Ranchi,Food,Breakfast Plate (Dosa/Puri/Poha),40,55,,INR,84,24,2026-06-08
Jharkhand,Ranchi,Food,Evening Snack Plate,35,50,,INR,92,46,2026-06-27
Jharkhand,Ranchi,Taxi,Airport Transfer (One-way),570,1245,575,INR,76,72,2026-06-13
Jharkhand,Ranchi,Taxi,Railway Station Pick-up,180,355,185,INR,78,24,2026-06-21
Jharkhand,Ranchi,Taxi,Sightseeing Taxi (8 Hours / 80km),1600,3510,1600,INR,80,39,2026-05-13
Jharkhand,Ranchi,Auto,Short Auto Ride (Under 3km),60,70,60,INR,95,39,2026-06-06
Jharkhand,Ranchi,Auto,Medium Auto Ride (5km),80,95,80,INR,95,10,2026-05-08
Jharkhand,Ranchi,Auto,Auto Ride (10km),120,140,120,INR,91,25,2026-05-11
Jharkhand,Ranchi,Bus,Local Bus Ticket (Short distance),10,10,10,INR,89,24,2026-07-01
Jharkhand,Ranchi,Bus,Local Bus Ticket (Long distance),25,30,25,INR,90,42,2026-06-12
Jharkhand,Ranchi,Bus,AC Volvo Intercity Bus (100km),430,520,430,INR,94,11,2026-05-28
Jharkhand,Ranchi,Train,Coolie/Porter Service (1 Luggage),90,100,90,INR,90,37,2026-06-02
Jharkhand,Ranchi,Train,Station Cloak Room Storage (24 Hours),25,30,25,INR,93,44,2026-06-29
Jharkhand,Ranchi,Train,Platform Entry Ticket,10,10,10,INR,97,39,2026-06-17
Jharkhand,Ranchi,Hotels,Budget Guest House Room (Per Night),510,800,,INR,88,58,2026-05-07
Jharkhand,Ranchi,Hotels,3-Star Midscale Hotel Room (Per Night),1800,2495,,INR,89,23,2026-07-03
Jharkhand,Ranchi,Hotels,Luxury / Heritage Resort Room (Per Night),10500,17500,,INR,85,38,2026-05-19
Jharkhand,Ranchi,Souvenirs,Local Textile / Shawl,670,1435,,INR,76,60,2026-05-15
Jharkhand,Ranchi,Souvenirs,Handcrafted Wooden / Clay Mug,100,215,,INR,74,57,2026-06-14
Jharkhand,Ranchi,Souvenirs,Brass / Metal Art Piece,800,1800,,INR,72,73,2026-05-17
Jharkhand,Ranchi,Souvenirs,Local Spices / Tea Pack (250g),150,360,,INR,72,61,2026-06-20
Jharkhand,Ranchi,Attractions,Historical Monument Entry (Indian Citizen),35,70,35,INR,81,66,2026-06-11
Jharkhand,Ranchi,Attractions,Historical Monument Entry (Foreigner),530,555,540,INR,96,39,2026-06-23
Jharkhand,Ranchi,Attractions,Museum Entry Ticket,70,170,70,INR,76,84,2026-06-12
Jharkhand,Ranchi,Attractions,Palace / Fort Entry Ticket,85,195,85,INR,75,63,2026-05-06
Jharkhand,Ranchi,Boat Rides,Shared Boat Ride (30 Mins),60,140,60,INR,75,28,2026-05-21
Jharkhand,Ranchi,Boat Rides,Private Chartered Boat Ride (1 Hour),990,2090,,INR,77,56,2026-06-27
Jharkhand,Ranchi,Parking,Two-Wheeler Parking (Per Hour),10,10,10,INR,96,6,2026-05-09
Jharkhand,Ranchi,Parking,Four-Wheeler Parking (Per Hour),35,40,35,INR,94,23,2026-05-05
Jharkhand,Ranchi,Parking,Tourist Spot All-Day Parking (Car),55,60,55,INR,97,26,2026-06-10
Jharkhand,Ranchi,Cafés,Traditional Filter Coffee / Tea,35,45,,INR,91,47,2026-06-24
Jharkhand,Ranchi,Cafés,Cappuccino / Latte,95,145,,INR,86,36,2026-05-21
Jharkhand,Ranchi,Cafés,Grilled Sandwich,110,155,,INR,87,11,2026-06-24
Jharkhand,Ranchi,Street Food,Pani Puri / Golgappa (6 Pcs),20,30,,INR,89,47,2026-06-01
Jharkhand,Ranchi,Street Food,Samosa / Vada Pav (Plate),15,20,,INR,89,51,2026-05-28
Jharkhand,Ranchi,Street Food,Pav Bhaji / Chaat (Plate),55,80,,INR,89,42,2026-06-21
Jharkhand,Ranchi,Street Food,Fresh Fruit Juice / Soda,20,25,,INR,93,33,2026-06-07
Jharkhand,Ranchi,Public Facilities,Paid Public Restroom (Toilet),2,0,2,INR,92,43,2026-05-14
Jharkhand,Ranchi,Public Facilities,Paid Public Restroom (Bathroom),10,10,10,INR,94,36,2026-06-14
Jharkhand,Ranchi,Public Facilities,Purified Drinking Water Refill (20L),10,10,10,INR,94,29,2026-05-10
Jharkhand,Ranchi,Cultural Activities,Folk Dance / Puppet Show Ticket,200,235,200,INR,89,22,2026-05-09
Jharkhand,Ranchi,Cultural Activities,Sound and Light Show Ticket,100,115,100,INR,89,24,2026-06-03
Jharkhand,Ranchi,Rentals,Bicycle Rental (Per Day),50,120,,INR,71,15,2026-06-04
Jharkhand,Ranchi,Rentals,Scooter / Activa Rental (Per Day),470,1030,,INR,77,12,2026-05-22
Jharkhand,Ranchi,Rentals,Royal Enfield / Cruiser Rental (Per Day),1300,2270,,INR,81,26,2026-05-23
Jharkhand,Jamshedpur,Food,Standard Meals/Thali,100,165,,INR,84,10,2026-05-27
Jharkhand,Jamshedpur,Food,Local Signature Dish,170,225,,INR,87,47,2026-06-01
Jharkhand,Jamshedpur,Food,Breakfast Plate (Dosa/Puri/Poha),40,55,,INR,89,25,2026-05-20
Jharkhand,Jamshedpur,Food,Evening Snack Plate,30,40,,INR,91,44,2026-05-09
Jharkhand,Jamshedpur,Taxi,Airport Transfer (One-way),490,1170,490,INR,72,56,2026-06-01
Jharkhand,Jamshedpur,Taxi,Railway Station Pick-up,400,745,400,INR,82,19,2026-06-24
Jharkhand,Jamshedpur,Taxi,Sightseeing Taxi (8 Hours / 80km),2100,4400,2165,INR,80,76,2026-05-21
Jharkhand,Jamshedpur,Auto,Short Auto Ride (Under 3km),45,55,45,INR,94,43,2026-06-05
Jharkhand,Jamshedpur,Auto,Medium Auto Ride (5km),65,75,65,INR,94,8,2026-06-20
Jharkhand,Jamshedpur,Auto,Auto Ride (10km),150,175,155,INR,96,6,2026-06-17
Jharkhand,Jamshedpur,Bus,Local Bus Ticket (Short distance),20,25,20,INR,91,11,2026-06-14
Jharkhand,Jamshedpur,Bus,Local Bus Ticket (Long distance),25,30,25,INR,91,38,2026-06-21
Jharkhand,Jamshedpur,Bus,AC Volvo Intercity Bus (100km),260,270,270,INR,95,32,2026-05-18
Jharkhand,Jamshedpur,Train,Coolie/Porter Service (1 Luggage),95,115,95,INR,88,38,2026-05-20
Jharkhand,Jamshedpur,Train,Station Cloak Room Storage (24 Hours),20,25,20,INR,89,27,2026-06-07
Jharkhand,Jamshedpur,Train,Platform Entry Ticket,10,10,10,INR,90,10,2026-06-21
Jharkhand,Jamshedpur,Hotels,Budget Guest House Room (Per Night),810,1070,,INR,90,44,2026-05-20
Jharkhand,Jamshedpur,Hotels,3-Star Midscale Hotel Room (Per Night),1600,2305,,INR,91,33,2026-05-13
Jharkhand,Jamshedpur,Hotels,Luxury / Heritage Resort Room (Per Night),10500,13915,,INR,90,46,2026-06-12
Jharkhand,Jamshedpur,Souvenirs,Local Textile / Shawl,480,1065,,INR,75,73,2026-06-30
Jharkhand,Jamshedpur,Souvenirs,Handcrafted Wooden / Clay Mug,120,260,,INR,79,79,2026-06-21
Jharkhand,Jamshedpur,Souvenirs,Brass / Metal Art Piece,640,1300,,INR,75,59,2026-06-14
Jharkhand,Jamshedpur,Souvenirs,Local Spices / Tea Pack (250g),250,575,,INR,75,22,2026-06-08
Jharkhand,Jamshedpur,Attractions,Historical Monument Entry (Indian Citizen),30,70,30,INR,78,55,2026-06-23
Jharkhand,Jamshedpur,Attractions,Historical Monument Entry (Foreigner),510,530,510,INR,96,24,2026-06-19
Jharkhand,Jamshedpur,Attractions,Museum Entry Ticket,80,120,80,INR,90,19,2026-06-14
Jharkhand,Jamshedpur,Attractions,Palace / Fort Entry Ticket,160,325,160,INR,79,28,2026-06-02
Jharkhand,Jamshedpur,Boat Rides,Shared Boat Ride (30 Mins),110,215,110,INR,84,24,2026-07-01
Jharkhand,Jamshedpur,Boat Rides,Private Chartered Boat Ride (1 Hour),500,935,,INR,84,51,2026-06-30
Jharkhand,Jamshedpur,Parking,Two-Wheeler Parking (Per Hour),10,10,10,INR,95,43,2026-05-31
Jharkhand,Jamshedpur,Parking,Four-Wheeler Parking (Per Hour),25,25,25,INR,95,27,2026-07-03
Jharkhand,Jamshedpur,Parking,Tourist Spot All-Day Parking (Car),75,80,75,INR,94,8,2026-06-05
Jharkhand,Jamshedpur,Cafés,Traditional Filter Coffee / Tea,20,30,,INR,84,26,2026-05-26
Jharkhand,Jamshedpur,Cafés,Cappuccino / Latte,100,165,,INR,83,41,2026-05-28
Jharkhand,Jamshedpur,Cafés,Grilled Sandwich,120,190,,INR,86,48,2026-05-13
Jharkhand,Jamshedpur,Street Food,Pani Puri / Golgappa (6 Pcs),30,40,,INR,93,34,2026-06-09
Jharkhand,Jamshedpur,Street Food,Samosa / Vada Pav (Plate),20,25,,INR,87,19,2026-07-03
Jharkhand,Jamshedpur,Street Food,Pav Bhaji / Chaat (Plate),80,120,,INR,85,11,2026-05-08
Jharkhand,Jamshedpur,Street Food,Fresh Fruit Juice / Soda,35,55,,INR,86,18,2026-06-16
Jharkhand,Jamshedpur,Public Facilities,Paid Public Restroom (Toilet),2,0,2,INR,88,24,2026-06-25
Jharkhand,Jamshedpur,Public Facilities,Paid Public Restroom (Bathroom),10,10,10,INR,93,6,2026-07-01
Jharkhand,Jamshedpur,Public Facilities,Purified Drinking Water Refill (20L),10,10,10,INR,90,30,2026-05-08
Jharkhand,Jamshedpur,Cultural Activities,Folk Dance / Puppet Show Ticket,180,210,180,INR,89,28,2026-06-23
Jharkhand,Jamshedpur,Cultural Activities,Sound and Light Show Ticket,100,115,100,INR,93,18,2026-05-28
Jharkhand,Jamshedpur,Rentals,Bicycle Rental (Per Day),45,85,,INR,84,31,2026-06-29
Jharkhand,Jamshedpur,Rentals,Scooter / Activa Rental (Per Day),460,880,,INR,83,62,2026-06-11
Jharkhand,Jamshedpur,Rentals,Royal Enfield / Cruiser Rental (Per Day),950,2115,,INR,80,25,2026-05-28
Jharkhand,Dhanbad,Food,Standard Meals/Thali,110,165,,INR,87,27,2026-06-05
Jharkhand,Dhanbad,Food,Local Signature Dish,190,255,,INR,90,23,2026-05-29
Jharkhand,Dhanbad,Food,Breakfast Plate (Dosa/Puri/Poha),60,95,,INR,84,56,2026-06-29
Jharkhand,Dhanbad,Food,Evening Snack Plate,30,45,,INR,84,22,2026-06-08
Jharkhand,Dhanbad,Taxi,Airport Transfer (One-way),540,1125,540,INR,75,21,2026-06-11
Jharkhand,Dhanbad,Taxi,Railway Station Pick-up,270,600,270,INR,73,87,2026-05-12
Jharkhand,Dhanbad,Taxi,Sightseeing Taxi (8 Hours / 80km),1700,3310,1725,INR,82,65,2026-05-08
Jharkhand,Dhanbad,Auto,Short Auto Ride (Under 3km),40,45,40,INR,95,24,2026-06-11
Jharkhand,Dhanbad,Auto,Medium Auto Ride (5km),65,75,65,INR,91,31,2026-05-11
Jharkhand,Dhanbad,Auto,Auto Ride (10km),150,175,150,INR,95,13,2026-05-10
Jharkhand,Dhanbad,Bus,Local Bus Ticket (Short distance),15,15,15,INR,95,38,2026-05-15
Jharkhand,Dhanbad,Bus,Local Bus Ticket (Long distance),40,50,40,INR,88,33,2026-05-11
Jharkhand,Dhanbad,Bus,AC Volvo Intercity Bus (100km),410,505,415,INR,92,15,2026-05-06
Jharkhand,Dhanbad,Train,Coolie/Porter Service (1 Luggage),110,115,110,INR,94,30,2026-07-01
Jharkhand,Dhanbad,Train,Station Cloak Room Storage (24 Hours),20,20,20,INR,95,21,2026-05-24
Jharkhand,Dhanbad,Train,Platform Entry Ticket,10,10,10,INR,95,37,2026-06-28
Jharkhand,Dhanbad,Hotels,Budget Guest House Room (Per Night),610,905,,INR,85,26,2026-05-25
Jharkhand,Dhanbad,Hotels,3-Star Midscale Hotel Room (Per Night),2600,3620,,INR,90,23,2026-05-12
Jharkhand,Dhanbad,Hotels,Luxury / Heritage Resort Room (Per Night),4800,6350,,INR,88,23,2026-05-30
Jharkhand,Dhanbad,Souvenirs,Local Textile / Shawl,790,1475,,INR,85,14,2026-05-30
Jharkhand,Dhanbad,Souvenirs,Handcrafted Wooden / Clay Mug,90,205,,INR,74,53,2026-06-11
Jharkhand,Dhanbad,Souvenirs,Brass / Metal Art Piece,510,965,,INR,85,33,2026-06-07
Jharkhand,Dhanbad,Souvenirs,Local Spices / Tea Pack (250g),170,370,,INR,78,22,2026-06-03
Jharkhand,Dhanbad,Attractions,Historical Monument Entry (Indian Citizen),30,60,30,INR,82,49,2026-06-23
Jharkhand,Dhanbad,Attractions,Historical Monument Entry (Foreigner),450,470,450,INR,90,35,2026-07-01
Jharkhand,Dhanbad,Attractions,Museum Entry Ticket,90,155,90,INR,84,10,2026-07-03
Jharkhand,Dhanbad,Attractions,Palace / Fort Entry Ticket,110,270,110,INR,74,19,2026-06-13
Jharkhand,Dhanbad,Boat Rides,Shared Boat Ride (30 Mins),85,195,85,INR,75,53,2026-06-29
Jharkhand,Dhanbad,Boat Rides,Private Chartered Boat Ride (1 Hour),1200,2015,,INR,88,67,2026-06-17
Jharkhand,Dhanbad,Parking,Two-Wheeler Parking (Per Hour),10,10,10,INR,95,36,2026-05-20
Jharkhand,Dhanbad,Parking,Four-Wheeler Parking (Per Hour),45,55,45,INR,87,32,2026-05-07
Jharkhand,Dhanbad,Parking,Tourist Spot All-Day Parking (Car),65,80,65,INR,88,21,2026-05-23
Jharkhand,Dhanbad,Cafés,Traditional Filter Coffee / Tea,35,50,,INR,85,30,2026-06-02
Jharkhand,Dhanbad,Cafés,Cappuccino / Latte,120,165,,INR,86,48,2026-06-19
Jharkhand,Dhanbad,Cafés,Grilled Sandwich,110,170,,INR,88,15,2026-06-27
Jharkhand,Dhanbad,Street Food,Pani Puri / Golgappa (6 Pcs),30,45,,INR,87,36,2026-06-06
Jharkhand,Dhanbad,Street Food,Samosa / Vada Pav (Plate),25,35,,INR,89,16,2026-06-08
Jharkhand,Dhanbad,Street Food,Pav Bhaji / Chaat (Plate),70,95,,INR,85,51,2026-06-17
Jharkhand,Dhanbad,Street Food,Fresh Fruit Juice / Soda,35,45,,INR,87,22,2026-07-02
Jharkhand,Dhanbad,Public Facilities,Paid Public Restroom (Toilet),5,5,5,INR,92,36,2026-06-23
Jharkhand,Dhanbad,Public Facilities,Paid Public Restroom (Bathroom),10,10,10,INR,95,11,2026-05-17
Jharkhand,Dhanbad,Public Facilities,Purified Drinking Water Refill (20L),15,20,15,INR,88,7,2026-05-19
Jharkhand,Dhanbad,Cultural Activities,Folk Dance / Puppet Show Ticket,150,175,155,INR,95,34,2026-05-29
Jharkhand,Dhanbad,Cultural Activities,Sound and Light Show Ticket,55,65,55,INR,95,12,2026-05-12
Jharkhand,Dhanbad,Rentals,Bicycle Rental (Per Day),55,95,,INR,80,54,2026-05-19
Jharkhand,Dhanbad,Rentals,Scooter / Activa Rental (Per Day),530,1035,,INR,77,57,2026-06-30
Jharkhand,Dhanbad,Rentals,Royal Enfield / Cruiser Rental (Per Day),850,2080,,INR,70,67,2026-06-01
Jharkhand,Deoghar,Food,Standard Meals/Thali,160,355,,INR,76,80,2026-07-02
Jharkhand,Deoghar,Food,Local Signature Dish,190,285,,INR,83,15,2026-05-26
Jharkhand,Deoghar,Food,Breakfast Plate (Dosa/Puri/Poha),60,135,,INR,79,68,2026-05-21
Jharkhand,Deoghar,Food,Evening Snack Plate,60,90,,INR,83,11,2026-05-14
Jharkhand,Deoghar,Taxi,Airport Transfer (One-way),760,2750,760,INR,57,23,2026-05-18
Jharkhand,Deoghar,Taxi,Railway Station Pick-up,510,1685,510,INR,63,52,2026-05-15
Jharkhand,Deoghar,Taxi,Sightseeing Taxi (8 Hours / 80km),2500,7695,2605,INR,66,122,2026-06-17
Jharkhand,Deoghar,Auto,Short Auto Ride (Under 3km),65,85,65,INR,89,48,2026-05-23
Jharkhand,Deoghar,Auto,Medium Auto Ride (5km),120,160,120,INR,88,9,2026-06-28
Jharkhand,Deoghar,Auto,Auto Ride (10km),210,275,220,INR,87,29,2026-06-05
Jharkhand,Deoghar,Bus,Local Bus Ticket (Short distance),20,30,20,INR,90,19,2026-05-13
Jharkhand,Deoghar,Bus,Local Bus Ticket (Long distance),30,35,30,INR,94,31,2026-07-01
Jharkhand,Deoghar,Bus,AC Volvo Intercity Bus (100km),340,385,340,INR,93,22,2026-05-30
Jharkhand,Deoghar,Train,Coolie/Porter Service (1 Luggage),100,110,100,INR,96,29,2026-06-15
Jharkhand,Deoghar,Train,Station Cloak Room Storage (24 Hours),25,30,25,INR,95,41,2026-06-13
Jharkhand,Deoghar,Train,Platform Entry Ticket,10,15,10,INR,92,54,2026-07-03
Jharkhand,Deoghar,Hotels,Budget Guest House Room (Per Night),730,1370,,INR,80,28,2026-05-27
Jharkhand,Deoghar,Hotels,3-Star Midscale Hotel Room (Per Night),2200,3545,,INR,87,34,2026-05-06
Jharkhand,Deoghar,Hotels,Luxury / Heritage Resort Room (Per Night),9700,21935,,INR,75,56,2026-05-13
Jharkhand,Deoghar,Souvenirs,Local Textile / Shawl,390,1050,,INR,70,70,2026-07-03
Jharkhand,Deoghar,Souvenirs,Handcrafted Wooden / Clay Mug,150,465,,INR,65,54,2026-05-16
Jharkhand,Deoghar,Souvenirs,Brass / Metal Art Piece,950,3450,,INR,58,50,2026-05-28
Jharkhand,Deoghar,Souvenirs,Local Spices / Tea Pack (250g),220,610,,INR,67,73,2026-06-07
Jharkhand,Deoghar,Attractions,Historical Monument Entry (Indian Citizen),45,185,45,INR,50,47,2026-05-10
Jharkhand,Deoghar,Attractions,Historical Monument Entry (Foreigner),360,390,365,INR,95,26,2026-06-20
Jharkhand,Deoghar,Attractions,Museum Entry Ticket,90,190,95,INR,79,70,2026-05-24
Jharkhand,Deoghar,Attractions,Palace / Fort Entry Ticket,200,630,200,INR,64,39,2026-05-21
Jharkhand,Deoghar,Boat Rides,Shared Boat Ride (30 Mins),170,625,170,INR,51,124,2026-05-28
Jharkhand,Deoghar,Boat Rides,Private Chartered Boat Ride (1 Hour),1400,3365,,INR,75,68,2026-05-20
Jharkhand,Deoghar,Parking,Two-Wheeler Parking (Per Hour),15,20,15,INR,89,19,2026-06-14
Jharkhand,Deoghar,Parking,Four-Wheeler Parking (Per Hour),35,45,35,INR,91,13,2026-06-15
Jharkhand,Deoghar,Parking,Tourist Spot All-Day Parking (Car),100,110,105,INR,90,6,2026-06-24
Jharkhand,Deoghar,Cafés,Traditional Filter Coffee / Tea,20,30,,INR,88,22,2026-06-30
Jharkhand,Deoghar,Cafés,Cappuccino / Latte,170,255,,INR,85,29,2026-05-31
Jharkhand,Deoghar,Cafés,Grilled Sandwich,140,300,,INR,75,13,2026-06-13
Jharkhand,Deoghar,Street Food,Pani Puri / Golgappa (6 Pcs),25,40,,INR,84,34,2026-07-03
Jharkhand,Deoghar,Street Food,Samosa / Vada Pav (Plate),30,60,,INR,79,79,2026-05-25
Jharkhand,Deoghar,Street Food,Pav Bhaji / Chaat (Plate),90,140,,INR,85,44,2026-05-05
Jharkhand,Deoghar,Street Food,Fresh Fruit Juice / Soda,40,75,,INR,77,10,2026-05-24
Jharkhand,Deoghar,Public Facilities,Paid Public Restroom (Toilet),5,5,5,INR,92,30,2026-06-14
Jharkhand,Deoghar,Public Facilities,Paid Public Restroom (Bathroom),15,20,15,INR,91,11,2026-05-08
Jharkhand,Deoghar,Public Facilities,Purified Drinking Water Refill (20L),15,20,15,INR,91,41,2026-05-19
Jharkhand,Deoghar,Cultural Activities,Folk Dance / Puppet Show Ticket,180,240,185,INR,91,48,2026-06-23
Jharkhand,Deoghar,Cultural Activities,Sound and Light Show Ticket,110,145,110,INR,86,40,2026-05-19
Jharkhand,Deoghar,Rentals,Bicycle Rental (Per Day),110,350,,INR,63,85,2026-06-19
Jharkhand,Deoghar,Rentals,Scooter / Activa Rental (Per Day),410,1165,,INR,68,81,2026-06-20
Jharkhand,Deoghar,Rentals,Royal Enfield / Cruiser Rental (Per Day),1200,2920,,INR,73,23,2026-06-10
Karnataka,Bengaluru,Food,Standard Meals/Thali,110,175,,INR,83,62,2026-06-25
Karnataka,Bengaluru,Food,Local Signature Dish,150,275,,INR,82,33,2026-05-17
Karnataka,Bengaluru,Food,Breakfast Plate (Dosa/Puri/Poha),100,180,,INR,79,43,2026-06-04
Karnataka,Bengaluru,Food,Evening Snack Plate,45,65,,INR,87,16,2026-06-30
Karnataka,Bengaluru,Taxi,Airport Transfer (One-way),1100,3185,1115,INR,63,58,2026-05-09
Karnataka,Bengaluru,Taxi,Railway Station Pick-up,590,1470,590,INR,74,47,2026-06-20
Karnataka,Bengaluru,Taxi,Sightseeing Taxi (8 Hours / 80km),2900,8420,2975,INR,67,87,2026-06-18
Karnataka,Bengaluru,Auto,Short Auto Ride (Under 3km),65,80,65,INR,93,22,2026-06-11
Karnataka,Bengaluru,Auto,Medium Auto Ride (5km),150,185,150,INR,88,33,2026-06-06
Karnataka,Bengaluru,Auto,Auto Ride (10km),280,345,280,INR,90,13,2026-06-19
Karnataka,Bengaluru,Bus,Local Bus Ticket (Short distance),15,20,15,INR,92,12,2026-06-27
Karnataka,Bengaluru,Bus,Local Bus Ticket (Long distance),65,80,65,INR,88,42,2026-06-08
Karnataka,Bengaluru,Bus,AC Volvo Intercity Bus (100km),660,780,670,INR,88,10,2026-05-07
Karnataka,Bengaluru,Train,Coolie/Porter Service (1 Luggage),170,225,170,INR,89,34,2026-06-14
Karnataka,Bengaluru,Train,Station Cloak Room Storage (24 Hours),50,60,50,INR,93,6,2026-06-22
Karnataka,Bengaluru,Train,Platform Entry Ticket,15,20,15,INR,87,26,2026-05-10
Karnataka,Bengaluru,Hotels,Budget Guest House Room (Per Night),950,1835,,INR,82,44,2026-05-21
Karnataka,Bengaluru,Hotels,3-Star Midscale Hotel Room (Per Night),2400,3465,,INR,90,33,2026-06-20
Karnataka,Bengaluru,Hotels,Luxury / Heritage Resort Room (Per Night),11400,19705,,INR,86,18,2026-05-15
Karnataka,Bengaluru,Souvenirs,Local Textile / Shawl,1000,2025,,INR,76,34,2026-05-19
Karnataka,Bengaluru,Souvenirs,Handcrafted Wooden / Clay Mug,240,500,,INR,77,38,2026-07-03
Karnataka,Bengaluru,Souvenirs,Brass / Metal Art Piece,850,2470,,INR,69,52,2026-06-20
Karnataka,Bengaluru,Souvenirs,Local Spices / Tea Pack (250g),240,485,,INR,81,53,2026-06-15
Karnataka,Bengaluru,Attractions,Historical Monument Entry (Indian Citizen),40,120,40,INR,68,15,2026-05-27
Karnataka,Bengaluru,Attractions,Historical Monument Entry (Foreigner),450,475,450,INR,97,36,2026-06-29
Karnataka,Bengaluru,Attractions,Museum Entry Ticket,25,60,25,INR,70,31,2026-05-18
Karnataka,Bengaluru,Attractions,Palace / Fort Entry Ticket,110,260,110,INR,72,69,2026-06-02
Karnataka,Bengaluru,Boat Rides,Shared Boat Ride (30 Mins),90,275,90,INR,63,50,2026-05-23
Karnataka,Bengaluru,Boat Rides,Private Chartered Boat Ride (1 Hour),1200,3435,,INR,67,101,2026-06-12
Karnataka,Bengaluru,Parking,Two-Wheeler Parking (Per Hour),15,15,15,INR,96,34,2026-06-01
Karnataka,Bengaluru,Parking,Four-Wheeler Parking (Per Hour),35,45,35,INR,91,44,2026-05-16
Karnataka,Bengaluru,Parking,Tourist Spot All-Day Parking (Car),75,85,80,INR,93,13,2026-05-07
Karnataka,Bengaluru,Cafés,Traditional Filter Coffee / Tea,35,65,,INR,85,60,2026-05-21
Karnataka,Bengaluru,Cafés,Cappuccino / Latte,180,265,,INR,91,35,2026-06-04
Karnataka,Bengaluru,Cafés,Grilled Sandwich,120,175,,INR,86,43,2026-06-02
Karnataka,Bengaluru,Street Food,Pani Puri / Golgappa (6 Pcs),50,80,,INR,89,40,2026-07-03
Karnataka,Bengaluru,Street Food,Samosa / Vada Pav (Plate),25,40,,INR,83,39,2026-06-25
Karnataka,Bengaluru,Street Food,Pav Bhaji / Chaat (Plate),110,175,,INR,82,35,2026-06-03
Karnataka,Bengaluru,Street Food,Fresh Fruit Juice / Soda,50,70,,INR,85,14,2026-05-22
Karnataka,Bengaluru,Public Facilities,Paid Public Restroom (Toilet),5,5,5,INR,87,26,2026-06-18
Karnataka,Bengaluru,Public Facilities,Paid Public Restroom (Bathroom),20,25,20,INR,92,33,2026-06-09
Karnataka,Bengaluru,Public Facilities,Purified Drinking Water Refill (20L),25,30,25,INR,90,40,2026-06-23
Karnataka,Bengaluru,Cultural Activities,Folk Dance / Puppet Show Ticket,150,185,155,INR,93,47,2026-06-14
Karnataka,Bengaluru,Cultural Activities,Sound and Light Show Ticket,100,125,105,INR,92,17,2026-06-28
Karnataka,Bengaluru,Rentals,Bicycle Rental (Per Day),110,255,,INR,71,89,2026-05-23
Karnataka,Bengaluru,Rentals,Scooter / Activa Rental (Per Day),490,1300,,INR,68,51,2026-05-26
Karnataka,Bengaluru,Rentals,Royal Enfield / Cruiser Rental (Per Day),1700,4800,,INR,68,109,2026-05-20
Karnataka,Mysuru,Food,Standard Meals/Thali,130,295,,INR,72,33,2026-06-23
Karnataka,Mysuru,Food,Local Signature Dish,260,400,,INR,90,49,2026-06-16
Karnataka,Mysuru,Food,Breakfast Plate (Dosa/Puri/Poha),90,175,,INR,82,61,2026-06-10
Karnataka,Mysuru,Food,Evening Snack Plate,55,125,,INR,75,32,2026-06-19
Karnataka,Mysuru,Taxi,Airport Transfer (One-way),690,2030,690,INR,68,19,2026-06-01
Karnataka,Mysuru,Taxi,Railway Station Pick-up,360,1185,370,INR,61,92,2026-06-21
Karnataka,Mysuru,Taxi,Sightseeing Taxi (8 Hours / 80km),2700,7000,2750,INR,69,34,2026-07-02
Karnataka,Mysuru,Auto,Short Auto Ride (Under 3km),75,100,75,INR,89,29,2026-06-05
Karnataka,Mysuru,Auto,Medium Auto Ride (5km),140,185,140,INR,93,22,2026-07-02
Karnataka,Mysuru,Auto,Auto Ride (10km),180,240,180,INR,93,46,2026-05-30
Karnataka,Mysuru,Bus,Local Bus Ticket (Short distance),15,20,15,INR,94,16,2026-06-23
Karnataka,Mysuru,Bus,Local Bus Ticket (Long distance),55,65,55,INR,91,18,2026-06-13
Karnataka,Mysuru,Bus,AC Volvo Intercity Bus (100km),420,585,420,INR,87,31,2026-05-19
Karnataka,Mysuru,Train,Coolie/Porter Service (1 Luggage),95,115,95,INR,91,31,2026-05-26
Karnataka,Mysuru,Train,Station Cloak Room Storage (24 Hours),25,35,25,INR,87,45,2026-06-07
Karnataka,Mysuru,Train,Platform Entry Ticket,10,15,10,INR,85,35,2026-05-13
Karnataka,Mysuru,Hotels,Budget Guest House Room (Per Night),850,1925,,INR,77,28,2026-06-05
Karnataka,Mysuru,Hotels,3-Star Midscale Hotel Room (Per Night),2700,5025,,INR,80,50,2026-06-04
Karnataka,Mysuru,Hotels,Luxury / Heritage Resort Room (Per Night),10700,21060,,INR,81,67,2026-06-25
Karnataka,Mysuru,Souvenirs,Local Textile / Shawl,1200,4435,,INR,55,136,2026-05-24
Karnataka,Mysuru,Souvenirs,Handcrafted Wooden / Clay Mug,290,885,,INR,64,38,2026-06-20
Karnataka,Mysuru,Souvenirs,Brass / Metal Art Piece,1300,3675,,INR,69,18,2026-06-18
Karnataka,Mysuru,Souvenirs,Local Spices / Tea Pack (250g),290,820,,INR,69,100,2026-05-16
Karnataka,Mysuru,Attractions,Historical Monument Entry (Indian Citizen),25,95,25,INR,55,45,2026-06-30
Karnataka,Mysuru,Attractions,Historical Monument Entry (Foreigner),400,430,400,INR,94,22,2026-06-22
Karnataka,Mysuru,Attractions,Museum Entry Ticket,65,215,65,INR,63,111,2026-05-14
Karnataka,Mysuru,Attractions,Palace / Fort Entry Ticket,65,210,65,INR,60,105,2026-05-07
Karnataka,Mysuru,Boat Rides,Shared Boat Ride (30 Mins),140,345,140,INR,74,29,2026-06-29
Karnataka,Mysuru,Boat Rides,Private Chartered Boat Ride (1 Hour),670,2125,,INR,58,66,2026-05-14
Karnataka,Mysuru,Parking,Two-Wheeler Parking (Per Hour),15,20,15,INR,87,16,2026-06-03
Karnataka,Mysuru,Parking,Four-Wheeler Parking (Per Hour),40,55,40,INR,90,33,2026-05-13
Karnataka,Mysuru,Parking,Tourist Spot All-Day Parking (Car),110,150,115,INR,90,52,2026-06-22
Karnataka,Mysuru,Cafés,Traditional Filter Coffee / Tea,35,55,,INR,86,40,2026-06-30
Karnataka,Mysuru,Cafés,Cappuccino / Latte,160,250,,INR,89,23,2026-06-27
Karnataka,Mysuru,Cafés,Grilled Sandwich,140,260,,INR,84,33,2026-06-17
Karnataka,Mysuru,Street Food,Pani Puri / Golgappa (6 Pcs),35,60,,INR,84,62,2026-06-24
Karnataka,Mysuru,Street Food,Samosa / Vada Pav (Plate),20,40,,INR,77,11,2026-06-23
Karnataka,Mysuru,Street Food,Pav Bhaji / Chaat (Plate),60,110,,INR,78,66,2026-06-12
Karnataka,Mysuru,Street Food,Fresh Fruit Juice / Soda,25,45,,INR,84,49,2026-05-29
Karnataka,Mysuru,Public Facilities,Paid Public Restroom (Toilet),5,5,5,INR,94,45,2026-06-07
Karnataka,Mysuru,Public Facilities,Paid Public Restroom (Bathroom),15,20,15,INR,85,52,2026-05-19
Karnataka,Mysuru,Public Facilities,Purified Drinking Water Refill (20L),20,30,20,INR,92,12,2026-06-24
Karnataka,Mysuru,Cultural Activities,Folk Dance / Puppet Show Ticket,320,420,335,INR,88,12,2026-06-07
Karnataka,Mysuru,Cultural Activities,Sound and Light Show Ticket,120,160,120,INR,93,43,2026-07-03
Karnataka,Mysuru,Rentals,Bicycle Rental (Per Day),70,175,,INR,71,81,2026-05-24
Karnataka,Mysuru,Rentals,Scooter / Activa Rental (Per Day),610,1805,,INR,61,22,2026-06-13
Karnataka,Mysuru,Rentals,Royal Enfield / Cruiser Rental (Per Day),1500,4720,,INR,65,39,2026-05-24
Karnataka,Mangaluru,Food,Standard Meals/Thali,100,145,,INR,88,12,2026-05-16
Karnataka,Mangaluru,Food,Local Signature Dish,190,290,,INR,84,47,2026-06-03
Karnataka,Mangaluru,Food,Breakfast Plate (Dosa/Puri/Poha),70,115,,INR,83,22,2026-06-23
Karnataka,Mangaluru,Food,Evening Snack Plate,60,80,,INR,90,15,2026-05-16
Karnataka,Mangaluru,Taxi,Airport Transfer (One-way),460,905,460,INR,81,38,2026-05-05
Karnataka,Mangaluru,Taxi,Railway Station Pick-up,190,445,190,INR,77,23,2026-05-10
Karnataka,Mangaluru,Taxi,Sightseeing Taxi (8 Hours / 80km),2000,4505,2000,INR,72,26,2026-05-13
Karnataka,Mangaluru,Auto,Short Auto Ride (Under 3km),45,55,45,INR,94,39,2026-05-28
Karnataka,Mangaluru,Auto,Medium Auto Ride (5km),80,95,85,INR,92,37,2026-05-22
Karnataka,Mangaluru,Auto,Auto Ride (10km),160,185,160,INR,94,8,2026-06-23
Karnataka,Mangaluru,Bus,Local Bus Ticket (Short distance),15,15,15,INR,94,31,2026-06-30
Karnataka,Mangaluru,Bus,Local Bus Ticket (Long distance),25,25,25,INR,95,35,2026-06-20
Karnataka,Mangaluru,Bus,AC Volvo Intercity Bus (100km),230,255,240,INR,93,38,2026-05-24
Karnataka,Mangaluru,Train,Coolie/Porter Service (1 Luggage),100,115,105,INR,96,44,2026-06-02
Karnataka,Mangaluru,Train,Station Cloak Room Storage (24 Hours),20,25,20,INR,94,42,2026-05-23
Karnataka,Mangaluru,Train,Platform Entry Ticket,10,10,10,INR,92,26,2026-05-21
Karnataka,Mangaluru,Hotels,Budget Guest House Room (Per Night),460,670,,INR,88,25,2026-05-27
Karnataka,Mangaluru,Hotels,3-Star Midscale Hotel Room (Per Night),2900,4260,,INR,88,52,2026-05-31
Karnataka,Mangaluru,Hotels,Luxury / Heritage Resort Room (Per Night),8700,14250,,INR,85,40,2026-06-04
Karnataka,Mangaluru,Souvenirs,Local Textile / Shawl,830,1970,,INR,72,42,2026-06-25
Karnataka,Mangaluru,Souvenirs,Handcrafted Wooden / Clay Mug,100,170,,INR,86,23,2026-06-20
Karnataka,Mangaluru,Souvenirs,Brass / Metal Art Piece,1200,2865,,INR,70,58,2026-06-06
Karnataka,Mangaluru,Souvenirs,Local Spices / Tea Pack (250g),180,315,,INR,86,47,2026-06-24
Karnataka,Mangaluru,Attractions,Historical Monument Entry (Indian Citizen),25,45,25,INR,82,54,2026-07-02
Karnataka,Mangaluru,Attractions,Historical Monument Entry (Foreigner),490,510,495,INR,95,25,2026-06-25
Karnataka,Mangaluru,Attractions,Museum Entry Ticket,55,135,55,INR,71,32,2026-06-14
Karnataka,Mangaluru,Attractions,Palace / Fort Entry Ticket,50,110,50,INR,74,29,2026-05-28
Karnataka,Mangaluru,Boat Rides,Shared Boat Ride (30 Mins),80,170,80,INR,78,78,2026-05-15
Karnataka,Mangaluru,Boat Rides,Private Chartered Boat Ride (1 Hour),450,810,,INR,81,64,2026-06-04
Karnataka,Mangaluru,Parking,Two-Wheeler Parking (Per Hour),15,15,15,INR,90,33,2026-06-16
Karnataka,Mangaluru,Parking,Four-Wheeler Parking (Per Hour),30,35,30,INR,91,28,2026-05-22
Karnataka,Mangaluru,Parking,Tourist Spot All-Day Parking (Car),50,55,50,INR,94,17,2026-06-19
Karnataka,Mangaluru,Cafés,Traditional Filter Coffee / Tea,15,20,,INR,86,53,2026-05-05
Karnataka,Mangaluru,Cafés,Cappuccino / Latte,110,155,,INR,87,18,2026-06-10
Karnataka,Mangaluru,Cafés,Grilled Sandwich,120,170,,INR,91,19,2026-06-16
Karnataka,Mangaluru,Street Food,Pani Puri / Golgappa (6 Pcs),30,45,,INR,86,51,2026-05-11
Karnataka,Mangaluru,Street Food,Samosa / Vada Pav (Plate),20,30,,INR,90,14,2026-05-11
Karnataka,Mangaluru,Street Food,Pav Bhaji / Chaat (Plate),45,70,,INR,84,20,2026-06-09
Karnataka,Mangaluru,Street Food,Fresh Fruit Juice / Soda,35,45,,INR,87,21,2026-05-25
Karnataka,Mangaluru,Public Facilities,Paid Public Restroom (Toilet),5,5,5,INR,92,33,2026-06-23
Karnataka,Mangaluru,Public Facilities,Paid Public Restroom (Bathroom),10,10,10,INR,92,41,2026-06-20
Karnataka,Mangaluru,Public Facilities,Purified Drinking Water Refill (20L),10,10,10,INR,96,31,2026-05-17
Karnataka,Mangaluru,Cultural Activities,Folk Dance / Puppet Show Ticket,200,235,200,INR,91,45,2026-05-12
Karnataka,Mangaluru,Cultural Activities,Sound and Light Show Ticket,130,150,135,INR,93,15,2026-05-08
Karnataka,Mangaluru,Rentals,Bicycle Rental (Per Day),65,150,,INR,72,23,2026-06-14
Karnataka,Mangaluru,Rentals,Scooter / Activa Rental (Per Day),440,1050,,INR,74,88,2026-07-03
Karnataka,Mangaluru,Rentals,Royal Enfield / Cruiser Rental (Per Day),860,1800,,INR,77,10,2026-05-27
Karnataka,Hampi,Food,Standard Meals/Thali,190,370,,INR,84,40,2026-05-10
Karnataka,Hampi,Food,Local Signature Dish,160,260,,INR,89,48,2026-06-10
Karnataka,Hampi,Food,Breakfast Plate (Dosa/Puri/Poha),80,165,,INR,82,27,2026-05-09
Karnataka,Hampi,Food,Evening Snack Plate,35,65,,INR,80,28,2026-06-18
Karnataka,Hampi,Taxi,Airport Transfer (One-way),930,2565,930,INR,71,67,2026-06-19
Karnataka,Hampi,Taxi,Railway Station Pick-up,300,710,300,INR,75,42,2026-05-12
Karnataka,Hampi,Taxi,Sightseeing Taxi (8 Hours / 80km),2900,7380,2980,INR,72,97,2026-05-14
Karnataka,Hampi,Auto,Short Auto Ride (Under 3km),70,90,70,INR,88,45,2026-05-20
Karnataka,Hampi,Auto,Medium Auto Ride (5km),85,110,85,INR,90,40,2026-05-08
Karnataka,Hampi,Auto,Auto Ride (10km),230,305,230,INR,87,12,2026-06-02
Karnataka,Hampi,Bus,Local Bus Ticket (Short distance),20,25,20,INR,87,19,2026-05-28
Karnataka,Hampi,Bus,Local Bus Ticket (Long distance),40,55,40,INR,92,28,2026-06-22
Karnataka,Hampi,Bus,AC Volvo Intercity Bus (100km),470,680,470,INR,88,24,2026-07-02
Karnataka,Hampi,Train,Coolie/Porter Service (1 Luggage),150,220,150,INR,84,54,2026-07-02
Karnataka,Hampi,Train,Station Cloak Room Storage (24 Hours),40,60,40,INR,86,29,2026-06-07
Karnataka,Hampi,Train,Platform Entry Ticket,10,10,10,INR,90,19,2026-06-05
Karnataka,Hampi,Hotels,Budget Guest House Room (Per Night),1100,2385,,INR,76,77,2026-06-27
Karnataka,Hampi,Hotels,3-Star Midscale Hotel Room (Per Night),3600,7205,,INR,79,70,2026-06-23
Karnataka,Hampi,Hotels,Luxury / Heritage Resort Room (Per Night),6800,13890,,INR,82,63,2026-05-18
Karnataka,Hampi,Souvenirs,Local Textile / Shawl,1100,3505,,INR,59,38,2026-05-06
Karnataka,Hampi,Souvenirs,Handcrafted Wooden / Clay Mug,260,750,,INR,66,34,2026-05-12
Karnataka,Hampi,Souvenirs,Brass / Metal Art Piece,620,2050,,INR,62,66,2026-05-31
Karnataka,Hampi,Souvenirs,Local Spices / Tea Pack (250g),240,650,,INR,71,93,2026-06-19
Karnataka,Hampi,Attractions,Historical Monument Entry (Indian Citizen),50,145,50,INR,65,90,2026-06-28
Karnataka,Hampi,Attractions,Historical Monument Entry (Foreigner),610,660,610,INR,90,35,2026-06-10
Karnataka,Hampi,Attractions,Museum Entry Ticket,95,235,95,INR,72,83,2026-05-05
Karnataka,Hampi,Attractions,Palace / Fort Entry Ticket,85,320,85,INR,50,66,2026-05-08
Karnataka,Hampi,Boat Rides,Shared Boat Ride (30 Mins),140,485,140,INR,56,103,2026-06-23
Karnataka,Hampi,Boat Rides,Private Chartered Boat Ride (1 Hour),1000,3355,,INR,59,23,2026-06-19
Karnataka,Hampi,Parking,Two-Wheeler Parking (Per Hour),15,20,15,INR,89,8,2026-06-26
Karnataka,Hampi,Parking,Four-Wheeler Parking (Per Hour),50,65,50,INR,90,27,2026-06-11
Karnataka,Hampi,Parking,Tourist Spot All-Day Parking (Car),100,120,100,INR,89,24,2026-05-12
Karnataka,Hampi,Cafés,Traditional Filter Coffee / Tea,30,50,,INR,88,59,2026-06-26
Karnataka,Hampi,Cafés,Cappuccino / Latte,180,370,,INR,82,37,2026-07-02
Karnataka,Hampi,Cafés,Grilled Sandwich,70,155,,INR,75,84,2026-05-17
Karnataka,Hampi,Street Food,Pani Puri / Golgappa (6 Pcs),25,40,,INR,86,35,2026-06-24
Karnataka,Hampi,Street Food,Samosa / Vada Pav (Plate),25,55,,INR,73,32,2026-07-01
Karnataka,Hampi,Street Food,Pav Bhaji / Chaat (Plate),90,150,,INR,82,34,2026-06-05
Karnataka,Hampi,Street Food,Fresh Fruit Juice / Soda,45,80,,INR,84,31,2026-05-17
Karnataka,Hampi,Public Facilities,Paid Public Restroom (Toilet),2,5,2,INR,89,26,2026-05-10
Karnataka,Hampi,Public Facilities,Paid Public Restroom (Bathroom),15,20,15,INR,88,42,2026-05-26
Karnataka,Hampi,Public Facilities,Purified Drinking Water Refill (20L),15,15,15,INR,90,13,2026-05-06
Karnataka,Hampi,Cultural Activities,Folk Dance / Puppet Show Ticket,250,330,255,INR,92,7,2026-06-13
Karnataka,Hampi,Cultural Activities,Sound and Light Show Ticket,140,185,140,INR,93,12,2026-05-26
Karnataka,Hampi,Rentals,Bicycle Rental (Per Day),80,250,,INR,65,88,2026-05-31
Karnataka,Hampi,Rentals,Scooter / Activa Rental (Per Day),550,1875,,INR,59,57,2026-07-01
Karnataka,Hampi,Rentals,Royal Enfield / Cruiser Rental (Per Day),1600,4190,,INR,69,98,2026-06-08
Karnataka,Gokarna,Food,Standard Meals/Thali,110,240,,INR,78,25,2026-05-17
Karnataka,Gokarna,Food,Local Signature Dish,250,435,,INR,87,35,2026-05-18
Karnataka,Gokarna,Food,Breakfast Plate (Dosa/Puri/Poha),95,185,,INR,77,68,2026-07-02
Karnataka,Gokarna,Food,Evening Snack Plate,55,105,,INR,79,57,2026-06-09
Karnataka,Gokarna,Taxi,Airport Transfer (One-way),670,2190,670,INR,60,42,2026-05-06
Karnataka,Gokarna,Taxi,Railway Station Pick-up,450,1285,450,INR,69,61,2026-05-28
Karnataka,Gokarna,Taxi,Sightseeing Taxi (8 Hours / 80km),2600,7250,2720,INR,69,44,2026-06-19
Karnataka,Gokarna,Auto,Short Auto Ride (Under 3km),70,90,70,INR,89,17,2026-06-03
Karnataka,Gokarna,Auto,Medium Auto Ride (5km),110,145,110,INR,88,37,2026-05-23
Karnataka,Gokarna,Auto,Auto Ride (10km),200,265,210,INR,91,42,2026-06-26
Karnataka,Gokarna,Bus,Local Bus Ticket (Short distance),10,15,10,INR,90,28,2026-05-16
Karnataka,Gokarna,Bus,Local Bus Ticket (Long distance),55,65,60,INR,91,33,2026-05-21
Karnataka,Gokarna,Bus,AC Volvo Intercity Bus (100km),380,500,385,INR,91,14,2026-06-27
Karnataka,Gokarna,Train,Coolie/Porter Service (1 Luggage),160,185,165,INR,91,8,2026-06-30
Karnataka,Gokarna,Train,Station Cloak Room Storage (24 Hours),25,30,25,INR,90,22,2026-06-18
Karnataka,Gokarna,Train,Platform Entry Ticket,10,10,10,INR,95,15,2026-06-29
Karnataka,Gokarna,Hotels,Budget Guest House Room (Per Night),1300,2400,,INR,83,53,2026-05-14
Karnataka,Gokarna,Hotels,3-Star Midscale Hotel Room (Per Night),2400,4620,,INR,84,12,2026-05-22
Karnataka,Gokarna,Hotels,Luxury / Heritage Resort Room (Per Night),12300,21580,,INR,80,16,2026-05-29
Karnataka,Gokarna,Souvenirs,Local Textile / Shawl,930,3360,,INR,56,24,2026-05-30
Karnataka,Gokarna,Souvenirs,Handcrafted Wooden / Clay Mug,150,555,,INR,50,70,2026-05-24
Karnataka,Gokarna,Souvenirs,Brass / Metal Art Piece,1100,3650,,INR,58,49,2026-05-26
Karnataka,Gokarna,Souvenirs,Local Spices / Tea Pack (250g),150,415,,INR,71,87,2026-06-27
Karnataka,Gokarna,Attractions,Historical Monument Entry (Indian Citizen),55,200,55,INR,53,47,2026-06-18
Karnataka,Gokarna,Attractions,Historical Monument Entry (Foreigner),630,680,630,INR,95,28,2026-06-10
Karnataka,Gokarna,Attractions,Museum Entry Ticket,100,215,100,INR,78,83,2026-06-21
Karnataka,Gokarna,Attractions,Palace / Fort Entry Ticket,170,320,170,INR,78,58,2026-05-27
Karnataka,Gokarna,Boat Rides,Shared Boat Ride (30 Mins),110,255,110,INR,73,26,2026-06-16
Karnataka,Gokarna,Boat Rides,Private Chartered Boat Ride (1 Hour),1100,3865,,INR,58,124,2026-05-05
Karnataka,Gokarna,Parking,Two-Wheeler Parking (Per Hour),15,20,15,INR,91,6,2026-06-23
Karnataka,Gokarna,Parking,Four-Wheeler Parking (Per Hour),50,65,50,INR,87,47,2026-06-28
Karnataka,Gokarna,Parking,Tourist Spot All-Day Parking (Car),60,65,60,INR,91,36,2026-06-21
Karnataka,Gokarna,Cafés,Traditional Filter Coffee / Tea,25,55,,INR,79,31,2026-06-05
Karnataka,Gokarna,Cafés,Cappuccino / Latte,110,185,,INR,83,50,2026-06-07
Karnataka,Gokarna,Cafés,Grilled Sandwich,140,300,,INR,76,35,2026-06-06
Karnataka,Gokarna,Street Food,Pani Puri / Golgappa (6 Pcs),25,55,,INR,74,17,2026-06-17
Karnataka,Gokarna,Street Food,Samosa / Vada Pav (Plate),35,75,,INR,74,78,2026-06-10
Karnataka,Gokarna,Street Food,Pav Bhaji / Chaat (Plate),90,180,,INR,77,35,2026-05-31
Karnataka,Gokarna,Street Food,Fresh Fruit Juice / Soda,45,80,,INR,79,24,2026-05-05
Karnataka,Gokarna,Public Facilities,Paid Public Restroom (Toilet),5,5,5,INR,91,39,2026-05-06
Karnataka,Gokarna,Public Facilities,Paid Public Restroom (Bathroom),15,20,15,INR,93,17,2026-05-11
Karnataka,Gokarna,Public Facilities,Purified Drinking Water Refill (20L),20,30,20,INR,86,30,2026-05-19
Karnataka,Gokarna,Cultural Activities,Folk Dance / Puppet Show Ticket,290,385,290,INR,90,39,2026-06-21
Karnataka,Gokarna,Cultural Activities,Sound and Light Show Ticket,120,160,120,INR,93,31,2026-06-29
Karnataka,Gokarna,Rentals,Bicycle Rental (Per Day),80,220,,INR,69,87,2026-05-10
Karnataka,Gokarna,Rentals,Scooter / Activa Rental (Per Day),420,1560,,INR,56,103,2026-05-11
Karnataka,Gokarna,Rentals,Royal Enfield / Cruiser Rental (Per Day),1300,4630,,INR,56,48,2026-05-11
Kerala,Kochi,Food,Standard Meals/Thali,120,235,,INR,83,58,2026-06-08
Kerala,Kochi,Food,Local Signature Dish,260,485,,INR,79,43,2026-05-28
Kerala,Kochi,Food,Breakfast Plate (Dosa/Puri/Poha),65,120,,INR,82,24,2026-05-13
Kerala,Kochi,Food,Evening Snack Plate,65,115,,INR,84,24,2026-06-23
Kerala,Kochi,Taxi,Airport Transfer (One-way),830,2915,865,INR,61,75,2026-05-11
Kerala,Kochi,Taxi,Railway Station Pick-up,320,1175,320,INR,53,27,2026-05-22
Kerala,Kochi,Taxi,Sightseeing Taxi (8 Hours / 80km),2900,8770,3000,INR,65,23,2026-06-16
Kerala,Kochi,Auto,Short Auto Ride (Under 3km),75,100,80,INR,91,14,2026-06-07
Kerala,Kochi,Auto,Medium Auto Ride (5km),85,110,85,INR,86,48,2026-06-20
Kerala,Kochi,Auto,Auto Ride (10km),170,225,170,INR,87,11,2026-05-31
Kerala,Kochi,Bus,Local Bus Ticket (Short distance),15,20,15,INR,90,14,2026-05-20
Kerala,Kochi,Bus,Local Bus Ticket (Long distance),35,45,35,INR,92,45,2026-06-29
Kerala,Kochi,Bus,AC Volvo Intercity Bus (100km),360,515,370,INR,87,52,2026-05-12
Kerala,Kochi,Train,Coolie/Porter Service (1 Luggage),100,125,105,INR,89,13,2026-05-17
Kerala,Kochi,Train,Station Cloak Room Storage (24 Hours),30,45,30,INR,91,13,2026-05-17
Kerala,Kochi,Train,Platform Entry Ticket,10,15,10,INR,87,52,2026-05-23
Kerala,Kochi,Hotels,Budget Guest House Room (Per Night),600,1015,,INR,88,27,2026-06-04
Kerala,Kochi,Hotels,3-Star Midscale Hotel Room (Per Night),2200,4175,,INR,84,71,2026-05-13
Kerala,Kochi,Hotels,Luxury / Heritage Resort Room (Per Night),11800,20685,,INR,85,55,2026-05-09
Kerala,Kochi,Souvenirs,Local Textile / Shawl,710,2290,,INR,60,107,2026-06-06
Kerala,Kochi,Souvenirs,Handcrafted Wooden / Clay Mug,150,370,,INR,72,54,2026-05-10
Kerala,Kochi,Souvenirs,Brass / Metal Art Piece,830,2335,,INR,70,92,2026-06-18
Kerala,Kochi,Souvenirs,Local Spices / Tea Pack (250g),300,1100,,INR,56,124,2026-06-02
Kerala,Kochi,Attractions,Historical Monument Entry (Indian Citizen),50,110,50,INR,76,74,2026-05-07
Kerala,Kochi,Attractions,Historical Monument Entry (Foreigner),550,595,550,INR,93,34,2026-05-11
Kerala,Kochi,Attractions,Museum Entry Ticket,50,190,50,INR,55,90,2026-05-21
Kerala,Kochi,Attractions,Palace / Fort Entry Ticket,120,220,120,INR,81,53,2026-06-04
Kerala,Kochi,Boat Rides,Shared Boat Ride (30 Mins),170,625,170,INR,55,23,2026-06-19
Kerala,Kochi,Boat Rides,Private Chartered Boat Ride (1 Hour),1100,3585,,INR,64,44,2026-06-25
Kerala,Kochi,Parking,Two-Wheeler Parking (Per Hour),20,30,20,INR,91,27,2026-06-09
Kerala,Kochi,Parking,Four-Wheeler Parking (Per Hour),25,35,25,INR,90,31,2026-07-03
Kerala,Kochi,Parking,Tourist Spot All-Day Parking (Car),100,140,100,INR,90,31,2026-06-13
Kerala,Kochi,Cafés,Traditional Filter Coffee / Tea,20,45,,INR,76,87,2026-06-05
Kerala,Kochi,Cafés,Cappuccino / Latte,180,315,,INR,83,52,2026-06-08
Kerala,Kochi,Cafés,Grilled Sandwich,95,190,,INR,78,47,2026-05-08
Kerala,Kochi,Street Food,Pani Puri / Golgappa (6 Pcs),25,45,,INR,81,45,2026-05-14
Kerala,Kochi,Street Food,Samosa / Vada Pav (Plate),25,55,,INR,76,64,2026-06-16
Kerala,Kochi,Street Food,Pav Bhaji / Chaat (Plate),95,165,,INR,83,62,2026-05-22
Kerala,Kochi,Street Food,Fresh Fruit Juice / Soda,55,100,,INR,80,57,2026-05-09
Kerala,Kochi,Public Facilities,Paid Public Restroom (Toilet),5,5,5,INR,92,16,2026-05-18
Kerala,Kochi,Public Facilities,Paid Public Restroom (Bathroom),15,20,15,INR,86,30,2026-05-14
Kerala,Kochi,Public Facilities,Purified Drinking Water Refill (20L),20,25,20,INR,92,29,2026-05-12
Kerala,Kochi,Cultural Activities,Folk Dance / Puppet Show Ticket,200,265,200,INR,87,39,2026-06-28
Kerala,Kochi,Cultural Activities,Sound and Light Show Ticket,100,130,100,INR,92,30,2026-06-12
Kerala,Kochi,Rentals,Bicycle Rental (Per Day),110,375,,INR,61,83,2026-06-27
Kerala,Kochi,Rentals,Scooter / Activa Rental (Per Day),450,1130,,INR,69,15,2026-05-30
Kerala,Kochi,Rentals,Royal Enfield / Cruiser Rental (Per Day),1500,3455,,INR,72,90,2026-07-03
Kerala,Thiruvananthapuram,Food,Standard Meals/Thali,160,265,,INR,88,37,2026-06-18
Kerala,Thiruvananthapuram,Food,Local Signature Dish,160,215,,INR,91,22,2026-05-15
Kerala,Thiruvananthapuram,Food,Breakfast Plate (Dosa/Puri/Poha),40,65,,INR,86,44,2026-05-18
Kerala,Thiruvananthapuram,Food,Evening Snack Plate,45,70,,INR,85,30,2026-05-09
Kerala,Thiruvananthapuram,Taxi,Airport Transfer (One-way),490,1005,510,INR,79,52,2026-05-07
Kerala,Thiruvananthapuram,Taxi,Railway Station Pick-up,240,510,240,INR,80,56,2026-05-20
Kerala,Thiruvananthapuram,Taxi,Sightseeing Taxi (8 Hours / 80km),2500,5400,2610,INR,77,38,2026-06-24
Kerala,Thiruvananthapuram,Auto,Short Auto Ride (Under 3km),45,55,45,INR,93,18,2026-06-04
Kerala,Thiruvananthapuram,Auto,Medium Auto Ride (5km),75,90,75,INR,88,33,2026-06-15
Kerala,Thiruvananthapuram,Auto,Auto Ride (10km),200,235,205,INR,90,21,2026-06-11
Kerala,Thiruvananthapuram,Bus,Local Bus Ticket (Short distance),20,25,20,INR,95,44,2026-05-13
Kerala,Thiruvananthapuram,Bus,Local Bus Ticket (Long distance),35,35,35,INR,95,38,2026-05-15
Kerala,Thiruvananthapuram,Bus,AC Volvo Intercity Bus (100km),310,345,315,INR,90,40,2026-06-13
Kerala,Thiruvananthapuram,Train,Coolie/Porter Service (1 Luggage),95,100,95,INR,97,33,2026-05-28
Kerala,Thiruvananthapuram,Train,Station Cloak Room Storage (24 Hours),30,35,30,INR,93,9,2026-06-27
Kerala,Thiruvananthapuram,Train,Platform Entry Ticket,10,10,10,INR,96,21,2026-06-05
Kerala,Thiruvananthapuram,Hotels,Budget Guest House Room (Per Night),810,1125,,INR,86,13,2026-05-26
Kerala,Thiruvananthapuram,Hotels,3-Star Midscale Hotel Room (Per Night),1700,2435,,INR,87,48,2026-06-19
Kerala,Thiruvananthapuram,Hotels,Luxury / Heritage Resort Room (Per Night),4700,7830,,INR,87,13,2026-06-03
Kerala,Thiruvananthapuram,Souvenirs,Local Textile / Shawl,330,725,,INR,73,62,2026-05-09
Kerala,Thiruvananthapuram,Souvenirs,Handcrafted Wooden / Clay Mug,200,455,,INR,79,57,2026-05-06
Kerala,Thiruvananthapuram,Souvenirs,Brass / Metal Art Piece,920,2020,,INR,73,54,2026-06-06
Kerala,Thiruvananthapuram,Souvenirs,Local Spices / Tea Pack (250g),250,470,,INR,78,57,2026-05-15
Kerala,Thiruvananthapuram,Attractions,Historical Monument Entry (Indian Citizen),45,85,45,INR,84,66,2026-05-24
Kerala,Thiruvananthapuram,Attractions,Historical Monument Entry (Foreigner),420,440,425,INR,91,30,2026-05-22
Kerala,Thiruvananthapuram,Attractions,Museum Entry Ticket,50,120,50,INR,73,34,2026-06-30
Kerala,Thiruvananthapuram,Attractions,Palace / Fort Entry Ticket,120,250,120,INR,78,39,2026-06-21
Kerala,Thiruvananthapuram,Boat Rides,Shared Boat Ride (30 Mins),80,150,80,INR,82,37,2026-06-21
Kerala,Thiruvananthapuram,Boat Rides,Private Chartered Boat Ride (1 Hour),440,970,,INR,75,20,2026-05-27
Kerala,Thiruvananthapuram,Parking,Two-Wheeler Parking (Per Hour),15,15,15,INR,95,31,2026-07-02
Kerala,Thiruvananthapuram,Parking,Four-Wheeler Parking (Per Hour),30,35,30,INR,92,41,2026-05-05
Kerala,Thiruvananthapuram,Parking,Tourist Spot All-Day Parking (Car),45,50,45,INR,92,6,2026-05-15
Kerala,Thiruvananthapuram,Cafés,Traditional Filter Coffee / Tea,15,25,,INR,88,24,2026-05-05
Kerala,Thiruvananthapuram,Cafés,Cappuccino / Latte,110,145,,INR,91,21,2026-07-02
Kerala,Thiruvananthapuram,Cafés,Grilled Sandwich,80,100,,INR,90,26,2026-05-24
Kerala,Thiruvananthapuram,Street Food,Pani Puri / Golgappa (6 Pcs),25,30,,INR,90,26,2026-06-01
Kerala,Thiruvananthapuram,Street Food,Samosa / Vada Pav (Plate),25,35,,INR,85,14,2026-06-20
Kerala,Thiruvananthapuram,Street Food,Pav Bhaji / Chaat (Plate),55,85,,INR,90,11,2026-07-03
Kerala,Thiruvananthapuram,Street Food,Fresh Fruit Juice / Soda,30,50,,INR,88,53,2026-06-12
Kerala,Thiruvananthapuram,Public Facilities,Paid Public Restroom (Toilet),2,0,2,INR,93,37,2026-06-01
Kerala,Thiruvananthapuram,Public Facilities,Paid Public Restroom (Bathroom),10,10,10,INR,91,13,2026-05-24
Kerala,Thiruvananthapuram,Public Facilities,Purified Drinking Water Refill (20L),15,15,15,INR,96,12,2026-06-29
Kerala,Thiruvananthapuram,Cultural Activities,Folk Dance / Puppet Show Ticket,250,295,260,INR,93,21,2026-05-27
Kerala,Thiruvananthapuram,Cultural Activities,Sound and Light Show Ticket,70,80,70,INR,93,30,2026-06-01
Kerala,Thiruvananthapuram,Rentals,Bicycle Rental (Per Day),75,130,,INR,87,62,2026-05-15
Kerala,Thiruvananthapuram,Rentals,Scooter / Activa Rental (Per Day),390,770,,INR,76,55,2026-05-12
Kerala,Thiruvananthapuram,Rentals,Royal Enfield / Cruiser Rental (Per Day),950,2045,,INR,73,33,2026-06-20
Kerala,Munnar,Food,Standard Meals/Thali,130,220,,INR,84,50,2026-06-12
Kerala,Munnar,Food,Local Signature Dish,200,390,,INR,78,38,2026-06-09
Kerala,Munnar,Food,Breakfast Plate (Dosa/Puri/Poha),85,180,,INR,78,31,2026-05-06
Kerala,Munnar,Food,Evening Snack Plate,75,145,,INR,83,34,2026-06-11
Kerala,Munnar,Taxi,Airport Transfer (One-way),830,2650,830,INR,60,44,2026-05-12
Kerala,Munnar,Taxi,Railway Station Pick-up,330,1045,330,INR,65,79,2026-06-18
Kerala,Munnar,Taxi,Sightseeing Taxi (8 Hours / 80km),2600,6810,2725,INR,73,72,2026-06-08
Kerala,Munnar,Auto,Short Auto Ride (Under 3km),75,100,80,INR,93,26,2026-06-28
Kerala,Munnar,Auto,Medium Auto Ride (5km),130,170,135,INR,92,30,2026-05-08
Kerala,Munnar,Auto,Auto Ride (10km),190,250,190,INR,89,13,2026-06-15
Kerala,Munnar,Bus,Local Bus Ticket (Short distance),15,20,15,INR,88,14,2026-07-02
Kerala,Munnar,Bus,Local Bus Ticket (Long distance),45,65,45,INR,90,25,2026-05-23
Kerala,Munnar,Bus,AC Volvo Intercity Bus (100km),460,610,460,INR,90,34,2026-05-10
Kerala,Munnar,Train,Coolie/Porter Service (1 Luggage),130,160,135,INR,88,29,2026-05-06
Kerala,Munnar,Train,Station Cloak Room Storage (24 Hours),30,40,30,INR,91,11,2026-06-27
Kerala,Munnar,Train,Platform Entry Ticket,10,10,10,INR,90,33,2026-07-01
Kerala,Munnar,Hotels,Budget Guest House Room (Per Night),830,1340,,INR,81,62,2026-06-19
Kerala,Munnar,Hotels,3-Star Midscale Hotel Room (Per Night),3800,5920,,INR,82,15,2026-05-18
Kerala,Munnar,Hotels,Luxury / Heritage Resort Room (Per Night),9200,13640,,INR,87,36,2026-05-26
Kerala,Munnar,Souvenirs,Local Textile / Shawl,900,2120,,INR,70,30,2026-06-14
Kerala,Munnar,Souvenirs,Handcrafted Wooden / Clay Mug,250,865,,INR,56,92,2026-06-22
Kerala,Munnar,Souvenirs,Brass / Metal Art Piece,500,1370,,INR,66,90,2026-07-02
Kerala,Munnar,Souvenirs,Local Spices / Tea Pack (250g),190,560,,INR,66,108,2026-06-30
Kerala,Munnar,Attractions,Historical Monument Entry (Indian Citizen),50,185,50,INR,53,53,2026-07-03
Kerala,Munnar,Attractions,Historical Monument Entry (Foreigner),520,560,520,INR,93,23,2026-06-12
Kerala,Munnar,Attractions,Museum Entry Ticket,90,285,90,INR,66,103,2026-06-13
Kerala,Munnar,Attractions,Palace / Fort Entry Ticket,120,215,120,INR,84,68,2026-06-21
Kerala,Munnar,Boat Rides,Shared Boat Ride (30 Mins),85,275,85,INR,59,125,2026-05-11
Kerala,Munnar,Boat Rides,Private Chartered Boat Ride (1 Hour),1700,4150,,INR,71,33,2026-05-15
Kerala,Munnar,Parking,Two-Wheeler Parking (Per Hour),15,20,15,INR,91,9,2026-06-12
Kerala,Munnar,Parking,Four-Wheeler Parking (Per Hour),40,55,40,INR,92,20,2026-06-18
Kerala,Munnar,Parking,Tourist Spot All-Day Parking (Car),55,65,55,INR,95,15,2026-05-11
Kerala,Munnar,Cafés,Traditional Filter Coffee / Tea,35,80,,INR,78,38,2026-06-26
Kerala,Munnar,Cafés,Cappuccino / Latte,160,285,,INR,85,56,2026-06-13
Kerala,Munnar,Cafés,Grilled Sandwich,150,235,,INR,87,22,2026-05-19
Kerala,Munnar,Street Food,Pani Puri / Golgappa (6 Pcs),35,55,,INR,90,56,2026-06-06
Kerala,Munnar,Street Food,Samosa / Vada Pav (Plate),20,35,,INR,84,41,2026-05-24
Kerala,Munnar,Street Food,Pav Bhaji / Chaat (Plate),90,170,,INR,80,33,2026-06-15
Kerala,Munnar,Street Food,Fresh Fruit Juice / Soda,50,110,,INR,80,47,2026-05-15
Kerala,Munnar,Public Facilities,Paid Public Restroom (Toilet),5,5,5,INR,88,38,2026-06-30
Kerala,Munnar,Public Facilities,Paid Public Restroom (Bathroom),15,20,15,INR,90,43,2026-06-04
Kerala,Munnar,Public Facilities,Purified Drinking Water Refill (20L),20,25,20,INR,89,30,2026-06-15
Kerala,Munnar,Cultural Activities,Folk Dance / Puppet Show Ticket,280,370,285,INR,89,47,2026-06-19
Kerala,Munnar,Cultural Activities,Sound and Light Show Ticket,140,185,140,INR,92,14,2026-06-04
Kerala,Munnar,Rentals,Bicycle Rental (Per Day),110,365,,INR,61,113,2026-06-26
Kerala,Munnar,Rentals,Scooter / Activa Rental (Per Day),540,1720,,INR,64,43,2026-06-16
Kerala,Munnar,Rentals,Royal Enfield / Cruiser Rental (Per Day),1400,4650,,INR,62,25,2026-06-07
Kerala,Alappuzha,Food,Standard Meals/Thali,210,475,,INR,77,88,2026-05-25
Kerala,Alappuzha,Food,Local Signature Dish,160,350,,INR,73,47,2026-06-01
Kerala,Alappuzha,Food,Breakfast Plate (Dosa/Puri/Poha),60,110,,INR,81,47,2026-06-21
Kerala,Alappuzha,Food,Evening Snack Plate,75,110,,INR,89,31,2026-06-16
Kerala,Alappuzha,Taxi,Airport Transfer (One-way),630,1510,630,INR,76,75,2026-06-19
Kerala,Alappuzha,Taxi,Railway Station Pick-up,460,1255,470,INR,68,55,2026-06-19
Kerala,Alappuzha,Taxi,Sightseeing Taxi (8 Hours / 80km),2500,5735,2500,INR,76,32,2026-05-09
Kerala,Alappuzha,Auto,Short Auto Ride (Under 3km),70,90,70,INR,91,34,2026-05-12
Kerala,Alappuzha,Auto,Medium Auto Ride (5km),95,125,95,INR,86,25,2026-05-21
Kerala,Alappuzha,Auto,Auto Ride (10km),230,305,240,INR,90,31,2026-06-12
Kerala,Alappuzha,Bus,Local Bus Ticket (Short distance),25,35,25,INR,90,12,2026-05-13
Kerala,Alappuzha,Bus,Local Bus Ticket (Long distance),55,60,55,INR,90,18,2026-05-06
Kerala,Alappuzha,Bus,AC Volvo Intercity Bus (100km),360,415,360,INR,95,8,2026-05-06
Kerala,Alappuzha,Train,Coolie/Porter Service (1 Luggage),170,235,175,INR,91,22,2026-05-28
Kerala,Alappuzha,Train,Station Cloak Room Storage (24 Hours),35,40,35,INR,90,28,2026-05-27
Kerala,Alappuzha,Train,Platform Entry Ticket,10,15,10,INR,92,47,2026-06-05
Kerala,Alappuzha,Hotels,Budget Guest House Room (Per Night),1200,2710,,INR,72,28,2026-06-06
Kerala,Alappuzha,Hotels,3-Star Midscale Hotel Room (Per Night),2600,5425,,INR,82,21,2026-06-11
Kerala,Alappuzha,Hotels,Luxury / Heritage Resort Room (Per Night),11300,18050,,INR,89,45,2026-05-28
Kerala,Alappuzha,Souvenirs,Local Textile / Shawl,710,2125,,INR,64,31,2026-05-21
Kerala,Alappuzha,Souvenirs,Handcrafted Wooden / Clay Mug,160,570,,INR,53,73,2026-05-08
Kerala,Alappuzha,Souvenirs,Brass / Metal Art Piece,1700,6145,,INR,57,116,2026-06-24
Kerala,Alappuzha,Souvenirs,Local Spices / Tea Pack (250g),200,505,,INR,74,78,2026-05-11
Kerala,Alappuzha,Attractions,Historical Monument Entry (Indian Citizen),55,120,55,INR,75,14,2026-06-24
Kerala,Alappuzha,Attractions,Historical Monument Entry (Foreigner),410,445,415,INR,94,42,2026-05-13
Kerala,Alappuzha,Attractions,Museum Entry Ticket,100,220,105,INR,74,52,2026-05-17
Kerala,Alappuzha,Attractions,Palace / Fort Entry Ticket,180,575,180,INR,64,41,2026-06-30
Kerala,Alappuzha,Boat Rides,Shared Boat Ride (30 Mins),140,465,145,INR,57,35,2026-06-30
Kerala,Alappuzha,Boat Rides,Private Chartered Boat Ride (1 Hour),820,2800,,INR,55,69,2026-06-17
Kerala,Alappuzha,Parking,Two-Wheeler Parking (Per Hour),15,20,15,INR,92,19,2026-06-14
Kerala,Alappuzha,Parking,Four-Wheeler Parking (Per Hour),45,50,45,INR,95,27,2026-06-03
Kerala,Alappuzha,Parking,Tourist Spot All-Day Parking (Car),100,145,100,INR,88,50,2026-05-26
Kerala,Alappuzha,Cafés,Traditional Filter Coffee / Tea,40,60,,INR,86,21,2026-05-25
Kerala,Alappuzha,Cafés,Cappuccino / Latte,110,245,,INR,79,38,2026-06-13
Kerala,Alappuzha,Cafés,Grilled Sandwich,150,305,,INR,80,15,2026-05-11
Kerala,Alappuzha,Street Food,Pani Puri / Golgappa (6 Pcs),45,80,,INR,82,35,2026-05-30
Kerala,Alappuzha,Street Food,Samosa / Vada Pav (Plate),25,55,,INR,74,17,2026-05-24
Kerala,Alappuzha,Street Food,Pav Bhaji / Chaat (Plate),100,205,,INR,77,33,2026-05-09
Kerala,Alappuzha,Street Food,Fresh Fruit Juice / Soda,35,70,,INR,80,34,2026-06-30
Kerala,Alappuzha,Public Facilities,Paid Public Restroom (Toilet),5,5,5,INR,93,13,2026-06-02
Kerala,Alappuzha,Public Facilities,Paid Public Restroom (Bathroom),15,20,15,INR,89,13,2026-06-25
Kerala,Alappuzha,Public Facilities,Purified Drinking Water Refill (20L),15,20,15,INR,92,23,2026-06-04
Kerala,Alappuzha,Cultural Activities,Folk Dance / Puppet Show Ticket,260,345,265,INR,93,35,2026-05-31
Kerala,Alappuzha,Cultural Activities,Sound and Light Show Ticket,140,185,145,INR,88,41,2026-05-15
Kerala,Alappuzha,Rentals,Bicycle Rental (Per Day),80,235,,INR,62,35,2026-06-09
Kerala,Alappuzha,Rentals,Scooter / Activa Rental (Per Day),490,1440,,INR,67,111,2026-06-02
Kerala,Alappuzha,Rentals,Royal Enfield / Cruiser Rental (Per Day),1600,5805,,INR,55,73,2026-06-27
Kerala,Wayanad,Food,Standard Meals/Thali,180,350,,INR,80,28,2026-06-21
Kerala,Wayanad,Food,Local Signature Dish,180,395,,INR,75,36,2026-06-29
Kerala,Wayanad,Food,Breakfast Plate (Dosa/Puri/Poha),70,125,,INR,87,49,2026-05-24
Kerala,Wayanad,Food,Evening Snack Plate,50,95,,INR,81,39,2026-06-27
Kerala,Wayanad,Taxi,Airport Transfer (One-way),810,2980,845,INR,57,70,2026-06-06
Kerala,Wayanad,Taxi,Railway Station Pick-up,470,1620,495,INR,60,123,2026-06-04
Kerala,Wayanad,Taxi,Sightseeing Taxi (8 Hours / 80km),2900,10525,2920,INR,53,64,2026-06-11
Kerala,Wayanad,Auto,Short Auto Ride (Under 3km),65,85,65,INR,88,51,2026-05-09
Kerala,Wayanad,Auto,Medium Auto Ride (5km),120,160,120,INR,91,23,2026-06-27
Kerala,Wayanad,Auto,Auto Ride (10km),200,265,200,INR,92,46,2026-06-08
Kerala,Wayanad,Bus,Local Bus Ticket (Short distance),15,20,15,INR,95,21,2026-06-06
Kerala,Wayanad,Bus,Local Bus Ticket (Long distance),45,55,45,INR,90,15,2026-05-27
Kerala,Wayanad,Bus,AC Volvo Intercity Bus (100km),380,415,380,INR,95,40,2026-05-26
Kerala,Wayanad,Train,Coolie/Porter Service (1 Luggage),130,185,130,INR,89,13,2026-05-20
Kerala,Wayanad,Train,Station Cloak Room Storage (24 Hours),25,30,25,INR,91,24,2026-06-06
Kerala,Wayanad,Train,Platform Entry Ticket,10,10,10,INR,90,40,2026-06-12
Kerala,Wayanad,Hotels,Budget Guest House Room (Per Night),1200,1900,,INR,83,39,2026-05-20
Kerala,Wayanad,Hotels,3-Star Midscale Hotel Room (Per Night),2400,3725,,INR,88,34,2026-06-19
Kerala,Wayanad,Hotels,Luxury / Heritage Resort Room (Per Night),10000,18110,,INR,84,69,2026-05-24
Kerala,Wayanad,Souvenirs,Local Textile / Shawl,1100,3405,,INR,66,53,2026-07-03
Kerala,Wayanad,Souvenirs,Handcrafted Wooden / Clay Mug,250,880,,INR,56,27,2026-05-05
Kerala,Wayanad,Souvenirs,Brass / Metal Art Piece,1400,4325,,INR,65,45,2026-05-19
Kerala,Wayanad,Souvenirs,Local Spices / Tea Pack (250g),260,930,,INR,54,38,2026-06-18
Kerala,Wayanad,Attractions,Historical Monument Entry (Indian Citizen),40,120,40,INR,64,30,2026-06-01
Kerala,Wayanad,Attractions,Historical Monument Entry (Foreigner),490,530,490,INR,97,8,2026-05-10
Kerala,Wayanad,Attractions,Museum Entry Ticket,50,165,50,INR,61,29,2026-06-20
Kerala,Wayanad,Attractions,Palace / Fort Entry Ticket,160,340,160,INR,76,13,2026-06-16
Kerala,Wayanad,Boat Rides,Shared Boat Ride (30 Mins),85,250,85,INR,64,63,2026-06-19
Kerala,Wayanad,Boat Rides,Private Chartered Boat Ride (1 Hour),930,2185,,INR,72,41,2026-06-08
Kerala,Wayanad,Parking,Two-Wheeler Parking (Per Hour),20,30,20,INR,91,48,2026-06-13
Kerala,Wayanad,Parking,Four-Wheeler Parking (Per Hour),25,30,25,INR,89,20,2026-05-11
Kerala,Wayanad,Parking,Tourist Spot All-Day Parking (Car),75,80,75,INR,89,26,2026-06-25
Kerala,Wayanad,Cafés,Traditional Filter Coffee / Tea,45,95,,INR,77,11,2026-05-06
Kerala,Wayanad,Cafés,Cappuccino / Latte,190,360,,INR,80,32,2026-06-26
Kerala,Wayanad,Cafés,Grilled Sandwich,170,350,,INR,80,17,2026-06-21
Kerala,Wayanad,Street Food,Pani Puri / Golgappa (6 Pcs),35,80,,INR,76,54,2026-06-27
Kerala,Wayanad,Street Food,Samosa / Vada Pav (Plate),25,55,,INR,81,68,2026-06-09
Kerala,Wayanad,Street Food,Pav Bhaji / Chaat (Plate),80,135,,INR,83,60,2026-05-11
Kerala,Wayanad,Street Food,Fresh Fruit Juice / Soda,45,80,,INR,86,58,2026-05-05
Kerala,Wayanad,Public Facilities,Paid Public Restroom (Toilet),5,5,5,INR,95,7,2026-06-14
Kerala,Wayanad,Public Facilities,Paid Public Restroom (Bathroom),15,20,15,INR,89,30,2026-06-19
Kerala,Wayanad,Public Facilities,Purified Drinking Water Refill (20L),15,20,15,INR,91,10,2026-06-06
Kerala,Wayanad,Cultural Activities,Folk Dance / Puppet Show Ticket,290,385,295,INR,92,39,2026-05-13
Kerala,Wayanad,Cultural Activities,Sound and Light Show Ticket,130,170,130,INR,94,51,2026-05-08
Kerala,Wayanad,Rentals,Bicycle Rental (Per Day),80,190,,INR,75,37,2026-05-12
Kerala,Wayanad,Rentals,Scooter / Activa Rental (Per Day),500,1285,,INR,70,28,2026-05-22
Kerala,Wayanad,Rentals,Royal Enfield / Cruiser Rental (Per Day),1000,3275,,INR,63,25,2026-06-15
Madhya Pradesh,Bhopal,Food,Standard Meals/Thali,100,135,,INR,87,41,2026-05-23
Madhya Pradesh,Bhopal,Food,Local Signature Dish,160,210,,INR,86,33,2026-06-13
Madhya Pradesh,Bhopal,Food,Breakfast Plate (Dosa/Puri/Poha),65,80,,INR,90,48,2026-05-20
Madhya Pradesh,Bhopal,Food,Evening Snack Plate,30,40,,INR,90,44,2026-06-16
Madhya Pradesh,Bhopal,Taxi,Airport Transfer (One-way),410,955,425,INR,78,46,2026-05-18
Madhya Pradesh,Bhopal,Taxi,Railway Station Pick-up,400,825,405,INR,76,30,2026-05-09
Madhya Pradesh,Bhopal,Taxi,Sightseeing Taxi (8 Hours / 80km),2500,5790,2540,INR,77,47,2026-05-28
Madhya Pradesh,Bhopal,Auto,Short Auto Ride (Under 3km),35,40,35,INR,89,30,2026-05-22
Madhya Pradesh,Bhopal,Auto,Medium Auto Ride (5km),90,105,90,INR,94,12,2026-05-28
Madhya Pradesh,Bhopal,Auto,Auto Ride (10km),140,165,145,INR,93,33,2026-06-28
Madhya Pradesh,Bhopal,Bus,Local Bus Ticket (Short distance),20,25,20,INR,93,16,2026-05-20
Madhya Pradesh,Bhopal,Bus,Local Bus Ticket (Long distance),30,35,30,INR,90,13,2026-06-23
Madhya Pradesh,Bhopal,Bus,AC Volvo Intercity Bus (100km),270,330,270,INR,90,35,2026-06-09
Madhya Pradesh,Bhopal,Train,Coolie/Porter Service (1 Luggage),100,115,100,INR,91,10,2026-06-24
Madhya Pradesh,Bhopal,Train,Station Cloak Room Storage (24 Hours),20,20,20,INR,94,25,2026-06-05
Madhya Pradesh,Bhopal,Train,Platform Entry Ticket,10,10,10,INR,92,27,2026-05-30
Madhya Pradesh,Bhopal,Hotels,Budget Guest House Room (Per Night),560,930,,INR,84,28,2026-05-31
Madhya Pradesh,Bhopal,Hotels,3-Star Midscale Hotel Room (Per Night),2500,4085,,INR,86,52,2026-05-20
Madhya Pradesh,Bhopal,Hotels,Luxury / Heritage Resort Room (Per Night),6200,10375,,INR,88,11,2026-06-26
Madhya Pradesh,Bhopal,Souvenirs,Local Textile / Shawl,430,845,,INR,77,12,2026-05-26
Madhya Pradesh,Bhopal,Souvenirs,Handcrafted Wooden / Clay Mug,130,255,,INR,82,24,2026-05-30
Madhya Pradesh,Bhopal,Souvenirs,Brass / Metal Art Piece,320,685,,INR,76,19,2026-06-18
Madhya Pradesh,Bhopal,Souvenirs,Local Spices / Tea Pack (250g),270,600,,INR,76,61,2026-06-06
Madhya Pradesh,Bhopal,Attractions,Historical Monument Entry (Indian Citizen),20,45,20,INR,76,30,2026-06-19
Madhya Pradesh,Bhopal,Attractions,Historical Monument Entry (Foreigner),460,480,465,INR,95,18,2026-06-28
Madhya Pradesh,Bhopal,Attractions,Museum Entry Ticket,40,105,40,INR,72,39,2026-05-14
Madhya Pradesh,Bhopal,Attractions,Palace / Fort Entry Ticket,100,150,100,INR,87,52,2026-05-24
Madhya Pradesh,Bhopal,Boat Rides,Shared Boat Ride (30 Mins),110,260,115,INR,75,78,2026-05-05
Madhya Pradesh,Bhopal,Boat Rides,Private Chartered Boat Ride (1 Hour),1200,2520,,INR,81,57,2026-06-18
Madhya Pradesh,Bhopal,Parking,Two-Wheeler Parking (Per Hour),10,10,10,INR,95,22,2026-05-23
Madhya Pradesh,Bhopal,Parking,Four-Wheeler Parking (Per Hour),35,45,35,INR,90,27,2026-06-05
Madhya Pradesh,Bhopal,Parking,Tourist Spot All-Day Parking (Car),45,50,45,INR,95,19,2026-05-16
Madhya Pradesh,Bhopal,Cafés,Traditional Filter Coffee / Tea,35,50,,INR,84,37,2026-06-14
Madhya Pradesh,Bhopal,Cafés,Cappuccino / Latte,140,195,,INR,86,37,2026-06-17
Madhya Pradesh,Bhopal,Cafés,Grilled Sandwich,100,160,,INR,86,56,2026-05-31
Madhya Pradesh,Bhopal,Street Food,Pani Puri / Golgappa (6 Pcs),25,40,,INR,81,38,2026-07-03
Madhya Pradesh,Bhopal,Street Food,Samosa / Vada Pav (Plate),15,20,,INR,91,12,2026-05-13
Madhya Pradesh,Bhopal,Street Food,Pav Bhaji / Chaat (Plate),55,75,,INR,93,20,2026-06-05
Madhya Pradesh,Bhopal,Street Food,Fresh Fruit Juice / Soda,25,35,,INR,91,55,2026-05-20
Madhya Pradesh,Bhopal,Public Facilities,Paid Public Restroom (Toilet),5,5,5,INR,95,27,2026-05-26
Madhya Pradesh,Bhopal,Public Facilities,Paid Public Restroom (Bathroom),10,10,10,INR,90,33,2026-06-13
Madhya Pradesh,Bhopal,Public Facilities,Purified Drinking Water Refill (20L),15,20,15,INR,89,17,2026-06-03
Madhya Pradesh,Bhopal,Cultural Activities,Folk Dance / Puppet Show Ticket,190,220,190,INR,92,16,2026-06-08
Madhya Pradesh,Bhopal,Cultural Activities,Sound and Light Show Ticket,85,100,85,INR,88,9,2026-06-19
Madhya Pradesh,Bhopal,Rentals,Bicycle Rental (Per Day),45,85,,INR,79,52,2026-06-11
Madhya Pradesh,Bhopal,Rentals,Scooter / Activa Rental (Per Day),530,1010,,INR,79,44,2026-06-30
Madhya Pradesh,Bhopal,Rentals,Royal Enfield / Cruiser Rental (Per Day),1100,2310,,INR,80,35,2026-06-03
Madhya Pradesh,Indore,Food,Standard Meals/Thali,150,230,,INR,84,16,2026-06-11
Madhya Pradesh,Indore,Food,Local Signature Dish,130,205,,INR,85,20,2026-05-26
Madhya Pradesh,Indore,Food,Breakfast Plate (Dosa/Puri/Poha),45,70,,INR,86,40,2026-05-17
Madhya Pradesh,Indore,Food,Evening Snack Plate,60,80,,INR,87,27,2026-07-03
Madhya Pradesh,Indore,Taxi,Airport Transfer (One-way),660,1560,660,INR,71,46,2026-05-25
Madhya Pradesh,Indore,Taxi,Railway Station Pick-up,210,380,210,INR,82,28,2026-05-14
Madhya Pradesh,Indore,Taxi,Sightseeing Taxi (8 Hours / 80km),2500,5155,2500,INR,79,65,2026-05-23
Madhya Pradesh,Indore,Auto,Short Auto Ride (Under 3km),45,55,45,INR,93,38,2026-05-23
Madhya Pradesh,Indore,Auto,Medium Auto Ride (5km),110,130,110,INR,91,35,2026-06-03
Madhya Pradesh,Indore,Auto,Auto Ride (10km),180,210,185,INR,93,36,2026-05-06
Madhya Pradesh,Indore,Bus,Local Bus Ticket (Short distance),20,25,20,INR,92,45,2026-05-14
Madhya Pradesh,Indore,Bus,Local Bus Ticket (Long distance),30,35,30,INR,94,30,2026-06-16
Madhya Pradesh,Indore,Bus,AC Volvo Intercity Bus (100km),310,330,315,INR,91,14,2026-06-06
Madhya Pradesh,Indore,Train,Coolie/Porter Service (1 Luggage),110,115,110,INR,95,6,2026-05-25
Madhya Pradesh,Indore,Train,Station Cloak Room Storage (24 Hours),30,35,30,INR,96,12,2026-05-07
Madhya Pradesh,Indore,Train,Platform Entry Ticket,10,10,10,INR,89,30,2026-06-15
Madhya Pradesh,Indore,Hotels,Budget Guest House Room (Per Night),540,740,,INR,90,11,2026-05-21
Madhya Pradesh,Indore,Hotels,3-Star Midscale Hotel Room (Per Night),1700,2265,,INR,89,18,2026-06-30
Madhya Pradesh,Indore,Hotels,Luxury / Heritage Resort Room (Per Night),7500,10390,,INR,86,20,2026-06-30
Madhya Pradesh,Indore,Souvenirs,Local Textile / Shawl,390,865,,INR,79,18,2026-05-17
Madhya Pradesh,Indore,Souvenirs,Handcrafted Wooden / Clay Mug,140,285,,INR,82,38,2026-06-20
Madhya Pradesh,Indore,Souvenirs,Brass / Metal Art Piece,1100,2515,,INR,73,32,2026-06-29
Madhya Pradesh,Indore,Souvenirs,Local Spices / Tea Pack (250g),220,530,,INR,70,48,2026-05-30
Madhya Pradesh,Indore,Attractions,Historical Monument Entry (Indian Citizen),30,70,30,INR,74,75,2026-05-08
Madhya Pradesh,Indore,Attractions,Historical Monument Entry (Foreigner),380,395,380,INR,95,40,2026-05-15
Madhya Pradesh,Indore,Attractions,Museum Entry Ticket,25,45,25,INR,83,60,2026-05-27
Madhya Pradesh,Indore,Attractions,Palace / Fort Entry Ticket,80,130,80,INR,83,18,2026-06-23
Madhya Pradesh,Indore,Boat Rides,Shared Boat Ride (30 Mins),65,140,65,INR,76,46,2026-05-15
Madhya Pradesh,Indore,Boat Rides,Private Chartered Boat Ride (1 Hour),410,885,,INR,80,42,2026-05-15
Madhya Pradesh,Indore,Parking,Two-Wheeler Parking (Per Hour),15,20,15,INR,89,8,2026-05-16
Madhya Pradesh,Indore,Parking,Four-Wheeler Parking (Per Hour),35,40,35,INR,95,22,2026-07-02
Madhya Pradesh,Indore,Parking,Tourist Spot All-Day Parking (Car),80,90,80,INR,89,14,2026-05-12
Madhya Pradesh,Indore,Cafés,Traditional Filter Coffee / Tea,15,25,,INR,82,39,2026-05-05
Madhya Pradesh,Indore,Cafés,Cappuccino / Latte,140,225,,INR,84,19,2026-06-08
Madhya Pradesh,Indore,Cafés,Grilled Sandwich,55,85,,INR,88,17,2026-06-22
Madhya Pradesh,Indore,Street Food,Pani Puri / Golgappa (6 Pcs),30,40,,INR,91,38,2026-06-22
Madhya Pradesh,Indore,Street Food,Samosa / Vada Pav (Plate),15,20,,INR,89,23,2026-06-07
Madhya Pradesh,Indore,Street Food,Pav Bhaji / Chaat (Plate),45,65,,INR,87,30,2026-05-27
Madhya Pradesh,Indore,Street Food,Fresh Fruit Juice / Soda,25,35,,INR,89,54,2026-06-21
Madhya Pradesh,Indore,Public Facilities,Paid Public Restroom (Toilet),5,5,5,INR,91,29,2026-06-23
Madhya Pradesh,Indore,Public Facilities,Paid Public Restroom (Bathroom),10,10,10,INR,89,34,2026-06-12
Madhya Pradesh,Indore,Public Facilities,Purified Drinking Water Refill (20L),15,15,15,INR,95,14,2026-05-26
Madhya Pradesh,Indore,Cultural Activities,Folk Dance / Puppet Show Ticket,260,305,260,INR,89,22,2026-05-20
Madhya Pradesh,Indore,Cultural Activities,Sound and Light Show Ticket,100,115,100,INR,93,34,2026-06-25
Madhya Pradesh,Indore,Rentals,Bicycle Rental (Per Day),75,175,,INR,77,84,2026-05-29
Madhya Pradesh,Indore,Rentals,Scooter / Activa Rental (Per Day),330,785,,INR,77,76,2026-06-03
Madhya Pradesh,Indore,Rentals,Royal Enfield / Cruiser Rental (Per Day),1100,1960,,INR,80,64,2026-05-22
Madhya Pradesh,Gwalior,Food,Standard Meals/Thali,85,125,,INR,83,27,2026-05-24
Madhya Pradesh,Gwalior,Food,Local Signature Dish,130,205,,INR,83,46,2026-06-05
Madhya Pradesh,Gwalior,Food,Breakfast Plate (Dosa/Puri/Poha),50,75,,INR,86,37,2026-06-16
Madhya Pradesh,Gwalior,Food,Evening Snack Plate,50,75,,INR,83,42,2026-05-13
Madhya Pradesh,Gwalior,Taxi,Airport Transfer (One-way),370,730,385,INR,82,70,2026-06-01
Madhya Pradesh,Gwalior,Taxi,Railway Station Pick-up,270,605,270,INR,73,82,2026-06-28
Madhya Pradesh,Gwalior,Taxi,Sightseeing Taxi (8 Hours / 80km),2500,4245,2500,INR,84,64,2026-06-25
Madhya Pradesh,Gwalior,Auto,Short Auto Ride (Under 3km),40,45,40,INR,90,38,2026-05-08
Madhya Pradesh,Gwalior,Auto,Medium Auto Ride (5km),70,80,70,INR,89,43,2026-05-13
Madhya Pradesh,Gwalior,Auto,Auto Ride (10km),160,185,160,INR,90,44,2026-06-07
Madhya Pradesh,Gwalior,Bus,Local Bus Ticket (Short distance),10,10,10,INR,88,31,2026-05-21
Madhya Pradesh,Gwalior,Bus,Local Bus Ticket (Long distance),30,30,30,INR,90,41,2026-06-10
Madhya Pradesh,Gwalior,Bus,AC Volvo Intercity Bus (100km),260,295,265,INR,89,15,2026-06-19
Madhya Pradesh,Gwalior,Train,Coolie/Porter Service (1 Luggage),75,85,75,INR,95,24,2026-05-22
Madhya Pradesh,Gwalior,Train,Station Cloak Room Storage (24 Hours),25,30,25,INR,91,6,2026-06-03
Madhya Pradesh,Gwalior,Train,Platform Entry Ticket,10,10,10,INR,93,7,2026-06-07
Madhya Pradesh,Gwalior,Hotels,Budget Guest House Room (Per Night),560,810,,INR,84,15,2026-06-18
Madhya Pradesh,Gwalior,Hotels,3-Star Midscale Hotel Room (Per Night),2400,3445,,INR,85,49,2026-06-29
Madhya Pradesh,Gwalior,Hotels,Luxury / Heritage Resort Room (Per Night),7000,9870,,INR,92,31,2026-05-25
Madhya Pradesh,Gwalior,Souvenirs,Local Textile / Shawl,360,855,,INR,72,23,2026-06-01
Madhya Pradesh,Gwalior,Souvenirs,Handcrafted Wooden / Clay Mug,170,410,,INR,74,83,2026-05-25
Madhya Pradesh,Gwalior,Souvenirs,Brass / Metal Art Piece,760,1795,,INR,73,32,2026-05-31
Madhya Pradesh,Gwalior,Souvenirs,Local Spices / Tea Pack (250g),240,490,,INR,79,24,2026-06-04
Madhya Pradesh,Gwalior,Attractions,Historical Monument Entry (Indian Citizen),40,65,40,INR,86,25,2026-05-25
Madhya Pradesh,Gwalior,Attractions,Historical Monument Entry (Foreigner),510,530,510,INR,97,27,2026-05-08
Madhya Pradesh,Gwalior,Attractions,Museum Entry Ticket,40,105,40,INR,74,48,2026-06-17
Madhya Pradesh,Gwalior,Attractions,Palace / Fort Entry Ticket,85,220,85,INR,69,68,2026-05-22
Madhya Pradesh,Gwalior,Boat Rides,Shared Boat Ride (30 Mins),130,220,135,INR,80,41,2026-05-14
Madhya Pradesh,Gwalior,Boat Rides,Private Chartered Boat Ride (1 Hour),970,2020,,INR,80,64,2026-06-07
Madhya Pradesh,Gwalior,Parking,Two-Wheeler Parking (Per Hour),15,15,15,INR,96,20,2026-05-31
Madhya Pradesh,Gwalior,Parking,Four-Wheeler Parking (Per Hour),25,30,25,INR,92,22,2026-05-17
Madhya Pradesh,Gwalior,Parking,Tourist Spot All-Day Parking (Car),75,80,75,INR,92,39,2026-06-02
Madhya Pradesh,Gwalior,Cafés,Traditional Filter Coffee / Tea,35,45,,INR,88,44,2026-06-10
Madhya Pradesh,Gwalior,Cafés,Cappuccino / Latte,90,145,,INR,82,14,2026-07-01
Madhya Pradesh,Gwalior,Cafés,Grilled Sandwich,120,155,,INR,88,25,2026-05-10
Madhya Pradesh,Gwalior,Street Food,Pani Puri / Golgappa (6 Pcs),35,50,,INR,87,42,2026-06-08
Madhya Pradesh,Gwalior,Street Food,Samosa / Vada Pav (Plate),15,25,,INR,82,54,2026-06-28
Madhya Pradesh,Gwalior,Street Food,Pav Bhaji / Chaat (Plate),55,80,,INR,88,31,2026-05-27
Madhya Pradesh,Gwalior,Street Food,Fresh Fruit Juice / Soda,35,55,,INR,88,45,2026-05-06
Madhya Pradesh,Gwalior,Public Facilities,Paid Public Restroom (Toilet),5,5,5,INR,95,26,2026-06-29
Madhya Pradesh,Gwalior,Public Facilities,Paid Public Restroom (Bathroom),15,20,15,INR,91,15,2026-06-10
Madhya Pradesh,Gwalior,Public Facilities,Purified Drinking Water Refill (20L),15,15,15,INR,90,36,2026-06-08
Madhya Pradesh,Gwalior,Cultural Activities,Folk Dance / Puppet Show Ticket,220,255,220,INR,92,13,2026-05-11
Madhya Pradesh,Gwalior,Cultural Activities,Sound and Light Show Ticket,75,90,75,INR,95,28,2026-06-19
Madhya Pradesh,Gwalior,Rentals,Bicycle Rental (Per Day),75,130,,INR,88,14,2026-06-27
Madhya Pradesh,Gwalior,Rentals,Scooter / Activa Rental (Per Day),530,1265,,INR,75,32,2026-05-08
Madhya Pradesh,Gwalior,Rentals,Royal Enfield / Cruiser Rental (Per Day),980,2000,,INR,78,72,2026-06-15
Madhya Pradesh,Khajuraho,Food,Standard Meals/Thali,160,290,,INR,85,21,2026-05-24
Madhya Pradesh,Khajuraho,Food,Local Signature Dish,190,400,,INR,80,55,2026-06-08
Madhya Pradesh,Khajuraho,Food,Breakfast Plate (Dosa/Puri/Poha),100,150,,INR,90,7,2026-05-19
Madhya Pradesh,Khajuraho,Food,Evening Snack Plate,35,80,,INR,78,27,2026-05-05
Madhya Pradesh,Khajuraho,Taxi,Airport Transfer (One-way),910,3160,950,INR,59,53,2026-06-26
Madhya Pradesh,Khajuraho,Taxi,Railway Station Pick-up,390,1035,395,INR,69,87,2026-05-10
Madhya Pradesh,Khajuraho,Taxi,Sightseeing Taxi (8 Hours / 80km),2300,7800,2380,INR,61,106,2026-07-01
Madhya Pradesh,Khajuraho,Auto,Short Auto Ride (Under 3km),75,100,75,INR,92,20,2026-06-03
Madhya Pradesh,Khajuraho,Auto,Medium Auto Ride (5km),120,160,125,INR,88,20,2026-05-15
Madhya Pradesh,Khajuraho,Auto,Auto Ride (10km),170,225,175,INR,92,14,2026-05-20
Madhya Pradesh,Khajuraho,Bus,Local Bus Ticket (Short distance),10,10,10,INR,95,23,2026-05-11
Madhya Pradesh,Khajuraho,Bus,Local Bus Ticket (Long distance),55,65,55,INR,92,22,2026-06-21
Madhya Pradesh,Khajuraho,Bus,AC Volvo Intercity Bus (100km),360,510,370,INR,86,38,2026-06-20
Madhya Pradesh,Khajuraho,Train,Coolie/Porter Service (1 Luggage),150,215,150,INR,86,20,2026-07-02
Madhya Pradesh,Khajuraho,Train,Station Cloak Room Storage (24 Hours),30,35,30,INR,89,34,2026-05-11
Madhya Pradesh,Khajuraho,Train,Platform Entry Ticket,10,15,10,INR,89,18,2026-05-29
Madhya Pradesh,Khajuraho,Hotels,Budget Guest House Room (Per Night),1100,1845,,INR,85,10,2026-05-11
Madhya Pradesh,Khajuraho,Hotels,3-Star Midscale Hotel Room (Per Night),3900,6570,,INR,86,16,2026-06-23
Madhya Pradesh,Khajuraho,Hotels,Luxury / Heritage Resort Room (Per Night),10800,22370,,INR,80,51,2026-06-20
Madhya Pradesh,Khajuraho,Souvenirs,Local Textile / Shawl,1300,4375,,INR,58,46,2026-05-08
Madhya Pradesh,Khajuraho,Souvenirs,Handcrafted Wooden / Clay Mug,220,525,,INR,71,46,2026-05-27
Madhya Pradesh,Khajuraho,Souvenirs,Brass / Metal Art Piece,1200,4075,,INR,62,106,2026-05-08
Madhya Pradesh,Khajuraho,Souvenirs,Local Spices / Tea Pack (250g),230,725,,INR,61,16,2026-05-27
Madhya Pradesh,Khajuraho,Attractions,Historical Monument Entry (Indian Citizen),40,100,40,INR,71,80,2026-05-14
Madhya Pradesh,Khajuraho,Attractions,Historical Monument Entry (Foreigner),540,585,560,INR,96,29,2026-05-26
Madhya Pradesh,Khajuraho,Attractions,Museum Entry Ticket,95,345,95,INR,56,75,2026-05-30
Madhya Pradesh,Khajuraho,Attractions,Palace / Fort Entry Ticket,190,560,195,INR,66,57,2026-06-02
Madhya Pradesh,Khajuraho,Boat Rides,Shared Boat Ride (30 Mins),140,325,140,INR,72,30,2026-06-11
Madhya Pradesh,Khajuraho,Boat Rides,Private Chartered Boat Ride (1 Hour),1300,4420,,INR,55,97,2026-05-20
Madhya Pradesh,Khajuraho,Parking,Two-Wheeler Parking (Per Hour),20,20,20,INR,96,18,2026-06-16
Madhya Pradesh,Khajuraho,Parking,Four-Wheeler Parking (Per Hour),50,55,50,INR,92,7,2026-05-08
Madhya Pradesh,Khajuraho,Parking,Tourist Spot All-Day Parking (Car),60,75,60,INR,93,38,2026-06-28
Madhya Pradesh,Khajuraho,Cafés,Traditional Filter Coffee / Tea,20,45,,INR,76,28,2026-05-21
Madhya Pradesh,Khajuraho,Cafés,Cappuccino / Latte,160,285,,INR,83,11,2026-05-05
Madhya Pradesh,Khajuraho,Cafés,Grilled Sandwich,110,225,,INR,81,67,2026-06-04
Madhya Pradesh,Khajuraho,Street Food,Pani Puri / Golgappa (6 Pcs),30,45,,INR,88,32,2026-06-06
Madhya Pradesh,Khajuraho,Street Food,Samosa / Vada Pav (Plate),30,60,,INR,83,66,2026-05-14
Madhya Pradesh,Khajuraho,Street Food,Pav Bhaji / Chaat (Plate),60,95,,INR,85,61,2026-06-24
Madhya Pradesh,Khajuraho,Street Food,Fresh Fruit Juice / Soda,25,40,,INR,88,54,2026-05-30
Madhya Pradesh,Khajuraho,Public Facilities,Paid Public Restroom (Toilet),5,5,5,INR,89,40,2026-06-10
Madhya Pradesh,Khajuraho,Public Facilities,Paid Public Restroom (Bathroom),15,20,15,INR,93,12,2026-06-04
Madhya Pradesh,Khajuraho,Public Facilities,Purified Drinking Water Refill (20L),20,30,20,INR,86,13,2026-06-24
Madhya Pradesh,Khajuraho,Cultural Activities,Folk Dance / Puppet Show Ticket,330,435,330,INR,90,52,2026-06-08
Madhya Pradesh,Khajuraho,Cultural Activities,Sound and Light Show Ticket,70,90,70,INR,91,11,2026-07-01
Madhya Pradesh,Khajuraho,Rentals,Bicycle Rental (Per Day),110,360,,INR,59,87,2026-05-07
Madhya Pradesh,Khajuraho,Rentals,Scooter / Activa Rental (Per Day),420,1405,,INR,60,58,2026-06-07
Madhya Pradesh,Khajuraho,Rentals,Royal Enfield / Cruiser Rental (Per Day),1700,4925,,INR,64,63,2026-05-13
Madhya Pradesh,Ujjain,Food,Standard Meals/Thali,110,245,,INR,73,88,2026-06-06
Madhya Pradesh,Ujjain,Food,Local Signature Dish,220,355,,INR,82,44,2026-06-03
Madhya Pradesh,Ujjain,Food,Breakfast Plate (Dosa/Puri/Poha),55,105,,INR,77,57,2026-06-08
Madhya Pradesh,Ujjain,Food,Evening Snack Plate,65,110,,INR,85,19,2026-06-20
Madhya Pradesh,Ujjain,Taxi,Airport Transfer (One-way),650,2255,650,INR,60,111,2026-05-20
Madhya Pradesh,Ujjain,Taxi,Railway Station Pick-up,260,895,260,INR,55,74,2026-06-28
Madhya Pradesh,Ujjain,Taxi,Sightseeing Taxi (8 Hours / 80km),2300,8425,2300,INR,55,45,2026-05-05
Madhya Pradesh,Ujjain,Auto,Short Auto Ride (Under 3km),65,85,65,INR,88,30,2026-05-17
Madhya Pradesh,Ujjain,Auto,Medium Auto Ride (5km),100,130,100,INR,90,48,2026-07-01
Madhya Pradesh,Ujjain,Auto,Auto Ride (10km),180,240,180,INR,90,36,2026-05-26
Madhya Pradesh,Ujjain,Bus,Local Bus Ticket (Short distance),25,30,25,INR,92,25,2026-06-05
Madhya Pradesh,Ujjain,Bus,Local Bus Ticket (Long distance),55,80,55,INR,86,50,2026-05-17
Madhya Pradesh,Ujjain,Bus,AC Volvo Intercity Bus (100km),510,585,515,INR,89,13,2026-07-03
Madhya Pradesh,Ujjain,Train,Coolie/Porter Service (1 Luggage),150,215,150,INR,87,43,2026-06-02
Madhya Pradesh,Ujjain,Train,Station Cloak Room Storage (24 Hours),35,50,35,INR,93,47,2026-05-27
Madhya Pradesh,Ujjain,Train,Platform Entry Ticket,10,15,10,INR,88,40,2026-05-27
Madhya Pradesh,Ujjain,Hotels,Budget Guest House Room (Per Night),1100,2435,,INR,78,14,2026-05-22
Madhya Pradesh,Ujjain,Hotels,3-Star Midscale Hotel Room (Per Night),2400,5330,,INR,76,31,2026-05-17
Madhya Pradesh,Ujjain,Hotels,Luxury / Heritage Resort Room (Per Night),10300,18790,,INR,80,50,2026-05-08
Madhya Pradesh,Ujjain,Souvenirs,Local Textile / Shawl,1000,2290,,INR,74,15,2026-05-05
Madhya Pradesh,Ujjain,Souvenirs,Handcrafted Wooden / Clay Mug,95,295,,INR,64,35,2026-05-29
Madhya Pradesh,Ujjain,Souvenirs,Brass / Metal Art Piece,540,1445,,INR,71,50,2026-05-05
Madhya Pradesh,Ujjain,Souvenirs,Local Spices / Tea Pack (250g),330,790,,INR,77,41,2026-06-17
Madhya Pradesh,Ujjain,Attractions,Historical Monument Entry (Indian Citizen),45,145,45,INR,59,64,2026-05-25
Madhya Pradesh,Ujjain,Attractions,Historical Monument Entry (Foreigner),530,570,530,INR,94,9,2026-06-15
Madhya Pradesh,Ujjain,Attractions,Museum Entry Ticket,55,115,55,INR,78,37,2026-06-06
Madhya Pradesh,Ujjain,Attractions,Palace / Fort Entry Ticket,130,445,135,INR,55,102,2026-06-11
Madhya Pradesh,Ujjain,Boat Rides,Shared Boat Ride (30 Mins),130,365,135,INR,64,42,2026-06-15
Madhya Pradesh,Ujjain,Boat Rides,Private Chartered Boat Ride (1 Hour),910,2120,,INR,77,12,2026-07-01
Madhya Pradesh,Ujjain,Parking,Two-Wheeler Parking (Per Hour),10,15,10,INR,90,47,2026-05-28
Madhya Pradesh,Ujjain,Parking,Four-Wheeler Parking (Per Hour),30,35,30,INR,90,43,2026-05-28
Madhya Pradesh,Ujjain,Parking,Tourist Spot All-Day Parking (Car),95,105,100,INR,91,40,2026-06-30
Madhya Pradesh,Ujjain,Cafés,Traditional Filter Coffee / Tea,40,70,,INR,81,40,2026-05-26
Madhya Pradesh,Ujjain,Cafés,Cappuccino / Latte,150,240,,INR,86,16,2026-06-13
Madhya Pradesh,Ujjain,Cafés,Grilled Sandwich,75,125,,INR,86,30,2026-07-01
Madhya Pradesh,Ujjain,Street Food,Pani Puri / Golgappa (6 Pcs),25,40,,INR,84,11,2026-06-11
Madhya Pradesh,Ujjain,Street Food,Samosa / Vada Pav (Plate),20,35,,INR,83,27,2026-05-06
Madhya Pradesh,Ujjain,Street Food,Pav Bhaji / Chaat (Plate),70,135,,INR,80,33,2026-05-22
Madhya Pradesh,Ujjain,Street Food,Fresh Fruit Juice / Soda,45,100,,INR,73,21,2026-06-13
Madhya Pradesh,Ujjain,Public Facilities,Paid Public Restroom (Toilet),2,5,2,INR,91,34,2026-05-23
Madhya Pradesh,Ujjain,Public Facilities,Paid Public Restroom (Bathroom),15,20,15,INR,89,13,2026-06-18
Madhya Pradesh,Ujjain,Public Facilities,Purified Drinking Water Refill (20L),10,15,10,INR,88,8,2026-05-24
Madhya Pradesh,Ujjain,Cultural Activities,Folk Dance / Puppet Show Ticket,170,225,170,INR,90,32,2026-05-06
Madhya Pradesh,Ujjain,Cultural Activities,Sound and Light Show Ticket,110,145,110,INR,91,18,2026-06-01
Madhya Pradesh,Ujjain,Rentals,Bicycle Rental (Per Day),80,255,,INR,63,21,2026-05-12
Madhya Pradesh,Ujjain,Rentals,Scooter / Activa Rental (Per Day),500,1745,,INR,56,100,2026-05-29
Madhya Pradesh,Ujjain,Rentals,Royal Enfield / Cruiser Rental (Per Day),1600,4050,,INR,72,20,2026-05-21
Maharashtra,Mumbai,Food,Standard Meals/Thali,150,230,,INR,86,48,2026-06-27
Maharashtra,Mumbai,Food,Local Signature Dish,300,580,,INR,81,26,2026-05-24
Maharashtra,Mumbai,Food,Breakfast Plate (Dosa/Puri/Poha),85,160,,INR,81,56,2026-05-23
Maharashtra,Mumbai,Food,Evening Snack Plate,90,140,,INR,89,40,2026-05-29
Maharashtra,Mumbai,Taxi,Airport Transfer (One-way),980,2580,980,INR,69,41,2026-06-10
Maharashtra,Mumbai,Taxi,Railway Station Pick-up,580,1285,585,INR,74,17,2026-05-13
Maharashtra,Mumbai,Taxi,Sightseeing Taxi (8 Hours / 80km),3800,11195,3800,INR,68,61,2026-05-16
Maharashtra,Mumbai,Auto,Short Auto Ride (Under 3km),60,75,65,INR,94,17,2026-06-10
Maharashtra,Mumbai,Auto,Medium Auto Ride (5km),120,150,120,INR,87,21,2026-07-03
Maharashtra,Mumbai,Auto,Auto Ride (10km),200,250,200,INR,91,22,2026-05-09
Maharashtra,Mumbai,Bus,Local Bus Ticket (Short distance),20,25,20,INR,88,8,2026-05-17
Maharashtra,Mumbai,Bus,Local Bus Ticket (Long distance),65,90,65,INR,93,35,2026-05-17
Maharashtra,Mumbai,Bus,AC Volvo Intercity Bus (100km),570,730,570,INR,87,40,2026-05-12
Maharashtra,Mumbai,Train,Coolie/Porter Service (1 Luggage),170,185,170,INR,94,33,2026-05-30
Maharashtra,Mumbai,Train,Station Cloak Room Storage (24 Hours),45,60,45,INR,90,41,2026-05-30
Maharashtra,Mumbai,Train,Platform Entry Ticket,15,20,15,INR,90,35,2026-07-03
Maharashtra,Mumbai,Hotels,Budget Guest House Room (Per Night),1400,2160,,INR,87,13,2026-05-14
Maharashtra,Mumbai,Hotels,3-Star Midscale Hotel Room (Per Night),3000,4660,,INR,84,36,2026-06-26
Maharashtra,Mumbai,Hotels,Luxury / Heritage Resort Room (Per Night),8500,13470,,INR,86,22,2026-06-30
Maharashtra,Mumbai,Souvenirs,Local Textile / Shawl,880,1930,,INR,74,59,2026-06-06
Maharashtra,Mumbai,Souvenirs,Handcrafted Wooden / Clay Mug,340,750,,INR,79,37,2026-05-30
Maharashtra,Mumbai,Souvenirs,Brass / Metal Art Piece,900,2710,,INR,64,18,2026-05-15
Maharashtra,Mumbai,Souvenirs,Local Spices / Tea Pack (250g),150,410,,INR,71,26,2026-05-21
Maharashtra,Mumbai,Attractions,Historical Monument Entry (Indian Citizen),40,80,40,INR,82,32,2026-06-30
Maharashtra,Mumbai,Attractions,Historical Monument Entry (Foreigner),570,605,570,INR,90,32,2026-05-05
Maharashtra,Mumbai,Attractions,Museum Entry Ticket,90,250,90,INR,65,88,2026-06-08
Maharashtra,Mumbai,Attractions,Palace / Fort Entry Ticket,100,280,100,INR,66,64,2026-05-31
Maharashtra,Mumbai,Boat Rides,Shared Boat Ride (30 Mins),90,255,90,INR,70,37,2026-05-17
Maharashtra,Mumbai,Boat Rides,Private Chartered Boat Ride (1 Hour),1900,5175,,INR,70,88,2026-06-22
Maharashtra,Mumbai,Parking,Two-Wheeler Parking (Per Hour),15,20,15,INR,89,14,2026-05-23
Maharashtra,Mumbai,Parking,Four-Wheeler Parking (Per Hour),35,40,35,INR,90,30,2026-05-19
Maharashtra,Mumbai,Parking,Tourist Spot All-Day Parking (Car),120,135,120,INR,96,21,2026-07-02
Maharashtra,Mumbai,Cafés,Traditional Filter Coffee / Tea,25,45,,INR,86,51,2026-05-15
Maharashtra,Mumbai,Cafés,Cappuccino / Latte,200,365,,INR,86,18,2026-06-03
Maharashtra,Mumbai,Cafés,Grilled Sandwich,150,230,,INR,87,27,2026-05-08
Maharashtra,Mumbai,Street Food,Pani Puri / Golgappa (6 Pcs),45,75,,INR,88,16,2026-05-07
Maharashtra,Mumbai,Street Food,Samosa / Vada Pav (Plate),35,60,,INR,88,57,2026-06-29
Maharashtra,Mumbai,Street Food,Pav Bhaji / Chaat (Plate),90,140,,INR,89,55,2026-05-28
Maharashtra,Mumbai,Street Food,Fresh Fruit Juice / Soda,40,70,,INR,84,19,2026-06-20
Maharashtra,Mumbai,Public Facilities,Paid Public Restroom (Toilet),2,5,2,INR,92,37,2026-06-25
Maharashtra,Mumbai,Public Facilities,Paid Public Restroom (Bathroom),15,20,15,INR,95,25,2026-06-03
Maharashtra,Mumbai,Public Facilities,Purified Drinking Water Refill (20L),25,35,25,INR,86,30,2026-06-15
Maharashtra,Mumbai,Cultural Activities,Folk Dance / Puppet Show Ticket,340,420,340,INR,91,19,2026-06-21
Maharashtra,Mumbai,Cultural Activities,Sound and Light Show Ticket,120,150,125,INR,91,31,2026-06-04
Maharashtra,Mumbai,Rentals,Bicycle Rental (Per Day),80,195,,INR,71,40,2026-06-22
Maharashtra,Mumbai,Rentals,Scooter / Activa Rental (Per Day),740,1960,,INR,68,47,2026-05-11
Maharashtra,Mumbai,Rentals,Royal Enfield / Cruiser Rental (Per Day),1700,3975,,INR,72,76,2026-06-19
Maharashtra,Pune,Food,Standard Meals/Thali,210,370,,INR,86,63,2026-05-30
Maharashtra,Pune,Food,Local Signature Dish,260,495,,INR,85,42,2026-05-09
Maharashtra,Pune,Food,Breakfast Plate (Dosa/Puri/Poha),80,120,,INR,85,58,2026-05-10
Maharashtra,Pune,Food,Evening Snack Plate,90,155,,INR,82,19,2026-05-31
Maharashtra,Pune,Taxi,Airport Transfer (One-way),950,1950,965,INR,81,33,2026-06-06
Maharashtra,Pune,Taxi,Railway Station Pick-up,330,810,335,INR,72,50,2026-06-22
Maharashtra,Pune,Taxi,Sightseeing Taxi (8 Hours / 80km),2800,7040,2845,INR,69,51,2026-05-21
Maharashtra,Pune,Auto,Short Auto Ride (Under 3km),65,80,65,INR,89,12,2026-05-19
Maharashtra,Pune,Auto,Medium Auto Ride (5km),120,150,125,INR,90,37,2026-05-20
Maharashtra,Pune,Auto,Auto Ride (10km),250,310,250,INR,91,33,2026-06-05
Maharashtra,Pune,Bus,Local Bus Ticket (Short distance),30,35,30,INR,96,32,2026-05-23
Maharashtra,Pune,Bus,Local Bus Ticket (Long distance),70,75,70,INR,93,35,2026-05-08
Maharashtra,Pune,Bus,AC Volvo Intercity Bus (100km),610,700,640,INR,92,9,2026-05-12
Maharashtra,Pune,Train,Coolie/Porter Service (1 Luggage),130,165,130,INR,89,40,2026-05-17
Maharashtra,Pune,Train,Station Cloak Room Storage (24 Hours),35,45,35,INR,89,21,2026-06-02
Maharashtra,Pune,Train,Platform Entry Ticket,15,15,15,INR,89,21,2026-06-28
Maharashtra,Pune,Hotels,Budget Guest House Room (Per Night),930,1610,,INR,81,18,2026-07-02
Maharashtra,Pune,Hotels,3-Star Midscale Hotel Room (Per Night),3200,5915,,INR,83,52,2026-05-18
Maharashtra,Pune,Hotels,Luxury / Heritage Resort Room (Per Night),9000,12955,,INR,88,35,2026-05-31
Maharashtra,Pune,Souvenirs,Local Textile / Shawl,1100,2365,,INR,81,34,2026-06-24
Maharashtra,Pune,Souvenirs,Handcrafted Wooden / Clay Mug,220,530,,INR,76,72,2026-06-27
Maharashtra,Pune,Souvenirs,Brass / Metal Art Piece,1000,2215,,INR,73,80,2026-06-16
Maharashtra,Pune,Souvenirs,Local Spices / Tea Pack (250g),160,445,,INR,70,91,2026-06-15
Maharashtra,Pune,Attractions,Historical Monument Entry (Indian Citizen),45,155,45,INR,58,48,2026-06-07
Maharashtra,Pune,Attractions,Historical Monument Entry (Foreigner),740,785,740,INR,93,41,2026-05-30
Maharashtra,Pune,Attractions,Museum Entry Ticket,80,180,80,INR,78,77,2026-05-29
Maharashtra,Pune,Attractions,Palace / Fort Entry Ticket,160,430,160,INR,71,20,2026-06-09
Maharashtra,Pune,Boat Rides,Shared Boat Ride (30 Mins),95,215,95,INR,76,41,2026-06-02
Maharashtra,Pune,Boat Rides,Private Chartered Boat Ride (1 Hour),1400,2885,,INR,82,19,2026-06-06
Maharashtra,Pune,Parking,Two-Wheeler Parking (Per Hour),15,20,15,INR,94,38,2026-05-22
Maharashtra,Pune,Parking,Four-Wheeler Parking (Per Hour),55,60,55,INR,93,40,2026-06-01
Maharashtra,Pune,Parking,Tourist Spot All-Day Parking (Car),80,95,80,INR,92,33,2026-07-03
Maharashtra,Pune,Cafés,Traditional Filter Coffee / Tea,45,90,,INR,80,42,2026-05-28
Maharashtra,Pune,Cafés,Cappuccino / Latte,210,350,,INR,81,33,2026-06-08
Maharashtra,Pune,Cafés,Grilled Sandwich,200,325,,INR,86,63,2026-05-20
Maharashtra,Pune,Street Food,Pani Puri / Golgappa (6 Pcs),50,90,,INR,86,15,2026-06-30
Maharashtra,Pune,Street Food,Samosa / Vada Pav (Plate),35,50,,INR,85,40,2026-06-03
Maharashtra,Pune,Street Food,Pav Bhaji / Chaat (Plate),90,130,,INR,85,38,2026-06-25
Maharashtra,Pune,Street Food,Fresh Fruit Juice / Soda,30,40,,INR,85,31,2026-05-06
Maharashtra,Pune,Public Facilities,Paid Public Restroom (Toilet),5,5,5,INR,95,37,2026-06-08
Maharashtra,Pune,Public Facilities,Paid Public Restroom (Bathroom),20,25,20,INR,92,34,2026-05-25
Maharashtra,Pune,Public Facilities,Purified Drinking Water Refill (20L),20,25,20,INR,93,41,2026-07-01
Maharashtra,Pune,Cultural Activities,Folk Dance / Puppet Show Ticket,250,310,260,INR,90,21,2026-06-24
Maharashtra,Pune,Cultural Activities,Sound and Light Show Ticket,190,235,190,INR,91,19,2026-05-09
Maharashtra,Pune,Rentals,Bicycle Rental (Per Day),120,300,,INR,71,64,2026-05-30
Maharashtra,Pune,Rentals,Scooter / Activa Rental (Per Day),480,1345,,INR,64,27,2026-06-04
Maharashtra,Pune,Rentals,Royal Enfield / Cruiser Rental (Per Day),1300,3285,,INR,74,62,2026-05-28
Maharashtra,Nagpur,Food,Standard Meals/Thali,100,160,,INR,86,63,2026-05-07
Maharashtra,Nagpur,Food,Local Signature Dish,180,280,,INR,85,60,2026-06-11
Maharashtra,Nagpur,Food,Breakfast Plate (Dosa/Puri/Poha),60,75,,INR,89,30,2026-05-07
Maharashtra,Nagpur,Food,Evening Snack Plate,55,70,,INR,93,7,2026-05-20
Maharashtra,Nagpur,Taxi,Airport Transfer (One-way),750,1490,785,INR,84,18,2026-06-05
Maharashtra,Nagpur,Taxi,Railway Station Pick-up,310,615,320,INR,76,32,2026-07-03
Maharashtra,Nagpur,Taxi,Sightseeing Taxi (8 Hours / 80km),1700,2920,1700,INR,80,46,2026-06-22
Maharashtra,Nagpur,Auto,Short Auto Ride (Under 3km),45,55,45,INR,90,25,2026-06-09
Maharashtra,Nagpur,Auto,Medium Auto Ride (5km),70,80,70,INR,90,25,2026-06-26
Maharashtra,Nagpur,Auto,Auto Ride (10km),130,150,130,INR,88,30,2026-06-30
Maharashtra,Nagpur,Bus,Local Bus Ticket (Short distance),10,10,10,INR,93,26,2026-05-25
Maharashtra,Nagpur,Bus,Local Bus Ticket (Long distance),35,40,35,INR,95,29,2026-05-05
Maharashtra,Nagpur,Bus,AC Volvo Intercity Bus (100km),430,450,430,INR,96,21,2026-06-04
Maharashtra,Nagpur,Train,Coolie/Porter Service (1 Luggage),120,145,120,INR,93,35,2026-06-26
Maharashtra,Nagpur,Train,Station Cloak Room Storage (24 Hours),20,20,20,INR,95,24,2026-05-07
Maharashtra,Nagpur,Train,Platform Entry Ticket,10,10,10,INR,91,30,2026-05-25
Maharashtra,Nagpur,Hotels,Budget Guest House Room (Per Night),470,630,,INR,88,20,2026-05-16
Maharashtra,Nagpur,Hotels,3-Star Midscale Hotel Room (Per Night),2000,3160,,INR,87,62,2026-06-26
Maharashtra,Nagpur,Hotels,Luxury / Heritage Resort Room (Per Night),8800,14500,,INR,87,40,2026-06-19
Maharashtra,Nagpur,Souvenirs,Local Textile / Shawl,390,955,,INR,69,41,2026-06-13
Maharashtra,Nagpur,Souvenirs,Handcrafted Wooden / Clay Mug,170,315,,INR,79,23,2026-06-12
Maharashtra,Nagpur,Souvenirs,Brass / Metal Art Piece,1100,2175,,INR,81,27,2026-07-01
Maharashtra,Nagpur,Souvenirs,Local Spices / Tea Pack (250g),180,415,,INR,74,78,2026-05-15
Maharashtra,Nagpur,Attractions,Historical Monument Entry (Indian Citizen),40,85,40,INR,79,70,2026-06-19
Maharashtra,Nagpur,Attractions,Historical Monument Entry (Foreigner),490,510,490,INR,93,26,2026-06-30
Maharashtra,Nagpur,Attractions,Museum Entry Ticket,20,30,20,INR,86,53,2026-05-12
Maharashtra,Nagpur,Attractions,Palace / Fort Entry Ticket,150,400,150,INR,68,68,2026-07-03
Maharashtra,Nagpur,Boat Rides,Shared Boat Ride (30 Mins),120,265,120,INR,75,50,2026-06-09
Maharashtra,Nagpur,Boat Rides,Private Chartered Boat Ride (1 Hour),710,1500,,INR,76,17,2026-06-13
Maharashtra,Nagpur,Parking,Two-Wheeler Parking (Per Hour),15,15,15,INR,89,41,2026-05-09
Maharashtra,Nagpur,Parking,Four-Wheeler Parking (Per Hour),35,40,35,INR,92,40,2026-06-25
Maharashtra,Nagpur,Parking,Tourist Spot All-Day Parking (Car),80,85,85,INR,91,23,2026-05-08
Maharashtra,Nagpur,Cafés,Traditional Filter Coffee / Tea,20,30,,INR,86,41,2026-05-19
Maharashtra,Nagpur,Cafés,Cappuccino / Latte,130,200,,INR,85,22,2026-06-24
Maharashtra,Nagpur,Cafés,Grilled Sandwich,80,110,,INR,92,23,2026-05-25
Maharashtra,Nagpur,Street Food,Pani Puri / Golgappa (6 Pcs),20,35,,INR,89,25,2026-05-31
Maharashtra,Nagpur,Street Food,Samosa / Vada Pav (Plate),15,25,,INR,86,8,2026-06-26
Maharashtra,Nagpur,Street Food,Pav Bhaji / Chaat (Plate),60,80,,INR,86,39,2026-05-28
Maharashtra,Nagpur,Street Food,Fresh Fruit Juice / Soda,35,55,,INR,88,34,2026-06-26
Maharashtra,Nagpur,Public Facilities,Paid Public Restroom (Toilet),2,0,2,INR,90,20,2026-06-23
Maharashtra,Nagpur,Public Facilities,Paid Public Restroom (Bathroom),10,10,10,INR,93,27,2026-05-07
Maharashtra,Nagpur,Public Facilities,Purified Drinking Water Refill (20L),15,20,15,INR,88,13,2026-06-10
Maharashtra,Nagpur,Cultural Activities,Folk Dance / Puppet Show Ticket,180,210,180,INR,94,8,2026-06-26
Maharashtra,Nagpur,Cultural Activities,Sound and Light Show Ticket,60,70,60,INR,90,6,2026-05-18
Maharashtra,Nagpur,Rentals,Bicycle Rental (Per Day),70,165,,INR,74,29,2026-06-25
Maharashtra,Nagpur,Rentals,Scooter / Activa Rental (Per Day),410,810,,INR,82,44,2026-05-31
Maharashtra,Nagpur,Rentals,Royal Enfield / Cruiser Rental (Per Day),1200,2840,,INR,71,23,2026-06-15
Maharashtra,Lonavala,Food,Standard Meals/Thali,160,315,,INR,81,10,2026-06-26
Maharashtra,Lonavala,Food,Local Signature Dish,210,420,,INR,81,31,2026-05-23
Maharashtra,Lonavala,Food,Breakfast Plate (Dosa/Puri/Poha),65,125,,INR,78,72,2026-05-23
Maharashtra,Lonavala,Food,Evening Snack Plate,65,140,,INR,78,54,2026-05-17
Maharashtra,Lonavala,Taxi,Airport Transfer (One-way),730,2710,735,INR,57,91,2026-06-24
Maharashtra,Lonavala,Taxi,Railway Station Pick-up,400,1395,415,INR,56,53,2026-05-18
Maharashtra,Lonavala,Taxi,Sightseeing Taxi (8 Hours / 80km),2100,5885,2100,INR,70,92,2026-07-03
Maharashtra,Lonavala,Auto,Short Auto Ride (Under 3km),80,105,85,INR,91,39,2026-06-18
Maharashtra,Lonavala,Auto,Medium Auto Ride (5km),110,145,115,INR,86,6,2026-06-24
Maharashtra,Lonavala,Auto,Auto Ride (10km),220,290,220,INR,93,27,2026-06-01
Maharashtra,Lonavala,Bus,Local Bus Ticket (Short distance),10,15,10,INR,88,48,2026-06-02
Maharashtra,Lonavala,Bus,Local Bus Ticket (Long distance),35,45,35,INR,88,24,2026-06-05
Maharashtra,Lonavala,Bus,AC Volvo Intercity Bus (100km),340,445,345,INR,91,7,2026-05-14
Maharashtra,Lonavala,Train,Coolie/Porter Service (1 Luggage),120,165,120,INR,85,7,2026-06-25
Maharashtra,Lonavala,Train,Station Cloak Room Storage (24 Hours),40,50,40,INR,88,37,2026-06-20
Maharashtra,Lonavala,Train,Platform Entry Ticket,10,15,10,INR,90,45,2026-05-25
Maharashtra,Lonavala,Hotels,Budget Guest House Room (Per Night),920,1760,,INR,84,56,2026-05-31
Maharashtra,Lonavala,Hotels,3-Star Midscale Hotel Room (Per Night),3500,7500,,INR,81,46,2026-05-09
Maharashtra,Lonavala,Hotels,Luxury / Heritage Resort Room (Per Night),7200,15180,,INR,78,71,2026-06-25
Maharashtra,Lonavala,Souvenirs,Local Textile / Shawl,470,1450,,INR,63,105,2026-06-05
Maharashtra,Lonavala,Souvenirs,Handcrafted Wooden / Clay Mug,140,340,,INR,70,86,2026-05-20
Maharashtra,Lonavala,Souvenirs,Brass / Metal Art Piece,890,3180,,INR,57,45,2026-06-10
Maharashtra,Lonavala,Souvenirs,Local Spices / Tea Pack (250g),140,325,,INR,78,84,2026-06-27
Maharashtra,Lonavala,Attractions,Historical Monument Entry (Indian Citizen),35,125,35,INR,52,128,2026-06-04
Maharashtra,Lonavala,Attractions,Historical Monument Entry (Foreigner),510,550,525,INR,92,33,2026-05-06
Maharashtra,Lonavala,Attractions,Museum Entry Ticket,45,160,45,INR,58,84,2026-06-03
Maharashtra,Lonavala,Attractions,Palace / Fort Entry Ticket,85,335,85,INR,52,151,2026-06-05
Maharashtra,Lonavala,Boat Rides,Shared Boat Ride (30 Mins),95,270,95,INR,66,51,2026-06-27
Maharashtra,Lonavala,Boat Rides,Private Chartered Boat Ride (1 Hour),760,2490,,INR,63,33,2026-06-04
Maharashtra,Lonavala,Parking,Two-Wheeler Parking (Per Hour),20,25,20,INR,88,39,2026-06-02
Maharashtra,Lonavala,Parking,Four-Wheeler Parking (Per Hour),40,45,40,INR,96,20,2026-06-28
Maharashtra,Lonavala,Parking,Tourist Spot All-Day Parking (Car),60,70,60,INR,93,7,2026-06-08
Maharashtra,Lonavala,Cafés,Traditional Filter Coffee / Tea,20,40,,INR,77,71,2026-05-13
Maharashtra,Lonavala,Cafés,Cappuccino / Latte,170,385,,INR,73,25,2026-06-16
Maharashtra,Lonavala,Cafés,Grilled Sandwich,150,300,,INR,82,33,2026-06-16
Maharashtra,Lonavala,Street Food,Pani Puri / Golgappa (6 Pcs),30,55,,INR,78,43,2026-06-11
Maharashtra,Lonavala,Street Food,Samosa / Vada Pav (Plate),25,50,,INR,79,15,2026-05-20
Maharashtra,Lonavala,Street Food,Pav Bhaji / Chaat (Plate),65,135,,INR,79,47,2026-05-05
Maharashtra,Lonavala,Street Food,Fresh Fruit Juice / Soda,45,80,,INR,82,41,2026-06-26
Maharashtra,Lonavala,Public Facilities,Paid Public Restroom (Toilet),5,5,5,INR,88,48,2026-06-07
Maharashtra,Lonavala,Public Facilities,Paid Public Restroom (Bathroom),15,20,15,INR,86,50,2026-06-01
Maharashtra,Lonavala,Public Facilities,Purified Drinking Water Refill (20L),15,20,15,INR,87,43,2026-06-25
Maharashtra,Lonavala,Cultural Activities,Folk Dance / Puppet Show Ticket,270,355,270,INR,91,24,2026-06-01
Maharashtra,Lonavala,Cultural Activities,Sound and Light Show Ticket,130,170,130,INR,91,9,2026-06-25
Maharashtra,Lonavala,Rentals,Bicycle Rental (Per Day),100,235,,INR,70,63,2026-06-18
Maharashtra,Lonavala,Rentals,Scooter / Activa Rental (Per Day),600,1650,,INR,66,97,2026-06-02
Maharashtra,Lonavala,Rentals,Royal Enfield / Cruiser Rental (Per Day),1100,3060,,INR,69,90,2026-05-07
Maharashtra,Aurangabad,Food,Standard Meals/Thali,130,240,,INR,82,60,2026-05-24
Maharashtra,Aurangabad,Food,Local Signature Dish,160,260,,INR,88,49,2026-06-27
Maharashtra,Aurangabad,Food,Breakfast Plate (Dosa/Puri/Poha),80,120,,INR,90,36,2026-05-16
Maharashtra,Aurangabad,Food,Evening Snack Plate,40,85,,INR,80,75,2026-05-10
Maharashtra,Aurangabad,Taxi,Airport Transfer (One-way),990,3615,1000,INR,58,79,2026-06-18
Maharashtra,Aurangabad,Taxi,Railway Station Pick-up,490,1130,490,INR,71,38,2026-06-22
Maharashtra,Aurangabad,Taxi,Sightseeing Taxi (8 Hours / 80km),2200,8085,2215,INR,54,67,2026-06-12
Maharashtra,Aurangabad,Auto,Short Auto Ride (Under 3km),55,75,55,INR,90,41,2026-06-16
Maharashtra,Aurangabad,Auto,Medium Auto Ride (5km),130,170,130,INR,87,47,2026-05-06
Maharashtra,Aurangabad,Auto,Auto Ride (10km),190,250,190,INR,86,26,2026-05-26
Maharashtra,Aurangabad,Bus,Local Bus Ticket (Short distance),20,25,20,INR,93,23,2026-05-18
Maharashtra,Aurangabad,Bus,Local Bus Ticket (Long distance),65,95,65,INR,89,22,2026-05-06
Maharashtra,Aurangabad,Bus,AC Volvo Intercity Bus (100km),460,615,460,INR,89,51,2026-05-24
Maharashtra,Aurangabad,Train,Coolie/Porter Service (1 Luggage),130,160,135,INR,94,27,2026-06-01
Maharashtra,Aurangabad,Train,Station Cloak Room Storage (24 Hours),30,35,30,INR,91,22,2026-07-02
Maharashtra,Aurangabad,Train,Platform Entry Ticket,10,15,10,INR,90,55,2026-05-21
Maharashtra,Aurangabad,Hotels,Budget Guest House Room (Per Night),970,1465,,INR,86,56,2026-05-07
Maharashtra,Aurangabad,Hotels,3-Star Midscale Hotel Room (Per Night),4000,5985,,INR,89,59,2026-06-24
Maharashtra,Aurangabad,Hotels,Luxury / Heritage Resort Room (Per Night),9200,15775,,INR,86,31,2026-07-01
Maharashtra,Aurangabad,Souvenirs,Local Textile / Shawl,1200,3755,,INR,66,44,2026-06-29
Maharashtra,Aurangabad,Souvenirs,Handcrafted Wooden / Clay Mug,150,390,,INR,68,39,2026-06-28
Maharashtra,Aurangabad,Souvenirs,Brass / Metal Art Piece,470,1465,,INR,63,70,2026-06-23
Maharashtra,Aurangabad,Souvenirs,Local Spices / Tea Pack (250g),210,625,,INR,64,108,2026-06-11
Maharashtra,Aurangabad,Attractions,Historical Monument Entry (Indian Citizen),40,100,40,INR,72,58,2026-06-05
Maharashtra,Aurangabad,Attractions,Historical Monument Entry (Foreigner),450,485,455,INR,93,39,2026-06-19
Maharashtra,Aurangabad,Attractions,Museum Entry Ticket,55,175,55,INR,65,98,2026-06-24
Maharashtra,Aurangabad,Attractions,Palace / Fort Entry Ticket,170,520,175,INR,67,111,2026-05-25
Maharashtra,Aurangabad,Boat Rides,Shared Boat Ride (30 Mins),95,300,100,INR,64,23,2026-05-27
Maharashtra,Aurangabad,Boat Rides,Private Chartered Boat Ride (1 Hour),590,2165,,INR,54,140,2026-06-25
Maharashtra,Aurangabad,Parking,Two-Wheeler Parking (Per Hour),15,20,15,INR,89,15,2026-06-04
Maharashtra,Aurangabad,Parking,Four-Wheeler Parking (Per Hour),35,50,35,INR,93,20,2026-06-25
Maharashtra,Aurangabad,Parking,Tourist Spot All-Day Parking (Car),100,125,100,INR,89,32,2026-05-28
Maharashtra,Aurangabad,Cafés,Traditional Filter Coffee / Tea,35,60,,INR,86,44,2026-05-14
Maharashtra,Aurangabad,Cafés,Cappuccino / Latte,210,425,,INR,80,14,2026-05-31
Maharashtra,Aurangabad,Cafés,Grilled Sandwich,110,180,,INR,82,14,2026-05-22
Maharashtra,Aurangabad,Street Food,Pani Puri / Golgappa (6 Pcs),45,95,,INR,77,76,2026-06-06
Maharashtra,Aurangabad,Street Food,Samosa / Vada Pav (Plate),30,65,,INR,80,83,2026-05-31
Maharashtra,Aurangabad,Street Food,Pav Bhaji / Chaat (Plate),80,170,,INR,75,45,2026-05-24
Maharashtra,Aurangabad,Street Food,Fresh Fruit Juice / Soda,55,95,,INR,87,9,2026-06-27
Maharashtra,Aurangabad,Public Facilities,Paid Public Restroom (Toilet),5,5,5,INR,87,34,2026-05-18
Maharashtra,Aurangabad,Public Facilities,Paid Public Restroom (Bathroom),15,15,15,INR,94,45,2026-06-11
Maharashtra,Aurangabad,Public Facilities,Purified Drinking Water Refill (20L),15,20,15,INR,90,54,2026-05-20
Maharashtra,Aurangabad,Cultural Activities,Folk Dance / Puppet Show Ticket,190,250,195,INR,86,50,2026-05-24
Maharashtra,Aurangabad,Cultural Activities,Sound and Light Show Ticket,85,110,85,INR,86,21,2026-06-02
Maharashtra,Aurangabad,Rentals,Bicycle Rental (Per Day),80,265,,INR,57,92,2026-06-16
Maharashtra,Aurangabad,Rentals,Scooter / Activa Rental (Per Day),570,2020,,INR,53,62,2026-05-12
Maharashtra,Aurangabad,Rentals,Royal Enfield / Cruiser Rental (Per Day),1100,3630,,INR,61,21,2026-05-08
Manipur,Imphal,Food,Standard Meals/Thali,110,175,,INR,89,32,2026-05-12
Manipur,Imphal,Food,Local Signature Dish,160,265,,INR,85,59,2026-07-02
Manipur,Imphal,Food,Breakfast Plate (Dosa/Puri/Poha),40,50,,INR,91,42,2026-06-15
Manipur,Imphal,Food,Evening Snack Plate,30,40,,INR,91,30,2026-05-30
Manipur,Imphal,Taxi,Airport Transfer (One-way),780,1495,815,INR,77,44,2026-05-21
Manipur,Imphal,Taxi,Railway Station Pick-up,380,850,400,INR,73,47,2026-06-29
Manipur,Imphal,Taxi,Sightseeing Taxi (8 Hours / 80km),1700,3925,1715,INR,78,75,2026-06-13
Manipur,Imphal,Auto,Short Auto Ride (Under 3km),55,65,55,INR,90,41,2026-06-07
Manipur,Imphal,Auto,Medium Auto Ride (5km),100,115,100,INR,91,7,2026-06-11
Manipur,Imphal,Auto,Auto Ride (10km),170,200,170,INR,91,27,2026-05-09
Manipur,Imphal,Bus,Local Bus Ticket (Short distance),15,20,15,INR,90,32,2026-05-23
Manipur,Imphal,Bus,Local Bus Ticket (Long distance),25,30,25,INR,92,37,2026-06-12
Manipur,Imphal,Bus,AC Volvo Intercity Bus (100km),280,305,280,INR,96,25,2026-06-23
Manipur,Imphal,Train,Coolie/Porter Service (1 Luggage),75,90,75,INR,90,40,2026-06-17
Manipur,Imphal,Train,Station Cloak Room Storage (24 Hours),25,30,25,INR,93,8,2026-05-16
Manipur,Imphal,Train,Platform Entry Ticket,10,10,10,INR,90,11,2026-05-20
Manipur,Imphal,Hotels,Budget Guest House Room (Per Night),630,835,,INR,88,19,2026-06-02
Manipur,Imphal,Hotels,3-Star Midscale Hotel Room (Per Night),1900,2550,,INR,93,45,2026-05-11
Manipur,Imphal,Hotels,Luxury / Heritage Resort Room (Per Night),10400,13140,,INR,90,35,2026-05-19
Manipur,Imphal,Souvenirs,Local Textile / Shawl,240,480,,INR,82,71,2026-05-12
Manipur,Imphal,Souvenirs,Handcrafted Wooden / Clay Mug,150,295,,INR,80,62,2026-05-16
Manipur,Imphal,Souvenirs,Brass / Metal Art Piece,1300,2550,,INR,83,42,2026-05-20
Manipur,Imphal,Souvenirs,Local Spices / Tea Pack (250g),190,420,,INR,80,74,2026-07-01
Manipur,Imphal,Attractions,Historical Monument Entry (Indian Citizen),40,65,40,INR,81,55,2026-05-21
Manipur,Imphal,Attractions,Historical Monument Entry (Foreigner),310,325,315,INR,94,28,2026-05-13
Manipur,Imphal,Attractions,Museum Entry Ticket,20,50,20,INR,73,85,2026-05-15
Manipur,Imphal,Attractions,Palace / Fort Entry Ticket,110,295,110,INR,70,31,2026-06-29
Manipur,Imphal,Boat Rides,Shared Boat Ride (30 Mins),110,240,115,INR,79,33,2026-06-28
Manipur,Imphal,Boat Rides,Private Chartered Boat Ride (1 Hour),380,760,,INR,81,40,2026-06-09
Manipur,Imphal,Parking,Two-Wheeler Parking (Per Hour),10,10,10,INR,94,7,2026-06-13
Manipur,Imphal,Parking,Four-Wheeler Parking (Per Hour),40,45,40,INR,90,12,2026-06-17
Manipur,Imphal,Parking,Tourist Spot All-Day Parking (Car),90,105,90,INR,94,43,2026-06-29
Manipur,Imphal,Cafés,Traditional Filter Coffee / Tea,15,20,,INR,90,20,2026-05-28
Manipur,Imphal,Cafés,Cappuccino / Latte,150,215,,INR,86,7,2026-05-28
Manipur,Imphal,Cafés,Grilled Sandwich,65,100,,INR,85,56,2026-05-05
Manipur,Imphal,Street Food,Pani Puri / Golgappa (6 Pcs),20,30,,INR,87,52,2026-06-21
Manipur,Imphal,Street Food,Samosa / Vada Pav (Plate),15,25,,INR,87,33,2026-06-13
Manipur,Imphal,Street Food,Pav Bhaji / Chaat (Plate),55,75,,INR,91,7,2026-06-15
Manipur,Imphal,Street Food,Fresh Fruit Juice / Soda,40,50,,INR,93,41,2026-05-07
Manipur,Imphal,Public Facilities,Paid Public Restroom (Toilet),2,0,2,INR,91,14,2026-05-12
Manipur,Imphal,Public Facilities,Paid Public Restroom (Bathroom),10,10,10,INR,92,18,2026-06-24
Manipur,Imphal,Public Facilities,Purified Drinking Water Refill (20L),15,15,15,INR,95,31,2026-06-02
Manipur,Imphal,Cultural Activities,Folk Dance / Puppet Show Ticket,210,245,210,INR,90,19,2026-05-16
Manipur,Imphal,Cultural Activities,Sound and Light Show Ticket,80,95,80,INR,90,21,2026-06-09
Manipur,Imphal,Rentals,Bicycle Rental (Per Day),80,135,,INR,83,61,2026-05-15
Manipur,Imphal,Rentals,Scooter / Activa Rental (Per Day),330,650,,INR,82,11,2026-05-08
Manipur,Imphal,Rentals,Royal Enfield / Cruiser Rental (Per Day),950,2135,,INR,72,25,2026-05-21
Manipur,Ukhrul,Food,Standard Meals/Thali,190,425,,INR,73,49,2026-05-05
Manipur,Ukhrul,Food,Local Signature Dish,130,240,,INR,84,15,2026-06-25
Manipur,Ukhrul,Food,Breakfast Plate (Dosa/Puri/Poha),45,75,,INR,85,60,2026-06-25
Manipur,Ukhrul,Food,Evening Snack Plate,55,120,,INR,77,84,2026-06-12
Manipur,Ukhrul,Taxi,Airport Transfer (One-way),590,1700,600,INR,70,18,2026-05-20
Manipur,Ukhrul,Taxi,Railway Station Pick-up,280,920,280,INR,59,38,2026-05-31
Manipur,Ukhrul,Taxi,Sightseeing Taxi (8 Hours / 80km),2500,6990,2580,INR,68,31,2026-06-01
Manipur,Ukhrul,Auto,Short Auto Ride (Under 3km),60,80,60,INR,90,16,2026-05-17
Manipur,Ukhrul,Auto,Medium Auto Ride (5km),110,145,110,INR,89,19,2026-06-29
Manipur,Ukhrul,Auto,Auto Ride (10km),220,290,220,INR,88,16,2026-05-31
Manipur,Ukhrul,Bus,Local Bus Ticket (Short distance),15,20,15,INR,93,28,2026-05-19
Manipur,Ukhrul,Bus,Local Bus Ticket (Long distance),65,90,65,INR,92,34,2026-06-06
Manipur,Ukhrul,Bus,AC Volvo Intercity Bus (100km),540,680,540,INR,88,14,2026-06-02
Manipur,Ukhrul,Train,Coolie/Porter Service (1 Luggage),130,160,130,INR,94,28,2026-05-24
Manipur,Ukhrul,Train,Station Cloak Room Storage (24 Hours),35,40,35,INR,94,19,2026-05-08
Manipur,Ukhrul,Train,Platform Entry Ticket,10,10,10,INR,90,44,2026-06-25
Manipur,Ukhrul,Hotels,Budget Guest House Room (Per Night),880,1795,,INR,79,60,2026-05-29
Manipur,Ukhrul,Hotels,3-Star Midscale Hotel Room (Per Night),2800,4725,,INR,81,43,2026-06-07
Manipur,Ukhrul,Hotels,Luxury / Heritage Resort Room (Per Night),9800,21020,,INR,79,62,2026-06-16
Manipur,Ukhrul,Souvenirs,Local Textile / Shawl,760,2380,,INR,59,106,2026-06-08
Manipur,Ukhrul,Souvenirs,Handcrafted Wooden / Clay Mug,190,505,,INR,69,25,2026-05-25
Manipur,Ukhrul,Souvenirs,Brass / Metal Art Piece,1200,4250,,INR,59,99,2026-05-12
Manipur,Ukhrul,Souvenirs,Local Spices / Tea Pack (250g),270,945,,INR,56,120,2026-05-13
Manipur,Ukhrul,Attractions,Historical Monument Entry (Indian Citizen),30,120,30,INR,52,76,2026-06-09
Manipur,Ukhrul,Attractions,Historical Monument Entry (Foreigner),530,570,555,INR,96,36,2026-06-07
Manipur,Ukhrul,Attractions,Museum Entry Ticket,30,70,30,INR,73,88,2026-05-18
Manipur,Ukhrul,Attractions,Palace / Fort Entry Ticket,170,400,175,INR,77,40,2026-05-22
Manipur,Ukhrul,Boat Rides,Shared Boat Ride (30 Mins),150,460,155,INR,61,108,2026-05-31
Manipur,Ukhrul,Boat Rides,Private Chartered Boat Ride (1 Hour),1400,4440,,INR,63,80,2026-05-24
Manipur,Ukhrul,Parking,Two-Wheeler Parking (Per Hour),20,25,20,INR,89,38,2026-06-30
Manipur,Ukhrul,Parking,Four-Wheeler Parking (Per Hour),45,55,45,INR,91,43,2026-06-01
Manipur,Ukhrul,Parking,Tourist Spot All-Day Parking (Car),95,115,95,INR,95,27,2026-06-15
Manipur,Ukhrul,Cafés,Traditional Filter Coffee / Tea,25,40,,INR,83,49,2026-06-21
Manipur,Ukhrul,Cafés,Cappuccino / Latte,200,450,,INR,78,74,2026-06-06
Manipur,Ukhrul,Cafés,Grilled Sandwich,95,155,,INR,84,22,2026-06-10
Manipur,Ukhrul,Street Food,Pani Puri / Golgappa (6 Pcs),45,80,,INR,86,26,2026-06-25
Manipur,Ukhrul,Street Food,Samosa / Vada Pav (Plate),25,40,,INR,89,42,2026-06-09
Manipur,Ukhrul,Street Food,Pav Bhaji / Chaat (Plate),50,95,,INR,85,30,2026-05-30
Manipur,Ukhrul,Street Food,Fresh Fruit Juice / Soda,50,110,,INR,78,21,2026-06-03
Manipur,Ukhrul,Public Facilities,Paid Public Restroom (Toilet),5,5,5,INR,93,27,2026-06-23
Manipur,Ukhrul,Public Facilities,Paid Public Restroom (Bathroom),15,20,15,INR,95,28,2026-06-16
Manipur,Ukhrul,Public Facilities,Purified Drinking Water Refill (20L),20,25,20,INR,93,46,2026-06-12
Manipur,Ukhrul,Cultural Activities,Folk Dance / Puppet Show Ticket,300,395,300,INR,92,37,2026-06-11
Manipur,Ukhrul,Cultural Activities,Sound and Light Show Ticket,80,105,85,INR,86,18,2026-05-21
Manipur,Ukhrul,Rentals,Bicycle Rental (Per Day),65,225,,INR,60,94,2026-06-20
Manipur,Ukhrul,Rentals,Scooter / Activa Rental (Per Day),430,1520,,INR,54,129,2026-05-29
Manipur,Ukhrul,Rentals,Royal Enfield / Cruiser Rental (Per Day),1400,3475,,INR,69,16,2026-06-03
Manipur,Churachandpur,Food,Standard Meals/Thali,90,150,,INR,82,39,2026-05-25
Manipur,Churachandpur,Food,Local Signature Dish,150,240,,INR,83,30,2026-06-05
Manipur,Churachandpur,Food,Breakfast Plate (Dosa/Puri/Poha),35,45,,INR,93,46,2026-05-28
Manipur,Churachandpur,Food,Evening Snack Plate,45,65,,INR,85,8,2026-06-01
Manipur,Churachandpur,Taxi,Airport Transfer (One-way),690,1165,690,INR,87,50,2026-06-18
Manipur,Churachandpur,Taxi,Railway Station Pick-up,280,495,295,INR,86,50,2026-05-24
Manipur,Churachandpur,Taxi,Sightseeing Taxi (8 Hours / 80km),2400,5730,2400,INR,70,74,2026-05-05
Manipur,Churachandpur,Auto,Short Auto Ride (Under 3km),55,65,55,INR,91,34,2026-06-24
Manipur,Churachandpur,Auto,Medium Auto Ride (5km),65,75,70,INR,95,21,2026-07-03
Manipur,Churachandpur,Auto,Auto Ride (10km),130,150,130,INR,92,7,2026-05-21
Manipur,Churachandpur,Bus,Local Bus Ticket (Short distance),10,10,10,INR,93,12,2026-06-23
Manipur,Churachandpur,Bus,Local Bus Ticket (Long distance),45,50,45,INR,94,37,2026-05-26
Manipur,Churachandpur,Bus,AC Volvo Intercity Bus (100km),370,420,370,INR,96,35,2026-06-13
Manipur,Churachandpur,Train,Coolie/Porter Service (1 Luggage),80,90,80,INR,96,43,2026-05-09
Manipur,Churachandpur,Train,Station Cloak Room Storage (24 Hours),20,25,20,INR,93,11,2026-05-06
Manipur,Churachandpur,Train,Platform Entry Ticket,10,10,10,INR,96,41,2026-05-30
Manipur,Churachandpur,Hotels,Budget Guest House Room (Per Night),770,1160,,INR,88,59,2026-06-27
Manipur,Churachandpur,Hotels,3-Star Midscale Hotel Room (Per Night),3100,3985,,INR,89,30,2026-05-12
Manipur,Churachandpur,Hotels,Luxury / Heritage Resort Room (Per Night),7400,11810,,INR,86,13,2026-06-27
Manipur,Churachandpur,Souvenirs,Local Textile / Shawl,280,640,,INR,73,74,2026-05-28
Manipur,Churachandpur,Souvenirs,Handcrafted Wooden / Clay Mug,100,200,,INR,82,47,2026-05-07
Manipur,Churachandpur,Souvenirs,Brass / Metal Art Piece,360,670,,INR,82,68,2026-05-12
Manipur,Churachandpur,Souvenirs,Local Spices / Tea Pack (250g),260,585,,INR,74,82,2026-06-04
Manipur,Churachandpur,Attractions,Historical Monument Entry (Indian Citizen),30,75,30,INR,68,38,2026-05-06
Manipur,Churachandpur,Attractions,Historical Monument Entry (Foreigner),380,395,380,INR,95,23,2026-05-12
Manipur,Churachandpur,Attractions,Museum Entry Ticket,85,225,85,INR,71,30,2026-06-01
Manipur,Churachandpur,Attractions,Palace / Fort Entry Ticket,70,125,70,INR,84,22,2026-05-14
Manipur,Churachandpur,Boat Rides,Shared Boat Ride (30 Mins),75,150,80,INR,83,74,2026-05-11
Manipur,Churachandpur,Boat Rides,Private Chartered Boat Ride (1 Hour),1300,2805,,INR,81,27,2026-05-12
Manipur,Churachandpur,Parking,Two-Wheeler Parking (Per Hour),15,20,15,INR,90,22,2026-05-26
Manipur,Churachandpur,Parking,Four-Wheeler Parking (Per Hour),25,30,25,INR,95,30,2026-06-09
Manipur,Churachandpur,Parking,Tourist Spot All-Day Parking (Car),70,75,75,INR,91,37,2026-06-22
Manipur,Churachandpur,Cafés,Traditional Filter Coffee / Tea,15,20,,INR,85,44,2026-06-24
Manipur,Churachandpur,Cafés,Cappuccino / Latte,150,245,,INR,86,29,2026-05-09
Manipur,Churachandpur,Cafés,Grilled Sandwich,120,180,,INR,84,38,2026-06-29
Manipur,Churachandpur,Street Food,Pani Puri / Golgappa (6 Pcs),25,35,,INR,92,25,2026-06-24
Manipur,Churachandpur,Street Food,Samosa / Vada Pav (Plate),15,20,,INR,92,51,2026-05-12
Manipur,Churachandpur,Street Food,Pav Bhaji / Chaat (Plate),70,95,,INR,88,53,2026-06-15
Manipur,Churachandpur,Street Food,Fresh Fruit Juice / Soda,40,65,,INR,87,9,2026-07-02
Manipur,Churachandpur,Public Facilities,Paid Public Restroom (Toilet),2,0,2,INR,94,39,2026-05-15
Manipur,Churachandpur,Public Facilities,Paid Public Restroom (Bathroom),10,10,10,INR,93,45,2026-06-28
Manipur,Churachandpur,Public Facilities,Purified Drinking Water Refill (20L),15,15,15,INR,91,19,2026-06-04
Manipur,Churachandpur,Cultural Activities,Folk Dance / Puppet Show Ticket,260,305,270,INR,96,37,2026-05-17
Manipur,Churachandpur,Cultural Activities,Sound and Light Show Ticket,70,80,70,INR,89,41,2026-06-25
Manipur,Churachandpur,Rentals,Bicycle Rental (Per Day),50,90,,INR,81,43,2026-05-16
Manipur,Churachandpur,Rentals,Scooter / Activa Rental (Per Day),440,855,,INR,83,18,2026-05-17
Manipur,Churachandpur,Rentals,Royal Enfield / Cruiser Rental (Per Day),940,1700,,INR,81,40,2026-05-08
Manipur,Loktak Lake,Food,Standard Meals/Thali,120,210,,INR,84,32,2026-05-07
Manipur,Loktak Lake,Food,Local Signature Dish,170,340,,INR,83,59,2026-05-10
Manipur,Loktak Lake,Food,Breakfast Plate (Dosa/Puri/Poha),80,165,,INR,77,27,2026-05-07
Manipur,Loktak Lake,Food,Evening Snack Plate,60,115,,INR,85,13,2026-05-12
Manipur,Loktak Lake,Taxi,Airport Transfer (One-way),820,2920,820,INR,55,25,2026-06-06
Manipur,Loktak Lake,Taxi,Railway Station Pick-up,310,1025,320,INR,58,129,2026-06-20
Manipur,Loktak Lake,Taxi,Sightseeing Taxi (8 Hours / 80km),2100,5275,2165,INR,75,14,2026-05-12
Manipur,Loktak Lake,Auto,Short Auto Ride (Under 3km),55,75,55,INR,90,46,2026-06-27
Manipur,Loktak Lake,Auto,Medium Auto Ride (5km),110,145,110,INR,88,31,2026-06-08
Manipur,Loktak Lake,Auto,Auto Ride (10km),230,305,240,INR,92,47,2026-06-19
Manipur,Loktak Lake,Bus,Local Bus Ticket (Short distance),25,30,25,INR,95,20,2026-06-14
Manipur,Loktak Lake,Bus,Local Bus Ticket (Long distance),60,85,60,INR,91,50,2026-05-28
Manipur,Loktak Lake,Bus,AC Volvo Intercity Bus (100km),500,730,525,INR,84,11,2026-05-28
Manipur,Loktak Lake,Train,Coolie/Porter Service (1 Luggage),170,185,170,INR,93,34,2026-05-14
Manipur,Loktak Lake,Train,Station Cloak Room Storage (24 Hours),25,35,25,INR,89,20,2026-06-03
Manipur,Loktak Lake,Train,Platform Entry Ticket,10,15,10,INR,90,38,2026-05-24
Manipur,Loktak Lake,Hotels,Budget Guest House Room (Per Night),1100,1920,,INR,85,39,2026-05-12
Manipur,Loktak Lake,Hotels,3-Star Midscale Hotel Room (Per Night),2700,4220,,INR,86,46,2026-06-28
Manipur,Loktak Lake,Hotels,Luxury / Heritage Resort Room (Per Night),10500,19830,,INR,82,29,2026-06-01
Manipur,Loktak Lake,Souvenirs,Local Textile / Shawl,330,1150,,INR,60,37,2026-06-14
Manipur,Loktak Lake,Souvenirs,Handcrafted Wooden / Clay Mug,270,830,,INR,61,96,2026-06-15
Manipur,Loktak Lake,Souvenirs,Brass / Metal Art Piece,570,1850,,INR,58,100,2026-05-26
Manipur,Loktak Lake,Souvenirs,Local Spices / Tea Pack (250g),220,645,,INR,66,21,2026-06-21
Manipur,Loktak Lake,Attractions,Historical Monument Entry (Indian Citizen),55,150,60,INR,68,95,2026-07-03
Manipur,Loktak Lake,Attractions,Historical Monument Entry (Foreigner),660,715,660,INR,92,15,2026-06-23
Manipur,Loktak Lake,Attractions,Museum Entry Ticket,100,415,100,INR,50,123,2026-05-16
Manipur,Loktak Lake,Attractions,Palace / Fort Entry Ticket,200,595,200,INR,68,21,2026-06-28
Manipur,Loktak Lake,Boat Rides,Shared Boat Ride (30 Mins),120,430,125,INR,58,133,2026-05-24
Manipur,Loktak Lake,Boat Rides,Private Chartered Boat Ride (1 Hour),1000,2860,,INR,67,101,2026-05-25
Manipur,Loktak Lake,Parking,Two-Wheeler Parking (Per Hour),10,10,10,INR,93,7,2026-05-18
Manipur,Loktak Lake,Parking,Four-Wheeler Parking (Per Hour),45,50,45,INR,95,28,2026-05-27
Manipur,Loktak Lake,Parking,Tourist Spot All-Day Parking (Car),75,95,75,INR,92,40,2026-06-17
Manipur,Loktak Lake,Cafés,Traditional Filter Coffee / Tea,20,40,,INR,81,27,2026-05-12
Manipur,Loktak Lake,Cafés,Cappuccino / Latte,190,335,,INR,84,54,2026-06-24
Manipur,Loktak Lake,Cafés,Grilled Sandwich,100,185,,INR,85,15,2026-06-29
Manipur,Loktak Lake,Street Food,Pani Puri / Golgappa (6 Pcs),40,70,,INR,85,67,2026-05-09
Manipur,Loktak Lake,Street Food,Samosa / Vada Pav (Plate),20,35,,INR,83,31,2026-05-18
Manipur,Loktak Lake,Street Food,Pav Bhaji / Chaat (Plate),80,175,,INR,75,18,2026-05-13
Manipur,Loktak Lake,Street Food,Fresh Fruit Juice / Soda,25,55,,INR,79,77,2026-06-05
Manipur,Loktak Lake,Public Facilities,Paid Public Restroom (Toilet),5,5,5,INR,90,47,2026-06-19
Manipur,Loktak Lake,Public Facilities,Paid Public Restroom (Bathroom),15,20,15,INR,90,10,2026-05-18
Manipur,Loktak Lake,Public Facilities,Purified Drinking Water Refill (20L),20,30,20,INR,86,44,2026-06-18
Manipur,Loktak Lake,Cultural Activities,Folk Dance / Puppet Show Ticket,260,345,260,INR,88,28,2026-06-02
Manipur,Loktak Lake,Cultural Activities,Sound and Light Show Ticket,100,130,100,INR,86,19,2026-06-19
Manipur,Loktak Lake,Rentals,Bicycle Rental (Per Day),65,225,,INR,56,27,2026-05-19
Manipur,Loktak Lake,Rentals,Scooter / Activa Rental (Per Day),500,1695,,INR,58,70,2026-06-25
Manipur,Loktak Lake,Rentals,Royal Enfield / Cruiser Rental (Per Day),1600,5900,,INR,52,63,2026-05-28
Meghalaya,Shillong,Food,Standard Meals/Thali,100,175,,INR,84,40,2026-07-03
Meghalaya,Shillong,Food,Local Signature Dish,190,410,,INR,76,21,2026-05-05
Meghalaya,Shillong,Food,Breakfast Plate (Dosa/Puri/Poha),100,160,,INR,84,14,2026-06-15
Meghalaya,Shillong,Food,Evening Snack Plate,55,120,,INR,76,52,2026-05-10
Meghalaya,Shillong,Taxi,Airport Transfer (One-way),560,2025,560,INR,52,137,2026-06-03
Meghalaya,Shillong,Taxi,Railway Station Pick-up,440,1355,440,INR,66,101,2026-05-27
Meghalaya,Shillong,Taxi,Sightseeing Taxi (8 Hours / 80km),2500,7295,2500,INR,63,107,2026-05-21
Meghalaya,Shillong,Auto,Short Auto Ride (Under 3km),75,100,80,INR,93,9,2026-06-13
Meghalaya,Shillong,Auto,Medium Auto Ride (5km),150,200,155,INR,88,18,2026-05-25
Meghalaya,Shillong,Auto,Auto Ride (10km),250,330,260,INR,93,29,2026-05-15
Meghalaya,Shillong,Bus,Local Bus Ticket (Short distance),10,15,10,INR,85,31,2026-06-03
Meghalaya,Shillong,Bus,Local Bus Ticket (Long distance),70,100,70,INR,86,24,2026-05-29
Meghalaya,Shillong,Bus,AC Volvo Intercity Bus (100km),290,345,305,INR,92,22,2026-06-08
Meghalaya,Shillong,Train,Coolie/Porter Service (1 Luggage),110,135,110,INR,92,23,2026-05-24
Meghalaya,Shillong,Train,Station Cloak Room Storage (24 Hours),30,40,30,INR,87,50,2026-05-13
Meghalaya,Shillong,Train,Platform Entry Ticket,10,10,10,INR,95,12,2026-06-08
Meghalaya,Shillong,Hotels,Budget Guest House Room (Per Night),1200,2255,,INR,78,57,2026-06-13
Meghalaya,Shillong,Hotels,3-Star Midscale Hotel Room (Per Night),3200,5975,,INR,79,56,2026-06-14
Meghalaya,Shillong,Hotels,Luxury / Heritage Resort Room (Per Night),5800,11935,,INR,80,11,2026-05-23
Meghalaya,Shillong,Souvenirs,Local Textile / Shawl,1100,3785,,INR,60,90,2026-06-15
Meghalaya,Shillong,Souvenirs,Handcrafted Wooden / Clay Mug,120,300,,INR,73,42,2026-05-13
Meghalaya,Shillong,Souvenirs,Brass / Metal Art Piece,850,2445,,INR,68,17,2026-05-31
Meghalaya,Shillong,Souvenirs,Local Spices / Tea Pack (250g),290,780,,INR,65,51,2026-05-12
Meghalaya,Shillong,Attractions,Historical Monument Entry (Indian Citizen),45,90,45,INR,81,39,2026-05-22
Meghalaya,Shillong,Attractions,Historical Monument Entry (Foreigner),550,595,550,INR,94,38,2026-05-28
Meghalaya,Shillong,Attractions,Museum Entry Ticket,35,100,35,INR,71,73,2026-06-06
Meghalaya,Shillong,Attractions,Palace / Fort Entry Ticket,120,400,120,INR,61,77,2026-05-30
Meghalaya,Shillong,Boat Rides,Shared Boat Ride (30 Mins),60,205,65,INR,59,19,2026-06-30
Meghalaya,Shillong,Boat Rides,Private Chartered Boat Ride (1 Hour),700,1710,,INR,73,17,2026-05-11
Meghalaya,Shillong,Parking,Two-Wheeler Parking (Per Hour),20,25,20,INR,89,37,2026-05-27
Meghalaya,Shillong,Parking,Four-Wheeler Parking (Per Hour),50,70,50,INR,89,41,2026-07-01
Meghalaya,Shillong,Parking,Tourist Spot All-Day Parking (Car),80,90,80,INR,96,17,2026-06-22
Meghalaya,Shillong,Cafés,Traditional Filter Coffee / Tea,20,40,,INR,75,73,2026-05-07
Meghalaya,Shillong,Cafés,Cappuccino / Latte,150,235,,INR,86,17,2026-05-15
Meghalaya,Shillong,Cafés,Grilled Sandwich,70,150,,INR,76,45,2026-05-19
Meghalaya,Shillong,Street Food,Pani Puri / Golgappa (6 Pcs),25,45,,INR,83,12,2026-05-15
Meghalaya,Shillong,Street Food,Samosa / Vada Pav (Plate),35,60,,INR,80,64,2026-06-09
Meghalaya,Shillong,Street Food,Pav Bhaji / Chaat (Plate),90,185,,INR,75,46,2026-07-03
Meghalaya,Shillong,Street Food,Fresh Fruit Juice / Soda,50,115,,INR,79,66,2026-06-21
Meghalaya,Shillong,Public Facilities,Paid Public Restroom (Toilet),5,5,5,INR,92,7,2026-05-07
Meghalaya,Shillong,Public Facilities,Paid Public Restroom (Bathroom),10,15,10,INR,86,11,2026-06-03
Meghalaya,Shillong,Public Facilities,Purified Drinking Water Refill (20L),20,25,20,INR,92,7,2026-06-29
Meghalaya,Shillong,Cultural Activities,Folk Dance / Puppet Show Ticket,250,330,250,INR,91,48,2026-05-19
Meghalaya,Shillong,Cultural Activities,Sound and Light Show Ticket,70,90,70,INR,93,38,2026-06-04
Meghalaya,Shillong,Rentals,Bicycle Rental (Per Day),90,295,,INR,64,88,2026-06-11
Meghalaya,Shillong,Rentals,Scooter / Activa Rental (Per Day),590,2180,,INR,51,101,2026-06-09
Meghalaya,Shillong,Rentals,Royal Enfield / Cruiser Rental (Per Day),1400,4560,,INR,57,124,2026-05-11
Meghalaya,Cherrapunji,Food,Standard Meals/Thali,110,200,,INR,80,29,2026-05-29
Meghalaya,Cherrapunji,Food,Local Signature Dish,170,305,,INR,86,58,2026-06-04
Meghalaya,Cherrapunji,Food,Breakfast Plate (Dosa/Puri/Poha),60,130,,INR,74,41,2026-05-07
Meghalaya,Cherrapunji,Food,Evening Snack Plate,80,130,,INR,89,59,2026-05-26
Meghalaya,Cherrapunji,Taxi,Airport Transfer (One-way),1000,2820,1030,INR,71,29,2026-06-15
Meghalaya,Cherrapunji,Taxi,Railway Station Pick-up,310,840,310,INR,68,84,2026-06-06
Meghalaya,Cherrapunji,Taxi,Sightseeing Taxi (8 Hours / 80km),2200,7960,2235,INR,57,77,2026-06-22
Meghalaya,Cherrapunji,Auto,Short Auto Ride (Under 3km),50,65,50,INR,86,22,2026-05-28
Meghalaya,Cherrapunji,Auto,Medium Auto Ride (5km),85,110,85,INR,88,26,2026-06-04
Meghalaya,Cherrapunji,Auto,Auto Ride (10km),190,250,190,INR,92,50,2026-06-19
Meghalaya,Cherrapunji,Bus,Local Bus Ticket (Short distance),15,20,15,INR,88,28,2026-05-11
Meghalaya,Cherrapunji,Bus,Local Bus Ticket (Long distance),35,50,35,INR,87,54,2026-05-06
Meghalaya,Cherrapunji,Bus,AC Volvo Intercity Bus (100km),350,515,365,INR,89,57,2026-05-11
Meghalaya,Cherrapunji,Train,Coolie/Porter Service (1 Luggage),130,145,135,INR,89,24,2026-05-06
Meghalaya,Cherrapunji,Train,Station Cloak Room Storage (24 Hours),40,45,40,INR,95,23,2026-07-01
Meghalaya,Cherrapunji,Train,Platform Entry Ticket,10,10,10,INR,93,27,2026-05-25
Meghalaya,Cherrapunji,Hotels,Budget Guest House Room (Per Night),610,1155,,INR,77,61,2026-06-22
Meghalaya,Cherrapunji,Hotels,3-Star Midscale Hotel Room (Per Night),3000,5595,,INR,84,67,2026-06-20
Meghalaya,Cherrapunji,Hotels,Luxury / Heritage Resort Room (Per Night),9600,18095,,INR,78,73,2026-06-27
Meghalaya,Cherrapunji,Souvenirs,Local Textile / Shawl,1000,3130,,INR,66,75,2026-06-11
Meghalaya,Cherrapunji,Souvenirs,Handcrafted Wooden / Clay Mug,170,500,,INR,61,86,2026-06-20
Meghalaya,Cherrapunji,Souvenirs,Brass / Metal Art Piece,910,2830,,INR,62,73,2026-05-05
Meghalaya,Cherrapunji,Souvenirs,Local Spices / Tea Pack (250g),130,310,,INR,72,12,2026-06-24
Meghalaya,Cherrapunji,Attractions,Historical Monument Entry (Indian Citizen),25,95,25,INR,52,143,2026-05-15
Meghalaya,Cherrapunji,Attractions,Historical Monument Entry (Foreigner),470,510,475,INR,97,42,2026-06-19
Meghalaya,Cherrapunji,Attractions,Museum Entry Ticket,90,325,95,INR,52,46,2026-06-17
Meghalaya,Cherrapunji,Attractions,Palace / Fort Entry Ticket,220,885,220,INR,50,56,2026-06-15
Meghalaya,Cherrapunji,Boat Rides,Shared Boat Ride (30 Mins),85,280,85,INR,61,85,2026-06-11
Meghalaya,Cherrapunji,Boat Rides,Private Chartered Boat Ride (1 Hour),1100,3990,,INR,55,50,2026-05-24
Meghalaya,Cherrapunji,Parking,Two-Wheeler Parking (Per Hour),20,30,20,INR,85,46,2026-06-17
Meghalaya,Cherrapunji,Parking,Four-Wheeler Parking (Per Hour),35,40,35,INR,92,39,2026-06-26
Meghalaya,Cherrapunji,Parking,Tourist Spot All-Day Parking (Car),95,140,100,INR,91,45,2026-05-25
Meghalaya,Cherrapunji,Cafés,Traditional Filter Coffee / Tea,35,55,,INR,81,37,2026-06-20
Meghalaya,Cherrapunji,Cafés,Cappuccino / Latte,170,350,,INR,77,43,2026-05-24
Meghalaya,Cherrapunji,Cafés,Grilled Sandwich,85,135,,INR,89,33,2026-06-24
Meghalaya,Cherrapunji,Street Food,Pani Puri / Golgappa (6 Pcs),40,70,,INR,83,59,2026-05-06
Meghalaya,Cherrapunji,Street Food,Samosa / Vada Pav (Plate),35,75,,INR,75,38,2026-05-08
Meghalaya,Cherrapunji,Street Food,Pav Bhaji / Chaat (Plate),55,120,,INR,75,79,2026-05-13
Meghalaya,Cherrapunji,Street Food,Fresh Fruit Juice / Soda,50,75,,INR,84,54,2026-05-24
Meghalaya,Cherrapunji,Public Facilities,Paid Public Restroom (Toilet),5,5,5,INR,88,6,2026-05-06
Meghalaya,Cherrapunji,Public Facilities,Paid Public Restroom (Bathroom),15,20,15,INR,87,39,2026-06-24
Meghalaya,Cherrapunji,Public Facilities,Purified Drinking Water Refill (20L),20,20,20,INR,92,33,2026-05-25
Meghalaya,Cherrapunji,Cultural Activities,Folk Dance / Puppet Show Ticket,310,410,310,INR,90,44,2026-06-18
Meghalaya,Cherrapunji,Cultural Activities,Sound and Light Show Ticket,85,110,85,INR,90,49,2026-05-13
Meghalaya,Cherrapunji,Rentals,Bicycle Rental (Per Day),75,195,,INR,67,64,2026-06-16
Meghalaya,Cherrapunji,Rentals,Scooter / Activa Rental (Per Day),640,2150,,INR,58,123,2026-06-05
Meghalaya,Cherrapunji,Rentals,Royal Enfield / Cruiser Rental (Per Day),1300,4000,,INR,60,25,2026-05-07
Meghalaya,Tura,Food,Standard Meals/Thali,120,170,,INR,84,52,2026-06-15
Meghalaya,Tura,Food,Local Signature Dish,220,300,,INR,86,50,2026-06-23
Meghalaya,Tura,Food,Breakfast Plate (Dosa/Puri/Poha),45,75,,INR,81,54,2026-06-15
Meghalaya,Tura,Food,Evening Snack Plate,35,45,,INR,91,48,2026-05-07
Meghalaya,Tura,Taxi,Airport Transfer (One-way),460,950,460,INR,78,38,2026-05-27
Meghalaya,Tura,Taxi,Railway Station Pick-up,370,870,380,INR,78,61,2026-06-10
Meghalaya,Tura,Taxi,Sightseeing Taxi (8 Hours / 80km),1600,3880,1600,INR,73,51,2026-06-18
Meghalaya,Tura,Auto,Short Auto Ride (Under 3km),40,45,40,INR,90,23,2026-06-08
Meghalaya,Tura,Auto,Medium Auto Ride (5km),70,80,70,INR,95,16,2026-06-20
Meghalaya,Tura,Auto,Auto Ride (10km),130,150,135,INR,94,44,2026-06-16
Meghalaya,Tura,Bus,Local Bus Ticket (Short distance),20,20,20,INR,92,34,2026-05-10
Meghalaya,Tura,Bus,Local Bus Ticket (Long distance),35,40,35,INR,94,13,2026-05-22
Meghalaya,Tura,Bus,AC Volvo Intercity Bus (100km),390,480,390,INR,89,12,2026-06-02
Meghalaya,Tura,Train,Coolie/Porter Service (1 Luggage),130,160,135,INR,90,46,2026-05-29
Meghalaya,Tura,Train,Station Cloak Room Storage (24 Hours),25,30,25,INR,90,20,2026-06-04
Meghalaya,Tura,Train,Platform Entry Ticket,10,10,10,INR,91,38,2026-06-09
Meghalaya,Tura,Hotels,Budget Guest House Room (Per Night),690,890,,INR,94,19,2026-05-26
Meghalaya,Tura,Hotels,3-Star Midscale Hotel Room (Per Night),2700,4380,,INR,86,26,2026-05-26
Meghalaya,Tura,Hotels,Luxury / Heritage Resort Room (Per Night),7200,10545,,INR,84,19,2026-07-01
Meghalaya,Tura,Souvenirs,Local Textile / Shawl,610,1270,,INR,82,31,2026-07-01
Meghalaya,Tura,Souvenirs,Handcrafted Wooden / Clay Mug,200,400,,INR,76,76,2026-05-31
Meghalaya,Tura,Souvenirs,Brass / Metal Art Piece,700,1450,,INR,80,54,2026-05-15
Meghalaya,Tura,Souvenirs,Local Spices / Tea Pack (250g),150,275,,INR,83,63,2026-06-15
Meghalaya,Tura,Attractions,Historical Monument Entry (Indian Citizen),20,35,20,INR,87,16,2026-06-01
Meghalaya,Tura,Attractions,Historical Monument Entry (Foreigner),440,460,440,INR,90,9,2026-05-11
Meghalaya,Tura,Attractions,Museum Entry Ticket,55,100,55,INR,80,29,2026-05-19
Meghalaya,Tura,Attractions,Palace / Fort Entry Ticket,90,150,90,INR,83,28,2026-06-01
Meghalaya,Tura,Boat Rides,Shared Boat Ride (30 Mins),70,140,70,INR,80,26,2026-05-31
Meghalaya,Tura,Boat Rides,Private Chartered Boat Ride (1 Hour),1300,3090,,INR,75,31,2026-06-08
Meghalaya,Tura,Parking,Two-Wheeler Parking (Per Hour),15,15,15,INR,94,17,2026-06-23
Meghalaya,Tura,Parking,Four-Wheeler Parking (Per Hour),20,20,20,INR,94,38,2026-06-30
Meghalaya,Tura,Parking,Tourist Spot All-Day Parking (Car),75,95,75,INR,88,46,2026-06-11
Meghalaya,Tura,Cafés,Traditional Filter Coffee / Tea,35,45,,INR,90,20,2026-06-05
Meghalaya,Tura,Cafés,Cappuccino / Latte,95,140,,INR,88,54,2026-06-19
Meghalaya,Tura,Cafés,Grilled Sandwich,130,215,,INR,87,41,2026-05-16
Meghalaya,Tura,Street Food,Pani Puri / Golgappa (6 Pcs),20,30,,INR,82,10,2026-06-28
Meghalaya,Tura,Street Food,Samosa / Vada Pav (Plate),15,20,,INR,87,7,2026-05-05
Meghalaya,Tura,Street Food,Pav Bhaji / Chaat (Plate),70,90,,INR,90,35,2026-05-14
Meghalaya,Tura,Street Food,Fresh Fruit Juice / Soda,40,65,,INR,87,39,2026-06-05
Meghalaya,Tura,Public Facilities,Paid Public Restroom (Toilet),5,5,5,INR,91,8,2026-05-09
Meghalaya,Tura,Public Facilities,Paid Public Restroom (Bathroom),10,10,10,INR,93,35,2026-06-08
Meghalaya,Tura,Public Facilities,Purified Drinking Water Refill (20L),15,15,15,INR,97,7,2026-05-26
Meghalaya,Tura,Cultural Activities,Folk Dance / Puppet Show Ticket,250,295,255,INR,91,42,2026-07-02
Meghalaya,Tura,Cultural Activities,Sound and Light Show Ticket,70,80,70,INR,92,43,2026-05-11
Meghalaya,Tura,Rentals,Bicycle Rental (Per Day),80,170,,INR,75,34,2026-06-20
Meghalaya,Tura,Rentals,Scooter / Activa Rental (Per Day),370,895,,INR,76,79,2026-05-28
Meghalaya,Tura,Rentals,Royal Enfield / Cruiser Rental (Per Day),1300,2215,,INR,80,35,2026-05-27
Meghalaya,Mawlynnong,Food,Standard Meals/Thali,190,320,,INR,83,53,2026-06-17
Meghalaya,Mawlynnong,Food,Local Signature Dish,260,585,,INR,78,45,2026-05-28
Meghalaya,Mawlynnong,Food,Breakfast Plate (Dosa/Puri/Poha),55,120,,INR,80,76,2026-06-29
Meghalaya,Mawlynnong,Food,Evening Snack Plate,60,105,,INR,80,56,2026-07-02
Meghalaya,Mawlynnong,Taxi,Airport Transfer (One-way),810,2380,820,INR,63,18,2026-05-29
Meghalaya,Mawlynnong,Taxi,Railway Station Pick-up,370,895,370,INR,75,18,2026-05-15
Meghalaya,Mawlynnong,Taxi,Sightseeing Taxi (8 Hours / 80km),2200,6515,2200,INR,63,23,2026-06-16
Meghalaya,Mawlynnong,Auto,Short Auto Ride (Under 3km),50,65,50,INR,92,18,2026-05-11
Meghalaya,Mawlynnong,Auto,Medium Auto Ride (5km),130,170,135,INR,90,38,2026-06-01
Meghalaya,Mawlynnong,Auto,Auto Ride (10km),240,315,240,INR,91,38,2026-06-12
Meghalaya,Mawlynnong,Bus,Local Bus Ticket (Short distance),15,20,15,INR,88,23,2026-05-29
Meghalaya,Mawlynnong,Bus,Local Bus Ticket (Long distance),55,60,55,INR,96,16,2026-05-27
Meghalaya,Mawlynnong,Bus,AC Volvo Intercity Bus (100km),310,425,310,INR,88,53,2026-06-01
Meghalaya,Mawlynnong,Train,Coolie/Porter Service (1 Luggage),150,205,150,INR,87,36,2026-05-30
Meghalaya,Mawlynnong,Train,Station Cloak Room Storage (24 Hours),25,35,25,INR,89,34,2026-05-11
Meghalaya,Mawlynnong,Train,Platform Entry Ticket,10,10,10,INR,90,36,2026-05-22
Meghalaya,Mawlynnong,Hotels,Budget Guest House Room (Per Night),930,1840,,INR,77,74,2026-05-30
Meghalaya,Mawlynnong,Hotels,3-Star Midscale Hotel Room (Per Night),3700,5915,,INR,87,49,2026-07-01
Meghalaya,Mawlynnong,Hotels,Luxury / Heritage Resort Room (Per Night),8100,16005,,INR,83,47,2026-06-20
Meghalaya,Mawlynnong,Souvenirs,Local Textile / Shawl,380,1220,,INR,61,58,2026-05-09
Meghalaya,Mawlynnong,Souvenirs,Handcrafted Wooden / Clay Mug,100,340,,INR,59,92,2026-05-17
Meghalaya,Mawlynnong,Souvenirs,Brass / Metal Art Piece,610,2135,,INR,56,17,2026-06-13
Meghalaya,Mawlynnong,Souvenirs,Local Spices / Tea Pack (250g),200,490,,INR,74,65,2026-06-07
Meghalaya,Mawlynnong,Attractions,Historical Monument Entry (Indian Citizen),45,190,45,INR,50,94,2026-05-06
Meghalaya,Mawlynnong,Attractions,Historical Monument Entry (Foreigner),530,570,530,INR,92,24,2026-06-08
Meghalaya,Mawlynnong,Attractions,Museum Entry Ticket,80,170,80,INR,80,20,2026-06-20
Meghalaya,Mawlynnong,Attractions,Palace / Fort Entry Ticket,95,335,95,INR,60,100,2026-05-19
Meghalaya,Mawlynnong,Boat Rides,Shared Boat Ride (30 Mins),170,475,170,INR,67,41,2026-06-01
Meghalaya,Mawlynnong,Boat Rides,Private Chartered Boat Ride (1 Hour),1500,4765,,INR,65,35,2026-06-16
Meghalaya,Mawlynnong,Parking,Two-Wheeler Parking (Per Hour),20,25,20,INR,94,28,2026-06-10
Meghalaya,Mawlynnong,Parking,Four-Wheeler Parking (Per Hour),50,60,50,INR,90,6,2026-05-13
Meghalaya,Mawlynnong,Parking,Tourist Spot All-Day Parking (Car),65,80,70,INR,88,29,2026-06-01
Meghalaya,Mawlynnong,Cafés,Traditional Filter Coffee / Tea,30,50,,INR,83,27,2026-05-08
Meghalaya,Mawlynnong,Cafés,Cappuccino / Latte,170,295,,INR,81,38,2026-06-19
Meghalaya,Mawlynnong,Cafés,Grilled Sandwich,110,240,,INR,74,18,2026-05-08
Meghalaya,Mawlynnong,Street Food,Pani Puri / Golgappa (6 Pcs),45,90,,INR,76,40,2026-07-01
Meghalaya,Mawlynnong,Street Food,Samosa / Vada Pav (Plate),20,45,,INR,75,71,2026-06-13
Meghalaya,Mawlynnong,Street Food,Pav Bhaji / Chaat (Plate),70,135,,INR,78,58,2026-06-25
Meghalaya,Mawlynnong,Street Food,Fresh Fruit Juice / Soda,35,55,,INR,87,21,2026-06-19
Meghalaya,Mawlynnong,Public Facilities,Paid Public Restroom (Toilet),5,5,5,INR,93,21,2026-06-22
Meghalaya,Mawlynnong,Public Facilities,Paid Public Restroom (Bathroom),10,15,10,INR,93,44,2026-06-06
Meghalaya,Mawlynnong,Public Facilities,Purified Drinking Water Refill (20L),20,30,20,INR,90,15,2026-06-20
Meghalaya,Mawlynnong,Cultural Activities,Folk Dance / Puppet Show Ticket,330,435,335,INR,90,51,2026-06-24
Meghalaya,Mawlynnong,Cultural Activities,Sound and Light Show Ticket,65,85,65,INR,89,41,2026-06-26
Meghalaya,Mawlynnong,Rentals,Bicycle Rental (Per Day),65,225,,INR,57,101,2026-05-09
Meghalaya,Mawlynnong,Rentals,Scooter / Activa Rental (Per Day),470,1070,,INR,77,80,2026-06-26
Meghalaya,Mawlynnong,Rentals,Royal Enfield / Cruiser Rental (Per Day),1400,4715,,INR,56,48,2026-06-13
Mizoram,Aizawl,Food,Standard Meals/Thali,90,115,,INR,86,41,2026-05-30
Mizoram,Aizawl,Food,Local Signature Dish,180,235,,INR,89,9,2026-06-23
Mizoram,Aizawl,Food,Breakfast Plate (Dosa/Puri/Poha),50,85,,INR,85,59,2026-06-06
Mizoram,Aizawl,Food,Evening Snack Plate,40,60,,INR,84,8,2026-06-19
Mizoram,Aizawl,Taxi,Airport Transfer (One-way),460,1050,465,INR,75,42,2026-06-12
Mizoram,Aizawl,Taxi,Railway Station Pick-up,370,705,385,INR,84,23,2026-05-09
Mizoram,Aizawl,Taxi,Sightseeing Taxi (8 Hours / 80km),1600,3070,1600,INR,81,38,2026-06-22
Mizoram,Aizawl,Auto,Short Auto Ride (Under 3km),40,45,40,INR,95,19,2026-06-18
Mizoram,Aizawl,Auto,Medium Auto Ride (5km),85,100,85,INR,90,45,2026-05-30
Mizoram,Aizawl,Auto,Auto Ride (10km),120,140,125,INR,95,5,2026-05-17
Mizoram,Aizawl,Bus,Local Bus Ticket (Short distance),20,25,20,INR,92,43,2026-05-28
Mizoram,Aizawl,Bus,Local Bus Ticket (Long distance),30,35,30,INR,93,27,2026-06-27
Mizoram,Aizawl,Bus,AC Volvo Intercity Bus (100km),270,305,280,INR,91,32,2026-06-19
Mizoram,Aizawl,Train,Coolie/Porter Service (1 Luggage),100,110,105,INR,91,8,2026-05-14
Mizoram,Aizawl,Train,Station Cloak Room Storage (24 Hours),25,30,25,INR,92,47,2026-06-17
Mizoram,Aizawl,Train,Platform Entry Ticket,10,10,10,INR,93,13,2026-05-16
Mizoram,Aizawl,Hotels,Budget Guest House Room (Per Night),990,1585,,INR,89,44,2026-07-01
Mizoram,Aizawl,Hotels,3-Star Midscale Hotel Room (Per Night),2700,3700,,INR,93,39,2026-06-04
Mizoram,Aizawl,Hotels,Luxury / Heritage Resort Room (Per Night),8100,13405,,INR,86,41,2026-06-07
Mizoram,Aizawl,Souvenirs,Local Textile / Shawl,400,820,,INR,76,25,2026-05-21
Mizoram,Aizawl,Souvenirs,Handcrafted Wooden / Clay Mug,210,475,,INR,76,23,2026-05-11
Mizoram,Aizawl,Souvenirs,Brass / Metal Art Piece,1300,3070,,INR,76,83,2026-05-10
Mizoram,Aizawl,Souvenirs,Local Spices / Tea Pack (250g),230,455,,INR,82,23,2026-06-09
Mizoram,Aizawl,Attractions,Historical Monument Entry (Indian Citizen),30,70,30,INR,74,33,2026-05-11
Mizoram,Aizawl,Attractions,Historical Monument Entry (Foreigner),410,425,410,INR,97,9,2026-05-12
Mizoram,Aizawl,Attractions,Museum Entry Ticket,60,115,60,INR,83,57,2026-06-22
Mizoram,Aizawl,Attractions,Palace / Fort Entry Ticket,100,200,100,INR,76,56,2026-05-30
Mizoram,Aizawl,Boat Rides,Shared Boat Ride (30 Mins),75,140,75,INR,79,29,2026-06-11
Mizoram,Aizawl,Boat Rides,Private Chartered Boat Ride (1 Hour),1300,2340,,INR,79,14,2026-06-26
Mizoram,Aizawl,Parking,Two-Wheeler Parking (Per Hour),10,10,10,INR,89,45,2026-06-04
Mizoram,Aizawl,Parking,Four-Wheeler Parking (Per Hour),35,40,35,INR,94,37,2026-05-11
Mizoram,Aizawl,Parking,Tourist Spot All-Day Parking (Car),85,105,85,INR,92,20,2026-05-12
Mizoram,Aizawl,Cafés,Traditional Filter Coffee / Tea,30,45,,INR,89,47,2026-05-20
Mizoram,Aizawl,Cafés,Cappuccino / Latte,80,100,,INR,90,48,2026-05-15
Mizoram,Aizawl,Cafés,Grilled Sandwich,120,190,,INR,82,52,2026-05-25
Mizoram,Aizawl,Street Food,Pani Puri / Golgappa (6 Pcs),25,40,,INR,90,27,2026-05-26
Mizoram,Aizawl,Street Food,Samosa / Vada Pav (Plate),15,20,,INR,87,38,2026-06-24
Mizoram,Aizawl,Street Food,Pav Bhaji / Chaat (Plate),60,100,,INR,88,12,2026-05-12
Mizoram,Aizawl,Street Food,Fresh Fruit Juice / Soda,40,60,,INR,90,35,2026-05-08
Mizoram,Aizawl,Public Facilities,Paid Public Restroom (Toilet),5,5,5,INR,90,38,2026-05-23
Mizoram,Aizawl,Public Facilities,Paid Public Restroom (Bathroom),10,10,10,INR,96,22,2026-05-11
Mizoram,Aizawl,Public Facilities,Purified Drinking Water Refill (20L),15,20,15,INR,93,30,2026-05-06
Mizoram,Aizawl,Cultural Activities,Folk Dance / Puppet Show Ticket,110,130,110,INR,90,38,2026-06-12
Mizoram,Aizawl,Cultural Activities,Sound and Light Show Ticket,75,90,80,INR,91,44,2026-07-01
Mizoram,Aizawl,Rentals,Bicycle Rental (Per Day),50,120,,INR,75,90,2026-06-18
Mizoram,Aizawl,Rentals,Scooter / Activa Rental (Per Day),450,1085,,INR,75,54,2026-06-23
Mizoram,Aizawl,Rentals,Royal Enfield / Cruiser Rental (Per Day),1300,2450,,INR,82,14,2026-06-25
Mizoram,Lunglei,Food,Standard Meals/Thali,120,180,,INR,83,21,2026-07-03
Mizoram,Lunglei,Food,Local Signature Dish,170,215,,INR,94,31,2026-05-20
Mizoram,Lunglei,Food,Breakfast Plate (Dosa/Puri/Poha),70,115,,INR,81,36,2026-05-06
Mizoram,Lunglei,Food,Evening Snack Plate,30,40,,INR,91,19,2026-05-09
Mizoram,Lunglei,Taxi,Airport Transfer (One-way),390,900,390,INR,73,79,2026-05-26
Mizoram,Lunglei,Taxi,Railway Station Pick-up,210,405,220,INR,81,37,2026-06-28
Mizoram,Lunglei,Taxi,Sightseeing Taxi (8 Hours / 80km),1600,3685,1600,INR,73,45,2026-07-03
Mizoram,Lunglei,Auto,Short Auto Ride (Under 3km),40,45,40,INR,89,46,2026-05-28
Mizoram,Lunglei,Auto,Medium Auto Ride (5km),85,100,85,INR,90,15,2026-06-09
Mizoram,Lunglei,Auto,Auto Ride (10km),180,210,180,INR,93,24,2026-06-10
Mizoram,Lunglei,Bus,Local Bus Ticket (Short distance),10,10,10,INR,93,21,2026-06-20
Mizoram,Lunglei,Bus,Local Bus Ticket (Long distance),50,55,50,INR,93,7,2026-05-19
Mizoram,Lunglei,Bus,AC Volvo Intercity Bus (100km),410,440,410,INR,90,19,2026-06-26
Mizoram,Lunglei,Train,Coolie/Porter Service (1 Luggage),110,135,110,INR,90,30,2026-07-02
Mizoram,Lunglei,Train,Station Cloak Room Storage (24 Hours),25,30,25,INR,91,40,2026-07-02
Mizoram,Lunglei,Train,Platform Entry Ticket,10,10,10,INR,93,27,2026-06-14
Mizoram,Lunglei,Hotels,Budget Guest House Room (Per Night),680,985,,INR,89,52,2026-05-26
Mizoram,Lunglei,Hotels,3-Star Midscale Hotel Room (Per Night),2000,3210,,INR,86,8,2026-06-19
Mizoram,Lunglei,Hotels,Luxury / Heritage Resort Room (Per Night),4500,7380,,INR,88,41,2026-05-21
Mizoram,Lunglei,Souvenirs,Local Textile / Shawl,730,1720,,INR,76,82,2026-06-09
Mizoram,Lunglei,Souvenirs,Handcrafted Wooden / Clay Mug,140,300,,INR,81,26,2026-05-24
Mizoram,Lunglei,Souvenirs,Brass / Metal Art Piece,1100,2420,,INR,76,60,2026-06-15
Mizoram,Lunglei,Souvenirs,Local Spices / Tea Pack (250g),150,305,,INR,79,63,2026-05-12
Mizoram,Lunglei,Attractions,Historical Monument Entry (Indian Citizen),40,90,40,INR,77,69,2026-05-30
Mizoram,Lunglei,Attractions,Historical Monument Entry (Foreigner),420,440,435,INR,93,31,2026-05-29
Mizoram,Lunglei,Attractions,Museum Entry Ticket,65,95,65,INR,90,23,2026-06-10
Mizoram,Lunglei,Attractions,Palace / Fort Entry Ticket,75,110,75,INR,86,39,2026-06-11
Mizoram,Lunglei,Boat Rides,Shared Boat Ride (30 Mins),55,135,55,INR,76,86,2026-06-02
Mizoram,Lunglei,Boat Rides,Private Chartered Boat Ride (1 Hour),860,1850,,INR,80,83,2026-06-06
Mizoram,Lunglei,Parking,Two-Wheeler Parking (Per Hour),10,10,10,INR,90,42,2026-05-25
Mizoram,Lunglei,Parking,Four-Wheeler Parking (Per Hour),35,40,35,INR,93,33,2026-06-09
Mizoram,Lunglei,Parking,Tourist Spot All-Day Parking (Car),60,65,60,INR,89,20,2026-05-17
Mizoram,Lunglei,Cafés,Traditional Filter Coffee / Tea,35,55,,INR,84,18,2026-06-10
Mizoram,Lunglei,Cafés,Cappuccino / Latte,120,155,,INR,89,10,2026-05-17
Mizoram,Lunglei,Cafés,Grilled Sandwich,130,195,,INR,84,57,2026-05-11
Mizoram,Lunglei,Street Food,Pani Puri / Golgappa (6 Pcs),30,45,,INR,85,58,2026-05-31
Mizoram,Lunglei,Street Food,Samosa / Vada Pav (Plate),25,35,,INR,93,21,2026-07-01
Mizoram,Lunglei,Street Food,Pav Bhaji / Chaat (Plate),65,80,,INR,91,34,2026-05-13
Mizoram,Lunglei,Street Food,Fresh Fruit Juice / Soda,30,50,,INR,84,16,2026-06-29
Mizoram,Lunglei,Public Facilities,Paid Public Restroom (Toilet),2,0,2,INR,88,27,2026-06-30
Mizoram,Lunglei,Public Facilities,Paid Public Restroom (Bathroom),10,10,10,INR,92,24,2026-06-30
Mizoram,Lunglei,Public Facilities,Purified Drinking Water Refill (20L),15,15,15,INR,95,10,2026-06-01
Mizoram,Lunglei,Cultural Activities,Folk Dance / Puppet Show Ticket,180,210,180,INR,96,41,2026-05-24
Mizoram,Lunglei,Cultural Activities,Sound and Light Show Ticket,90,105,90,INR,88,16,2026-06-27
Mizoram,Lunglei,Rentals,Bicycle Rental (Per Day),55,125,,INR,76,75,2026-06-25
Mizoram,Lunglei,Rentals,Scooter / Activa Rental (Per Day),510,1130,,INR,77,65,2026-05-30
Mizoram,Lunglei,Rentals,Royal Enfield / Cruiser Rental (Per Day),1100,2090,,INR,80,14,2026-05-27
Mizoram,Champhai,Food,Standard Meals/Thali,100,155,,INR,86,31,2026-05-31
Mizoram,Champhai,Food,Local Signature Dish,180,270,,INR,87,18,2026-05-30
Mizoram,Champhai,Food,Breakfast Plate (Dosa/Puri/Poha),55,105,,INR,76,11,2026-06-29
Mizoram,Champhai,Food,Evening Snack Plate,75,160,,INR,78,10,2026-07-01
Mizoram,Champhai,Taxi,Airport Transfer (One-way),990,3645,1020,INR,50,108,2026-05-13
Mizoram,Champhai,Taxi,Railway Station Pick-up,460,1455,460,INR,60,114,2026-06-03
Mizoram,Champhai,Taxi,Sightseeing Taxi (8 Hours / 80km),2400,8065,2400,INR,59,118,2026-06-02
Mizoram,Champhai,Auto,Short Auto Ride (Under 3km),65,85,65,INR,93,40,2026-07-01
Mizoram,Champhai,Auto,Medium Auto Ride (5km),120,160,120,INR,89,12,2026-07-02
Mizoram,Champhai,Auto,Auto Ride (10km),170,225,175,INR,90,6,2026-05-13
Mizoram,Champhai,Bus,Local Bus Ticket (Short distance),15,20,15,INR,94,47,2026-06-05
Mizoram,Champhai,Bus,Local Bus Ticket (Long distance),35,45,35,INR,86,49,2026-05-29
Mizoram,Champhai,Bus,AC Volvo Intercity Bus (100km),540,715,565,INR,90,31,2026-05-31
Mizoram,Champhai,Train,Coolie/Porter Service (1 Luggage),130,165,130,INR,90,43,2026-05-26
Mizoram,Champhai,Train,Station Cloak Room Storage (24 Hours),40,55,40,INR,89,49,2026-07-02
Mizoram,Champhai,Train,Platform Entry Ticket,10,15,10,INR,89,12,2026-05-29
Mizoram,Champhai,Hotels,Budget Guest House Room (Per Night),590,960,,INR,87,38,2026-07-01
Mizoram,Champhai,Hotels,3-Star Midscale Hotel Room (Per Night),2200,3520,,INR,89,18,2026-06-24
Mizoram,Champhai,Hotels,Luxury / Heritage Resort Room (Per Night),11100,19770,,INR,81,65,2026-06-12
Mizoram,Champhai,Souvenirs,Local Textile / Shawl,390,1200,,INR,61,106,2026-05-24
Mizoram,Champhai,Souvenirs,Handcrafted Wooden / Clay Mug,190,500,,INR,66,47,2026-05-25
Mizoram,Champhai,Souvenirs,Brass / Metal Art Piece,1600,5590,,INR,53,38,2026-05-05
Mizoram,Champhai,Souvenirs,Local Spices / Tea Pack (250g),190,490,,INR,70,78,2026-06-21
Mizoram,Champhai,Attractions,Historical Monument Entry (Indian Citizen),30,95,30,INR,59,93,2026-06-23
Mizoram,Champhai,Attractions,Historical Monument Entry (Foreigner),480,520,495,INR,90,9,2026-06-01
Mizoram,Champhai,Attractions,Museum Entry Ticket,15,50,15,INR,57,61,2026-06-07
Mizoram,Champhai,Attractions,Palace / Fort Entry Ticket,80,300,80,INR,53,110,2026-06-13
Mizoram,Champhai,Boat Rides,Shared Boat Ride (30 Mins),110,275,110,INR,73,34,2026-05-25
Mizoram,Champhai,Boat Rides,Private Chartered Boat Ride (1 Hour),960,3470,,INR,56,112,2026-05-20
Mizoram,Champhai,Parking,Two-Wheeler Parking (Per Hour),20,30,20,INR,88,39,2026-06-05
Mizoram,Champhai,Parking,Four-Wheeler Parking (Per Hour),50,60,50,INR,94,13,2026-06-27
Mizoram,Champhai,Parking,Tourist Spot All-Day Parking (Car),100,130,105,INR,94,12,2026-06-17
Mizoram,Champhai,Cafés,Traditional Filter Coffee / Tea,40,80,,INR,82,55,2026-07-02
Mizoram,Champhai,Cafés,Cappuccino / Latte,100,155,,INR,83,26,2026-05-05
Mizoram,Champhai,Cafés,Grilled Sandwich,150,325,,INR,78,80,2026-05-24
Mizoram,Champhai,Street Food,Pani Puri / Golgappa (6 Pcs),45,80,,INR,86,15,2026-05-09
Mizoram,Champhai,Street Food,Samosa / Vada Pav (Plate),25,50,,INR,80,76,2026-05-26
Mizoram,Champhai,Street Food,Pav Bhaji / Chaat (Plate),70,105,,INR,89,26,2026-05-18
Mizoram,Champhai,Street Food,Fresh Fruit Juice / Soda,30,60,,INR,79,41,2026-06-04
Mizoram,Champhai,Public Facilities,Paid Public Restroom (Toilet),5,5,5,INR,91,12,2026-05-17
Mizoram,Champhai,Public Facilities,Paid Public Restroom (Bathroom),15,20,15,INR,88,21,2026-05-10
Mizoram,Champhai,Public Facilities,Purified Drinking Water Refill (20L),10,10,10,INR,90,20,2026-06-29
Mizoram,Champhai,Cultural Activities,Folk Dance / Puppet Show Ticket,250,330,250,INR,88,43,2026-06-12
Mizoram,Champhai,Cultural Activities,Sound and Light Show Ticket,130,170,135,INR,89,13,2026-06-30
Mizoram,Champhai,Rentals,Bicycle Rental (Per Day),60,140,,INR,76,66,2026-05-23
Mizoram,Champhai,Rentals,Scooter / Activa Rental (Per Day),460,1380,,INR,68,110,2026-05-25
Mizoram,Champhai,Rentals,Royal Enfield / Cruiser Rental (Per Day),1100,3375,,INR,65,103,2026-07-01
Nagaland,Kohima,Food,Standard Meals/Thali,120,235,,INR,77,24,2026-06-02
Nagaland,Kohima,Food,Local Signature Dish,180,390,,INR,74,56,2026-07-02
Nagaland,Kohima,Food,Breakfast Plate (Dosa/Puri/Poha),55,95,,INR,86,24,2026-06-19
Nagaland,Kohima,Food,Evening Snack Plate,75,115,,INR,87,13,2026-05-07
Nagaland,Kohima,Taxi,Airport Transfer (One-way),560,1690,590,INR,61,75,2026-06-09
Nagaland,Kohima,Taxi,Railway Station Pick-up,380,1230,380,INR,59,31,2026-05-28
Nagaland,Kohima,Taxi,Sightseeing Taxi (8 Hours / 80km),2100,5060,2100,INR,77,41,2026-06-16
Nagaland,Kohima,Auto,Short Auto Ride (Under 3km),75,100,80,INR,86,37,2026-06-02
Nagaland,Kohima,Auto,Medium Auto Ride (5km),120,160,125,INR,88,36,2026-06-01
Nagaland,Kohima,Auto,Auto Ride (10km),240,315,250,INR,89,50,2026-06-18
Nagaland,Kohima,Bus,Local Bus Ticket (Short distance),25,30,25,INR,91,8,2026-06-10
Nagaland,Kohima,Bus,Local Bus Ticket (Long distance),65,90,65,INR,87,20,2026-05-11
Nagaland,Kohima,Bus,AC Volvo Intercity Bus (100km),350,450,350,INR,89,49,2026-05-14
Nagaland,Kohima,Train,Coolie/Porter Service (1 Luggage),120,160,120,INR,88,34,2026-06-27
Nagaland,Kohima,Train,Station Cloak Room Storage (24 Hours),25,35,25,INR,85,20,2026-06-15
Nagaland,Kohima,Train,Platform Entry Ticket,10,10,10,INR,89,43,2026-06-22
Nagaland,Kohima,Hotels,Budget Guest House Room (Per Night),660,1095,,INR,84,15,2026-06-26
Nagaland,Kohima,Hotels,3-Star Midscale Hotel Room (Per Night),3000,6795,,INR,73,78,2026-06-16
Nagaland,Kohima,Hotels,Luxury / Heritage Resort Room (Per Night),12200,22665,,INR,80,38,2026-05-14
Nagaland,Kohima,Souvenirs,Local Textile / Shawl,370,880,,INR,70,78,2026-05-29
Nagaland,Kohima,Souvenirs,Handcrafted Wooden / Clay Mug,160,385,,INR,73,41,2026-05-15
Nagaland,Kohima,Souvenirs,Brass / Metal Art Piece,810,2025,,INR,72,85,2026-06-18
Nagaland,Kohima,Souvenirs,Local Spices / Tea Pack (250g),120,275,,INR,76,71,2026-06-28
Nagaland,Kohima,Attractions,Historical Monument Entry (Indian Citizen),30,70,30,INR,77,82,2026-06-22
Nagaland,Kohima,Attractions,Historical Monument Entry (Foreigner),680,735,695,INR,92,39,2026-05-30
Nagaland,Kohima,Attractions,Museum Entry Ticket,100,340,105,INR,62,126,2026-07-01
Nagaland,Kohima,Attractions,Palace / Fort Entry Ticket,130,290,135,INR,79,81,2026-06-19
Nagaland,Kohima,Boat Rides,Shared Boat Ride (30 Mins),170,595,170,INR,54,84,2026-05-27
Nagaland,Kohima,Boat Rides,Private Chartered Boat Ride (1 Hour),660,1890,,INR,69,30,2026-06-18
Nagaland,Kohima,Parking,Two-Wheeler Parking (Per Hour),15,20,15,INR,84,39,2026-06-21
Nagaland,Kohima,Parking,Four-Wheeler Parking (Per Hour),45,60,45,INR,89,45,2026-05-22
Nagaland,Kohima,Parking,Tourist Spot All-Day Parking (Car),75,85,80,INR,96,9,2026-06-26
Nagaland,Kohima,Cafés,Traditional Filter Coffee / Tea,20,35,,INR,87,15,2026-06-14
Nagaland,Kohima,Cafés,Cappuccino / Latte,120,245,,INR,76,28,2026-06-23
Nagaland,Kohima,Cafés,Grilled Sandwich,150,330,,INR,73,47,2026-06-11
Nagaland,Kohima,Street Food,Pani Puri / Golgappa (6 Pcs),45,95,,INR,80,27,2026-05-15
Nagaland,Kohima,Street Food,Samosa / Vada Pav (Plate),20,35,,INR,83,61,2026-06-04
Nagaland,Kohima,Street Food,Pav Bhaji / Chaat (Plate),85,155,,INR,82,26,2026-05-12
Nagaland,Kohima,Street Food,Fresh Fruit Juice / Soda,40,80,,INR,84,66,2026-05-13
Nagaland,Kohima,Public Facilities,Paid Public Restroom (Toilet),5,5,5,INR,91,23,2026-06-25
Nagaland,Kohima,Public Facilities,Paid Public Restroom (Bathroom),15,20,15,INR,90,32,2026-05-12
Nagaland,Kohima,Public Facilities,Purified Drinking Water Refill (20L),20,20,20,INR,91,26,2026-05-31
Nagaland,Kohima,Cultural Activities,Folk Dance / Puppet Show Ticket,220,290,220,INR,93,7,2026-06-15
Nagaland,Kohima,Cultural Activities,Sound and Light Show Ticket,65,85,65,INR,91,30,2026-07-02
Nagaland,Kohima,Rentals,Bicycle Rental (Per Day),70,165,,INR,72,88,2026-05-29
Nagaland,Kohima,Rentals,Scooter / Activa Rental (Per Day),530,1890,,INR,54,69,2026-06-19
Nagaland,Kohima,Rentals,Royal Enfield / Cruiser Rental (Per Day),1600,4425,,INR,69,109,2026-05-22
Nagaland,Dimapur,Food,Standard Meals/Thali,140,180,,INR,92,34,2026-05-19
Nagaland,Dimapur,Food,Local Signature Dish,210,325,,INR,90,26,2026-05-07
Nagaland,Dimapur,Food,Breakfast Plate (Dosa/Puri/Poha),45,70,,INR,85,11,2026-06-05
Nagaland,Dimapur,Food,Evening Snack Plate,35,55,,INR,84,43,2026-06-16
Nagaland,Dimapur,Taxi,Airport Transfer (One-way),450,825,450,INR,85,12,2026-06-23
Nagaland,Dimapur,Taxi,Railway Station Pick-up,320,680,330,INR,75,48,2026-06-07
Nagaland,Dimapur,Taxi,Sightseeing Taxi (8 Hours / 80km),1700,3535,1745,INR,79,23,2026-05-07
Nagaland,Dimapur,Auto,Short Auto Ride (Under 3km),45,55,45,INR,94,9,2026-06-17
Nagaland,Dimapur,Auto,Medium Auto Ride (5km),85,100,90,INR,89,10,2026-06-19
Nagaland,Dimapur,Auto,Auto Ride (10km),130,150,130,INR,94,40,2026-06-16
Nagaland,Dimapur,Bus,Local Bus Ticket (Short distance),20,25,20,INR,94,24,2026-05-29
Nagaland,Dimapur,Bus,Local Bus Ticket (Long distance),40,45,40,INR,91,43,2026-06-21
Nagaland,Dimapur,Bus,AC Volvo Intercity Bus (100km),380,465,385,INR,88,11,2026-05-07
Nagaland,Dimapur,Train,Coolie/Porter Service (1 Luggage),120,150,120,INR,91,6,2026-06-20
Nagaland,Dimapur,Train,Station Cloak Room Storage (24 Hours),30,35,30,INR,90,22,2026-05-25
Nagaland,Dimapur,Train,Platform Entry Ticket,10,10,10,INR,97,6,2026-05-27
Nagaland,Dimapur,Hotels,Budget Guest House Room (Per Night),940,1355,,INR,91,12,2026-05-11
Nagaland,Dimapur,Hotels,3-Star Midscale Hotel Room (Per Night),2700,3865,,INR,91,12,2026-06-05
Nagaland,Dimapur,Hotels,Luxury / Heritage Resort Room (Per Night),9300,14080,,INR,84,9,2026-07-01
Nagaland,Dimapur,Souvenirs,Local Textile / Shawl,840,1895,,INR,72,80,2026-06-13
Nagaland,Dimapur,Souvenirs,Handcrafted Wooden / Clay Mug,160,280,,INR,83,42,2026-06-07
Nagaland,Dimapur,Souvenirs,Brass / Metal Art Piece,980,1785,,INR,79,19,2026-05-07
Nagaland,Dimapur,Souvenirs,Local Spices / Tea Pack (250g),150,360,,INR,75,22,2026-05-07
Nagaland,Dimapur,Attractions,Historical Monument Entry (Indian Citizen),20,30,20,INR,82,38,2026-06-29
Nagaland,Dimapur,Attractions,Historical Monument Entry (Foreigner),340,355,345,INR,90,31,2026-06-28
Nagaland,Dimapur,Attractions,Museum Entry Ticket,55,105,55,INR,77,27,2026-05-15
Nagaland,Dimapur,Attractions,Palace / Fort Entry Ticket,180,305,180,INR,88,45,2026-05-12
Nagaland,Dimapur,Boat Rides,Shared Boat Ride (30 Mins),80,155,80,INR,81,76,2026-05-05
Nagaland,Dimapur,Boat Rides,Private Chartered Boat Ride (1 Hour),1200,2400,,INR,81,53,2026-06-14
Nagaland,Dimapur,Parking,Two-Wheeler Parking (Per Hour),10,10,10,INR,97,44,2026-06-01
Nagaland,Dimapur,Parking,Four-Wheeler Parking (Per Hour),25,30,25,INR,90,25,2026-05-29
Nagaland,Dimapur,Parking,Tourist Spot All-Day Parking (Car),55,60,55,INR,93,26,2026-05-14
Nagaland,Dimapur,Cafés,Traditional Filter Coffee / Tea,15,25,,INR,81,55,2026-06-21
Nagaland,Dimapur,Cafés,Cappuccino / Latte,100,155,,INR,90,22,2026-05-10
Nagaland,Dimapur,Cafés,Grilled Sandwich,110,145,,INR,93,41,2026-05-30
Nagaland,Dimapur,Street Food,Pani Puri / Golgappa (6 Pcs),25,35,,INR,93,26,2026-05-07
Nagaland,Dimapur,Street Food,Samosa / Vada Pav (Plate),25,40,,INR,84,44,2026-05-16
Nagaland,Dimapur,Street Food,Pav Bhaji / Chaat (Plate),70,95,,INR,91,49,2026-05-06
Nagaland,Dimapur,Street Food,Fresh Fruit Juice / Soda,30,45,,INR,84,37,2026-06-21
Nagaland,Dimapur,Public Facilities,Paid Public Restroom (Toilet),2,0,2,INR,96,28,2026-05-12
Nagaland,Dimapur,Public Facilities,Paid Public Restroom (Bathroom),10,10,10,INR,90,23,2026-06-13
Nagaland,Dimapur,Public Facilities,Purified Drinking Water Refill (20L),10,10,10,INR,95,37,2026-06-13
Nagaland,Dimapur,Cultural Activities,Folk Dance / Puppet Show Ticket,240,280,240,INR,90,8,2026-05-11
Nagaland,Dimapur,Cultural Activities,Sound and Light Show Ticket,85,100,85,INR,90,23,2026-05-15
Nagaland,Dimapur,Rentals,Bicycle Rental (Per Day),70,145,,INR,81,71,2026-05-24
Nagaland,Dimapur,Rentals,Scooter / Activa Rental (Per Day),450,945,,INR,78,31,2026-05-06
Nagaland,Dimapur,Rentals,Royal Enfield / Cruiser Rental (Per Day),1000,2400,,INR,76,38,2026-05-16
Nagaland,Mokokchung,Food,Standard Meals/Thali,160,335,,INR,80,71,2026-05-09
Nagaland,Mokokchung,Food,Local Signature Dish,260,595,,INR,74,25,2026-06-29
Nagaland,Mokokchung,Food,Breakfast Plate (Dosa/Puri/Poha),100,155,,INR,89,56,2026-06-04
Nagaland,Mokokchung,Food,Evening Snack Plate,60,110,,INR,83,38,2026-05-21
Nagaland,Mokokchung,Taxi,Airport Transfer (One-way),570,1620,570,INR,64,94,2026-05-19
Nagaland,Mokokchung,Taxi,Railway Station Pick-up,260,605,260,INR,77,71,2026-05-22
Nagaland,Mokokchung,Taxi,Sightseeing Taxi (8 Hours / 80km),2900,10445,2900,INR,54,34,2026-06-02
Nagaland,Mokokchung,Auto,Short Auto Ride (Under 3km),55,75,55,INR,92,8,2026-05-18
Nagaland,Mokokchung,Auto,Medium Auto Ride (5km),80,105,80,INR,87,20,2026-05-08
Nagaland,Mokokchung,Auto,Auto Ride (10km),200,265,200,INR,90,39,2026-06-17
Nagaland,Mokokchung,Bus,Local Bus Ticket (Short distance),20,25,20,INR,91,18,2026-06-14
Nagaland,Mokokchung,Bus,Local Bus Ticket (Long distance),40,60,40,INR,87,10,2026-05-31
Nagaland,Mokokchung,Bus,AC Volvo Intercity Bus (100km),470,605,495,INR,87,8,2026-05-08
Nagaland,Mokokchung,Train,Coolie/Porter Service (1 Luggage),100,140,100,INR,88,8,2026-05-24
Nagaland,Mokokchung,Train,Station Cloak Room Storage (24 Hours),35,40,35,INR,92,20,2026-05-05
Nagaland,Mokokchung,Train,Platform Entry Ticket,10,15,10,INR,90,13,2026-05-17
Nagaland,Mokokchung,Hotels,Budget Guest House Room (Per Night),980,1760,,INR,83,43,2026-06-22
Nagaland,Mokokchung,Hotels,3-Star Midscale Hotel Room (Per Night),3700,7200,,INR,82,52,2026-06-09
Nagaland,Mokokchung,Hotels,Luxury / Heritage Resort Room (Per Night),7000,10620,,INR,89,46,2026-06-06
Nagaland,Mokokchung,Souvenirs,Local Textile / Shawl,450,1175,,INR,71,77,2026-06-18
Nagaland,Mokokchung,Souvenirs,Handcrafted Wooden / Clay Mug,230,655,,INR,64,63,2026-05-30
Nagaland,Mokokchung,Souvenirs,Brass / Metal Art Piece,1300,3415,,INR,70,66,2026-05-18
Nagaland,Mokokchung,Souvenirs,Local Spices / Tea Pack (250g),120,310,,INR,70,52,2026-06-25
Nagaland,Mokokchung,Attractions,Historical Monument Entry (Indian Citizen),30,115,30,INR,50,96,2026-06-05
Nagaland,Mokokchung,Attractions,Historical Monument Entry (Foreigner),690,745,710,INR,90,28,2026-07-02
Nagaland,Mokokchung,Attractions,Museum Entry Ticket,70,225,70,INR,60,21,2026-06-18
Nagaland,Mokokchung,Attractions,Palace / Fort Entry Ticket,200,785,205,INR,50,50,2026-06-20
Nagaland,Mokokchung,Boat Rides,Shared Boat Ride (30 Mins),150,410,150,INR,70,55,2026-06-25
Nagaland,Mokokchung,Boat Rides,Private Chartered Boat Ride (1 Hour),810,2170,,INR,68,31,2026-05-22
Nagaland,Mokokchung,Parking,Two-Wheeler Parking (Per Hour),15,20,15,INR,91,8,2026-05-16
Nagaland,Mokokchung,Parking,Four-Wheeler Parking (Per Hour),25,30,25,INR,89,37,2026-06-21
Nagaland,Mokokchung,Parking,Tourist Spot All-Day Parking (Car),55,65,55,INR,94,30,2026-07-01
Nagaland,Mokokchung,Cafés,Traditional Filter Coffee / Tea,45,70,,INR,83,28,2026-06-03
Nagaland,Mokokchung,Cafés,Cappuccino / Latte,200,360,,INR,84,44,2026-06-04
Nagaland,Mokokchung,Cafés,Grilled Sandwich,110,250,,INR,74,23,2026-05-10
Nagaland,Mokokchung,Street Food,Pani Puri / Golgappa (6 Pcs),35,65,,INR,79,40,2026-06-17
Nagaland,Mokokchung,Street Food,Samosa / Vada Pav (Plate),20,40,,INR,79,63,2026-05-10
Nagaland,Mokokchung,Street Food,Pav Bhaji / Chaat (Plate),70,110,,INR,84,17,2026-06-12
Nagaland,Mokokchung,Street Food,Fresh Fruit Juice / Soda,30,70,,INR,74,73,2026-06-29
Nagaland,Mokokchung,Public Facilities,Paid Public Restroom (Toilet),2,5,2,INR,93,12,2026-05-09
Nagaland,Mokokchung,Public Facilities,Paid Public Restroom (Bathroom),15,20,15,INR,92,51,2026-05-25
Nagaland,Mokokchung,Public Facilities,Purified Drinking Water Refill (20L),20,20,20,INR,91,7,2026-06-12
Nagaland,Mokokchung,Cultural Activities,Folk Dance / Puppet Show Ticket,150,200,155,INR,87,18,2026-05-18
Nagaland,Mokokchung,Cultural Activities,Sound and Light Show Ticket,100,130,105,INR,88,36,2026-05-14
Nagaland,Mokokchung,Rentals,Bicycle Rental (Per Day),90,240,,INR,68,15,2026-06-08
Nagaland,Mokokchung,Rentals,Scooter / Activa Rental (Per Day),610,2205,,INR,57,132,2026-05-08
Nagaland,Mokokchung,Rentals,Royal Enfield / Cruiser Rental (Per Day),1500,5445,,INR,56,119,2026-05-09
Nagaland,Dzükou Valley,Food,Standard Meals/Thali,140,285,,INR,79,74,2026-05-17
Nagaland,Dzükou Valley,Food,Local Signature Dish,240,525,,INR,74,12,2026-06-03
Nagaland,Dzükou Valley,Food,Breakfast Plate (Dosa/Puri/Poha),70,135,,INR,80,19,2026-06-04
Nagaland,Dzükou Valley,Food,Evening Snack Plate,75,145,,INR,78,63,2026-05-07
Nagaland,Dzükou Valley,Taxi,Airport Transfer (One-way),640,2300,640,INR,54,67,2026-05-07
Nagaland,Dzükou Valley,Taxi,Railway Station Pick-up,500,1520,500,INR,66,23,2026-05-14
Nagaland,Dzükou Valley,Taxi,Sightseeing Taxi (8 Hours / 80km),2900,8870,2900,INR,62,58,2026-06-06
Nagaland,Dzükou Valley,Auto,Short Auto Ride (Under 3km),55,75,55,INR,87,35,2026-06-22
Nagaland,Dzükou Valley,Auto,Medium Auto Ride (5km),130,170,130,INR,90,40,2026-05-08
Nagaland,Dzükou Valley,Auto,Auto Ride (10km),180,240,180,INR,91,47,2026-05-13
Nagaland,Dzükou Valley,Bus,Local Bus Ticket (Short distance),25,35,25,INR,92,35,2026-06-12
Nagaland,Dzükou Valley,Bus,Local Bus Ticket (Long distance),60,85,60,INR,88,56,2026-05-05
Nagaland,Dzükou Valley,Bus,AC Volvo Intercity Bus (100km),400,555,400,INR,87,34,2026-06-06
Nagaland,Dzükou Valley,Train,Coolie/Porter Service (1 Luggage),110,135,115,INR,88,30,2026-06-30
Nagaland,Dzükou Valley,Train,Station Cloak Room Storage (24 Hours),25,35,25,INR,91,51,2026-06-27
Nagaland,Dzükou Valley,Train,Platform Entry Ticket,10,10,10,INR,89,26,2026-06-25
Nagaland,Dzükou Valley,Hotels,Budget Guest House Room (Per Night),1100,1900,,INR,80,68,2026-05-07
Nagaland,Dzükou Valley,Hotels,3-Star Midscale Hotel Room (Per Night),2800,4630,,INR,87,25,2026-06-26
Nagaland,Dzükou Valley,Hotels,Luxury / Heritage Resort Room (Per Night),11400,19265,,INR,86,36,2026-05-30
Nagaland,Dzükou Valley,Souvenirs,Local Textile / Shawl,950,2630,,INR,72,43,2026-05-23
Nagaland,Dzükou Valley,Souvenirs,Handcrafted Wooden / Clay Mug,200,695,,INR,58,77,2026-06-22
Nagaland,Dzükou Valley,Souvenirs,Brass / Metal Art Piece,1300,2965,,INR,73,53,2026-06-14
Nagaland,Dzükou Valley,Souvenirs,Local Spices / Tea Pack (250g),260,825,,INR,58,113,2026-05-23
Nagaland,Dzükou Valley,Attractions,Historical Monument Entry (Indian Citizen),55,185,55,INR,60,82,2026-06-30
Nagaland,Dzükou Valley,Attractions,Historical Monument Entry (Foreigner),590,635,590,INR,94,41,2026-06-22
Nagaland,Dzükou Valley,Attractions,Museum Entry Ticket,30,115,30,INR,53,19,2026-06-29
Nagaland,Dzükou Valley,Attractions,Palace / Fort Entry Ticket,220,700,225,INR,60,123,2026-05-27
Nagaland,Dzükou Valley,Boat Rides,Shared Boat Ride (30 Mins),100,255,100,INR,74,72,2026-05-10
Nagaland,Dzükou Valley,Boat Rides,Private Chartered Boat Ride (1 Hour),830,1915,,INR,73,44,2026-05-12
Nagaland,Dzükou Valley,Parking,Two-Wheeler Parking (Per Hour),15,20,15,INR,93,15,2026-07-01
Nagaland,Dzükou Valley,Parking,Four-Wheeler Parking (Per Hour),25,25,25,INR,90,10,2026-06-22
Nagaland,Dzükou Valley,Parking,Tourist Spot All-Day Parking (Car),110,125,115,INR,93,8,2026-05-11
Nagaland,Dzükou Valley,Cafés,Traditional Filter Coffee / Tea,45,75,,INR,80,32,2026-05-17
Nagaland,Dzükou Valley,Cafés,Cappuccino / Latte,130,290,,INR,77,85,2026-05-06
Nagaland,Dzükou Valley,Cafés,Grilled Sandwich,110,195,,INR,87,27,2026-06-03
Nagaland,Dzükou Valley,Street Food,Pani Puri / Golgappa (6 Pcs),40,85,,INR,80,53,2026-06-07
Nagaland,Dzükou Valley,Street Food,Samosa / Vada Pav (Plate),20,35,,INR,80,33,2026-05-26
Nagaland,Dzükou Valley,Street Food,Pav Bhaji / Chaat (Plate),70,125,,INR,83,18,2026-05-28
Nagaland,Dzükou Valley,Street Food,Fresh Fruit Juice / Soda,55,115,,INR,79,64,2026-05-19
Nagaland,Dzükou Valley,Public Facilities,Paid Public Restroom (Toilet),5,5,5,INR,91,53,2026-06-07
Nagaland,Dzükou Valley,Public Facilities,Paid Public Restroom (Bathroom),10,10,10,INR,94,29,2026-06-21
Nagaland,Dzükou Valley,Public Facilities,Purified Drinking Water Refill (20L),10,15,10,INR,89,26,2026-06-20
Nagaland,Dzükou Valley,Cultural Activities,Folk Dance / Puppet Show Ticket,290,385,290,INR,89,49,2026-06-24
Nagaland,Dzükou Valley,Cultural Activities,Sound and Light Show Ticket,65,85,70,INR,93,22,2026-06-28
Nagaland,Dzükou Valley,Rentals,Bicycle Rental (Per Day),65,200,,INR,63,110,2026-05-25
Nagaland,Dzükou Valley,Rentals,Scooter / Activa Rental (Per Day),680,1835,,INR,70,88,2026-06-24
Nagaland,Dzükou Valley,Rentals,Royal Enfield / Cruiser Rental (Per Day),1300,4615,,INR,56,18,2026-06-11
Odisha,Bhubaneswar,Food,Standard Meals/Thali,160,250,,INR,88,42,2026-05-06
Odisha,Bhubaneswar,Food,Local Signature Dish,95,120,,INR,89,12,2026-05-24
Odisha,Bhubaneswar,Food,Breakfast Plate (Dosa/Puri/Poha),65,95,,INR,84,32,2026-06-24
Odisha,Bhubaneswar,Food,Evening Snack Plate,45,65,,INR,91,52,2026-05-14
Odisha,Bhubaneswar,Taxi,Airport Transfer (One-way),750,1755,780,INR,72,61,2026-06-13
Odisha,Bhubaneswar,Taxi,Railway Station Pick-up,250,510,250,INR,80,36,2026-05-17
Odisha,Bhubaneswar,Taxi,Sightseeing Taxi (8 Hours / 80km),2400,4435,2475,INR,84,43,2026-05-17
Odisha,Bhubaneswar,Auto,Short Auto Ride (Under 3km),60,70,60,INR,91,26,2026-05-13
Odisha,Bhubaneswar,Auto,Medium Auto Ride (5km),80,95,80,INR,94,10,2026-06-24
Odisha,Bhubaneswar,Auto,Auto Ride (10km),170,200,175,INR,93,16,2026-05-30
Odisha,Bhubaneswar,Bus,Local Bus Ticket (Short distance),20,20,20,INR,96,29,2026-06-25
Odisha,Bhubaneswar,Bus,Local Bus Ticket (Long distance),25,30,25,INR,95,10,2026-06-11
Odisha,Bhubaneswar,Bus,AC Volvo Intercity Bus (100km),340,425,355,INR,88,35,2026-05-13
Odisha,Bhubaneswar,Train,Coolie/Porter Service (1 Luggage),120,135,120,INR,94,34,2026-06-29
Odisha,Bhubaneswar,Train,Station Cloak Room Storage (24 Hours),30,35,30,INR,91,41,2026-06-16
Odisha,Bhubaneswar,Train,Platform Entry Ticket,10,10,10,INR,93,9,2026-06-04
Odisha,Bhubaneswar,Hotels,Budget Guest House Room (Per Night),870,1175,,INR,88,17,2026-06-29
Odisha,Bhubaneswar,Hotels,3-Star Midscale Hotel Room (Per Night),2700,3955,,INR,87,47,2026-05-11
Odisha,Bhubaneswar,Hotels,Luxury / Heritage Resort Room (Per Night),6300,9005,,INR,87,52,2026-07-02
Odisha,Bhubaneswar,Souvenirs,Local Textile / Shawl,370,825,,INR,79,84,2026-06-07
Odisha,Bhubaneswar,Souvenirs,Handcrafted Wooden / Clay Mug,110,200,,INR,83,14,2026-05-18
Odisha,Bhubaneswar,Souvenirs,Brass / Metal Art Piece,790,1785,,INR,72,52,2026-05-20
Odisha,Bhubaneswar,Souvenirs,Local Spices / Tea Pack (250g),220,505,,INR,75,30,2026-06-23
Odisha,Bhubaneswar,Attractions,Historical Monument Entry (Indian Citizen),25,40,25,INR,85,32,2026-07-03
Odisha,Bhubaneswar,Attractions,Historical Monument Entry (Foreigner),520,540,520,INR,92,11,2026-07-03
Odisha,Bhubaneswar,Attractions,Museum Entry Ticket,45,90,45,INR,77,32,2026-06-03
Odisha,Bhubaneswar,Attractions,Palace / Fort Entry Ticket,55,130,55,INR,71,33,2026-06-29
Odisha,Bhubaneswar,Boat Rides,Shared Boat Ride (30 Mins),60,115,60,INR,83,30,2026-05-14
Odisha,Bhubaneswar,Boat Rides,Private Chartered Boat Ride (1 Hour),1200,2155,,INR,84,12,2026-05-26
Odisha,Bhubaneswar,Parking,Two-Wheeler Parking (Per Hour),15,15,15,INR,91,16,2026-05-10
Odisha,Bhubaneswar,Parking,Four-Wheeler Parking (Per Hour),45,50,45,INR,95,36,2026-06-06
Odisha,Bhubaneswar,Parking,Tourist Spot All-Day Parking (Car),65,70,65,INR,92,15,2026-05-23
Odisha,Bhubaneswar,Cafés,Traditional Filter Coffee / Tea,20,35,,INR,82,15,2026-05-24
Odisha,Bhubaneswar,Cafés,Cappuccino / Latte,95,135,,INR,92,49,2026-05-15
Odisha,Bhubaneswar,Cafés,Grilled Sandwich,95,140,,INR,89,23,2026-07-02
Odisha,Bhubaneswar,Street Food,Pani Puri / Golgappa (6 Pcs),20,30,,INR,87,41,2026-05-14
Odisha,Bhubaneswar,Street Food,Samosa / Vada Pav (Plate),15,20,,INR,92,23,2026-06-26
Odisha,Bhubaneswar,Street Food,Pav Bhaji / Chaat (Plate),40,60,,INR,87,24,2026-07-03
Odisha,Bhubaneswar,Street Food,Fresh Fruit Juice / Soda,35,50,,INR,88,43,2026-07-03
Odisha,Bhubaneswar,Public Facilities,Paid Public Restroom (Toilet),5,5,5,INR,89,22,2026-05-19
Odisha,Bhubaneswar,Public Facilities,Paid Public Restroom (Bathroom),10,10,10,INR,94,13,2026-05-22
Odisha,Bhubaneswar,Public Facilities,Purified Drinking Water Refill (20L),15,15,15,INR,93,32,2026-06-06
Odisha,Bhubaneswar,Cultural Activities,Folk Dance / Puppet Show Ticket,160,185,160,INR,92,30,2026-06-02
Odisha,Bhubaneswar,Cultural Activities,Sound and Light Show Ticket,85,100,85,INR,92,39,2026-05-18
Odisha,Bhubaneswar,Rentals,Bicycle Rental (Per Day),55,120,,INR,75,85,2026-05-23
Odisha,Bhubaneswar,Rentals,Scooter / Activa Rental (Per Day),420,905,,INR,77,46,2026-05-25
Odisha,Bhubaneswar,Rentals,Royal Enfield / Cruiser Rental (Per Day),1200,2015,,INR,85,37,2026-06-17
Odisha,Puri,Food,Standard Meals/Thali,200,450,,INR,73,36,2026-07-01
Odisha,Puri,Food,Local Signature Dish,230,510,,INR,77,65,2026-06-01
Odisha,Puri,Food,Breakfast Plate (Dosa/Puri/Poha),55,105,,INR,80,77,2026-06-27
Odisha,Puri,Food,Evening Snack Plate,70,120,,INR,84,19,2026-06-29
Odisha,Puri,Taxi,Airport Transfer (One-way),490,1810,490,INR,50,61,2026-05-27
Odisha,Puri,Taxi,Railway Station Pick-up,370,865,380,INR,76,15,2026-06-03
Odisha,Puri,Taxi,Sightseeing Taxi (8 Hours / 80km),2500,8350,2505,INR,61,101,2026-06-03
Odisha,Puri,Auto,Short Auto Ride (Under 3km),45,60,45,INR,93,21,2026-06-04
Odisha,Puri,Auto,Medium Auto Ride (5km),110,145,110,INR,88,49,2026-06-24
Odisha,Puri,Auto,Auto Ride (10km),220,290,220,INR,89,9,2026-06-09
Odisha,Puri,Bus,Local Bus Ticket (Short distance),20,25,20,INR,94,9,2026-05-19
Odisha,Puri,Bus,Local Bus Ticket (Long distance),65,85,65,INR,89,16,2026-06-20
Odisha,Puri,Bus,AC Volvo Intercity Bus (100km),300,400,305,INR,87,46,2026-07-01
Odisha,Puri,Train,Coolie/Porter Service (1 Luggage),130,145,130,INR,94,29,2026-06-29
Odisha,Puri,Train,Station Cloak Room Storage (24 Hours),30,40,30,INR,86,31,2026-06-20
Odisha,Puri,Train,Platform Entry Ticket,10,15,10,INR,85,51,2026-06-01
Odisha,Puri,Hotels,Budget Guest House Room (Per Night),1000,1850,,INR,81,12,2026-05-23
Odisha,Puri,Hotels,3-Star Midscale Hotel Room (Per Night),3200,5190,,INR,85,52,2026-05-20
Odisha,Puri,Hotels,Luxury / Heritage Resort Room (Per Night),11300,21480,,INR,82,69,2026-05-12
Odisha,Puri,Souvenirs,Local Textile / Shawl,1200,3195,,INR,72,75,2026-06-23
Odisha,Puri,Souvenirs,Handcrafted Wooden / Clay Mug,150,450,,INR,64,58,2026-06-12
Odisha,Puri,Souvenirs,Brass / Metal Art Piece,570,1395,,INR,74,88,2026-05-24
Odisha,Puri,Souvenirs,Local Spices / Tea Pack (250g),230,830,,INR,57,22,2026-06-07
Odisha,Puri,Attractions,Historical Monument Entry (Indian Citizen),50,120,50,INR,70,88,2026-06-03
Odisha,Puri,Attractions,Historical Monument Entry (Foreigner),610,660,610,INR,95,19,2026-07-01
Odisha,Puri,Attractions,Museum Entry Ticket,75,305,75,INR,50,23,2026-06-28
Odisha,Puri,Attractions,Palace / Fort Entry Ticket,230,840,230,INR,51,97,2026-05-29
Odisha,Puri,Boat Rides,Shared Boat Ride (30 Mins),130,335,130,INR,72,57,2026-06-27
Odisha,Puri,Boat Rides,Private Chartered Boat Ride (1 Hour),1500,4640,,INR,65,68,2026-05-27
Odisha,Puri,Parking,Two-Wheeler Parking (Per Hour),15,15,15,INR,90,13,2026-05-21
Odisha,Puri,Parking,Four-Wheeler Parking (Per Hour),35,50,35,INR,85,43,2026-05-07
Odisha,Puri,Parking,Tourist Spot All-Day Parking (Car),75,95,80,INR,92,48,2026-06-04
Odisha,Puri,Cafés,Traditional Filter Coffee / Tea,15,25,,INR,84,40,2026-06-07
Odisha,Puri,Cafés,Cappuccino / Latte,180,280,,INR,84,44,2026-06-17
Odisha,Puri,Cafés,Grilled Sandwich,140,280,,INR,77,17,2026-05-09
Odisha,Puri,Street Food,Pani Puri / Golgappa (6 Pcs),25,50,,INR,79,47,2026-05-18
Odisha,Puri,Street Food,Samosa / Vada Pav (Plate),25,40,,INR,82,26,2026-05-06
Odisha,Puri,Street Food,Pav Bhaji / Chaat (Plate),70,135,,INR,82,52,2026-05-24
Odisha,Puri,Street Food,Fresh Fruit Juice / Soda,55,120,,INR,74,15,2026-06-21
Odisha,Puri,Public Facilities,Paid Public Restroom (Toilet),5,5,5,INR,87,10,2026-05-16
Odisha,Puri,Public Facilities,Paid Public Restroom (Bathroom),15,20,15,INR,94,24,2026-05-09
Odisha,Puri,Public Facilities,Purified Drinking Water Refill (20L),20,25,20,INR,93,25,2026-06-11
Odisha,Puri,Cultural Activities,Folk Dance / Puppet Show Ticket,230,305,230,INR,92,17,2026-05-15
Odisha,Puri,Cultural Activities,Sound and Light Show Ticket,95,125,100,INR,91,32,2026-06-16
Odisha,Puri,Rentals,Bicycle Rental (Per Day),85,285,,INR,63,39,2026-06-24
Odisha,Puri,Rentals,Scooter / Activa Rental (Per Day),670,2080,,INR,65,19,2026-05-24
Odisha,Puri,Rentals,Royal Enfield / Cruiser Rental (Per Day),1200,4320,,INR,54,86,2026-06-20
Odisha,Konark,Food,Standard Meals/Thali,120,185,,INR,83,48,2026-05-10
Odisha,Konark,Food,Local Signature Dish,150,265,,INR,85,34,2026-05-22
Odisha,Konark,Food,Breakfast Plate (Dosa/Puri/Poha),80,170,,INR,79,39,2026-06-07
Odisha,Konark,Food,Evening Snack Plate,40,75,,INR,81,47,2026-05-14
Odisha,Konark,Taxi,Airport Transfer (One-way),960,2770,985,INR,63,33,2026-05-26
Odisha,Konark,Taxi,Railway Station Pick-up,270,685,280,INR,69,63,2026-05-16
Odisha,Konark,Taxi,Sightseeing Taxi (8 Hours / 80km),2500,6550,2500,INR,71,83,2026-05-07
Odisha,Konark,Auto,Short Auto Ride (Under 3km),75,100,75,INR,91,6,2026-06-07
Odisha,Konark,Auto,Medium Auto Ride (5km),110,145,115,INR,87,36,2026-06-12
Odisha,Konark,Auto,Auto Ride (10km),170,225,170,INR,88,49,2026-06-04
Odisha,Konark,Bus,Local Bus Ticket (Short distance),25,30,25,INR,89,31,2026-06-12
Odisha,Konark,Bus,Local Bus Ticket (Long distance),40,50,40,INR,86,15,2026-07-03
Odisha,Konark,Bus,AC Volvo Intercity Bus (100km),550,690,565,INR,92,23,2026-06-16
Odisha,Konark,Train,Coolie/Porter Service (1 Luggage),130,180,135,INR,92,17,2026-05-26
Odisha,Konark,Train,Station Cloak Room Storage (24 Hours),35,50,35,INR,90,51,2026-05-17
Odisha,Konark,Train,Platform Entry Ticket,10,10,10,INR,93,39,2026-07-03
Odisha,Konark,Hotels,Budget Guest House Room (Per Night),910,1655,,INR,79,28,2026-06-25
Odisha,Konark,Hotels,3-Star Midscale Hotel Room (Per Night),2100,3305,,INR,90,20,2026-05-17
Odisha,Konark,Hotels,Luxury / Heritage Resort Room (Per Night),11200,18670,,INR,85,30,2026-06-20
Odisha,Konark,Souvenirs,Local Textile / Shawl,1300,4520,,INR,58,18,2026-06-21
Odisha,Konark,Souvenirs,Handcrafted Wooden / Clay Mug,280,815,,INR,69,92,2026-06-25
Odisha,Konark,Souvenirs,Brass / Metal Art Piece,970,2925,,INR,68,97,2026-06-13
Odisha,Konark,Souvenirs,Local Spices / Tea Pack (250g),270,915,,INR,56,120,2026-06-14
Odisha,Konark,Attractions,Historical Monument Entry (Indian Citizen),50,205,50,INR,50,56,2026-06-13
Odisha,Konark,Attractions,Historical Monument Entry (Foreigner),470,510,485,INR,96,24,2026-06-16
Odisha,Konark,Attractions,Museum Entry Ticket,60,215,60,INR,54,41,2026-05-29
Odisha,Konark,Attractions,Palace / Fort Entry Ticket,100,245,105,INR,76,20,2026-05-09
Odisha,Konark,Boat Rides,Shared Boat Ride (30 Mins),110,320,110,INR,66,75,2026-06-16
Odisha,Konark,Boat Rides,Private Chartered Boat Ride (1 Hour),740,1830,,INR,74,54,2026-05-18
Odisha,Konark,Parking,Two-Wheeler Parking (Per Hour),20,25,20,INR,91,31,2026-05-15
Odisha,Konark,Parking,Four-Wheeler Parking (Per Hour),30,35,30,INR,90,43,2026-06-16
Odisha,Konark,Parking,Tourist Spot All-Day Parking (Car),60,80,60,INR,86,19,2026-06-10
Odisha,Konark,Cafés,Traditional Filter Coffee / Tea,40,80,,INR,76,25,2026-06-03
Odisha,Konark,Cafés,Cappuccino / Latte,120,185,,INR,88,55,2026-05-24
Odisha,Konark,Cafés,Grilled Sandwich,150,265,,INR,79,37,2026-06-30
Odisha,Konark,Street Food,Pani Puri / Golgappa (6 Pcs),45,95,,INR,78,23,2026-05-31
Odisha,Konark,Street Food,Samosa / Vada Pav (Plate),35,80,,INR,77,28,2026-06-24
Odisha,Konark,Street Food,Pav Bhaji / Chaat (Plate),90,205,,INR,77,16,2026-06-04
Odisha,Konark,Street Food,Fresh Fruit Juice / Soda,50,115,,INR,74,19,2026-06-27
Odisha,Konark,Public Facilities,Paid Public Restroom (Toilet),2,5,2,INR,87,13,2026-06-26
Odisha,Konark,Public Facilities,Paid Public Restroom (Bathroom),10,15,10,INR,93,45,2026-05-15
Odisha,Konark,Public Facilities,Purified Drinking Water Refill (20L),10,15,10,INR,90,15,2026-06-10
Odisha,Konark,Cultural Activities,Folk Dance / Puppet Show Ticket,190,250,190,INR,89,18,2026-06-02
Odisha,Konark,Cultural Activities,Sound and Light Show Ticket,130,170,130,INR,90,29,2026-06-29
Odisha,Konark,Rentals,Bicycle Rental (Per Day),75,245,,INR,60,125,2026-05-23
Odisha,Konark,Rentals,Scooter / Activa Rental (Per Day),410,1295,,INR,65,42,2026-06-14
Odisha,Konark,Rentals,Royal Enfield / Cruiser Rental (Per Day),1300,4740,,INR,53,53,2026-05-10
Odisha,Cuttack,Food,Standard Meals/Thali,130,200,,INR,85,54,2026-06-23
Odisha,Cuttack,Food,Local Signature Dish,160,200,,INR,92,13,2026-06-06
Odisha,Cuttack,Food,Breakfast Plate (Dosa/Puri/Poha),60,90,,INR,91,10,2026-05-16
Odisha,Cuttack,Food,Evening Snack Plate,35,50,,INR,91,46,2026-05-13
Odisha,Cuttack,Taxi,Airport Transfer (One-way),500,1185,515,INR,78,67,2026-07-03
Odisha,Cuttack,Taxi,Railway Station Pick-up,360,755,365,INR,79,15,2026-06-15
Odisha,Cuttack,Taxi,Sightseeing Taxi (8 Hours / 80km),1700,2920,1700,INR,88,36,2026-06-24
Odisha,Cuttack,Auto,Short Auto Ride (Under 3km),55,65,55,INR,89,30,2026-06-27
Odisha,Cuttack,Auto,Medium Auto Ride (5km),65,75,65,INR,95,40,2026-06-13
Odisha,Cuttack,Auto,Auto Ride (10km),140,165,145,INR,90,43,2026-06-24
Odisha,Cuttack,Bus,Local Bus Ticket (Short distance),15,20,15,INR,94,41,2026-06-27
Odisha,Cuttack,Bus,Local Bus Ticket (Long distance),40,45,40,INR,90,19,2026-05-12
Odisha,Cuttack,Bus,AC Volvo Intercity Bus (100km),310,380,320,INR,91,7,2026-06-28
Odisha,Cuttack,Train,Coolie/Porter Service (1 Luggage),130,160,135,INR,91,20,2026-06-13
Odisha,Cuttack,Train,Station Cloak Room Storage (24 Hours),25,30,25,INR,93,8,2026-06-18
Odisha,Cuttack,Train,Platform Entry Ticket,10,10,10,INR,87,49,2026-06-12
Odisha,Cuttack,Hotels,Budget Guest House Room (Per Night),910,1350,,INR,91,53,2026-06-07
Odisha,Cuttack,Hotels,3-Star Midscale Hotel Room (Per Night),2900,4850,,INR,83,18,2026-06-21
Odisha,Cuttack,Hotels,Luxury / Heritage Resort Room (Per Night),8100,11970,,INR,89,56,2026-06-15
Odisha,Cuttack,Souvenirs,Local Textile / Shawl,360,685,,INR,83,19,2026-05-26
Odisha,Cuttack,Souvenirs,Handcrafted Wooden / Clay Mug,120,275,,INR,74,55,2026-06-24
Odisha,Cuttack,Souvenirs,Brass / Metal Art Piece,950,2310,,INR,72,15,2026-06-03
Odisha,Cuttack,Souvenirs,Local Spices / Tea Pack (250g),260,610,,INR,74,30,2026-05-29
Odisha,Cuttack,Attractions,Historical Monument Entry (Indian Citizen),35,60,35,INR,85,31,2026-06-26
Odisha,Cuttack,Attractions,Historical Monument Entry (Foreigner),300,315,300,INR,92,22,2026-06-14
Odisha,Cuttack,Attractions,Museum Entry Ticket,10,25,10,INR,77,29,2026-06-07
Odisha,Cuttack,Attractions,Palace / Fort Entry Ticket,75,115,75,INR,89,34,2026-05-12
Odisha,Cuttack,Boat Rides,Shared Boat Ride (30 Mins),80,190,80,INR,70,55,2026-05-16
Odisha,Cuttack,Boat Rides,Private Chartered Boat Ride (1 Hour),710,1655,,INR,73,27,2026-06-14
Odisha,Cuttack,Parking,Two-Wheeler Parking (Per Hour),15,20,15,INR,95,29,2026-06-28
Odisha,Cuttack,Parking,Four-Wheeler Parking (Per Hour),40,45,40,INR,93,21,2026-06-14
Odisha,Cuttack,Parking,Tourist Spot All-Day Parking (Car),85,95,85,INR,96,28,2026-05-18
Odisha,Cuttack,Cafés,Traditional Filter Coffee / Tea,35,45,,INR,90,27,2026-06-04
Odisha,Cuttack,Cafés,Cappuccino / Latte,80,130,,INR,85,31,2026-05-20
Odisha,Cuttack,Cafés,Grilled Sandwich,55,85,,INR,83,47,2026-06-13
Odisha,Cuttack,Street Food,Pani Puri / Golgappa (6 Pcs),25,40,,INR,83,64,2026-06-21
Odisha,Cuttack,Street Food,Samosa / Vada Pav (Plate),20,30,,INR,89,32,2026-05-16
Odisha,Cuttack,Street Food,Pav Bhaji / Chaat (Plate),70,115,,INR,81,60,2026-05-24
Odisha,Cuttack,Street Food,Fresh Fruit Juice / Soda,45,65,,INR,91,34,2026-05-11
Odisha,Cuttack,Public Facilities,Paid Public Restroom (Toilet),5,5,5,INR,90,31,2026-06-23
Odisha,Cuttack,Public Facilities,Paid Public Restroom (Bathroom),10,10,10,INR,90,29,2026-06-11
Odisha,Cuttack,Public Facilities,Purified Drinking Water Refill (20L),10,10,10,INR,88,9,2026-05-08
Odisha,Cuttack,Cultural Activities,Folk Dance / Puppet Show Ticket,180,210,180,INR,95,14,2026-06-10
Odisha,Cuttack,Cultural Activities,Sound and Light Show Ticket,60,70,65,INR,93,6,2026-06-06
Odisha,Cuttack,Rentals,Bicycle Rental (Per Day),60,110,,INR,84,39,2026-05-10
Odisha,Cuttack,Rentals,Scooter / Activa Rental (Per Day),410,910,,INR,80,54,2026-06-21
Odisha,Cuttack,Rentals,Royal Enfield / Cruiser Rental (Per Day),1200,2910,,INR,71,61,2026-06-07
Punjab,Amritsar,Food,Standard Meals/Thali,160,245,,INR,90,17,2026-05-20
Punjab,Amritsar,Food,Local Signature Dish,200,425,,INR,78,56,2026-06-17
Punjab,Amritsar,Food,Breakfast Plate (Dosa/Puri/Poha),50,110,,INR,74,35,2026-06-30
Punjab,Amritsar,Food,Evening Snack Plate,50,90,,INR,85,36,2026-05-23
Punjab,Amritsar,Taxi,Airport Transfer (One-way),970,2640,970,INR,70,107,2026-06-24
Punjab,Amritsar,Taxi,Railway Station Pick-up,380,1025,380,INR,69,83,2026-05-14
Punjab,Amritsar,Taxi,Sightseeing Taxi (8 Hours / 80km),2700,6250,2805,INR,75,15,2026-06-10
Punjab,Amritsar,Auto,Short Auto Ride (Under 3km),55,75,55,INR,87,30,2026-06-13
Punjab,Amritsar,Auto,Medium Auto Ride (5km),140,185,140,INR,87,7,2026-06-14
Punjab,Amritsar,Auto,Auto Ride (10km),170,225,170,INR,89,20,2026-05-22
Punjab,Amritsar,Bus,Local Bus Ticket (Short distance),10,15,10,INR,91,37,2026-06-28
Punjab,Amritsar,Bus,Local Bus Ticket (Long distance),55,70,55,INR,91,48,2026-06-15
Punjab,Amritsar,Bus,AC Volvo Intercity Bus (100km),500,550,500,INR,91,36,2026-06-08
Punjab,Amritsar,Train,Coolie/Porter Service (1 Luggage),150,195,150,INR,87,47,2026-05-15
Punjab,Amritsar,Train,Station Cloak Room Storage (24 Hours),25,25,25,INR,96,38,2026-06-10
Punjab,Amritsar,Train,Platform Entry Ticket,10,15,10,INR,93,37,2026-06-24
Punjab,Amritsar,Hotels,Budget Guest House Room (Per Night),600,925,,INR,83,48,2026-05-29
Punjab,Amritsar,Hotels,3-Star Midscale Hotel Room (Per Night),2100,4000,,INR,80,38,2026-06-23
Punjab,Amritsar,Hotels,Luxury / Heritage Resort Room (Per Night),7100,12900,,INR,84,29,2026-06-24
Punjab,Amritsar,Souvenirs,Local Textile / Shawl,680,2190,,INR,64,56,2026-06-01
Punjab,Amritsar,Souvenirs,Handcrafted Wooden / Clay Mug,220,570,,INR,72,66,2026-05-19
Punjab,Amritsar,Souvenirs,Brass / Metal Art Piece,440,1575,,INR,55,30,2026-05-16
Punjab,Amritsar,Souvenirs,Local Spices / Tea Pack (250g),240,830,,INR,59,60,2026-05-13
Punjab,Amritsar,Attractions,Historical Monument Entry (Indian Citizen),30,120,30,INR,50,46,2026-06-27
Punjab,Amritsar,Attractions,Historical Monument Entry (Foreigner),350,380,360,INR,93,5,2026-05-19
Punjab,Amritsar,Attractions,Museum Entry Ticket,40,155,40,INR,56,31,2026-06-08
Punjab,Amritsar,Attractions,Palace / Fort Entry Ticket,140,415,140,INR,69,85,2026-06-11
Punjab,Amritsar,Boat Rides,Shared Boat Ride (30 Mins),60,175,65,INR,69,39,2026-07-02
Punjab,Amritsar,Boat Rides,Private Chartered Boat Ride (1 Hour),650,1520,,INR,73,81,2026-05-08
Punjab,Amritsar,Parking,Two-Wheeler Parking (Per Hour),20,25,20,INR,94,17,2026-05-11
Punjab,Amritsar,Parking,Four-Wheeler Parking (Per Hour),35,50,35,INR,84,44,2026-06-01
Punjab,Amritsar,Parking,Tourist Spot All-Day Parking (Car),70,95,70,INR,91,18,2026-05-29
Punjab,Amritsar,Cafés,Traditional Filter Coffee / Tea,30,45,,INR,90,30,2026-07-01
Punjab,Amritsar,Cafés,Cappuccino / Latte,130,205,,INR,84,27,2026-06-10
Punjab,Amritsar,Cafés,Grilled Sandwich,170,345,,INR,75,53,2026-06-16
Punjab,Amritsar,Street Food,Pani Puri / Golgappa (6 Pcs),25,50,,INR,77,69,2026-05-28
Punjab,Amritsar,Street Food,Samosa / Vada Pav (Plate),25,45,,INR,88,45,2026-06-11
Punjab,Amritsar,Street Food,Pav Bhaji / Chaat (Plate),75,120,,INR,84,9,2026-05-17
Punjab,Amritsar,Street Food,Fresh Fruit Juice / Soda,50,110,,INR,74,26,2026-06-13
Punjab,Amritsar,Public Facilities,Paid Public Restroom (Toilet),5,5,5,INR,91,46,2026-06-06
Punjab,Amritsar,Public Facilities,Paid Public Restroom (Bathroom),10,10,10,INR,88,44,2026-06-08
Punjab,Amritsar,Public Facilities,Purified Drinking Water Refill (20L),15,20,15,INR,94,17,2026-05-25
Punjab,Amritsar,Cultural Activities,Folk Dance / Puppet Show Ticket,250,330,250,INR,90,27,2026-05-08
Punjab,Amritsar,Cultural Activities,Sound and Light Show Ticket,120,160,120,INR,91,19,2026-06-25
Punjab,Amritsar,Rentals,Bicycle Rental (Per Day),70,185,,INR,71,51,2026-06-05
Punjab,Amritsar,Rentals,Scooter / Activa Rental (Per Day),420,1260,,INR,67,22,2026-06-28
Punjab,Amritsar,Rentals,Royal Enfield / Cruiser Rental (Per Day),1300,4610,,INR,58,102,2026-05-28
Punjab,Ludhiana,Food,Standard Meals/Thali,120,155,,INR,89,20,2026-06-07
Punjab,Ludhiana,Food,Local Signature Dish,95,135,,INR,92,48,2026-06-08
Punjab,Ludhiana,Food,Breakfast Plate (Dosa/Puri/Poha),45,60,,INR,86,43,2026-05-26
Punjab,Ludhiana,Food,Evening Snack Plate,45,75,,INR,82,52,2026-06-24
Punjab,Ludhiana,Taxi,Airport Transfer (One-way),640,1450,670,INR,77,68,2026-05-11
Punjab,Ludhiana,Taxi,Railway Station Pick-up,270,565,280,INR,76,60,2026-05-15
Punjab,Ludhiana,Taxi,Sightseeing Taxi (8 Hours / 80km),1600,2720,1670,INR,80,61,2026-07-02
Punjab,Ludhiana,Auto,Short Auto Ride (Under 3km),55,65,55,INR,96,35,2026-06-10
Punjab,Ludhiana,Auto,Medium Auto Ride (5km),70,80,70,INR,92,39,2026-05-18
Punjab,Ludhiana,Auto,Auto Ride (10km),150,175,150,INR,89,23,2026-06-02
Punjab,Ludhiana,Bus,Local Bus Ticket (Short distance),10,10,10,INR,91,26,2026-05-13
Punjab,Ludhiana,Bus,Local Bus Ticket (Long distance),40,45,40,INR,96,38,2026-06-24
Punjab,Ludhiana,Bus,AC Volvo Intercity Bus (100km),240,275,245,INR,93,41,2026-06-02
Punjab,Ludhiana,Train,Coolie/Porter Service (1 Luggage),120,145,120,INR,94,42,2026-06-12
Punjab,Ludhiana,Train,Station Cloak Room Storage (24 Hours),30,30,30,INR,97,10,2026-05-07
Punjab,Ludhiana,Train,Platform Entry Ticket,10,10,10,INR,90,37,2026-05-07
Punjab,Ludhiana,Hotels,Budget Guest House Room (Per Night),690,1095,,INR,89,49,2026-06-06
Punjab,Ludhiana,Hotels,3-Star Midscale Hotel Room (Per Night),2800,4520,,INR,86,40,2026-06-30
Punjab,Ludhiana,Hotels,Luxury / Heritage Resort Room (Per Night),6300,9940,,INR,84,41,2026-05-08
Punjab,Ludhiana,Souvenirs,Local Textile / Shawl,290,495,,INR,88,55,2026-05-26
Punjab,Ludhiana,Souvenirs,Handcrafted Wooden / Clay Mug,110,235,,INR,75,59,2026-06-23
Punjab,Ludhiana,Souvenirs,Brass / Metal Art Piece,910,1595,,INR,82,28,2026-05-14
Punjab,Ludhiana,Souvenirs,Local Spices / Tea Pack (250g),130,220,,INR,84,49,2026-05-20
Punjab,Ludhiana,Attractions,Historical Monument Entry (Indian Citizen),30,65,30,INR,77,11,2026-05-29
Punjab,Ludhiana,Attractions,Historical Monument Entry (Foreigner),490,510,500,INR,96,21,2026-06-13
Punjab,Ludhiana,Attractions,Museum Entry Ticket,80,190,80,INR,70,87,2026-05-30
Punjab,Ludhiana,Attractions,Palace / Fort Entry Ticket,85,230,85,INR,71,55,2026-05-29
Punjab,Ludhiana,Boat Rides,Shared Boat Ride (30 Mins),120,230,125,INR,78,48,2026-06-09
Punjab,Ludhiana,Boat Rides,Private Chartered Boat Ride (1 Hour),600,1145,,INR,81,75,2026-06-23
Punjab,Ludhiana,Parking,Two-Wheeler Parking (Per Hour),15,15,15,INR,91,15,2026-05-10
Punjab,Ludhiana,Parking,Four-Wheeler Parking (Per Hour),45,50,45,INR,90,37,2026-05-15
Punjab,Ludhiana,Parking,Tourist Spot All-Day Parking (Car),65,75,65,INR,91,45,2026-05-30
Punjab,Ludhiana,Cafés,Traditional Filter Coffee / Tea,20,35,,INR,83,37,2026-05-27
Punjab,Ludhiana,Cafés,Cappuccino / Latte,110,180,,INR,89,21,2026-06-16
Punjab,Ludhiana,Cafés,Grilled Sandwich,100,150,,INR,88,49,2026-06-06
Punjab,Ludhiana,Street Food,Pani Puri / Golgappa (6 Pcs),25,40,,INR,87,64,2026-06-11
Punjab,Ludhiana,Street Food,Samosa / Vada Pav (Plate),15,25,,INR,84,51,2026-06-06
Punjab,Ludhiana,Street Food,Pav Bhaji / Chaat (Plate),75,120,,INR,83,17,2026-05-30
Punjab,Ludhiana,Street Food,Fresh Fruit Juice / Soda,30,50,,INR,83,38,2026-06-08
Punjab,Ludhiana,Public Facilities,Paid Public Restroom (Toilet),2,0,2,INR,91,27,2026-05-27
Punjab,Ludhiana,Public Facilities,Paid Public Restroom (Bathroom),10,10,10,INR,93,34,2026-05-11
Punjab,Ludhiana,Public Facilities,Purified Drinking Water Refill (20L),15,20,15,INR,92,18,2026-06-17
Punjab,Ludhiana,Cultural Activities,Folk Dance / Puppet Show Ticket,220,255,220,INR,92,39,2026-05-20
Punjab,Ludhiana,Cultural Activities,Sound and Light Show Ticket,90,105,95,INR,92,41,2026-05-31
Punjab,Ludhiana,Rentals,Bicycle Rental (Per Day),50,100,,INR,81,12,2026-06-04
Punjab,Ludhiana,Rentals,Scooter / Activa Rental (Per Day),390,950,,INR,69,14,2026-05-21
Punjab,Ludhiana,Rentals,Royal Enfield / Cruiser Rental (Per Day),850,1735,,INR,76,63,2026-06-04
Punjab,Jalandhar,Food,Standard Meals/Thali,75,110,,INR,87,39,2026-05-05
Punjab,Jalandhar,Food,Local Signature Dish,220,340,,INR,84,8,2026-05-16
Punjab,Jalandhar,Food,Breakfast Plate (Dosa/Puri/Poha),50,70,,INR,85,20,2026-06-03
Punjab,Jalandhar,Food,Evening Snack Plate,30,50,,INR,83,56,2026-05-22
Punjab,Jalandhar,Taxi,Airport Transfer (One-way),620,1490,620,INR,76,93,2026-06-07
Punjab,Jalandhar,Taxi,Railway Station Pick-up,190,380,195,INR,83,33,2026-05-18
Punjab,Jalandhar,Taxi,Sightseeing Taxi (8 Hours / 80km),1800,3620,1820,INR,76,38,2026-05-05
Punjab,Jalandhar,Auto,Short Auto Ride (Under 3km),35,40,35,INR,96,20,2026-05-28
Punjab,Jalandhar,Auto,Medium Auto Ride (5km),75,90,75,INR,90,16,2026-07-03
Punjab,Jalandhar,Auto,Auto Ride (10km),170,200,175,INR,92,13,2026-06-30
Punjab,Jalandhar,Bus,Local Bus Ticket (Short distance),20,25,20,INR,95,19,2026-06-24
Punjab,Jalandhar,Bus,Local Bus Ticket (Long distance),40,40,40,INR,93,16,2026-07-03
Punjab,Jalandhar,Bus,AC Volvo Intercity Bus (100km),290,350,300,INR,89,16,2026-05-23
Punjab,Jalandhar,Train,Coolie/Porter Service (1 Luggage),110,135,110,INR,91,6,2026-05-11
Punjab,Jalandhar,Train,Station Cloak Room Storage (24 Hours),20,25,20,INR,94,44,2026-06-17
Punjab,Jalandhar,Train,Platform Entry Ticket,10,15,10,INR,93,12,2026-06-30
Punjab,Jalandhar,Hotels,Budget Guest House Room (Per Night),1000,1675,,INR,81,43,2026-06-09
Punjab,Jalandhar,Hotels,3-Star Midscale Hotel Room (Per Night),2900,3800,,INR,93,43,2026-05-08
Punjab,Jalandhar,Hotels,Luxury / Heritage Resort Room (Per Night),7000,9395,,INR,89,37,2026-05-23
Punjab,Jalandhar,Souvenirs,Local Textile / Shawl,310,680,,INR,73,15,2026-05-25
Punjab,Jalandhar,Souvenirs,Handcrafted Wooden / Clay Mug,160,345,,INR,75,40,2026-05-14
Punjab,Jalandhar,Souvenirs,Brass / Metal Art Piece,1100,2005,,INR,81,59,2026-05-20
Punjab,Jalandhar,Souvenirs,Local Spices / Tea Pack (250g),140,250,,INR,85,29,2026-06-23
Punjab,Jalandhar,Attractions,Historical Monument Entry (Indian Citizen),25,60,25,INR,69,70,2026-06-01
Punjab,Jalandhar,Attractions,Historical Monument Entry (Foreigner),330,345,340,INR,91,40,2026-05-12
Punjab,Jalandhar,Attractions,Museum Entry Ticket,10,15,10,INR,87,36,2026-05-11
Punjab,Jalandhar,Attractions,Palace / Fort Entry Ticket,140,370,145,INR,73,88,2026-07-01
Punjab,Jalandhar,Boat Rides,Shared Boat Ride (30 Mins),130,230,135,INR,80,23,2026-07-01
Punjab,Jalandhar,Boat Rides,Private Chartered Boat Ride (1 Hour),1200,2320,,INR,81,23,2026-06-11
Punjab,Jalandhar,Parking,Two-Wheeler Parking (Per Hour),15,20,15,INR,95,35,2026-06-26
Punjab,Jalandhar,Parking,Four-Wheeler Parking (Per Hour),20,25,20,INR,91,16,2026-06-24
Punjab,Jalandhar,Parking,Tourist Spot All-Day Parking (Car),55,65,55,INR,94,22,2026-06-03
Punjab,Jalandhar,Cafés,Traditional Filter Coffee / Tea,20,25,,INR,90,22,2026-06-22
Punjab,Jalandhar,Cafés,Cappuccino / Latte,85,130,,INR,84,55,2026-05-11
Punjab,Jalandhar,Cafés,Grilled Sandwich,130,195,,INR,86,37,2026-05-22
Punjab,Jalandhar,Street Food,Pani Puri / Golgappa (6 Pcs),30,50,,INR,88,66,2026-06-07
Punjab,Jalandhar,Street Food,Samosa / Vada Pav (Plate),20,30,,INR,90,62,2026-06-03
Punjab,Jalandhar,Street Food,Pav Bhaji / Chaat (Plate),40,60,,INR,86,43,2026-06-23
Punjab,Jalandhar,Street Food,Fresh Fruit Juice / Soda,25,40,,INR,83,14,2026-06-21
Punjab,Jalandhar,Public Facilities,Paid Public Restroom (Toilet),5,5,5,INR,93,45,2026-06-28
Punjab,Jalandhar,Public Facilities,Paid Public Restroom (Bathroom),10,10,10,INR,88,6,2026-06-15
Punjab,Jalandhar,Public Facilities,Purified Drinking Water Refill (20L),10,10,10,INR,94,29,2026-06-10
Punjab,Jalandhar,Cultural Activities,Folk Dance / Puppet Show Ticket,190,220,195,INR,91,46,2026-06-10
Punjab,Jalandhar,Cultural Activities,Sound and Light Show Ticket,130,150,135,INR,92,31,2026-05-12
Punjab,Jalandhar,Rentals,Bicycle Rental (Per Day),45,105,,INR,74,48,2026-05-11
Punjab,Jalandhar,Rentals,Scooter / Activa Rental (Per Day),470,1040,,INR,76,39,2026-06-03
Punjab,Jalandhar,Rentals,Royal Enfield / Cruiser Rental (Per Day),1000,1990,,INR,77,61,2026-06-27
Punjab,Patiala,Food,Standard Meals/Thali,90,135,,INR,87,23,2026-05-22
Punjab,Patiala,Food,Local Signature Dish,100,150,,INR,85,48,2026-06-29
Punjab,Patiala,Food,Breakfast Plate (Dosa/Puri/Poha),65,100,,INR,87,53,2026-06-01
Punjab,Patiala,Food,Evening Snack Plate,35,60,,INR,84,13,2026-05-30
Punjab,Patiala,Taxi,Airport Transfer (One-way),710,1500,710,INR,74,78,2026-05-09
Punjab,Patiala,Taxi,Railway Station Pick-up,250,435,255,INR,83,24,2026-05-24
Punjab,Patiala,Taxi,Sightseeing Taxi (8 Hours / 80km),2000,4725,2000,INR,74,83,2026-05-23
Punjab,Patiala,Auto,Short Auto Ride (Under 3km),50,60,50,INR,93,24,2026-07-03
Punjab,Patiala,Auto,Medium Auto Ride (5km),100,115,105,INR,91,21,2026-05-10
Punjab,Patiala,Auto,Auto Ride (10km),160,185,165,INR,91,45,2026-06-11
Punjab,Patiala,Bus,Local Bus Ticket (Short distance),15,20,15,INR,95,20,2026-05-07
Punjab,Patiala,Bus,Local Bus Ticket (Long distance),30,35,30,INR,96,41,2026-06-11
Punjab,Patiala,Bus,AC Volvo Intercity Bus (100km),350,425,355,INR,88,41,2026-05-09
Punjab,Patiala,Train,Coolie/Porter Service (1 Luggage),100,120,100,INR,93,42,2026-05-27
Punjab,Patiala,Train,Station Cloak Room Storage (24 Hours),25,30,25,INR,89,26,2026-05-27
Punjab,Patiala,Train,Platform Entry Ticket,10,10,10,INR,92,18,2026-05-26
Punjab,Patiala,Hotels,Budget Guest House Room (Per Night),860,1295,,INR,84,14,2026-06-15
Punjab,Patiala,Hotels,3-Star Midscale Hotel Room (Per Night),3000,4500,,INR,84,11,2026-06-30
Punjab,Patiala,Hotels,Luxury / Heritage Resort Room (Per Night),8800,13075,,INR,83,20,2026-05-31
Punjab,Patiala,Souvenirs,Local Textile / Shawl,1100,2280,,INR,81,66,2026-05-07
Punjab,Patiala,Souvenirs,Handcrafted Wooden / Clay Mug,150,280,,INR,79,63,2026-06-01
Punjab,Patiala,Souvenirs,Brass / Metal Art Piece,520,1130,,INR,79,23,2026-06-23
Punjab,Patiala,Souvenirs,Local Spices / Tea Pack (250g),240,415,,INR,83,14,2026-06-09
Punjab,Patiala,Attractions,Historical Monument Entry (Indian Citizen),20,40,20,INR,80,35,2026-06-21
Punjab,Patiala,Attractions,Historical Monument Entry (Foreigner),400,415,400,INR,97,29,2026-06-07
Punjab,Patiala,Attractions,Museum Entry Ticket,65,140,65,INR,78,69,2026-06-21
Punjab,Patiala,Attractions,Palace / Fort Entry Ticket,95,200,100,INR,79,27,2026-05-06
Punjab,Patiala,Boat Rides,Shared Boat Ride (30 Mins),85,200,85,INR,77,82,2026-06-23
Punjab,Patiala,Boat Rides,Private Chartered Boat Ride (1 Hour),980,2030,,INR,77,43,2026-06-14
Punjab,Patiala,Parking,Two-Wheeler Parking (Per Hour),15,15,15,INR,94,7,2026-06-29
Punjab,Patiala,Parking,Four-Wheeler Parking (Per Hour),35,45,35,INR,89,26,2026-06-13
Punjab,Patiala,Parking,Tourist Spot All-Day Parking (Car),50,55,50,INR,91,11,2026-06-22
Punjab,Patiala,Cafés,Traditional Filter Coffee / Tea,15,25,,INR,86,28,2026-05-16
Punjab,Patiala,Cafés,Cappuccino / Latte,90,115,,INR,89,16,2026-06-23
Punjab,Patiala,Cafés,Grilled Sandwich,95,125,,INR,86,25,2026-05-29
Punjab,Patiala,Street Food,Pani Puri / Golgappa (6 Pcs),25,35,,INR,92,36,2026-06-25
Punjab,Patiala,Street Food,Samosa / Vada Pav (Plate),25,35,,INR,87,41,2026-06-12
Punjab,Patiala,Street Food,Pav Bhaji / Chaat (Plate),70,105,,INR,88,39,2026-05-06
Punjab,Patiala,Street Food,Fresh Fruit Juice / Soda,25,35,,INR,89,43,2026-05-21
Punjab,Patiala,Public Facilities,Paid Public Restroom (Toilet),5,5,5,INR,92,37,2026-06-19
Punjab,Patiala,Public Facilities,Paid Public Restroom (Bathroom),10,10,10,INR,95,37,2026-06-23
Punjab,Patiala,Public Facilities,Purified Drinking Water Refill (20L),10,10,10,INR,89,40,2026-05-16
Punjab,Patiala,Cultural Activities,Folk Dance / Puppet Show Ticket,220,255,220,INR,90,33,2026-06-13
Punjab,Patiala,Cultural Activities,Sound and Light Show Ticket,120,140,120,INR,95,19,2026-05-26
Punjab,Patiala,Rentals,Bicycle Rental (Per Day),65,120,,INR,85,22,2026-06-16
Punjab,Patiala,Rentals,Scooter / Activa Rental (Per Day),420,1015,,INR,71,21,2026-05-28
Punjab,Patiala,Rentals,Royal Enfield / Cruiser Rental (Per Day),1000,1715,,INR,86,66,2026-06-29
Rajasthan,Jaipur,Food,Standard Meals/Thali,120,190,,INR,82,35,2026-06-02
Rajasthan,Jaipur,Food,Local Signature Dish,190,425,,INR,79,21,2026-06-19
Rajasthan,Jaipur,Food,Breakfast Plate (Dosa/Puri/Poha),90,165,,INR,81,52,2026-06-08
Rajasthan,Jaipur,Food,Evening Snack Plate,75,155,,INR,77,70,2026-05-16
Rajasthan,Jaipur,Taxi,Airport Transfer (One-way),930,2140,930,INR,77,71,2026-05-13
Rajasthan,Jaipur,Taxi,Railway Station Pick-up,470,1530,470,INR,62,95,2026-06-08
Rajasthan,Jaipur,Taxi,Sightseeing Taxi (8 Hours / 80km),2200,7670,2205,INR,59,72,2026-06-01
Rajasthan,Jaipur,Auto,Short Auto Ride (Under 3km),50,65,50,INR,86,24,2026-06-30
Rajasthan,Jaipur,Auto,Medium Auto Ride (5km),90,120,95,INR,93,31,2026-05-05
Rajasthan,Jaipur,Auto,Auto Ride (10km),220,290,220,INR,91,17,2026-05-26
Rajasthan,Jaipur,Bus,Local Bus Ticket (Short distance),25,35,25,INR,92,43,2026-06-01
Rajasthan,Jaipur,Bus,Local Bus Ticket (Long distance),50,60,50,INR,91,31,2026-06-06
Rajasthan,Jaipur,Bus,AC Volvo Intercity Bus (100km),520,670,525,INR,88,17,2026-06-26
Rajasthan,Jaipur,Train,Coolie/Porter Service (1 Luggage),110,165,110,INR,84,40,2026-06-09
Rajasthan,Jaipur,Train,Station Cloak Room Storage (24 Hours),40,55,40,INR,93,44,2026-05-24
Rajasthan,Jaipur,Train,Platform Entry Ticket,10,15,10,INR,93,34,2026-05-13
Rajasthan,Jaipur,Hotels,Budget Guest House Room (Per Night),670,1200,,INR,80,22,2026-05-07
Rajasthan,Jaipur,Hotels,3-Star Midscale Hotel Room (Per Night),3900,8330,,INR,81,60,2026-06-29
Rajasthan,Jaipur,Hotels,Luxury / Heritage Resort Room (Per Night),8100,13620,,INR,82,57,2026-06-20
Rajasthan,Jaipur,Souvenirs,Local Textile / Shawl,540,1555,,INR,66,31,2026-06-11
Rajasthan,Jaipur,Souvenirs,Handcrafted Wooden / Clay Mug,240,755,,INR,66,19,2026-06-12
Rajasthan,Jaipur,Souvenirs,Brass / Metal Art Piece,1400,3940,,INR,69,77,2026-06-13
Rajasthan,Jaipur,Souvenirs,Local Spices / Tea Pack (250g),340,1165,,INR,59,90,2026-05-29
Rajasthan,Jaipur,Attractions,Historical Monument Entry (Indian Citizen),40,75,40,INR,81,22,2026-06-11
Rajasthan,Jaipur,Attractions,Historical Monument Entry (Foreigner),530,570,530,INR,91,39,2026-06-17
Rajasthan,Jaipur,Attractions,Museum Entry Ticket,85,235,85,INR,68,62,2026-05-29
Rajasthan,Jaipur,Attractions,Palace / Fort Entry Ticket,180,375,180,INR,75,25,2026-06-21
Rajasthan,Jaipur,Boat Rides,Shared Boat Ride (30 Mins),170,560,170,INR,59,122,2026-05-24
Rajasthan,Jaipur,Boat Rides,Private Chartered Boat Ride (1 Hour),780,2725,,INR,56,128,2026-05-13
Rajasthan,Jaipur,Parking,Two-Wheeler Parking (Per Hour),20,25,20,INR,87,47,2026-05-24
Rajasthan,Jaipur,Parking,Four-Wheeler Parking (Per Hour),50,60,50,INR,92,14,2026-06-21
Rajasthan,Jaipur,Parking,Tourist Spot All-Day Parking (Car),100,130,100,INR,87,49,2026-05-25
Rajasthan,Jaipur,Cafés,Traditional Filter Coffee / Tea,20,35,,INR,82,46,2026-05-25
Rajasthan,Jaipur,Cafés,Cappuccino / Latte,150,285,,INR,81,28,2026-05-28
Rajasthan,Jaipur,Cafés,Grilled Sandwich,100,215,,INR,79,16,2026-07-02
Rajasthan,Jaipur,Street Food,Pani Puri / Golgappa (6 Pcs),30,55,,INR,85,21,2026-05-27
Rajasthan,Jaipur,Street Food,Samosa / Vada Pav (Plate),35,70,,INR,76,41,2026-06-15
Rajasthan,Jaipur,Street Food,Pav Bhaji / Chaat (Plate),90,145,,INR,88,48,2026-05-06
Rajasthan,Jaipur,Street Food,Fresh Fruit Juice / Soda,40,85,,INR,77,83,2026-05-08
Rajasthan,Jaipur,Public Facilities,Paid Public Restroom (Toilet),2,5,2,INR,92,24,2026-05-29
Rajasthan,Jaipur,Public Facilities,Paid Public Restroom (Bathroom),10,15,10,INR,86,42,2026-05-20
Rajasthan,Jaipur,Public Facilities,Purified Drinking Water Refill (20L),20,25,20,INR,88,9,2026-05-31
Rajasthan,Jaipur,Cultural Activities,Folk Dance / Puppet Show Ticket,160,210,160,INR,89,43,2026-06-12
Rajasthan,Jaipur,Cultural Activities,Sound and Light Show Ticket,110,145,110,INR,89,49,2026-06-10
Rajasthan,Jaipur,Rentals,Bicycle Rental (Per Day),90,235,,INR,73,84,2026-05-24
Rajasthan,Jaipur,Rentals,Scooter / Activa Rental (Per Day),410,960,,INR,72,50,2026-05-12
Rajasthan,Jaipur,Rentals,Royal Enfield / Cruiser Rental (Per Day),1500,3945,,INR,66,71,2026-06-08
Rajasthan,Udaipur,Food,Standard Meals/Thali,210,380,,INR,85,35,2026-06-18
Rajasthan,Udaipur,Food,Local Signature Dish,260,410,,INR,89,13,2026-05-21
Rajasthan,Udaipur,Food,Breakfast Plate (Dosa/Puri/Poha),85,145,,INR,86,60,2026-05-28
Rajasthan,Udaipur,Food,Evening Snack Plate,50,100,,INR,83,41,2026-06-13
Rajasthan,Udaipur,Taxi,Airport Transfer (One-way),1000,2290,1045,INR,76,48,2026-05-05
Rajasthan,Udaipur,Taxi,Railway Station Pick-up,240,690,245,INR,62,42,2026-05-19
Rajasthan,Udaipur,Taxi,Sightseeing Taxi (8 Hours / 80km),3200,9280,3255,INR,65,76,2026-05-31
Rajasthan,Udaipur,Auto,Short Auto Ride (Under 3km),50,65,50,INR,87,24,2026-07-01
Rajasthan,Udaipur,Auto,Medium Auto Ride (5km),100,130,100,INR,92,49,2026-06-16
Rajasthan,Udaipur,Auto,Auto Ride (10km),180,240,180,INR,88,49,2026-06-20
Rajasthan,Udaipur,Bus,Local Bus Ticket (Short distance),20,20,20,INR,94,14,2026-06-11
Rajasthan,Udaipur,Bus,Local Bus Ticket (Long distance),35,40,35,INR,89,43,2026-06-26
Rajasthan,Udaipur,Bus,AC Volvo Intercity Bus (100km),510,615,530,INR,89,28,2026-06-14
Rajasthan,Udaipur,Train,Coolie/Porter Service (1 Luggage),160,225,165,INR,90,12,2026-06-27
Rajasthan,Udaipur,Train,Station Cloak Room Storage (24 Hours),30,40,30,INR,87,40,2026-06-19
Rajasthan,Udaipur,Train,Platform Entry Ticket,10,10,10,INR,91,10,2026-05-25
Rajasthan,Udaipur,Hotels,Budget Guest House Room (Per Night),1100,1970,,INR,86,54,2026-06-07
Rajasthan,Udaipur,Hotels,3-Star Midscale Hotel Room (Per Night),2400,4350,,INR,81,11,2026-05-11
Rajasthan,Udaipur,Hotels,Luxury / Heritage Resort Room (Per Night),6400,13650,,INR,74,72,2026-06-10
Rajasthan,Udaipur,Souvenirs,Local Textile / Shawl,830,2500,,INR,65,76,2026-05-20
Rajasthan,Udaipur,Souvenirs,Handcrafted Wooden / Clay Mug,140,415,,INR,68,18,2026-05-08
Rajasthan,Udaipur,Souvenirs,Brass / Metal Art Piece,1600,4605,,INR,64,34,2026-06-09
Rajasthan,Udaipur,Souvenirs,Local Spices / Tea Pack (250g),300,1025,,INR,61,122,2026-06-03
Rajasthan,Udaipur,Attractions,Historical Monument Entry (Indian Citizen),55,125,55,INR,73,39,2026-05-30
Rajasthan,Udaipur,Attractions,Historical Monument Entry (Foreigner),480,520,480,INR,93,7,2026-06-14
Rajasthan,Udaipur,Attractions,Museum Entry Ticket,60,220,60,INR,54,40,2026-06-07
Rajasthan,Udaipur,Attractions,Palace / Fort Entry Ticket,65,235,65,INR,52,29,2026-05-10
Rajasthan,Udaipur,Boat Rides,Shared Boat Ride (30 Mins),95,335,95,INR,57,75,2026-05-09
Rajasthan,Udaipur,Boat Rides,Private Chartered Boat Ride (1 Hour),1100,3055,,INR,66,50,2026-05-13
Rajasthan,Udaipur,Parking,Two-Wheeler Parking (Per Hour),20,20,20,INR,90,16,2026-05-17
Rajasthan,Udaipur,Parking,Four-Wheeler Parking (Per Hour),55,70,55,INR,91,32,2026-05-11
Rajasthan,Udaipur,Parking,Tourist Spot All-Day Parking (Car),70,95,70,INR,88,24,2026-05-11
Rajasthan,Udaipur,Cafés,Traditional Filter Coffee / Tea,35,70,,INR,76,77,2026-05-06
Rajasthan,Udaipur,Cafés,Cappuccino / Latte,150,325,,INR,79,75,2026-06-27
Rajasthan,Udaipur,Cafés,Grilled Sandwich,110,165,,INR,85,45,2026-06-09
Rajasthan,Udaipur,Street Food,Pani Puri / Golgappa (6 Pcs),25,40,,INR,89,60,2026-05-17
Rajasthan,Udaipur,Street Food,Samosa / Vada Pav (Plate),20,40,,INR,82,15,2026-07-02
Rajasthan,Udaipur,Street Food,Pav Bhaji / Chaat (Plate),95,160,,INR,85,22,2026-05-27
Rajasthan,Udaipur,Street Food,Fresh Fruit Juice / Soda,40,85,,INR,76,40,2026-06-29
Rajasthan,Udaipur,Public Facilities,Paid Public Restroom (Toilet),5,5,5,INR,92,7,2026-06-30
Rajasthan,Udaipur,Public Facilities,Paid Public Restroom (Bathroom),15,20,15,INR,87,28,2026-06-06
Rajasthan,Udaipur,Public Facilities,Purified Drinking Water Refill (20L),15,20,15,INR,94,17,2026-06-23
Rajasthan,Udaipur,Cultural Activities,Folk Dance / Puppet Show Ticket,260,345,260,INR,93,35,2026-05-24
Rajasthan,Udaipur,Cultural Activities,Sound and Light Show Ticket,130,170,130,INR,87,14,2026-05-18
Rajasthan,Udaipur,Rentals,Bicycle Rental (Per Day),75,250,,INR,58,71,2026-06-30
Rajasthan,Udaipur,Rentals,Scooter / Activa Rental (Per Day),530,1365,,INR,70,90,2026-06-06
Rajasthan,Udaipur,Rentals,Royal Enfield / Cruiser Rental (Per Day),1200,4020,,INR,62,117,2026-05-30
Rajasthan,Jodhpur,Food,Standard Meals/Thali,180,360,,INR,80,27,2026-05-30
Rajasthan,Jodhpur,Food,Local Signature Dish,140,290,,INR,76,57,2026-06-17
Rajasthan,Jodhpur,Food,Breakfast Plate (Dosa/Puri/Poha),95,195,,INR,78,18,2026-07-03
Rajasthan,Jodhpur,Food,Evening Snack Plate,35,65,,INR,85,13,2026-05-25
Rajasthan,Jodhpur,Taxi,Airport Transfer (One-way),720,2045,720,INR,70,16,2026-06-10
Rajasthan,Jodhpur,Taxi,Railway Station Pick-up,390,1035,405,INR,72,33,2026-05-13
Rajasthan,Jodhpur,Taxi,Sightseeing Taxi (8 Hours / 80km),2500,6535,2545,INR,73,59,2026-05-17
Rajasthan,Jodhpur,Auto,Short Auto Ride (Under 3km),65,85,65,INR,94,36,2026-05-16
Rajasthan,Jodhpur,Auto,Medium Auto Ride (5km),120,160,120,INR,90,43,2026-06-07
Rajasthan,Jodhpur,Auto,Auto Ride (10km),250,330,250,INR,88,52,2026-05-25
Rajasthan,Jodhpur,Bus,Local Bus Ticket (Short distance),20,25,20,INR,88,42,2026-05-27
Rajasthan,Jodhpur,Bus,Local Bus Ticket (Long distance),55,80,55,INR,90,44,2026-06-05
Rajasthan,Jodhpur,Bus,AC Volvo Intercity Bus (100km),400,435,405,INR,92,37,2026-05-16
Rajasthan,Jodhpur,Train,Coolie/Porter Service (1 Luggage),170,200,170,INR,88,14,2026-06-18
Rajasthan,Jodhpur,Train,Station Cloak Room Storage (24 Hours),30,40,30,INR,91,51,2026-05-24
Rajasthan,Jodhpur,Train,Platform Entry Ticket,10,15,10,INR,94,33,2026-06-11
Rajasthan,Jodhpur,Hotels,Budget Guest House Room (Per Night),1300,2430,,INR,84,42,2026-07-02
Rajasthan,Jodhpur,Hotels,3-Star Midscale Hotel Room (Per Night),2400,4555,,INR,83,10,2026-05-28
Rajasthan,Jodhpur,Hotels,Luxury / Heritage Resort Room (Per Night),7700,13345,,INR,80,69,2026-06-05
Rajasthan,Jodhpur,Souvenirs,Local Textile / Shawl,810,2830,,INR,59,72,2026-05-27
Rajasthan,Jodhpur,Souvenirs,Handcrafted Wooden / Clay Mug,200,565,,INR,71,26,2026-05-07
Rajasthan,Jodhpur,Souvenirs,Brass / Metal Art Piece,1200,3650,,INR,60,19,2026-05-30
Rajasthan,Jodhpur,Souvenirs,Local Spices / Tea Pack (250g),290,1010,,INR,54,117,2026-06-13
Rajasthan,Jodhpur,Attractions,Historical Monument Entry (Indian Citizen),30,120,30,INR,50,89,2026-06-26
Rajasthan,Jodhpur,Attractions,Historical Monument Entry (Foreigner),670,725,695,INR,93,35,2026-06-24
Rajasthan,Jodhpur,Attractions,Museum Entry Ticket,110,370,115,INR,61,74,2026-06-10
Rajasthan,Jodhpur,Attractions,Palace / Fort Entry Ticket,60,215,60,INR,59,41,2026-06-08
Rajasthan,Jodhpur,Boat Rides,Shared Boat Ride (30 Mins),110,280,110,INR,72,66,2026-06-03
Rajasthan,Jodhpur,Boat Rides,Private Chartered Boat Ride (1 Hour),1300,4815,,INR,50,114,2026-05-18
Rajasthan,Jodhpur,Parking,Two-Wheeler Parking (Per Hour),20,25,20,INR,94,44,2026-05-27
Rajasthan,Jodhpur,Parking,Four-Wheeler Parking (Per Hour),25,35,25,INR,89,36,2026-07-01
Rajasthan,Jodhpur,Parking,Tourist Spot All-Day Parking (Car),60,85,60,INR,92,24,2026-05-16
Rajasthan,Jodhpur,Cafés,Traditional Filter Coffee / Tea,25,55,,INR,81,64,2026-05-10
Rajasthan,Jodhpur,Cafés,Cappuccino / Latte,130,260,,INR,79,79,2026-05-27
Rajasthan,Jodhpur,Cafés,Grilled Sandwich,150,270,,INR,81,55,2026-06-30
Rajasthan,Jodhpur,Street Food,Pani Puri / Golgappa (6 Pcs),35,65,,INR,83,51,2026-07-02
Rajasthan,Jodhpur,Street Food,Samosa / Vada Pav (Plate),20,35,,INR,88,30,2026-06-09
Rajasthan,Jodhpur,Street Food,Pav Bhaji / Chaat (Plate),80,120,,INR,84,22,2026-05-13
Rajasthan,Jodhpur,Street Food,Fresh Fruit Juice / Soda,35,65,,INR,81,65,2026-06-25
Rajasthan,Jodhpur,Public Facilities,Paid Public Restroom (Toilet),5,5,5,INR,92,52,2026-05-28
Rajasthan,Jodhpur,Public Facilities,Paid Public Restroom (Bathroom),15,15,15,INR,94,15,2026-06-21
Rajasthan,Jodhpur,Public Facilities,Purified Drinking Water Refill (20L),15,15,15,INR,93,22,2026-05-29
Rajasthan,Jodhpur,Cultural Activities,Folk Dance / Puppet Show Ticket,180,240,185,INR,90,15,2026-05-10
Rajasthan,Jodhpur,Cultural Activities,Sound and Light Show Ticket,110,145,115,INR,93,15,2026-06-02
Rajasthan,Jodhpur,Rentals,Bicycle Rental (Per Day),55,185,,INR,56,96,2026-05-13
Rajasthan,Jodhpur,Rentals,Scooter / Activa Rental (Per Day),430,1295,,INR,64,50,2026-06-27
Rajasthan,Jodhpur,Rentals,Royal Enfield / Cruiser Rental (Per Day),1500,5510,,INR,54,22,2026-05-05
Rajasthan,Jaisalmer,Food,Standard Meals/Thali,200,355,,INR,81,69,2026-06-20
Rajasthan,Jaisalmer,Food,Local Signature Dish,200,405,,INR,83,72,2026-05-22
Rajasthan,Jaisalmer,Food,Breakfast Plate (Dosa/Puri/Poha),85,180,,INR,78,15,2026-05-12
Rajasthan,Jaisalmer,Food,Evening Snack Plate,55,100,,INR,84,33,2026-05-08
Rajasthan,Jaisalmer,Taxi,Airport Transfer (One-way),540,1340,560,INR,74,54,2026-06-01
Rajasthan,Jaisalmer,Taxi,Railway Station Pick-up,420,1280,440,INR,65,24,2026-06-23
Rajasthan,Jaisalmer,Taxi,Sightseeing Taxi (8 Hours / 80km),2600,9235,2645,INR,56,24,2026-05-09
Rajasthan,Jaisalmer,Auto,Short Auto Ride (Under 3km),65,85,65,INR,92,47,2026-05-31
Rajasthan,Jaisalmer,Auto,Medium Auto Ride (5km),120,160,125,INR,87,31,2026-05-06
Rajasthan,Jaisalmer,Auto,Auto Ride (10km),170,225,170,INR,90,38,2026-05-08
Rajasthan,Jaisalmer,Bus,Local Bus Ticket (Short distance),20,25,20,INR,93,7,2026-06-15
Rajasthan,Jaisalmer,Bus,Local Bus Ticket (Long distance),55,75,55,INR,87,24,2026-05-28
Rajasthan,Jaisalmer,Bus,AC Volvo Intercity Bus (100km),400,460,400,INR,92,36,2026-05-12
Rajasthan,Jaisalmer,Train,Coolie/Porter Service (1 Luggage),100,125,100,INR,91,14,2026-06-23
Rajasthan,Jaisalmer,Train,Station Cloak Room Storage (24 Hours),40,60,40,INR,86,21,2026-05-26
Rajasthan,Jaisalmer,Train,Platform Entry Ticket,10,10,10,INR,93,29,2026-05-17
Rajasthan,Jaisalmer,Hotels,Budget Guest House Room (Per Night),750,1440,,INR,83,14,2026-06-28
Rajasthan,Jaisalmer,Hotels,3-Star Midscale Hotel Room (Per Night),3300,5885,,INR,87,46,2026-06-18
Rajasthan,Jaisalmer,Hotels,Luxury / Heritage Resort Room (Per Night),8500,17545,,INR,78,57,2026-05-30
Rajasthan,Jaisalmer,Souvenirs,Local Textile / Shawl,1100,3000,,INR,68,90,2026-06-25
Rajasthan,Jaisalmer,Souvenirs,Handcrafted Wooden / Clay Mug,180,595,,INR,60,99,2026-06-25
Rajasthan,Jaisalmer,Souvenirs,Brass / Metal Art Piece,1400,3780,,INR,72,81,2026-06-02
Rajasthan,Jaisalmer,Souvenirs,Local Spices / Tea Pack (250g),310,1055,,INR,62,74,2026-06-08
Rajasthan,Jaisalmer,Attractions,Historical Monument Entry (Indian Citizen),40,135,40,INR,58,17,2026-05-11
Rajasthan,Jaisalmer,Attractions,Historical Monument Entry (Foreigner),670,725,680,INR,92,19,2026-07-03
Rajasthan,Jaisalmer,Attractions,Museum Entry Ticket,100,200,100,INR,78,19,2026-06-12
Rajasthan,Jaisalmer,Attractions,Palace / Fort Entry Ticket,95,320,95,INR,56,83,2026-05-13
Rajasthan,Jaisalmer,Boat Rides,Shared Boat Ride (30 Mins),140,370,145,INR,68,45,2026-06-03
Rajasthan,Jaisalmer,Boat Rides,Private Chartered Boat Ride (1 Hour),970,3030,,INR,65,69,2026-06-13
Rajasthan,Jaisalmer,Parking,Two-Wheeler Parking (Per Hour),20,30,20,INR,87,49,2026-06-21
Rajasthan,Jaisalmer,Parking,Four-Wheeler Parking (Per Hour),50,75,50,INR,85,50,2026-05-29
Rajasthan,Jaisalmer,Parking,Tourist Spot All-Day Parking (Car),75,100,75,INR,90,25,2026-05-20
Rajasthan,Jaisalmer,Cafés,Traditional Filter Coffee / Tea,30,55,,INR,82,44,2026-06-06
Rajasthan,Jaisalmer,Cafés,Cappuccino / Latte,190,355,,INR,79,37,2026-06-17
Rajasthan,Jaisalmer,Cafés,Grilled Sandwich,130,265,,INR,79,44,2026-05-20
Rajasthan,Jaisalmer,Street Food,Pani Puri / Golgappa (6 Pcs),35,65,,INR,81,49,2026-05-17
Rajasthan,Jaisalmer,Street Food,Samosa / Vada Pav (Plate),25,50,,INR,81,20,2026-05-30
Rajasthan,Jaisalmer,Street Food,Pav Bhaji / Chaat (Plate),95,215,,INR,76,22,2026-05-15
Rajasthan,Jaisalmer,Street Food,Fresh Fruit Juice / Soda,45,90,,INR,81,79,2026-07-02
Rajasthan,Jaisalmer,Public Facilities,Paid Public Restroom (Toilet),5,5,5,INR,91,18,2026-06-24
Rajasthan,Jaisalmer,Public Facilities,Paid Public Restroom (Bathroom),15,20,15,INR,87,15,2026-05-26
Rajasthan,Jaisalmer,Public Facilities,Purified Drinking Water Refill (20L),20,30,20,INR,87,52,2026-06-16
Rajasthan,Jaisalmer,Cultural Activities,Folk Dance / Puppet Show Ticket,250,330,250,INR,88,34,2026-06-29
Rajasthan,Jaisalmer,Cultural Activities,Sound and Light Show Ticket,130,170,135,INR,91,49,2026-06-02
Rajasthan,Jaisalmer,Rentals,Bicycle Rental (Per Day),110,335,,INR,63,74,2026-06-23
Rajasthan,Jaisalmer,Rentals,Scooter / Activa Rental (Per Day),680,1710,,INR,74,21,2026-05-20
Rajasthan,Jaisalmer,Rentals,Royal Enfield / Cruiser Rental (Per Day),1200,2740,,INR,74,82,2026-06-07
Rajasthan,Pushkar,Food,Standard Meals/Thali,160,350,,INR,78,60,2026-06-26
Rajasthan,Pushkar,Food,Local Signature Dish,190,340,,INR,80,39,2026-05-18
Rajasthan,Pushkar,Food,Breakfast Plate (Dosa/Puri/Poha),75,120,,INR,87,47,2026-05-21
Rajasthan,Pushkar,Food,Evening Snack Plate,75,135,,INR,81,68,2026-06-02
Rajasthan,Pushkar,Taxi,Airport Transfer (One-way),980,2400,980,INR,75,85,2026-05-23
Rajasthan,Pushkar,Taxi,Railway Station Pick-up,270,940,270,INR,54,98,2026-05-26
Rajasthan,Pushkar,Taxi,Sightseeing Taxi (8 Hours / 80km),2600,7925,2600,INR,62,100,2026-06-20
Rajasthan,Pushkar,Auto,Short Auto Ride (Under 3km),50,65,50,INR,86,15,2026-05-09
Rajasthan,Pushkar,Auto,Medium Auto Ride (5km),110,145,110,INR,86,13,2026-06-14
Rajasthan,Pushkar,Auto,Auto Ride (10km),190,250,190,INR,89,40,2026-06-30
Rajasthan,Pushkar,Bus,Local Bus Ticket (Short distance),20,25,20,INR,88,14,2026-05-25
Rajasthan,Pushkar,Bus,Local Bus Ticket (Long distance),55,80,55,INR,84,54,2026-05-19
Rajasthan,Pushkar,Bus,AC Volvo Intercity Bus (100km),490,550,505,INR,92,22,2026-07-02
Rajasthan,Pushkar,Train,Coolie/Porter Service (1 Luggage),100,125,100,INR,92,49,2026-05-06
Rajasthan,Pushkar,Train,Station Cloak Room Storage (24 Hours),30,40,30,INR,88,20,2026-06-02
Rajasthan,Pushkar,Train,Platform Entry Ticket,10,10,10,INR,89,10,2026-06-20
Rajasthan,Pushkar,Hotels,Budget Guest House Room (Per Night),630,1215,,INR,80,47,2026-05-23
Rajasthan,Pushkar,Hotels,3-Star Midscale Hotel Room (Per Night),3100,6290,,INR,75,24,2026-05-16
Rajasthan,Pushkar,Hotels,Luxury / Heritage Resort Room (Per Night),11200,23430,,INR,75,43,2026-06-06
Rajasthan,Pushkar,Souvenirs,Local Textile / Shawl,1000,2795,,INR,70,62,2026-05-12
Rajasthan,Pushkar,Souvenirs,Handcrafted Wooden / Clay Mug,170,490,,INR,68,32,2026-06-13
Rajasthan,Pushkar,Souvenirs,Brass / Metal Art Piece,600,1570,,INR,67,85,2026-06-29
Rajasthan,Pushkar,Souvenirs,Local Spices / Tea Pack (250g),130,460,,INR,55,95,2026-05-30
Rajasthan,Pushkar,Attractions,Historical Monument Entry (Indian Citizen),35,95,35,INR,67,75,2026-06-19
Rajasthan,Pushkar,Attractions,Historical Monument Entry (Foreigner),450,485,450,INR,94,15,2026-06-02
Rajasthan,Pushkar,Attractions,Museum Entry Ticket,75,255,75,INR,60,24,2026-06-19
Rajasthan,Pushkar,Attractions,Palace / Fort Entry Ticket,160,590,165,INR,54,136,2026-07-03
Rajasthan,Pushkar,Boat Rides,Shared Boat Ride (30 Mins),120,300,125,INR,70,46,2026-06-04
Rajasthan,Pushkar,Boat Rides,Private Chartered Boat Ride (1 Hour),560,1890,,INR,55,23,2026-06-26
Rajasthan,Pushkar,Parking,Two-Wheeler Parking (Per Hour),20,30,20,INR,87,44,2026-06-07
Rajasthan,Pushkar,Parking,Four-Wheeler Parking (Per Hour),35,40,35,INR,92,7,2026-05-19
Rajasthan,Pushkar,Parking,Tourist Spot All-Day Parking (Car),90,100,95,INR,90,6,2026-05-16
Rajasthan,Pushkar,Cafés,Traditional Filter Coffee / Tea,40,80,,INR,83,72,2026-06-27
Rajasthan,Pushkar,Cafés,Cappuccino / Latte,110,235,,INR,75,71,2026-06-15
Rajasthan,Pushkar,Cafés,Grilled Sandwich,130,275,,INR,81,70,2026-06-25
Rajasthan,Pushkar,Street Food,Pani Puri / Golgappa (6 Pcs),35,60,,INR,87,16,2026-05-16
Rajasthan,Pushkar,Street Food,Samosa / Vada Pav (Plate),30,45,,INR,89,28,2026-05-26
Rajasthan,Pushkar,Street Food,Pav Bhaji / Chaat (Plate),95,205,,INR,79,14,2026-06-04
Rajasthan,Pushkar,Street Food,Fresh Fruit Juice / Soda,35,80,,INR,80,21,2026-05-22
Rajasthan,Pushkar,Public Facilities,Paid Public Restroom (Toilet),5,5,5,INR,92,19,2026-05-22
Rajasthan,Pushkar,Public Facilities,Paid Public Restroom (Bathroom),15,20,15,INR,89,36,2026-05-14
Rajasthan,Pushkar,Public Facilities,Purified Drinking Water Refill (20L),15,20,15,INR,92,52,2026-05-27
Rajasthan,Pushkar,Cultural Activities,Folk Dance / Puppet Show Ticket,330,435,330,INR,88,33,2026-06-07
Rajasthan,Pushkar,Cultural Activities,Sound and Light Show Ticket,170,225,170,INR,87,26,2026-06-13
Rajasthan,Pushkar,Rentals,Bicycle Rental (Per Day),85,285,,INR,61,51,2026-06-15
Rajasthan,Pushkar,Rentals,Scooter / Activa Rental (Per Day),510,1450,,INR,64,102,2026-05-16
Rajasthan,Pushkar,Rentals,Royal Enfield / Cruiser Rental (Per Day),1300,3340,,INR,68,89,2026-06-20
Sikkim,Gangtok,Food,Standard Meals/Thali,100,195,,INR,82,20,2026-05-21
Sikkim,Gangtok,Food,Local Signature Dish,200,355,,INR,80,40,2026-05-17
Sikkim,Gangtok,Food,Breakfast Plate (Dosa/Puri/Poha),80,175,,INR,79,54,2026-06-18
Sikkim,Gangtok,Food,Evening Snack Plate,45,70,,INR,90,31,2026-06-15
Sikkim,Gangtok,Taxi,Airport Transfer (One-way),980,3170,1015,INR,62,59,2026-07-01
Sikkim,Gangtok,Taxi,Railway Station Pick-up,340,1070,340,INR,59,62,2026-06-12
Sikkim,Gangtok,Taxi,Sightseeing Taxi (8 Hours / 80km),3100,9685,3210,INR,66,85,2026-06-01
Sikkim,Gangtok,Auto,Short Auto Ride (Under 3km),65,85,70,INR,94,29,2026-06-26
Sikkim,Gangtok,Auto,Medium Auto Ride (5km),80,105,80,INR,90,7,2026-06-22
Sikkim,Gangtok,Auto,Auto Ride (10km),170,225,170,INR,90,24,2026-05-23
Sikkim,Gangtok,Bus,Local Bus Ticket (Short distance),25,35,25,INR,91,20,2026-05-05
Sikkim,Gangtok,Bus,Local Bus Ticket (Long distance),45,50,45,INR,96,23,2026-06-24
Sikkim,Gangtok,Bus,AC Volvo Intercity Bus (100km),510,685,510,INR,93,49,2026-06-12
Sikkim,Gangtok,Train,Coolie/Porter Service (1 Luggage),120,160,120,INR,92,23,2026-07-03
Sikkim,Gangtok,Train,Station Cloak Room Storage (24 Hours),30,35,30,INR,91,37,2026-06-02
Sikkim,Gangtok,Train,Platform Entry Ticket,10,15,10,INR,92,50,2026-05-22
Sikkim,Gangtok,Hotels,Budget Guest House Room (Per Night),1200,2295,,INR,79,70,2026-06-29
Sikkim,Gangtok,Hotels,3-Star Midscale Hotel Room (Per Night),2300,3725,,INR,85,34,2026-06-01
Sikkim,Gangtok,Hotels,Luxury / Heritage Resort Room (Per Night),9800,18700,,INR,82,16,2026-06-29
Sikkim,Gangtok,Souvenirs,Local Textile / Shawl,1300,4680,,INR,59,68,2026-06-18
Sikkim,Gangtok,Souvenirs,Handcrafted Wooden / Clay Mug,220,545,,INR,76,51,2026-05-14
Sikkim,Gangtok,Souvenirs,Brass / Metal Art Piece,610,2065,,INR,57,81,2026-06-08
Sikkim,Gangtok,Souvenirs,Local Spices / Tea Pack (250g),240,605,,INR,70,23,2026-06-16
Sikkim,Gangtok,Attractions,Historical Monument Entry (Indian Citizen),50,170,50,INR,58,112,2026-05-16
Sikkim,Gangtok,Attractions,Historical Monument Entry (Foreigner),630,680,630,INR,94,38,2026-05-06
Sikkim,Gangtok,Attractions,Museum Entry Ticket,110,420,110,INR,52,21,2026-06-23
Sikkim,Gangtok,Attractions,Palace / Fort Entry Ticket,190,765,195,INR,52,101,2026-05-29
Sikkim,Gangtok,Boat Rides,Shared Boat Ride (30 Mins),160,570,160,INR,57,35,2026-05-15
Sikkim,Gangtok,Boat Rides,Private Chartered Boat Ride (1 Hour),1700,5270,,INR,64,111,2026-06-23
Sikkim,Gangtok,Parking,Two-Wheeler Parking (Per Hour),15,15,15,INR,90,33,2026-06-04
Sikkim,Gangtok,Parking,Four-Wheeler Parking (Per Hour),25,25,25,INR,94,19,2026-06-14
Sikkim,Gangtok,Parking,Tourist Spot All-Day Parking (Car),65,95,65,INR,88,53,2026-05-14
Sikkim,Gangtok,Cafés,Traditional Filter Coffee / Tea,40,90,,INR,78,82,2026-05-18
Sikkim,Gangtok,Cafés,Cappuccino / Latte,160,285,,INR,80,34,2026-06-17
Sikkim,Gangtok,Cafés,Grilled Sandwich,160,255,,INR,89,31,2026-05-15
Sikkim,Gangtok,Street Food,Pani Puri / Golgappa (6 Pcs),25,45,,INR,83,43,2026-06-30
Sikkim,Gangtok,Street Food,Samosa / Vada Pav (Plate),30,50,,INR,82,60,2026-05-28
Sikkim,Gangtok,Street Food,Pav Bhaji / Chaat (Plate),95,185,,INR,83,61,2026-06-06
Sikkim,Gangtok,Street Food,Fresh Fruit Juice / Soda,50,100,,INR,84,14,2026-05-27
Sikkim,Gangtok,Public Facilities,Paid Public Restroom (Toilet),2,0,2,INR,89,31,2026-05-18
Sikkim,Gangtok,Public Facilities,Paid Public Restroom (Bathroom),15,20,15,INR,89,23,2026-06-13
Sikkim,Gangtok,Public Facilities,Purified Drinking Water Refill (20L),20,25,20,INR,92,37,2026-06-29
Sikkim,Gangtok,Cultural Activities,Folk Dance / Puppet Show Ticket,140,185,140,INR,87,33,2026-06-25
Sikkim,Gangtok,Cultural Activities,Sound and Light Show Ticket,150,200,155,INR,90,12,2026-06-02
Sikkim,Gangtok,Rentals,Bicycle Rental (Per Day),85,210,,INR,74,13,2026-06-27
Sikkim,Gangtok,Rentals,Scooter / Activa Rental (Per Day),530,1905,,INR,59,58,2026-06-28
Sikkim,Gangtok,Rentals,Royal Enfield / Cruiser Rental (Per Day),1100,3865,,INR,55,47,2026-06-18
Sikkim,Namchi,Food,Standard Meals/Thali,130,230,,INR,84,59,2026-07-01
Sikkim,Namchi,Food,Local Signature Dish,260,420,,INR,88,45,2026-06-01
Sikkim,Namchi,Food,Breakfast Plate (Dosa/Puri/Poha),60,105,,INR,84,33,2026-05-24
Sikkim,Namchi,Food,Evening Snack Plate,55,115,,INR,79,18,2026-05-06
Sikkim,Namchi,Taxi,Airport Transfer (One-way),950,2460,960,INR,72,97,2026-05-09
Sikkim,Namchi,Taxi,Railway Station Pick-up,250,875,250,INR,58,72,2026-05-16
Sikkim,Namchi,Taxi,Sightseeing Taxi (8 Hours / 80km),2600,5960,2650,INR,75,14,2026-06-25
Sikkim,Namchi,Auto,Short Auto Ride (Under 3km),65,85,70,INR,92,11,2026-05-28
Sikkim,Namchi,Auto,Medium Auto Ride (5km),95,125,95,INR,87,8,2026-06-03
Sikkim,Namchi,Auto,Auto Ride (10km),190,250,190,INR,88,14,2026-05-14
Sikkim,Namchi,Bus,Local Bus Ticket (Short distance),10,10,10,INR,95,15,2026-06-26
Sikkim,Namchi,Bus,Local Bus Ticket (Long distance),30,40,30,INR,93,37,2026-06-21
Sikkim,Namchi,Bus,AC Volvo Intercity Bus (100km),460,540,460,INR,89,34,2026-06-09
Sikkim,Namchi,Train,Coolie/Porter Service (1 Luggage),95,135,95,INR,92,55,2026-07-02
Sikkim,Namchi,Train,Station Cloak Room Storage (24 Hours),40,45,40,INR,92,25,2026-06-03
Sikkim,Namchi,Train,Platform Entry Ticket,10,15,10,INR,91,30,2026-06-16
Sikkim,Namchi,Hotels,Budget Guest House Room (Per Night),1300,2270,,INR,87,12,2026-06-24
Sikkim,Namchi,Hotels,3-Star Midscale Hotel Room (Per Night),2100,4735,,INR,75,52,2026-05-22
Sikkim,Namchi,Hotels,Luxury / Heritage Resort Room (Per Night),12900,23080,,INR,83,33,2026-05-18
Sikkim,Namchi,Souvenirs,Local Textile / Shawl,1300,4815,,INR,53,21,2026-05-14
Sikkim,Namchi,Souvenirs,Handcrafted Wooden / Clay Mug,180,575,,INR,60,58,2026-05-12
Sikkim,Namchi,Souvenirs,Brass / Metal Art Piece,900,2605,,INR,69,18,2026-06-20
Sikkim,Namchi,Souvenirs,Local Spices / Tea Pack (250g),290,1050,,INR,56,80,2026-06-22
Sikkim,Namchi,Attractions,Historical Monument Entry (Indian Citizen),40,125,40,INR,59,64,2026-06-24
Sikkim,Namchi,Attractions,Historical Monument Entry (Foreigner),470,510,485,INR,91,42,2026-06-25
Sikkim,Namchi,Attractions,Museum Entry Ticket,75,290,75,INR,50,120,2026-06-16
Sikkim,Namchi,Attractions,Palace / Fort Entry Ticket,100,215,100,INR,75,61,2026-07-02
Sikkim,Namchi,Boat Rides,Shared Boat Ride (30 Mins),160,390,165,INR,72,59,2026-06-15
Sikkim,Namchi,Boat Rides,Private Chartered Boat Ride (1 Hour),1700,5940,,INR,57,32,2026-06-20
Sikkim,Namchi,Parking,Two-Wheeler Parking (Per Hour),15,15,15,INR,93,18,2026-05-27
Sikkim,Namchi,Parking,Four-Wheeler Parking (Per Hour),25,35,25,INR,91,7,2026-05-14
Sikkim,Namchi,Parking,Tourist Spot All-Day Parking (Car),75,90,75,INR,93,16,2026-06-29
Sikkim,Namchi,Cafés,Traditional Filter Coffee / Tea,20,45,,INR,78,13,2026-05-19
Sikkim,Namchi,Cafés,Cappuccino / Latte,190,420,,INR,73,15,2026-05-22
Sikkim,Namchi,Cafés,Grilled Sandwich,170,260,,INR,85,25,2026-06-27
Sikkim,Namchi,Street Food,Pani Puri / Golgappa (6 Pcs),30,60,,INR,82,11,2026-06-17
Sikkim,Namchi,Street Food,Samosa / Vada Pav (Plate),30,55,,INR,79,47,2026-06-16
Sikkim,Namchi,Street Food,Pav Bhaji / Chaat (Plate),55,90,,INR,82,43,2026-05-14
Sikkim,Namchi,Street Food,Fresh Fruit Juice / Soda,30,65,,INR,77,16,2026-06-20
Sikkim,Namchi,Public Facilities,Paid Public Restroom (Toilet),5,5,5,INR,89,40,2026-05-08
Sikkim,Namchi,Public Facilities,Paid Public Restroom (Bathroom),15,20,15,INR,94,48,2026-06-15
Sikkim,Namchi,Public Facilities,Purified Drinking Water Refill (20L),20,25,20,INR,93,7,2026-05-24
Sikkim,Namchi,Cultural Activities,Folk Dance / Puppet Show Ticket,260,345,260,INR,92,46,2026-05-22
Sikkim,Namchi,Cultural Activities,Sound and Light Show Ticket,150,200,150,INR,86,9,2026-06-07
Sikkim,Namchi,Rentals,Bicycle Rental (Per Day),80,245,,INR,65,43,2026-06-19
Sikkim,Namchi,Rentals,Scooter / Activa Rental (Per Day),460,1180,,INR,73,69,2026-06-25
Sikkim,Namchi,Rentals,Royal Enfield / Cruiser Rental (Per Day),1100,3795,,INR,60,39,2026-06-03
Sikkim,Pelling,Food,Standard Meals/Thali,140,255,,INR,83,53,2026-05-14
Sikkim,Pelling,Food,Local Signature Dish,240,395,,INR,82,44,2026-06-30
Sikkim,Pelling,Food,Breakfast Plate (Dosa/Puri/Poha),55,95,,INR,84,52,2026-05-08
Sikkim,Pelling,Food,Evening Snack Plate,35,65,,INR,81,67,2026-06-30
Sikkim,Pelling,Taxi,Airport Transfer (One-way),1000,2875,1050,INR,67,74,2026-05-20
Sikkim,Pelling,Taxi,Railway Station Pick-up,300,955,300,INR,59,41,2026-07-01
Sikkim,Pelling,Taxi,Sightseeing Taxi (8 Hours / 80km),2200,5020,2305,INR,75,82,2026-06-17
Sikkim,Pelling,Auto,Short Auto Ride (Under 3km),80,105,80,INR,92,10,2026-06-05
Sikkim,Pelling,Auto,Medium Auto Ride (5km),110,145,115,INR,92,30,2026-05-16
Sikkim,Pelling,Auto,Auto Ride (10km),220,290,220,INR,93,25,2026-05-05
Sikkim,Pelling,Bus,Local Bus Ticket (Short distance),25,35,25,INR,92,40,2026-05-17
Sikkim,Pelling,Bus,Local Bus Ticket (Long distance),30,35,30,INR,89,24,2026-05-30
Sikkim,Pelling,Bus,AC Volvo Intercity Bus (100km),460,650,460,INR,89,45,2026-06-07
Sikkim,Pelling,Train,Coolie/Porter Service (1 Luggage),160,235,165,INR,88,19,2026-06-19
Sikkim,Pelling,Train,Station Cloak Room Storage (24 Hours),40,50,40,INR,94,18,2026-06-13
Sikkim,Pelling,Train,Platform Entry Ticket,10,15,10,INR,91,20,2026-06-23
Sikkim,Pelling,Hotels,Budget Guest House Room (Per Night),930,2005,,INR,79,40,2026-06-20
Sikkim,Pelling,Hotels,3-Star Midscale Hotel Room (Per Night),3700,7525,,INR,76,40,2026-06-08
Sikkim,Pelling,Hotels,Luxury / Heritage Resort Room (Per Night),7800,15105,,INR,83,66,2026-05-17
Sikkim,Pelling,Souvenirs,Local Textile / Shawl,510,1185,,INR,76,43,2026-05-05
Sikkim,Pelling,Souvenirs,Handcrafted Wooden / Clay Mug,150,355,,INR,72,88,2026-06-14
Sikkim,Pelling,Souvenirs,Brass / Metal Art Piece,900,2210,,INR,71,70,2026-05-11
Sikkim,Pelling,Souvenirs,Local Spices / Tea Pack (250g),310,905,,INR,69,83,2026-06-16
Sikkim,Pelling,Attractions,Historical Monument Entry (Indian Citizen),25,85,25,INR,61,41,2026-06-20
Sikkim,Pelling,Attractions,Historical Monument Entry (Foreigner),370,400,375,INR,94,41,2026-06-16
Sikkim,Pelling,Attractions,Museum Entry Ticket,110,335,110,INR,67,42,2026-05-20
Sikkim,Pelling,Attractions,Palace / Fort Entry Ticket,80,255,85,INR,58,35,2026-06-06
Sikkim,Pelling,Boat Rides,Shared Boat Ride (30 Mins),100,325,105,INR,61,70,2026-06-09
Sikkim,Pelling,Boat Rides,Private Chartered Boat Ride (1 Hour),1400,3985,,INR,70,20,2026-05-06
Sikkim,Pelling,Parking,Two-Wheeler Parking (Per Hour),20,25,20,INR,89,16,2026-05-31
Sikkim,Pelling,Parking,Four-Wheeler Parking (Per Hour),30,35,30,INR,94,31,2026-06-08
Sikkim,Pelling,Parking,Tourist Spot All-Day Parking (Car),80,90,80,INR,89,18,2026-05-20
Sikkim,Pelling,Cafés,Traditional Filter Coffee / Tea,30,55,,INR,80,12,2026-06-02
Sikkim,Pelling,Cafés,Cappuccino / Latte,140,290,,INR,77,25,2026-07-02
Sikkim,Pelling,Cafés,Grilled Sandwich,75,160,,INR,78,83,2026-06-07
Sikkim,Pelling,Street Food,Pani Puri / Golgappa (6 Pcs),30,60,,INR,78,10,2026-06-30
Sikkim,Pelling,Street Food,Samosa / Vada Pav (Plate),25,50,,INR,78,70,2026-05-06
Sikkim,Pelling,Street Food,Pav Bhaji / Chaat (Plate),70,125,,INR,85,18,2026-06-29
Sikkim,Pelling,Street Food,Fresh Fruit Juice / Soda,40,75,,INR,84,49,2026-07-01
Sikkim,Pelling,Public Facilities,Paid Public Restroom (Toilet),5,5,5,INR,86,40,2026-05-20
Sikkim,Pelling,Public Facilities,Paid Public Restroom (Bathroom),10,10,10,INR,92,9,2026-05-05
Sikkim,Pelling,Public Facilities,Purified Drinking Water Refill (20L),20,20,20,INR,96,7,2026-05-07
Sikkim,Pelling,Cultural Activities,Folk Dance / Puppet Show Ticket,120,160,120,INR,90,47,2026-05-23
Sikkim,Pelling,Cultural Activities,Sound and Light Show Ticket,160,210,165,INR,92,26,2026-05-22
Sikkim,Pelling,Rentals,Bicycle Rental (Per Day),110,370,,INR,55,22,2026-05-15
Sikkim,Pelling,Rentals,Scooter / Activa Rental (Per Day),670,2135,,INR,64,64,2026-06-19
Sikkim,Pelling,Rentals,Royal Enfield / Cruiser Rental (Per Day),1400,4230,,INR,64,66,2026-05-25
Sikkim,Lachung,Food,Standard Meals/Thali,95,180,,INR,83,54,2026-05-06
Sikkim,Lachung,Food,Local Signature Dish,250,490,,INR,79,68,2026-06-06
Sikkim,Lachung,Food,Breakfast Plate (Dosa/Puri/Poha),80,135,,INR,86,20,2026-07-01
Sikkim,Lachung,Food,Evening Snack Plate,40,80,,INR,81,50,2026-06-10
Sikkim,Lachung,Taxi,Airport Transfer (One-way),460,1430,460,INR,59,122,2026-06-01
Sikkim,Lachung,Taxi,Railway Station Pick-up,510,1795,510,INR,56,135,2026-05-06
Sikkim,Lachung,Taxi,Sightseeing Taxi (8 Hours / 80km),2900,9195,2945,INR,63,109,2026-05-13
Sikkim,Lachung,Auto,Short Auto Ride (Under 3km),80,105,80,INR,91,13,2026-05-29
Sikkim,Lachung,Auto,Medium Auto Ride (5km),140,185,140,INR,89,9,2026-05-30
Sikkim,Lachung,Auto,Auto Ride (10km),170,225,170,INR,92,45,2026-05-24
Sikkim,Lachung,Bus,Local Bus Ticket (Short distance),20,25,20,INR,92,12,2026-05-29
Sikkim,Lachung,Bus,Local Bus Ticket (Long distance),30,35,30,INR,90,24,2026-06-24
Sikkim,Lachung,Bus,AC Volvo Intercity Bus (100km),550,710,550,INR,93,40,2026-05-16
Sikkim,Lachung,Train,Coolie/Porter Service (1 Luggage),130,145,130,INR,92,23,2026-06-13
Sikkim,Lachung,Train,Station Cloak Room Storage (24 Hours),25,35,25,INR,92,20,2026-06-20
Sikkim,Lachung,Train,Platform Entry Ticket,10,10,10,INR,89,40,2026-05-08
Sikkim,Lachung,Hotels,Budget Guest House Room (Per Night),1100,1795,,INR,88,63,2026-06-25
Sikkim,Lachung,Hotels,3-Star Midscale Hotel Room (Per Night),3700,7995,,INR,74,60,2026-06-25
Sikkim,Lachung,Hotels,Luxury / Heritage Resort Room (Per Night),13200,29840,,INR,80,41,2026-06-04
Sikkim,Lachung,Souvenirs,Local Textile / Shawl,1200,4350,,INR,54,46,2026-05-09
Sikkim,Lachung,Souvenirs,Handcrafted Wooden / Clay Mug,140,510,,INR,56,97,2026-07-02
Sikkim,Lachung,Souvenirs,Brass / Metal Art Piece,560,1420,,INR,70,73,2026-06-28
Sikkim,Lachung,Souvenirs,Local Spices / Tea Pack (250g),320,1015,,INR,66,77,2026-06-09
Sikkim,Lachung,Attractions,Historical Monument Entry (Indian Citizen),35,75,35,INR,76,50,2026-05-15
Sikkim,Lachung,Attractions,Historical Monument Entry (Foreigner),350,380,350,INR,97,20,2026-06-27
Sikkim,Lachung,Attractions,Museum Entry Ticket,70,250,70,INR,58,88,2026-05-13
Sikkim,Lachung,Attractions,Palace / Fort Entry Ticket,220,480,230,INR,77,12,2026-05-29
Sikkim,Lachung,Boat Rides,Shared Boat Ride (30 Mins),85,285,85,INR,59,76,2026-05-09
Sikkim,Lachung,Boat Rides,Private Chartered Boat Ride (1 Hour),1500,5445,,INR,57,112,2026-05-29
Sikkim,Lachung,Parking,Two-Wheeler Parking (Per Hour),15,20,15,INR,93,38,2026-05-09
Sikkim,Lachung,Parking,Four-Wheeler Parking (Per Hour),40,50,40,INR,95,41,2026-05-07
Sikkim,Lachung,Parking,Tourist Spot All-Day Parking (Car),110,120,115,INR,96,16,2026-05-22
Sikkim,Lachung,Cafés,Traditional Filter Coffee / Tea,20,35,,INR,80,8,2026-05-06
Sikkim,Lachung,Cafés,Cappuccino / Latte,160,345,,INR,77,25,2026-05-08
Sikkim,Lachung,Cafés,Grilled Sandwich,120,225,,INR,81,12,2026-05-17
Sikkim,Lachung,Street Food,Pani Puri / Golgappa (6 Pcs),40,90,,INR,74,85,2026-06-30
Sikkim,Lachung,Street Food,Samosa / Vada Pav (Plate),30,50,,INR,81,37,2026-06-30
Sikkim,Lachung,Street Food,Pav Bhaji / Chaat (Plate),50,105,,INR,81,45,2026-07-02
Sikkim,Lachung,Street Food,Fresh Fruit Juice / Soda,25,45,,INR,85,26,2026-06-18
Sikkim,Lachung,Public Facilities,Paid Public Restroom (Toilet),5,5,5,INR,86,38,2026-05-16
Sikkim,Lachung,Public Facilities,Paid Public Restroom (Bathroom),15,20,15,INR,88,17,2026-05-13
Sikkim,Lachung,Public Facilities,Purified Drinking Water Refill (20L),20,30,20,INR,92,34,2026-05-31
Sikkim,Lachung,Cultural Activities,Folk Dance / Puppet Show Ticket,140,185,140,INR,89,35,2026-06-07
Sikkim,Lachung,Cultural Activities,Sound and Light Show Ticket,60,80,60,INR,92,43,2026-06-29
Sikkim,Lachung,Rentals,Bicycle Rental (Per Day),90,225,,INR,75,44,2026-05-06
Sikkim,Lachung,Rentals,Scooter / Activa Rental (Per Day),580,1545,,INR,68,88,2026-05-16
Sikkim,Lachung,Rentals,Royal Enfield / Cruiser Rental (Per Day),1100,3445,,INR,65,100,2026-06-15
Tamil Nadu,Chennai,Food,Standard Meals/Thali,110,160,,INR,91,33,2026-06-28
Tamil Nadu,Chennai,Food,Local Signature Dish,170,235,,INR,91,37,2026-06-13
Tamil Nadu,Chennai,Food,Breakfast Plate (Dosa/Puri/Poha),80,115,,INR,85,31,2026-05-28
Tamil Nadu,Chennai,Food,Evening Snack Plate,75,145,,INR,84,59,2026-05-28
Tamil Nadu,Chennai,Taxi,Airport Transfer (One-way),630,1270,655,INR,77,59,2026-06-26
Tamil Nadu,Chennai,Taxi,Railway Station Pick-up,500,1350,500,INR,70,91,2026-06-01
Tamil Nadu,Chennai,Taxi,Sightseeing Taxi (8 Hours / 80km),2800,8235,2805,INR,66,44,2026-05-08
Tamil Nadu,Chennai,Auto,Short Auto Ride (Under 3km),75,95,80,INR,94,7,2026-05-19
Tamil Nadu,Chennai,Auto,Medium Auto Ride (5km),140,175,145,INR,94,44,2026-05-10
Tamil Nadu,Chennai,Auto,Auto Ride (10km),290,360,295,INR,87,26,2026-05-26
Tamil Nadu,Chennai,Bus,Local Bus Ticket (Short distance),20,25,20,INR,96,21,2026-06-12
Tamil Nadu,Chennai,Bus,Local Bus Ticket (Long distance),45,55,45,INR,90,10,2026-05-14
Tamil Nadu,Chennai,Bus,AC Volvo Intercity Bus (100km),560,755,570,INR,92,35,2026-06-11
Tamil Nadu,Chennai,Train,Coolie/Porter Service (1 Luggage),180,235,190,INR,93,19,2026-06-03
Tamil Nadu,Chennai,Train,Station Cloak Room Storage (24 Hours),50,60,50,INR,95,9,2026-05-13
Tamil Nadu,Chennai,Train,Platform Entry Ticket,15,20,15,INR,93,42,2026-06-30
Tamil Nadu,Chennai,Hotels,Budget Guest House Room (Per Night),1300,1980,,INR,87,12,2026-05-18
Tamil Nadu,Chennai,Hotels,3-Star Midscale Hotel Room (Per Night),2400,4390,,INR,82,57,2026-06-30
Tamil Nadu,Chennai,Hotels,Luxury / Heritage Resort Room (Per Night),14900,20315,,INR,92,9,2026-05-09
Tamil Nadu,Chennai,Souvenirs,Local Textile / Shawl,1200,2930,,INR,77,26,2026-05-20
Tamil Nadu,Chennai,Souvenirs,Handcrafted Wooden / Clay Mug,270,765,,INR,65,42,2026-07-01
Tamil Nadu,Chennai,Souvenirs,Brass / Metal Art Piece,1600,3830,,INR,75,58,2026-06-14
Tamil Nadu,Chennai,Souvenirs,Local Spices / Tea Pack (250g),340,755,,INR,79,38,2026-07-03
Tamil Nadu,Chennai,Attractions,Historical Monument Entry (Indian Citizen),30,95,30,INR,66,33,2026-05-16
Tamil Nadu,Chennai,Attractions,Historical Monument Entry (Foreigner),520,550,545,INR,90,8,2026-05-08
Tamil Nadu,Chennai,Attractions,Museum Entry Ticket,50,165,50,INR,60,43,2026-05-25
Tamil Nadu,Chennai,Attractions,Palace / Fort Entry Ticket,170,350,170,INR,76,54,2026-06-12
Tamil Nadu,Chennai,Boat Rides,Shared Boat Ride (30 Mins),120,325,125,INR,72,47,2026-05-11
Tamil Nadu,Chennai,Boat Rides,Private Chartered Boat Ride (1 Hour),1200,3145,,INR,68,68,2026-06-07
Tamil Nadu,Chennai,Parking,Two-Wheeler Parking (Per Hour),15,20,15,INR,89,46,2026-06-23
Tamil Nadu,Chennai,Parking,Four-Wheeler Parking (Per Hour),65,70,65,INR,92,42,2026-05-14
Tamil Nadu,Chennai,Parking,Tourist Spot All-Day Parking (Car),130,150,130,INR,89,41,2026-05-19
Tamil Nadu,Chennai,Cafés,Traditional Filter Coffee / Tea,45,70,,INR,89,23,2026-06-16
Tamil Nadu,Chennai,Cafés,Cappuccino / Latte,240,415,,INR,85,24,2026-06-27
Tamil Nadu,Chennai,Cafés,Grilled Sandwich,190,295,,INR,83,51,2026-06-11
Tamil Nadu,Chennai,Street Food,Pani Puri / Golgappa (6 Pcs),40,65,,INR,84,62,2026-06-28
Tamil Nadu,Chennai,Street Food,Samosa / Vada Pav (Plate),35,65,,INR,85,51,2026-05-25
Tamil Nadu,Chennai,Street Food,Pav Bhaji / Chaat (Plate),85,145,,INR,88,48,2026-05-09
Tamil Nadu,Chennai,Street Food,Fresh Fruit Juice / Soda,40,55,,INR,93,51,2026-06-03
Tamil Nadu,Chennai,Public Facilities,Paid Public Restroom (Toilet),5,5,5,INR,93,42,2026-05-24
Tamil Nadu,Chennai,Public Facilities,Paid Public Restroom (Bathroom),15,15,15,INR,89,30,2026-06-22
Tamil Nadu,Chennai,Public Facilities,Purified Drinking Water Refill (20L),20,25,20,INR,90,32,2026-06-21
Tamil Nadu,Chennai,Cultural Activities,Folk Dance / Puppet Show Ticket,240,300,245,INR,93,29,2026-06-22
Tamil Nadu,Chennai,Cultural Activities,Sound and Light Show Ticket,150,185,155,INR,90,49,2026-06-20
Tamil Nadu,Chennai,Rentals,Bicycle Rental (Per Day),90,255,,INR,70,20,2026-06-11
Tamil Nadu,Chennai,Rentals,Scooter / Activa Rental (Per Day),630,1735,,INR,68,39,2026-06-02
Tamil Nadu,Chennai,Rentals,Royal Enfield / Cruiser Rental (Per Day),1800,4540,,INR,74,62,2026-06-14
Tamil Nadu,Madurai,Food,Standard Meals/Thali,210,400,,INR,80,37,2026-07-02
Tamil Nadu,Madurai,Food,Local Signature Dish,280,550,,INR,77,69,2026-06-05
Tamil Nadu,Madurai,Food,Breakfast Plate (Dosa/Puri/Poha),45,80,,INR,82,56,2026-05-22
Tamil Nadu,Madurai,Food,Evening Snack Plate,45,70,,INR,85,8,2026-05-13
Tamil Nadu,Madurai,Taxi,Airport Transfer (One-way),840,2340,840,INR,68,92,2026-06-07
Tamil Nadu,Madurai,Taxi,Railway Station Pick-up,470,1115,480,INR,70,21,2026-05-17
Tamil Nadu,Madurai,Taxi,Sightseeing Taxi (8 Hours / 80km),3100,7965,3165,INR,70,88,2026-06-23
Tamil Nadu,Madurai,Auto,Short Auto Ride (Under 3km),55,75,55,INR,88,26,2026-06-08
Tamil Nadu,Madurai,Auto,Medium Auto Ride (5km),95,125,100,INR,87,19,2026-05-06
Tamil Nadu,Madurai,Auto,Auto Ride (10km),200,265,200,INR,93,26,2026-05-30
Tamil Nadu,Madurai,Bus,Local Bus Ticket (Short distance),10,10,10,INR,95,21,2026-06-23
Tamil Nadu,Madurai,Bus,Local Bus Ticket (Long distance),35,40,35,INR,89,24,2026-06-04
Tamil Nadu,Madurai,Bus,AC Volvo Intercity Bus (100km),400,545,415,INR,89,41,2026-06-23
Tamil Nadu,Madurai,Train,Coolie/Porter Service (1 Luggage),100,125,100,INR,90,49,2026-05-29
Tamil Nadu,Madurai,Train,Station Cloak Room Storage (24 Hours),35,40,35,INR,94,42,2026-06-07
Tamil Nadu,Madurai,Train,Platform Entry Ticket,10,10,10,INR,91,10,2026-06-19
Tamil Nadu,Madurai,Hotels,Budget Guest House Room (Per Night),620,1025,,INR,88,58,2026-06-18
Tamil Nadu,Madurai,Hotels,3-Star Midscale Hotel Room (Per Night),3600,6370,,INR,82,24,2026-05-15
Tamil Nadu,Madurai,Hotels,Luxury / Heritage Resort Room (Per Night),6800,13440,,INR,81,36,2026-06-28
Tamil Nadu,Madurai,Souvenirs,Local Textile / Shawl,950,2265,,INR,70,42,2026-06-15
Tamil Nadu,Madurai,Souvenirs,Handcrafted Wooden / Clay Mug,260,815,,INR,62,105,2026-06-22
Tamil Nadu,Madurai,Souvenirs,Brass / Metal Art Piece,750,2145,,INR,68,55,2026-06-12
Tamil Nadu,Madurai,Souvenirs,Local Spices / Tea Pack (250g),190,520,,INR,68,24,2026-05-22
Tamil Nadu,Madurai,Attractions,Historical Monument Entry (Indian Citizen),35,85,35,INR,69,24,2026-06-11
Tamil Nadu,Madurai,Attractions,Historical Monument Entry (Foreigner),650,700,650,INR,94,28,2026-05-08
Tamil Nadu,Madurai,Attractions,Museum Entry Ticket,40,130,40,INR,63,77,2026-05-09
Tamil Nadu,Madurai,Attractions,Palace / Fort Entry Ticket,210,810,215,INR,51,111,2026-05-09
Tamil Nadu,Madurai,Boat Rides,Shared Boat Ride (30 Mins),160,440,160,INR,67,59,2026-05-22
Tamil Nadu,Madurai,Boat Rides,Private Chartered Boat Ride (1 Hour),1200,2905,,INR,77,60,2026-05-17
Tamil Nadu,Madurai,Parking,Two-Wheeler Parking (Per Hour),15,20,15,INR,93,21,2026-05-27
Tamil Nadu,Madurai,Parking,Four-Wheeler Parking (Per Hour),55,60,55,INR,96,21,2026-06-19
Tamil Nadu,Madurai,Parking,Tourist Spot All-Day Parking (Car),100,120,100,INR,94,36,2026-05-12
Tamil Nadu,Madurai,Cafés,Traditional Filter Coffee / Tea,15,25,,INR,84,18,2026-06-20
Tamil Nadu,Madurai,Cafés,Cappuccino / Latte,170,255,,INR,90,15,2026-06-16
Tamil Nadu,Madurai,Cafés,Grilled Sandwich,170,325,,INR,79,74,2026-05-26
Tamil Nadu,Madurai,Street Food,Pani Puri / Golgappa (6 Pcs),25,50,,INR,82,38,2026-05-14
Tamil Nadu,Madurai,Street Food,Samosa / Vada Pav (Plate),20,40,,INR,81,68,2026-05-07
Tamil Nadu,Madurai,Street Food,Pav Bhaji / Chaat (Plate),55,80,,INR,83,30,2026-05-24
Tamil Nadu,Madurai,Street Food,Fresh Fruit Juice / Soda,35,75,,INR,75,41,2026-05-12
Tamil Nadu,Madurai,Public Facilities,Paid Public Restroom (Toilet),5,5,5,INR,91,19,2026-06-07
Tamil Nadu,Madurai,Public Facilities,Paid Public Restroom (Bathroom),15,20,15,INR,93,54,2026-06-29
Tamil Nadu,Madurai,Public Facilities,Purified Drinking Water Refill (20L),15,15,15,INR,90,11,2026-05-31
Tamil Nadu,Madurai,Cultural Activities,Folk Dance / Puppet Show Ticket,120,160,120,INR,87,34,2026-06-21
Tamil Nadu,Madurai,Cultural Activities,Sound and Light Show Ticket,150,200,150,INR,88,42,2026-06-04
Tamil Nadu,Madurai,Rentals,Bicycle Rental (Per Day),90,260,,INR,66,16,2026-05-27
Tamil Nadu,Madurai,Rentals,Scooter / Activa Rental (Per Day),450,1655,,INR,55,111,2026-05-26
Tamil Nadu,Madurai,Rentals,Royal Enfield / Cruiser Rental (Per Day),1600,5250,,INR,63,89,2026-06-23
Tamil Nadu,Ooty,Food,Standard Meals/Thali,120,245,,INR,81,51,2026-05-27
Tamil Nadu,Ooty,Food,Local Signature Dish,130,240,,INR,81,45,2026-05-21
Tamil Nadu,Ooty,Food,Breakfast Plate (Dosa/Puri/Poha),45,85,,INR,81,71,2026-05-22
Tamil Nadu,Ooty,Food,Evening Snack Plate,75,130,,INR,84,32,2026-06-22
Tamil Nadu,Ooty,Taxi,Airport Transfer (One-way),480,1255,480,INR,68,42,2026-06-13
Tamil Nadu,Ooty,Taxi,Railway Station Pick-up,230,850,240,INR,56,109,2026-06-17
Tamil Nadu,Ooty,Taxi,Sightseeing Taxi (8 Hours / 80km),2600,6740,2600,INR,68,22,2026-06-24
Tamil Nadu,Ooty,Auto,Short Auto Ride (Under 3km),65,85,70,INR,87,40,2026-06-21
Tamil Nadu,Ooty,Auto,Medium Auto Ride (5km),80,105,80,INR,91,39,2026-06-18
Tamil Nadu,Ooty,Auto,Auto Ride (10km),150,200,150,INR,92,32,2026-05-28
Tamil Nadu,Ooty,Bus,Local Bus Ticket (Short distance),20,25,20,INR,88,44,2026-05-25
Tamil Nadu,Ooty,Bus,Local Bus Ticket (Long distance),50,70,50,INR,90,37,2026-05-15
Tamil Nadu,Ooty,Bus,AC Volvo Intercity Bus (100km),560,665,560,INR,88,20,2026-05-15
Tamil Nadu,Ooty,Train,Coolie/Porter Service (1 Luggage),100,120,100,INR,95,14,2026-06-23
Tamil Nadu,Ooty,Train,Station Cloak Room Storage (24 Hours),35,45,35,INR,94,38,2026-06-04
Tamil Nadu,Ooty,Train,Platform Entry Ticket,10,15,10,INR,94,18,2026-06-29
Tamil Nadu,Ooty,Hotels,Budget Guest House Room (Per Night),1200,1900,,INR,90,29,2026-06-09
Tamil Nadu,Ooty,Hotels,3-Star Midscale Hotel Room (Per Night),2300,3890,,INR,83,58,2026-05-21
Tamil Nadu,Ooty,Hotels,Luxury / Heritage Resort Room (Per Night),6400,11800,,INR,81,38,2026-05-22
Tamil Nadu,Ooty,Souvenirs,Local Textile / Shawl,990,2670,,INR,67,72,2026-06-02
Tamil Nadu,Ooty,Souvenirs,Handcrafted Wooden / Clay Mug,140,375,,INR,66,57,2026-05-07
Tamil Nadu,Ooty,Souvenirs,Brass / Metal Art Piece,510,1850,,INR,53,60,2026-06-02
Tamil Nadu,Ooty,Souvenirs,Local Spices / Tea Pack (250g),170,475,,INR,66,30,2026-06-08
Tamil Nadu,Ooty,Attractions,Historical Monument Entry (Indian Citizen),50,165,50,INR,59,72,2026-05-05
Tamil Nadu,Ooty,Attractions,Historical Monument Entry (Foreigner),470,510,470,INR,92,23,2026-05-25
Tamil Nadu,Ooty,Attractions,Museum Entry Ticket,15,30,15,INR,82,27,2026-05-24
Tamil Nadu,Ooty,Attractions,Palace / Fort Entry Ticket,190,600,190,INR,65,30,2026-05-19
Tamil Nadu,Ooty,Boat Rides,Shared Boat Ride (30 Mins),95,250,95,INR,70,73,2026-06-04
Tamil Nadu,Ooty,Boat Rides,Private Chartered Boat Ride (1 Hour),1000,3475,,INR,54,81,2026-06-07
Tamil Nadu,Ooty,Parking,Two-Wheeler Parking (Per Hour),10,15,10,INR,93,12,2026-06-10
Tamil Nadu,Ooty,Parking,Four-Wheeler Parking (Per Hour),40,50,40,INR,86,39,2026-06-11
Tamil Nadu,Ooty,Parking,Tourist Spot All-Day Parking (Car),95,140,100,INR,89,40,2026-06-30
Tamil Nadu,Ooty,Cafés,Traditional Filter Coffee / Tea,35,75,,INR,80,36,2026-06-01
Tamil Nadu,Ooty,Cafés,Cappuccino / Latte,110,235,,INR,80,75,2026-06-29
Tamil Nadu,Ooty,Cafés,Grilled Sandwich,160,295,,INR,85,32,2026-05-11
Tamil Nadu,Ooty,Street Food,Pani Puri / Golgappa (6 Pcs),25,55,,INR,82,60,2026-06-28
Tamil Nadu,Ooty,Street Food,Samosa / Vada Pav (Plate),20,30,,INR,86,26,2026-06-01
Tamil Nadu,Ooty,Street Food,Pav Bhaji / Chaat (Plate),90,195,,INR,75,54,2026-05-07
Tamil Nadu,Ooty,Street Food,Fresh Fruit Juice / Soda,30,50,,INR,88,51,2026-06-26
Tamil Nadu,Ooty,Public Facilities,Paid Public Restroom (Toilet),5,5,5,INR,96,40,2026-06-22
Tamil Nadu,Ooty,Public Facilities,Paid Public Restroom (Bathroom),15,15,15,INR,94,7,2026-06-11
Tamil Nadu,Ooty,Public Facilities,Purified Drinking Water Refill (20L),20,30,20,INR,89,11,2026-06-07
Tamil Nadu,Ooty,Cultural Activities,Folk Dance / Puppet Show Ticket,170,225,175,INR,88,45,2026-06-21
Tamil Nadu,Ooty,Cultural Activities,Sound and Light Show Ticket,85,110,85,INR,86,47,2026-06-26
Tamil Nadu,Ooty,Rentals,Bicycle Rental (Per Day),70,235,,INR,57,67,2026-06-13
Tamil Nadu,Ooty,Rentals,Scooter / Activa Rental (Per Day),510,1555,,INR,63,41,2026-06-06
Tamil Nadu,Ooty,Rentals,Royal Enfield / Cruiser Rental (Per Day),1300,4135,,INR,61,81,2026-06-18
Tamil Nadu,Coimbatore,Food,Standard Meals/Thali,130,215,,INR,83,38,2026-05-31
Tamil Nadu,Coimbatore,Food,Local Signature Dish,140,215,,INR,89,50,2026-05-07
Tamil Nadu,Coimbatore,Food,Breakfast Plate (Dosa/Puri/Poha),50,70,,INR,88,23,2026-06-30
Tamil Nadu,Coimbatore,Food,Evening Snack Plate,55,80,,INR,85,18,2026-05-30
Tamil Nadu,Coimbatore,Taxi,Airport Transfer (One-way),600,1330,605,INR,77,78,2026-06-20
Tamil Nadu,Coimbatore,Taxi,Railway Station Pick-up,210,470,210,INR,76,18,2026-05-06
Tamil Nadu,Coimbatore,Taxi,Sightseeing Taxi (8 Hours / 80km),2200,3970,2200,INR,81,63,2026-06-28
Tamil Nadu,Coimbatore,Auto,Short Auto Ride (Under 3km),40,45,40,INR,93,39,2026-06-05
Tamil Nadu,Coimbatore,Auto,Medium Auto Ride (5km),70,80,70,INR,89,42,2026-05-08
Tamil Nadu,Coimbatore,Auto,Auto Ride (10km),130,150,130,INR,89,8,2026-06-09
Tamil Nadu,Coimbatore,Bus,Local Bus Ticket (Short distance),10,10,10,INR,93,30,2026-05-10
Tamil Nadu,Coimbatore,Bus,Local Bus Ticket (Long distance),30,35,30,INR,87,34,2026-06-02
Tamil Nadu,Coimbatore,Bus,AC Volvo Intercity Bus (100km),300,320,310,INR,92,27,2026-06-15
Tamil Nadu,Coimbatore,Train,Coolie/Porter Service (1 Luggage),120,130,120,INR,93,35,2026-05-31
Tamil Nadu,Coimbatore,Train,Station Cloak Room Storage (24 Hours),30,35,30,INR,92,18,2026-06-27
Tamil Nadu,Coimbatore,Train,Platform Entry Ticket,10,10,10,INR,91,27,2026-05-22
Tamil Nadu,Coimbatore,Hotels,Budget Guest House Room (Per Night),680,1070,,INR,88,52,2026-05-20
Tamil Nadu,Coimbatore,Hotels,3-Star Midscale Hotel Room (Per Night),3000,4680,,INR,90,42,2026-05-19
Tamil Nadu,Coimbatore,Hotels,Luxury / Heritage Resort Room (Per Night),9200,14960,,INR,86,34,2026-05-20
Tamil Nadu,Coimbatore,Souvenirs,Local Textile / Shawl,490,910,,INR,84,34,2026-05-08
Tamil Nadu,Coimbatore,Souvenirs,Handcrafted Wooden / Clay Mug,210,450,,INR,82,19,2026-06-17
Tamil Nadu,Coimbatore,Souvenirs,Brass / Metal Art Piece,520,1110,,INR,77,13,2026-06-05
Tamil Nadu,Coimbatore,Souvenirs,Local Spices / Tea Pack (250g),210,410,,INR,78,11,2026-05-09
Tamil Nadu,Coimbatore,Attractions,Historical Monument Entry (Indian Citizen),20,45,20,INR,77,46,2026-06-07
Tamil Nadu,Coimbatore,Attractions,Historical Monument Entry (Foreigner),320,335,320,INR,96,29,2026-05-08
Tamil Nadu,Coimbatore,Attractions,Museum Entry Ticket,35,55,35,INR,84,18,2026-06-22
Tamil Nadu,Coimbatore,Attractions,Palace / Fort Entry Ticket,100,175,100,INR,85,64,2026-05-30
Tamil Nadu,Coimbatore,Boat Rides,Shared Boat Ride (30 Mins),120,295,120,INR,70,79,2026-06-27
Tamil Nadu,Coimbatore,Boat Rides,Private Chartered Boat Ride (1 Hour),960,2310,,INR,70,59,2026-06-27
Tamil Nadu,Coimbatore,Parking,Two-Wheeler Parking (Per Hour),15,20,15,INR,91,37,2026-05-10
Tamil Nadu,Coimbatore,Parking,Four-Wheeler Parking (Per Hour),40,45,40,INR,97,28,2026-06-06
Tamil Nadu,Coimbatore,Parking,Tourist Spot All-Day Parking (Car),80,90,80,INR,94,31,2026-05-30
Tamil Nadu,Coimbatore,Cafés,Traditional Filter Coffee / Tea,35,55,,INR,83,44,2026-07-03
Tamil Nadu,Coimbatore,Cafés,Cappuccino / Latte,90,140,,INR,88,36,2026-06-27
Tamil Nadu,Coimbatore,Cafés,Grilled Sandwich,85,130,,INR,88,56,2026-05-06
Tamil Nadu,Coimbatore,Street Food,Pani Puri / Golgappa (6 Pcs),30,45,,INR,90,43,2026-05-14
Tamil Nadu,Coimbatore,Street Food,Samosa / Vada Pav (Plate),15,20,,INR,86,9,2026-06-25
Tamil Nadu,Coimbatore,Street Food,Pav Bhaji / Chaat (Plate),65,95,,INR,83,33,2026-06-23
Tamil Nadu,Coimbatore,Street Food,Fresh Fruit Juice / Soda,35,55,,INR,82,35,2026-05-20
Tamil Nadu,Coimbatore,Public Facilities,Paid Public Restroom (Toilet),2,0,2,INR,92,5,2026-05-14
Tamil Nadu,Coimbatore,Public Facilities,Paid Public Restroom (Bathroom),10,15,10,INR,92,46,2026-05-20
Tamil Nadu,Coimbatore,Public Facilities,Purified Drinking Water Refill (20L),10,10,10,INR,95,46,2026-06-19
Tamil Nadu,Coimbatore,Cultural Activities,Folk Dance / Puppet Show Ticket,210,245,220,INR,93,19,2026-05-27
Tamil Nadu,Coimbatore,Cultural Activities,Sound and Light Show Ticket,130,150,130,INR,90,19,2026-06-24
Tamil Nadu,Coimbatore,Rentals,Bicycle Rental (Per Day),65,155,,INR,70,54,2026-05-07
Tamil Nadu,Coimbatore,Rentals,Scooter / Activa Rental (Per Day),470,960,,INR,78,38,2026-06-12
Tamil Nadu,Coimbatore,Rentals,Royal Enfield / Cruiser Rental (Per Day),1000,1855,,INR,81,46,2026-06-26
Tamil Nadu,Kanyakumari,Food,Standard Meals/Thali,160,245,,INR,89,15,2026-05-14
Tamil Nadu,Kanyakumari,Food,Local Signature Dish,210,315,,INR,91,58,2026-06-13
Tamil Nadu,Kanyakumari,Food,Breakfast Plate (Dosa/Puri/Poha),60,120,,INR,82,22,2026-05-29
Tamil Nadu,Kanyakumari,Food,Evening Snack Plate,55,105,,INR,79,27,2026-05-20
Tamil Nadu,Kanyakumari,Taxi,Airport Transfer (One-way),730,1785,730,INR,71,43,2026-05-27
Tamil Nadu,Kanyakumari,Taxi,Railway Station Pick-up,430,1325,445,INR,66,53,2026-05-09
Tamil Nadu,Kanyakumari,Taxi,Sightseeing Taxi (8 Hours / 80km),2700,8540,2700,INR,64,58,2026-05-18
Tamil Nadu,Kanyakumari,Auto,Short Auto Ride (Under 3km),45,60,45,INR,86,22,2026-06-24
Tamil Nadu,Kanyakumari,Auto,Medium Auto Ride (5km),130,170,135,INR,88,49,2026-06-05
Tamil Nadu,Kanyakumari,Auto,Auto Ride (10km),190,250,195,INR,89,36,2026-05-05
Tamil Nadu,Kanyakumari,Bus,Local Bus Ticket (Short distance),15,20,15,INR,87,6,2026-06-29
Tamil Nadu,Kanyakumari,Bus,Local Bus Ticket (Long distance),50,70,50,INR,92,7,2026-06-18
Tamil Nadu,Kanyakumari,Bus,AC Volvo Intercity Bus (100km),500,705,515,INR,90,22,2026-06-19
Tamil Nadu,Kanyakumari,Train,Coolie/Porter Service (1 Luggage),95,110,95,INR,89,35,2026-05-23
Tamil Nadu,Kanyakumari,Train,Station Cloak Room Storage (24 Hours),25,30,25,INR,93,12,2026-07-02
Tamil Nadu,Kanyakumari,Train,Platform Entry Ticket,10,15,10,INR,88,38,2026-06-22
Tamil Nadu,Kanyakumari,Hotels,Budget Guest House Room (Per Night),1200,2395,,INR,81,55,2026-06-23
Tamil Nadu,Kanyakumari,Hotels,3-Star Midscale Hotel Room (Per Night),3400,7585,,INR,78,70,2026-06-17
Tamil Nadu,Kanyakumari,Hotels,Luxury / Heritage Resort Room (Per Night),11500,23675,,INR,80,34,2026-05-09
Tamil Nadu,Kanyakumari,Souvenirs,Local Textile / Shawl,630,1965,,INR,63,43,2026-06-10
Tamil Nadu,Kanyakumari,Souvenirs,Handcrafted Wooden / Clay Mug,260,595,,INR,79,25,2026-06-16
Tamil Nadu,Kanyakumari,Souvenirs,Brass / Metal Art Piece,840,2060,,INR,73,40,2026-05-08
Tamil Nadu,Kanyakumari,Souvenirs,Local Spices / Tea Pack (250g),130,430,,INR,59,121,2026-06-15
Tamil Nadu,Kanyakumari,Attractions,Historical Monument Entry (Indian Citizen),40,75,40,INR,81,46,2026-06-20
Tamil Nadu,Kanyakumari,Attractions,Historical Monument Entry (Foreigner),420,455,420,INR,95,6,2026-06-07
Tamil Nadu,Kanyakumari,Attractions,Museum Entry Ticket,45,170,45,INR,50,54,2026-05-17
Tamil Nadu,Kanyakumari,Attractions,Palace / Fort Entry Ticket,180,370,180,INR,82,74,2026-05-30
Tamil Nadu,Kanyakumari,Boat Rides,Shared Boat Ride (30 Mins),65,205,65,INR,62,80,2026-06-23
Tamil Nadu,Kanyakumari,Boat Rides,Private Chartered Boat Ride (1 Hour),850,2905,,INR,55,86,2026-05-24
Tamil Nadu,Kanyakumari,Parking,Two-Wheeler Parking (Per Hour),10,15,10,INR,89,15,2026-05-05
Tamil Nadu,Kanyakumari,Parking,Four-Wheeler Parking (Per Hour),55,80,55,INR,89,12,2026-05-25
Tamil Nadu,Kanyakumari,Parking,Tourist Spot All-Day Parking (Car),95,105,95,INR,94,8,2026-06-08
Tamil Nadu,Kanyakumari,Cafés,Traditional Filter Coffee / Tea,30,65,,INR,78,31,2026-06-14
Tamil Nadu,Kanyakumari,Cafés,Cappuccino / Latte,190,300,,INR,83,15,2026-06-05
Tamil Nadu,Kanyakumari,Cafés,Grilled Sandwich,75,145,,INR,79,49,2026-07-01
Tamil Nadu,Kanyakumari,Street Food,Pani Puri / Golgappa (6 Pcs),40,80,,INR,78,23,2026-06-27
Tamil Nadu,Kanyakumari,Street Food,Samosa / Vada Pav (Plate),20,40,,INR,83,52,2026-05-27
Tamil Nadu,Kanyakumari,Street Food,Pav Bhaji / Chaat (Plate),60,95,,INR,83,43,2026-07-02
Tamil Nadu,Kanyakumari,Street Food,Fresh Fruit Juice / Soda,55,95,,INR,85,61,2026-05-13
Tamil Nadu,Kanyakumari,Public Facilities,Paid Public Restroom (Toilet),5,5,5,INR,89,23,2026-05-18
Tamil Nadu,Kanyakumari,Public Facilities,Paid Public Restroom (Bathroom),10,15,10,INR,91,52,2026-05-26
Tamil Nadu,Kanyakumari,Public Facilities,Purified Drinking Water Refill (20L),20,25,20,INR,89,13,2026-05-15
Tamil Nadu,Kanyakumari,Cultural Activities,Folk Dance / Puppet Show Ticket,220,290,220,INR,88,47,2026-05-29
Tamil Nadu,Kanyakumari,Cultural Activities,Sound and Light Show Ticket,120,160,125,INR,86,15,2026-06-15
Tamil Nadu,Kanyakumari,Rentals,Bicycle Rental (Per Day),60,190,,INR,65,23,2026-05-21
Tamil Nadu,Kanyakumari,Rentals,Scooter / Activa Rental (Per Day),490,1395,,INR,67,65,2026-05-09
Tamil Nadu,Kanyakumari,Rentals,Royal Enfield / Cruiser Rental (Per Day),1500,4160,,INR,68,26,2026-06-28
Telangana,Hyderabad,Food,Standard Meals/Thali,230,445,,INR,82,46,2026-06-18
Telangana,Hyderabad,Food,Local Signature Dish,170,310,,INR,80,57,2026-05-31
Telangana,Hyderabad,Food,Breakfast Plate (Dosa/Puri/Poha),55,90,,INR,86,33,2026-06-14
Telangana,Hyderabad,Food,Evening Snack Plate,65,95,,INR,85,19,2026-06-13
Telangana,Hyderabad,Taxi,Airport Transfer (One-way),610,1490,610,INR,71,20,2026-05-27
Telangana,Hyderabad,Taxi,Railway Station Pick-up,390,975,390,INR,75,16,2026-05-18
Telangana,Hyderabad,Taxi,Sightseeing Taxi (8 Hours / 80km),3000,6395,3100,INR,76,54,2026-05-30
Telangana,Hyderabad,Auto,Short Auto Ride (Under 3km),70,85,70,INR,91,13,2026-06-03
Telangana,Hyderabad,Auto,Medium Auto Ride (5km),160,200,160,INR,94,17,2026-05-29
Telangana,Hyderabad,Auto,Auto Ride (10km),270,335,270,INR,87,46,2026-06-09
Telangana,Hyderabad,Bus,Local Bus Ticket (Short distance),30,40,30,INR,91,43,2026-05-10
Telangana,Hyderabad,Bus,Local Bus Ticket (Long distance),40,50,40,INR,94,9,2026-06-14
Telangana,Hyderabad,Bus,AC Volvo Intercity Bus (100km),420,550,430,INR,91,41,2026-05-10
Telangana,Hyderabad,Train,Coolie/Porter Service (1 Luggage),150,175,150,INR,96,22,2026-05-25
Telangana,Hyderabad,Train,Station Cloak Room Storage (24 Hours),50,60,50,INR,92,14,2026-07-01
Telangana,Hyderabad,Train,Platform Entry Ticket,15,15,15,INR,89,10,2026-05-29
Telangana,Hyderabad,Hotels,Budget Guest House Room (Per Night),1400,2280,,INR,85,26,2026-06-16
Telangana,Hyderabad,Hotels,3-Star Midscale Hotel Room (Per Night),3300,5735,,INR,86,54,2026-07-03
Telangana,Hyderabad,Hotels,Luxury / Heritage Resort Room (Per Night),12900,18255,,INR,86,50,2026-06-07
Telangana,Hyderabad,Souvenirs,Local Textile / Shawl,450,1270,,INR,70,20,2026-06-02
Telangana,Hyderabad,Souvenirs,Handcrafted Wooden / Clay Mug,150,340,,INR,73,29,2026-05-21
Telangana,Hyderabad,Souvenirs,Brass / Metal Art Piece,1200,2840,,INR,70,85,2026-05-19
Telangana,Hyderabad,Souvenirs,Local Spices / Tea Pack (250g),220,645,,INR,62,37,2026-05-23
Telangana,Hyderabad,Attractions,Historical Monument Entry (Indian Citizen),60,190,65,INR,60,36,2026-06-12
Telangana,Hyderabad,Attractions,Historical Monument Entry (Foreigner),460,490,470,INR,95,24,2026-06-14
Telangana,Hyderabad,Attractions,Museum Entry Ticket,35,110,35,INR,64,62,2026-06-14
Telangana,Hyderabad,Attractions,Palace / Fort Entry Ticket,110,185,110,INR,87,45,2026-05-21
Telangana,Hyderabad,Boat Rides,Shared Boat Ride (30 Mins),180,435,185,INR,75,95,2026-06-02
Telangana,Hyderabad,Boat Rides,Private Chartered Boat Ride (1 Hour),1800,5260,,INR,64,60,2026-06-14
Telangana,Hyderabad,Parking,Two-Wheeler Parking (Per Hour),20,25,20,INR,89,43,2026-05-21
Telangana,Hyderabad,Parking,Four-Wheeler Parking (Per Hour),35,40,35,INR,95,8,2026-05-28
Telangana,Hyderabad,Parking,Tourist Spot All-Day Parking (Car),110,125,110,INR,94,8,2026-05-07
Telangana,Hyderabad,Cafés,Traditional Filter Coffee / Tea,35,50,,INR,85,29,2026-05-25
Telangana,Hyderabad,Cafés,Cappuccino / Latte,220,360,,INR,83,56,2026-05-18
Telangana,Hyderabad,Cafés,Grilled Sandwich,170,290,,INR,81,13,2026-06-29
Telangana,Hyderabad,Street Food,Pani Puri / Golgappa (6 Pcs),40,65,,INR,86,25,2026-06-26
Telangana,Hyderabad,Street Food,Samosa / Vada Pav (Plate),25,45,,INR,83,31,2026-06-18
Telangana,Hyderabad,Street Food,Pav Bhaji / Chaat (Plate),75,145,,INR,82,56,2026-06-27
Telangana,Hyderabad,Street Food,Fresh Fruit Juice / Soda,30,50,,INR,88,40,2026-06-01
Telangana,Hyderabad,Public Facilities,Paid Public Restroom (Toilet),5,5,5,INR,95,18,2026-05-17
Telangana,Hyderabad,Public Facilities,Paid Public Restroom (Bathroom),15,15,15,INR,90,9,2026-05-09
Telangana,Hyderabad,Public Facilities,Purified Drinking Water Refill (20L),25,30,25,INR,93,48,2026-07-03
Telangana,Hyderabad,Cultural Activities,Folk Dance / Puppet Show Ticket,260,320,260,INR,94,7,2026-06-13
Telangana,Hyderabad,Cultural Activities,Sound and Light Show Ticket,200,250,200,INR,89,47,2026-05-08
Telangana,Hyderabad,Rentals,Bicycle Rental (Per Day),70,145,,INR,76,36,2026-07-01
Telangana,Hyderabad,Rentals,Scooter / Activa Rental (Per Day),740,1785,,INR,75,69,2026-05-28
Telangana,Hyderabad,Rentals,Royal Enfield / Cruiser Rental (Per Day),1900,5260,,INR,67,54,2026-05-24
Telangana,Warangal,Food,Standard Meals/Thali,140,195,,INR,85,20,2026-05-28
Telangana,Warangal,Food,Local Signature Dish,170,245,,INR,90,14,2026-05-27
Telangana,Warangal,Food,Breakfast Plate (Dosa/Puri/Poha),75,95,,INR,89,15,2026-06-28
Telangana,Warangal,Food,Evening Snack Plate,60,80,,INR,87,43,2026-06-30
Telangana,Warangal,Taxi,Airport Transfer (One-way),390,855,390,INR,79,58,2026-06-13
Telangana,Warangal,Taxi,Railway Station Pick-up,190,370,190,INR,79,14,2026-05-26
Telangana,Warangal,Taxi,Sightseeing Taxi (8 Hours / 80km),2400,4520,2500,INR,78,38,2026-06-06
Telangana,Warangal,Auto,Short Auto Ride (Under 3km),40,45,40,INR,95,26,2026-06-21
Telangana,Warangal,Auto,Medium Auto Ride (5km),100,115,105,INR,95,9,2026-06-18
Telangana,Warangal,Auto,Auto Ride (10km),150,175,150,INR,90,9,2026-06-06
Telangana,Warangal,Bus,Local Bus Ticket (Short distance),20,20,20,INR,90,26,2026-06-19
Telangana,Warangal,Bus,Local Bus Ticket (Long distance),35,40,35,INR,90,14,2026-06-24
Telangana,Warangal,Bus,AC Volvo Intercity Bus (100km),410,490,410,INR,91,25,2026-05-12
Telangana,Warangal,Train,Coolie/Porter Service (1 Luggage),120,135,125,INR,94,33,2026-06-03
Telangana,Warangal,Train,Station Cloak Room Storage (24 Hours),25,30,25,INR,89,35,2026-06-21
Telangana,Warangal,Train,Platform Entry Ticket,10,10,10,INR,95,41,2026-05-31
Telangana,Warangal,Hotels,Budget Guest House Room (Per Night),460,710,,INR,90,37,2026-07-02
Telangana,Warangal,Hotels,3-Star Midscale Hotel Room (Per Night),2400,3615,,INR,83,57,2026-06-25
Telangana,Warangal,Hotels,Luxury / Heritage Resort Room (Per Night),9700,12225,,INR,89,9,2026-06-12
Telangana,Warangal,Souvenirs,Local Textile / Shawl,470,1020,,INR,78,64,2026-06-20
Telangana,Warangal,Souvenirs,Handcrafted Wooden / Clay Mug,130,240,,INR,83,61,2026-06-26
Telangana,Warangal,Souvenirs,Brass / Metal Art Piece,1000,2340,,INR,77,89,2026-06-04
Telangana,Warangal,Souvenirs,Local Spices / Tea Pack (250g),260,555,,INR,76,11,2026-06-16
Telangana,Warangal,Attractions,Historical Monument Entry (Indian Citizen),40,100,40,INR,71,50,2026-06-21
Telangana,Warangal,Attractions,Historical Monument Entry (Foreigner),380,395,385,INR,97,7,2026-06-03
Telangana,Warangal,Attractions,Museum Entry Ticket,85,135,85,INR,85,29,2026-06-18
Telangana,Warangal,Attractions,Palace / Fort Entry Ticket,120,305,120,INR,72,77,2026-05-05
Telangana,Warangal,Boat Rides,Shared Boat Ride (30 Mins),120,215,120,INR,82,56,2026-06-04
Telangana,Warangal,Boat Rides,Private Chartered Boat Ride (1 Hour),740,1330,,INR,83,29,2026-06-13
Telangana,Warangal,Parking,Two-Wheeler Parking (Per Hour),10,10,10,INR,90,32,2026-05-12
Telangana,Warangal,Parking,Four-Wheeler Parking (Per Hour),30,35,30,INR,87,36,2026-06-17
Telangana,Warangal,Parking,Tourist Spot All-Day Parking (Car),60,65,60,INR,95,39,2026-05-09
Telangana,Warangal,Cafés,Traditional Filter Coffee / Tea,30,40,,INR,91,53,2026-05-05
Telangana,Warangal,Cafés,Cappuccino / Latte,140,205,,INR,91,46,2026-05-24
Telangana,Warangal,Cafés,Grilled Sandwich,60,95,,INR,89,46,2026-05-18
Telangana,Warangal,Street Food,Pani Puri / Golgappa (6 Pcs),35,50,,INR,85,20,2026-05-30
Telangana,Warangal,Street Food,Samosa / Vada Pav (Plate),25,40,,INR,83,32,2026-05-25
Telangana,Warangal,Street Food,Pav Bhaji / Chaat (Plate),55,80,,INR,86,16,2026-06-04
Telangana,Warangal,Street Food,Fresh Fruit Juice / Soda,35,60,,INR,88,36,2026-06-20
Telangana,Warangal,Public Facilities,Paid Public Restroom (Toilet),5,5,5,INR,89,13,2026-06-10
Telangana,Warangal,Public Facilities,Paid Public Restroom (Bathroom),10,10,10,INR,90,25,2026-06-08
Telangana,Warangal,Public Facilities,Purified Drinking Water Refill (20L),10,10,10,INR,96,39,2026-06-14
Telangana,Warangal,Cultural Activities,Folk Dance / Puppet Show Ticket,130,150,130,INR,89,16,2026-05-09
Telangana,Warangal,Cultural Activities,Sound and Light Show Ticket,45,55,45,INR,95,45,2026-06-22
Telangana,Warangal,Rentals,Bicycle Rental (Per Day),45,90,,INR,79,62,2026-06-21
Telangana,Warangal,Rentals,Scooter / Activa Rental (Per Day),440,740,,INR,81,57,2026-06-19
Telangana,Warangal,Rentals,Royal Enfield / Cruiser Rental (Per Day),900,1880,,INR,80,61,2026-05-10
Telangana,Nizamabad,Food,Standard Meals/Thali,110,170,,INR,89,39,2026-05-13
Telangana,Nizamabad,Food,Local Signature Dish,210,320,,INR,84,48,2026-05-23
Telangana,Nizamabad,Food,Breakfast Plate (Dosa/Puri/Poha),45,60,,INR,88,37,2026-05-08
Telangana,Nizamabad,Food,Evening Snack Plate,30,45,,INR,87,58,2026-05-17
Telangana,Nizamabad,Taxi,Airport Transfer (One-way),810,1735,825,INR,75,44,2026-05-13
Telangana,Nizamabad,Taxi,Railway Station Pick-up,400,810,400,INR,83,76,2026-06-06
Telangana,Nizamabad,Taxi,Sightseeing Taxi (8 Hours / 80km),1700,3995,1700,INR,73,44,2026-06-19
Telangana,Nizamabad,Auto,Short Auto Ride (Under 3km),45,55,45,INR,95,26,2026-05-13
Telangana,Nizamabad,Auto,Medium Auto Ride (5km),85,100,85,INR,94,21,2026-05-08
Telangana,Nizamabad,Auto,Auto Ride (10km),150,175,150,INR,88,39,2026-06-26
Telangana,Nizamabad,Bus,Local Bus Ticket (Short distance),20,25,20,INR,90,26,2026-05-13
Telangana,Nizamabad,Bus,Local Bus Ticket (Long distance),30,35,30,INR,91,43,2026-06-01
Telangana,Nizamabad,Bus,AC Volvo Intercity Bus (100km),300,340,300,INR,96,22,2026-05-13
Telangana,Nizamabad,Train,Coolie/Porter Service (1 Luggage),130,140,130,INR,97,36,2026-06-21
Telangana,Nizamabad,Train,Station Cloak Room Storage (24 Hours),30,30,30,INR,93,7,2026-05-19
Telangana,Nizamabad,Train,Platform Entry Ticket,10,10,10,INR,90,31,2026-05-22
Telangana,Nizamabad,Hotels,Budget Guest House Room (Per Night),880,1265,,INR,90,37,2026-06-03
Telangana,Nizamabad,Hotels,3-Star Midscale Hotel Room (Per Night),1700,2305,,INR,90,29,2026-07-02
Telangana,Nizamabad,Hotels,Luxury / Heritage Resort Room (Per Night),7000,10605,,INR,84,19,2026-06-11
Telangana,Nizamabad,Souvenirs,Local Textile / Shawl,440,1000,,INR,76,59,2026-06-23
Telangana,Nizamabad,Souvenirs,Handcrafted Wooden / Clay Mug,110,240,,INR,79,29,2026-06-20
Telangana,Nizamabad,Souvenirs,Brass / Metal Art Piece,1100,2575,,INR,73,66,2026-05-20
Telangana,Nizamabad,Souvenirs,Local Spices / Tea Pack (250g),100,205,,INR,78,77,2026-05-10
Telangana,Nizamabad,Attractions,Historical Monument Entry (Indian Citizen),25,40,25,INR,83,54,2026-05-09
Telangana,Nizamabad,Attractions,Historical Monument Entry (Foreigner),310,325,315,INR,96,13,2026-06-08
Telangana,Nizamabad,Attractions,Museum Entry Ticket,45,85,45,INR,83,67,2026-05-28
Telangana,Nizamabad,Attractions,Palace / Fort Entry Ticket,150,240,150,INR,86,47,2026-05-29
Telangana,Nizamabad,Boat Rides,Shared Boat Ride (30 Mins),70,170,70,INR,74,67,2026-05-29
Telangana,Nizamabad,Boat Rides,Private Chartered Boat Ride (1 Hour),1000,1895,,INR,77,31,2026-06-16
Telangana,Nizamabad,Parking,Two-Wheeler Parking (Per Hour),10,10,10,INR,95,32,2026-05-23
Telangana,Nizamabad,Parking,Four-Wheeler Parking (Per Hour),25,30,25,INR,94,19,2026-06-18
Telangana,Nizamabad,Parking,Tourist Spot All-Day Parking (Car),75,85,75,INR,94,42,2026-07-02
Telangana,Nizamabad,Cafés,Traditional Filter Coffee / Tea,15,20,,INR,89,35,2026-05-19
Telangana,Nizamabad,Cafés,Cappuccino / Latte,85,115,,INR,92,31,2026-05-29
Telangana,Nizamabad,Cafés,Grilled Sandwich,120,195,,INR,81,50,2026-06-04
Telangana,Nizamabad,Street Food,Pani Puri / Golgappa (6 Pcs),35,45,,INR,89,41,2026-05-05
Telangana,Nizamabad,Street Food,Samosa / Vada Pav (Plate),25,35,,INR,88,52,2026-06-24
Telangana,Nizamabad,Street Food,Pav Bhaji / Chaat (Plate),55,80,,INR,89,16,2026-06-25
Telangana,Nizamabad,Street Food,Fresh Fruit Juice / Soda,35,50,,INR,93,35,2026-06-12
Telangana,Nizamabad,Public Facilities,Paid Public Restroom (Toilet),2,0,2,INR,94,29,2026-06-28
Telangana,Nizamabad,Public Facilities,Paid Public Restroom (Bathroom),15,20,15,INR,94,36,2026-06-30
Telangana,Nizamabad,Public Facilities,Purified Drinking Water Refill (20L),15,15,15,INR,96,26,2026-06-18
Telangana,Nizamabad,Cultural Activities,Folk Dance / Puppet Show Ticket,140,165,145,INR,93,22,2026-06-13
Telangana,Nizamabad,Cultural Activities,Sound and Light Show Ticket,55,65,55,INR,91,37,2026-06-17
Telangana,Nizamabad,Rentals,Bicycle Rental (Per Day),70,135,,INR,81,58,2026-05-11
Telangana,Nizamabad,Rentals,Scooter / Activa Rental (Per Day),410,775,,INR,81,18,2026-06-23
Telangana,Nizamabad,Rentals,Royal Enfield / Cruiser Rental (Per Day),970,2200,,INR,72,55,2026-06-22
Telangana,Khammam,Food,Standard Meals/Thali,75,100,,INR,87,49,2026-05-13
Telangana,Khammam,Food,Local Signature Dish,160,260,,INR,86,35,2026-06-25
Telangana,Khammam,Food,Breakfast Plate (Dosa/Puri/Poha),35,45,,INR,93,9,2026-05-29
Telangana,Khammam,Food,Evening Snack Plate,60,75,,INR,87,41,2026-05-20
Telangana,Khammam,Taxi,Airport Transfer (One-way),710,1480,710,INR,80,68,2026-06-28
Telangana,Khammam,Taxi,Railway Station Pick-up,230,410,235,INR,81,24,2026-06-18
Telangana,Khammam,Taxi,Sightseeing Taxi (8 Hours / 80km),2300,4835,2300,INR,79,77,2026-05-26
Telangana,Khammam,Auto,Short Auto Ride (Under 3km),60,70,60,INR,93,30,2026-07-03
Telangana,Khammam,Auto,Medium Auto Ride (5km),120,140,120,INR,90,16,2026-06-26
Telangana,Khammam,Auto,Auto Ride (10km),120,140,125,INR,94,17,2026-05-17
Telangana,Khammam,Bus,Local Bus Ticket (Short distance),10,10,10,INR,97,32,2026-06-05
Telangana,Khammam,Bus,Local Bus Ticket (Long distance),50,60,50,INR,95,24,2026-06-22
Telangana,Khammam,Bus,AC Volvo Intercity Bus (100km),330,350,340,INR,91,23,2026-07-03
Telangana,Khammam,Train,Coolie/Porter Service (1 Luggage),100,125,100,INR,90,29,2026-06-16
Telangana,Khammam,Train,Station Cloak Room Storage (24 Hours),20,25,20,INR,94,6,2026-05-05
Telangana,Khammam,Train,Platform Entry Ticket,10,10,10,INR,90,24,2026-06-26
Telangana,Khammam,Hotels,Budget Guest House Room (Per Night),610,880,,INR,88,10,2026-05-10
Telangana,Khammam,Hotels,3-Star Midscale Hotel Room (Per Night),1800,2410,,INR,93,31,2026-06-27
Telangana,Khammam,Hotels,Luxury / Heritage Resort Room (Per Night),6500,8325,,INR,88,23,2026-06-13
Telangana,Khammam,Souvenirs,Local Textile / Shawl,270,505,,INR,82,71,2026-06-30
Telangana,Khammam,Souvenirs,Handcrafted Wooden / Clay Mug,75,165,,INR,76,20,2026-07-03
Telangana,Khammam,Souvenirs,Brass / Metal Art Piece,320,650,,INR,82,75,2026-06-02
Telangana,Khammam,Souvenirs,Local Spices / Tea Pack (250g),170,405,,INR,73,54,2026-05-09
Telangana,Khammam,Attractions,Historical Monument Entry (Indian Citizen),30,55,30,INR,82,22,2026-06-07
Telangana,Khammam,Attractions,Historical Monument Entry (Foreigner),330,345,345,INR,98,34,2026-06-14
Telangana,Khammam,Attractions,Museum Entry Ticket,55,145,55,INR,72,49,2026-05-09
Telangana,Khammam,Attractions,Palace / Fort Entry Ticket,95,215,95,INR,73,46,2026-06-05
Telangana,Khammam,Boat Rides,Shared Boat Ride (30 Mins),110,195,115,INR,85,27,2026-06-07
Telangana,Khammam,Boat Rides,Private Chartered Boat Ride (1 Hour),1200,2900,,INR,73,75,2026-05-16
Telangana,Khammam,Parking,Two-Wheeler Parking (Per Hour),10,10,10,INR,92,19,2026-06-18
Telangana,Khammam,Parking,Four-Wheeler Parking (Per Hour),45,55,45,INR,88,16,2026-06-11
Telangana,Khammam,Parking,Tourist Spot All-Day Parking (Car),80,95,80,INR,92,38,2026-05-31
Telangana,Khammam,Cafés,Traditional Filter Coffee / Tea,25,35,,INR,86,32,2026-05-08
Telangana,Khammam,Cafés,Cappuccino / Latte,110,150,,INR,88,40,2026-05-22
Telangana,Khammam,Cafés,Grilled Sandwich,110,160,,INR,90,30,2026-06-07
Telangana,Khammam,Street Food,Pani Puri / Golgappa (6 Pcs),25,35,,INR,88,32,2026-06-02
Telangana,Khammam,Street Food,Samosa / Vada Pav (Plate),15,25,,INR,81,50,2026-06-09
Telangana,Khammam,Street Food,Pav Bhaji / Chaat (Plate),65,95,,INR,86,33,2026-05-12
Telangana,Khammam,Street Food,Fresh Fruit Juice / Soda,20,30,,INR,85,46,2026-06-27
Telangana,Khammam,Public Facilities,Paid Public Restroom (Toilet),5,5,5,INR,96,15,2026-06-23
Telangana,Khammam,Public Facilities,Paid Public Restroom (Bathroom),10,10,10,INR,96,34,2026-06-01
Telangana,Khammam,Public Facilities,Purified Drinking Water Refill (20L),15,15,15,INR,90,24,2026-05-18
Telangana,Khammam,Cultural Activities,Folk Dance / Puppet Show Ticket,220,255,225,INR,91,22,2026-06-03
Telangana,Khammam,Cultural Activities,Sound and Light Show Ticket,90,105,90,INR,91,34,2026-07-01
Telangana,Khammam,Rentals,Bicycle Rental (Per Day),55,105,,INR,77,36,2026-05-09
Telangana,Khammam,Rentals,Scooter / Activa Rental (Per Day),430,885,,INR,77,53,2026-07-01
Telangana,Khammam,Rentals,Royal Enfield / Cruiser Rental (Per Day),1100,2115,,INR,77,64,2026-06-11
Tripura,Agartala,Food,Standard Meals/Thali,140,210,,INR,83,48,2026-06-03
Tripura,Agartala,Food,Local Signature Dish,140,205,,INR,91,52,2026-06-22
Tripura,Agartala,Food,Breakfast Plate (Dosa/Puri/Poha),75,120,,INR,87,19,2026-05-12
Tripura,Agartala,Food,Evening Snack Plate,60,100,,INR,85,43,2026-06-05
Tripura,Agartala,Taxi,Airport Transfer (One-way),780,1600,800,INR,81,18,2026-06-10
Tripura,Agartala,Taxi,Railway Station Pick-up,210,460,210,INR,76,64,2026-06-13
Tripura,Agartala,Taxi,Sightseeing Taxi (8 Hours / 80km),1900,4440,1900,INR,75,23,2026-06-30
Tripura,Agartala,Auto,Short Auto Ride (Under 3km),55,65,55,INR,89,39,2026-06-24
Tripura,Agartala,Auto,Medium Auto Ride (5km),90,105,90,INR,94,43,2026-06-16
Tripura,Agartala,Auto,Auto Ride (10km),190,220,190,INR,89,39,2026-05-14
Tripura,Agartala,Bus,Local Bus Ticket (Short distance),15,15,15,INR,90,36,2026-06-02
Tripura,Agartala,Bus,Local Bus Ticket (Long distance),50,55,50,INR,90,30,2026-06-26
Tripura,Agartala,Bus,AC Volvo Intercity Bus (100km),230,250,230,INR,97,37,2026-06-20
Tripura,Agartala,Train,Coolie/Porter Service (1 Luggage),100,120,100,INR,91,43,2026-06-30
Tripura,Agartala,Train,Station Cloak Room Storage (24 Hours),25,30,25,INR,95,35,2026-05-20
Tripura,Agartala,Train,Platform Entry Ticket,10,10,10,INR,94,23,2026-05-09
Tripura,Agartala,Hotels,Budget Guest House Room (Per Night),630,825,,INR,94,6,2026-06-30
Tripura,Agartala,Hotels,3-Star Midscale Hotel Room (Per Night),3100,4830,,INR,82,30,2026-05-23
Tripura,Agartala,Hotels,Luxury / Heritage Resort Room (Per Night),8400,13790,,INR,85,47,2026-05-21
Tripura,Agartala,Souvenirs,Local Textile / Shawl,310,535,,INR,84,38,2026-05-05
Tripura,Agartala,Souvenirs,Handcrafted Wooden / Clay Mug,110,200,,INR,85,42,2026-06-09
Tripura,Agartala,Souvenirs,Brass / Metal Art Piece,840,1925,,INR,77,55,2026-06-18
Tripura,Agartala,Souvenirs,Local Spices / Tea Pack (250g),110,195,,INR,86,41,2026-06-07
Tripura,Agartala,Attractions,Historical Monument Entry (Indian Citizen),40,90,40,INR,76,47,2026-05-17
Tripura,Agartala,Attractions,Historical Monument Entry (Foreigner),430,450,430,INR,95,26,2026-06-21
Tripura,Agartala,Attractions,Museum Entry Ticket,25,50,25,INR,76,70,2026-07-01
Tripura,Agartala,Attractions,Palace / Fort Entry Ticket,85,210,85,INR,73,95,2026-06-02
Tripura,Agartala,Boat Rides,Shared Boat Ride (30 Mins),55,105,55,INR,77,20,2026-05-26
Tripura,Agartala,Boat Rides,Private Chartered Boat Ride (1 Hour),660,1460,,INR,77,48,2026-05-16
Tripura,Agartala,Parking,Two-Wheeler Parking (Per Hour),10,10,10,INR,96,39,2026-06-17
Tripura,Agartala,Parking,Four-Wheeler Parking (Per Hour),30,30,30,INR,93,23,2026-07-03
Tripura,Agartala,Parking,Tourist Spot All-Day Parking (Car),50,55,50,INR,90,36,2026-05-14
Tripura,Agartala,Cafés,Traditional Filter Coffee / Tea,35,45,,INR,92,50,2026-05-09
Tripura,Agartala,Cafés,Cappuccino / Latte,140,185,,INR,91,24,2026-06-01
Tripura,Agartala,Cafés,Grilled Sandwich,130,185,,INR,85,33,2026-05-19
Tripura,Agartala,Street Food,Pani Puri / Golgappa (6 Pcs),25,35,,INR,90,36,2026-06-23
Tripura,Agartala,Street Food,Samosa / Vada Pav (Plate),15,25,,INR,85,54,2026-05-07
Tripura,Agartala,Street Food,Pav Bhaji / Chaat (Plate),60,75,,INR,88,34,2026-06-18
Tripura,Agartala,Street Food,Fresh Fruit Juice / Soda,25,35,,INR,92,7,2026-06-08
Tripura,Agartala,Public Facilities,Paid Public Restroom (Toilet),2,0,2,INR,93,45,2026-05-25
Tripura,Agartala,Public Facilities,Paid Public Restroom (Bathroom),10,10,10,INR,90,27,2026-05-31
Tripura,Agartala,Public Facilities,Purified Drinking Water Refill (20L),15,20,15,INR,93,25,2026-05-06
Tripura,Agartala,Cultural Activities,Folk Dance / Puppet Show Ticket,220,255,225,INR,90,21,2026-05-26
Tripura,Agartala,Cultural Activities,Sound and Light Show Ticket,90,105,95,INR,93,24,2026-06-25
Tripura,Agartala,Rentals,Bicycle Rental (Per Day),80,175,,INR,78,43,2026-07-03
Tripura,Agartala,Rentals,Scooter / Activa Rental (Per Day),320,740,,INR,72,74,2026-06-13
Tripura,Agartala,Rentals,Royal Enfield / Cruiser Rental (Per Day),1000,2280,,INR,75,22,2026-06-24
Tripura,Dharmanagar,Food,Standard Meals/Thali,140,185,,INR,88,38,2026-05-27
Tripura,Dharmanagar,Food,Local Signature Dish,100,150,,INR,85,12,2026-05-23
Tripura,Dharmanagar,Food,Breakfast Plate (Dosa/Puri/Poha),60,90,,INR,89,8,2026-05-07
Tripura,Dharmanagar,Food,Evening Snack Plate,55,80,,INR,88,11,2026-05-31
Tripura,Dharmanagar,Taxi,Airport Transfer (One-way),600,1250,600,INR,77,40,2026-06-13
Tripura,Dharmanagar,Taxi,Railway Station Pick-up,260,545,275,INR,75,15,2026-06-08
Tripura,Dharmanagar,Taxi,Sightseeing Taxi (8 Hours / 80km),1700,3150,1700,INR,80,11,2026-06-12
Tripura,Dharmanagar,Auto,Short Auto Ride (Under 3km),60,70,60,INR,90,10,2026-06-14
Tripura,Dharmanagar,Auto,Medium Auto Ride (5km),90,105,90,INR,95,9,2026-05-31
Tripura,Dharmanagar,Auto,Auto Ride (10km),140,165,140,INR,91,33,2026-06-13
Tripura,Dharmanagar,Bus,Local Bus Ticket (Short distance),10,10,10,INR,97,33,2026-07-02
Tripura,Dharmanagar,Bus,Local Bus Ticket (Long distance),25,25,25,INR,95,35,2026-06-29
Tripura,Dharmanagar,Bus,AC Volvo Intercity Bus (100km),320,350,320,INR,93,16,2026-05-18
Tripura,Dharmanagar,Train,Coolie/Porter Service (1 Luggage),95,110,95,INR,96,12,2026-05-24
Tripura,Dharmanagar,Train,Station Cloak Room Storage (24 Hours),30,30,30,INR,92,36,2026-06-10
Tripura,Dharmanagar,Train,Platform Entry Ticket,10,10,10,INR,96,30,2026-05-27
Tripura,Dharmanagar,Hotels,Budget Guest House Room (Per Night),830,1250,,INR,89,57,2026-06-08
Tripura,Dharmanagar,Hotels,3-Star Midscale Hotel Room (Per Night),2700,4345,,INR,86,62,2026-05-14
Tripura,Dharmanagar,Hotels,Luxury / Heritage Resort Room (Per Night),4500,5675,,INR,87,34,2026-05-07
Tripura,Dharmanagar,Souvenirs,Local Textile / Shawl,920,1665,,INR,83,35,2026-05-28
Tripura,Dharmanagar,Souvenirs,Handcrafted Wooden / Clay Mug,120,270,,INR,74,42,2026-06-06
Tripura,Dharmanagar,Souvenirs,Brass / Metal Art Piece,400,950,,INR,76,66,2026-06-11
Tripura,Dharmanagar,Souvenirs,Local Spices / Tea Pack (250g),95,215,,INR,72,68,2026-06-20
Tripura,Dharmanagar,Attractions,Historical Monument Entry (Indian Citizen),35,75,35,INR,77,51,2026-05-15
Tripura,Dharmanagar,Attractions,Historical Monument Entry (Foreigner),500,520,510,INR,97,31,2026-06-17
Tripura,Dharmanagar,Attractions,Museum Entry Ticket,25,55,25,INR,72,84,2026-05-20
Tripura,Dharmanagar,Attractions,Palace / Fort Entry Ticket,85,150,85,INR,81,58,2026-06-15
Tripura,Dharmanagar,Boat Rides,Shared Boat Ride (30 Mins),70,170,75,INR,71,58,2026-06-14
Tripura,Dharmanagar,Boat Rides,Private Chartered Boat Ride (1 Hour),960,2010,,INR,79,26,2026-06-14
Tripura,Dharmanagar,Parking,Two-Wheeler Parking (Per Hour),10,10,10,INR,95,8,2026-05-08
Tripura,Dharmanagar,Parking,Four-Wheeler Parking (Per Hour),45,55,45,INR,91,34,2026-07-01
Tripura,Dharmanagar,Parking,Tourist Spot All-Day Parking (Car),80,95,80,INR,89,36,2026-06-22
Tripura,Dharmanagar,Cafés,Traditional Filter Coffee / Tea,30,40,,INR,92,7,2026-05-20
Tripura,Dharmanagar,Cafés,Cappuccino / Latte,120,155,,INR,92,15,2026-05-26
Tripura,Dharmanagar,Cafés,Grilled Sandwich,120,185,,INR,87,25,2026-06-16
Tripura,Dharmanagar,Street Food,Pani Puri / Golgappa (6 Pcs),25,35,,INR,86,51,2026-07-03
Tripura,Dharmanagar,Street Food,Samosa / Vada Pav (Plate),20,30,,INR,83,28,2026-06-23
Tripura,Dharmanagar,Street Food,Pav Bhaji / Chaat (Plate),80,130,,INR,82,20,2026-06-29
Tripura,Dharmanagar,Street Food,Fresh Fruit Juice / Soda,30,45,,INR,82,37,2026-06-16
Tripura,Dharmanagar,Public Facilities,Paid Public Restroom (Toilet),5,5,5,INR,88,15,2026-06-25
Tripura,Dharmanagar,Public Facilities,Paid Public Restroom (Bathroom),10,10,10,INR,95,29,2026-07-03
Tripura,Dharmanagar,Public Facilities,Purified Drinking Water Refill (20L),15,20,15,INR,88,27,2026-05-05
Tripura,Dharmanagar,Cultural Activities,Folk Dance / Puppet Show Ticket,260,305,270,INR,90,36,2026-06-15
Tripura,Dharmanagar,Cultural Activities,Sound and Light Show Ticket,70,80,75,INR,95,42,2026-06-02
Tripura,Dharmanagar,Rentals,Bicycle Rental (Per Day),80,160,,INR,83,26,2026-05-15
Tripura,Dharmanagar,Rentals,Scooter / Activa Rental (Per Day),380,770,,INR,77,73,2026-07-03
Tripura,Dharmanagar,Rentals,Royal Enfield / Cruiser Rental (Per Day),1100,2095,,INR,78,45,2026-05-05
Tripura,Udaipur-Tripura,Food,Standard Meals/Thali,170,370,,INR,79,43,2026-06-19
Tripura,Udaipur-Tripura,Food,Local Signature Dish,220,365,,INR,84,38,2026-07-03
Tripura,Udaipur-Tripura,Food,Breakfast Plate (Dosa/Puri/Poha),70,150,,INR,76,11,2026-05-27
Tripura,Udaipur-Tripura,Food,Evening Snack Plate,45,85,,INR,79,58,2026-05-18
Tripura,Udaipur-Tripura,Taxi,Airport Transfer (One-way),950,3445,995,INR,57,57,2026-06-18
Tripura,Udaipur-Tripura,Taxi,Railway Station Pick-up,400,1080,400,INR,71,66,2026-05-11
Tripura,Udaipur-Tripura,Taxi,Sightseeing Taxi (8 Hours / 80km),3100,10995,3135,INR,57,98,2026-05-14
Tripura,Udaipur-Tripura,Auto,Short Auto Ride (Under 3km),65,85,65,INR,89,31,2026-06-26
Tripura,Udaipur-Tripura,Auto,Medium Auto Ride (5km),90,120,90,INR,93,7,2026-05-24
Tripura,Udaipur-Tripura,Auto,Auto Ride (10km),240,315,240,INR,87,40,2026-06-30
Tripura,Udaipur-Tripura,Bus,Local Bus Ticket (Short distance),20,25,20,INR,95,20,2026-05-15
Tripura,Udaipur-Tripura,Bus,Local Bus Ticket (Long distance),45,50,45,INR,92,17,2026-06-29
Tripura,Udaipur-Tripura,Bus,AC Volvo Intercity Bus (100km),340,420,340,INR,94,11,2026-06-04
Tripura,Udaipur-Tripura,Train,Coolie/Porter Service (1 Luggage),120,130,120,INR,94,13,2026-05-30
Tripura,Udaipur-Tripura,Train,Station Cloak Room Storage (24 Hours),40,45,40,INR,93,41,2026-05-09
Tripura,Udaipur-Tripura,Train,Platform Entry Ticket,10,15,10,INR,87,37,2026-05-31
Tripura,Udaipur-Tripura,Hotels,Budget Guest House Room (Per Night),810,1250,,INR,89,25,2026-06-08
Tripura,Udaipur-Tripura,Hotels,3-Star Midscale Hotel Room (Per Night),2200,4680,,INR,74,46,2026-06-11
Tripura,Udaipur-Tripura,Hotels,Luxury / Heritage Resort Room (Per Night),9200,16920,,INR,80,61,2026-06-25
Tripura,Udaipur-Tripura,Souvenirs,Local Textile / Shawl,600,2175,,INR,59,105,2026-06-30
Tripura,Udaipur-Tripura,Souvenirs,Handcrafted Wooden / Clay Mug,180,420,,INR,72,16,2026-06-27
Tripura,Udaipur-Tripura,Souvenirs,Brass / Metal Art Piece,1500,4395,,INR,66,26,2026-05-30
Tripura,Udaipur-Tripura,Souvenirs,Local Spices / Tea Pack (250g),190,685,,INR,54,139,2026-06-07
Tripura,Udaipur-Tripura,Attractions,Historical Monument Entry (Indian Citizen),55,225,55,INR,51,130,2026-05-29
Tripura,Udaipur-Tripura,Attractions,Historical Monument Entry (Foreigner),610,660,635,INR,96,6,2026-05-28
Tripura,Udaipur-Tripura,Attractions,Museum Entry Ticket,110,230,115,INR,81,82,2026-06-18
Tripura,Udaipur-Tripura,Attractions,Palace / Fort Entry Ticket,130,495,130,INR,54,121,2026-05-05
Tripura,Udaipur-Tripura,Boat Rides,Shared Boat Ride (30 Mins),140,505,140,INR,54,118,2026-05-26
Tripura,Udaipur-Tripura,Boat Rides,Private Chartered Boat Ride (1 Hour),1400,4460,,INR,62,67,2026-05-31
Tripura,Udaipur-Tripura,Parking,Two-Wheeler Parking (Per Hour),10,15,10,INR,88,20,2026-05-23
Tripura,Udaipur-Tripura,Parking,Four-Wheeler Parking (Per Hour),35,40,35,INR,90,23,2026-05-09
Tripura,Udaipur-Tripura,Parking,Tourist Spot All-Day Parking (Car),85,115,85,INR,91,52,2026-05-26
Tripura,Udaipur-Tripura,Cafés,Traditional Filter Coffee / Tea,15,25,,INR,89,46,2026-06-22
Tripura,Udaipur-Tripura,Cafés,Cappuccino / Latte,200,415,,INR,81,44,2026-05-16
Tripura,Udaipur-Tripura,Cafés,Grilled Sandwich,95,185,,INR,80,38,2026-05-25
Tripura,Udaipur-Tripura,Street Food,Pani Puri / Golgappa (6 Pcs),40,80,,INR,79,25,2026-06-23
Tripura,Udaipur-Tripura,Street Food,Samosa / Vada Pav (Plate),25,55,,INR,80,65,2026-06-12
Tripura,Udaipur-Tripura,Street Food,Pav Bhaji / Chaat (Plate),95,195,,INR,81,13,2026-06-26
Tripura,Udaipur-Tripura,Street Food,Fresh Fruit Juice / Soda,45,100,,INR,76,85,2026-06-01
Tripura,Udaipur-Tripura,Public Facilities,Paid Public Restroom (Toilet),5,5,5,INR,93,31,2026-06-01
Tripura,Udaipur-Tripura,Public Facilities,Paid Public Restroom (Bathroom),15,20,15,INR,90,18,2026-05-21
Tripura,Udaipur-Tripura,Public Facilities,Purified Drinking Water Refill (20L),15,20,15,INR,93,44,2026-06-02
Tripura,Udaipur-Tripura,Cultural Activities,Folk Dance / Puppet Show Ticket,190,250,200,INR,88,23,2026-06-19
Tripura,Udaipur-Tripura,Cultural Activities,Sound and Light Show Ticket,130,170,135,INR,94,16,2026-07-03
Tripura,Udaipur-Tripura,Rentals,Bicycle Rental (Per Day),110,365,,INR,63,86,2026-07-01
Tripura,Udaipur-Tripura,Rentals,Scooter / Activa Rental (Per Day),590,1980,,INR,56,116,2026-06-10
Tripura,Udaipur-Tripura,Rentals,Royal Enfield / Cruiser Rental (Per Day),1700,5005,,INR,66,46,2026-06-25
Uttar Pradesh,Varanasi,Food,Standard Meals/Thali,160,245,,INR,89,36,2026-06-22
Uttar Pradesh,Varanasi,Food,Local Signature Dish,160,365,,INR,78,83,2026-05-15
Uttar Pradesh,Varanasi,Food,Breakfast Plate (Dosa/Puri/Poha),85,155,,INR,80,66,2026-05-15
Uttar Pradesh,Varanasi,Food,Evening Snack Plate,80,120,,INR,89,27,2026-06-19
Uttar Pradesh,Varanasi,Taxi,Airport Transfer (One-way),600,1920,615,INR,61,24,2026-06-06
Uttar Pradesh,Varanasi,Taxi,Railway Station Pick-up,330,850,330,INR,75,71,2026-05-20
Uttar Pradesh,Varanasi,Taxi,Sightseeing Taxi (8 Hours / 80km),2200,7550,2200,INR,59,103,2026-06-25
Uttar Pradesh,Varanasi,Auto,Short Auto Ride (Under 3km),45,60,45,INR,90,39,2026-06-05
Uttar Pradesh,Varanasi,Auto,Medium Auto Ride (5km),110,145,110,INR,87,15,2026-06-25
Uttar Pradesh,Varanasi,Auto,Auto Ride (10km),220,290,225,INR,92,19,2026-07-02
Uttar Pradesh,Varanasi,Bus,Local Bus Ticket (Short distance),20,20,20,INR,90,31,2026-05-18
Uttar Pradesh,Varanasi,Bus,Local Bus Ticket (Long distance),55,70,55,INR,94,41,2026-06-18
Uttar Pradesh,Varanasi,Bus,AC Volvo Intercity Bus (100km),470,620,480,INR,92,14,2026-06-08
Uttar Pradesh,Varanasi,Train,Coolie/Porter Service (1 Luggage),110,135,110,INR,90,17,2026-06-15
Uttar Pradesh,Varanasi,Train,Station Cloak Room Storage (24 Hours),30,35,30,INR,93,29,2026-06-24
Uttar Pradesh,Varanasi,Train,Platform Entry Ticket,10,15,10,INR,91,35,2026-05-14
Uttar Pradesh,Varanasi,Hotels,Budget Guest House Room (Per Night),1100,1820,,INR,81,16,2026-05-15
Uttar Pradesh,Varanasi,Hotels,3-Star Midscale Hotel Room (Per Night),3800,7125,,INR,85,51,2026-06-08
Uttar Pradesh,Varanasi,Hotels,Luxury / Heritage Resort Room (Per Night),9500,16505,,INR,85,24,2026-06-17
Uttar Pradesh,Varanasi,Souvenirs,Local Textile / Shawl,1200,3310,,INR,71,30,2026-06-03
Uttar Pradesh,Varanasi,Souvenirs,Handcrafted Wooden / Clay Mug,95,220,,INR,71,40,2026-05-05
Uttar Pradesh,Varanasi,Souvenirs,Brass / Metal Art Piece,1700,4590,,INR,66,87,2026-05-05
Uttar Pradesh,Varanasi,Souvenirs,Local Spices / Tea Pack (250g),290,690,,INR,77,35,2026-05-12
Uttar Pradesh,Varanasi,Attractions,Historical Monument Entry (Indian Citizen),40,85,40,INR,76,21,2026-05-11
Uttar Pradesh,Varanasi,Attractions,Historical Monument Entry (Foreigner),420,455,420,INR,90,28,2026-06-19
Uttar Pradesh,Varanasi,Attractions,Museum Entry Ticket,75,225,75,INR,63,63,2026-05-05
Uttar Pradesh,Varanasi,Attractions,Palace / Fort Entry Ticket,65,260,70,INR,50,43,2026-07-02
Uttar Pradesh,Varanasi,Boat Rides,Shared Boat Ride (30 Mins),100,320,100,INR,61,99,2026-05-25
Uttar Pradesh,Varanasi,Boat Rides,Private Chartered Boat Ride (1 Hour),720,2360,,INR,61,128,2026-06-28
Uttar Pradesh,Varanasi,Parking,Two-Wheeler Parking (Per Hour),15,20,15,INR,93,32,2026-06-05
Uttar Pradesh,Varanasi,Parking,Four-Wheeler Parking (Per Hour),30,35,30,INR,92,18,2026-07-03
Uttar Pradesh,Varanasi,Parking,Tourist Spot All-Day Parking (Car),95,140,95,INR,88,53,2026-06-12
Uttar Pradesh,Varanasi,Cafés,Traditional Filter Coffee / Tea,40,65,,INR,85,58,2026-05-07
Uttar Pradesh,Varanasi,Cafés,Cappuccino / Latte,130,210,,INR,82,35,2026-05-30
Uttar Pradesh,Varanasi,Cafés,Grilled Sandwich,130,195,,INR,88,36,2026-05-24
Uttar Pradesh,Varanasi,Street Food,Pani Puri / Golgappa (6 Pcs),30,45,,INR,87,40,2026-05-29
Uttar Pradesh,Varanasi,Street Food,Samosa / Vada Pav (Plate),30,65,,INR,77,86,2026-06-13
Uttar Pradesh,Varanasi,Street Food,Pav Bhaji / Chaat (Plate),50,85,,INR,84,27,2026-05-08
Uttar Pradesh,Varanasi,Street Food,Fresh Fruit Juice / Soda,25,55,,INR,73,45,2026-05-25
Uttar Pradesh,Varanasi,Public Facilities,Paid Public Restroom (Toilet),5,5,5,INR,88,35,2026-06-27
Uttar Pradesh,Varanasi,Public Facilities,Paid Public Restroom (Bathroom),15,20,15,INR,89,20,2026-06-15
Uttar Pradesh,Varanasi,Public Facilities,Purified Drinking Water Refill (20L),15,20,15,INR,89,32,2026-05-26
Uttar Pradesh,Varanasi,Cultural Activities,Folk Dance / Puppet Show Ticket,230,305,240,INR,88,47,2026-05-29
Uttar Pradesh,Varanasi,Cultural Activities,Sound and Light Show Ticket,150,200,150,INR,87,10,2026-05-29
Uttar Pradesh,Varanasi,Rentals,Bicycle Rental (Per Day),80,195,,INR,72,62,2026-05-28
Uttar Pradesh,Varanasi,Rentals,Scooter / Activa Rental (Per Day),610,1565,,INR,68,51,2026-05-07
Uttar Pradesh,Varanasi,Rentals,Royal Enfield / Cruiser Rental (Per Day),1200,2750,,INR,79,79,2026-05-22
Uttar Pradesh,Agra,Food,Standard Meals/Thali,150,270,,INR,79,45,2026-06-27
Uttar Pradesh,Agra,Food,Local Signature Dish,220,380,,INR,83,51,2026-05-13
Uttar Pradesh,Agra,Food,Breakfast Plate (Dosa/Puri/Poha),50,90,,INR,85,52,2026-05-23
Uttar Pradesh,Agra,Food,Evening Snack Plate,35,60,,INR,85,38,2026-05-09
Uttar Pradesh,Agra,Taxi,Airport Transfer (One-way),470,1565,475,INR,59,47,2026-05-24
Uttar Pradesh,Agra,Taxi,Railway Station Pick-up,480,1690,480,INR,54,75,2026-06-28
Uttar Pradesh,Agra,Taxi,Sightseeing Taxi (8 Hours / 80km),2800,8330,2845,INR,63,35,2026-05-23
Uttar Pradesh,Agra,Auto,Short Auto Ride (Under 3km),70,90,70,INR,92,41,2026-05-30
Uttar Pradesh,Agra,Auto,Medium Auto Ride (5km),95,125,95,INR,92,51,2026-05-12
Uttar Pradesh,Agra,Auto,Auto Ride (10km),220,290,220,INR,88,41,2026-06-05
Uttar Pradesh,Agra,Bus,Local Bus Ticket (Short distance),15,20,15,INR,94,32,2026-06-06
Uttar Pradesh,Agra,Bus,Local Bus Ticket (Long distance),60,75,60,INR,93,50,2026-06-02
Uttar Pradesh,Agra,Bus,AC Volvo Intercity Bus (100km),330,445,335,INR,93,9,2026-05-08
Uttar Pradesh,Agra,Train,Coolie/Porter Service (1 Luggage),95,120,95,INR,87,8,2026-05-06
Uttar Pradesh,Agra,Train,Station Cloak Room Storage (24 Hours),25,35,25,INR,87,41,2026-06-25
Uttar Pradesh,Agra,Train,Platform Entry Ticket,10,10,10,INR,94,35,2026-05-28
Uttar Pradesh,Agra,Hotels,Budget Guest House Room (Per Night),1300,2950,,INR,74,68,2026-06-13
Uttar Pradesh,Agra,Hotels,3-Star Midscale Hotel Room (Per Night),2900,4900,,INR,86,16,2026-05-24
Uttar Pradesh,Agra,Hotels,Luxury / Heritage Resort Room (Per Night),12800,25560,,INR,77,16,2026-06-07
Uttar Pradesh,Agra,Souvenirs,Local Textile / Shawl,800,2560,,INR,64,96,2026-06-24
Uttar Pradesh,Agra,Souvenirs,Handcrafted Wooden / Clay Mug,95,220,,INR,76,61,2026-07-03
Uttar Pradesh,Agra,Souvenirs,Brass / Metal Art Piece,1200,3805,,INR,64,31,2026-06-19
Uttar Pradesh,Agra,Souvenirs,Local Spices / Tea Pack (250g),210,770,,INR,58,54,2026-05-13
Uttar Pradesh,Agra,Attractions,Historical Monument Entry (Indian Citizen),35,80,35,INR,77,58,2026-06-27
Uttar Pradesh,Agra,Attractions,Historical Monument Entry (Foreigner),520,560,520,INR,96,30,2026-05-22
Uttar Pradesh,Agra,Attractions,Museum Entry Ticket,60,235,60,INR,50,38,2026-06-24
Uttar Pradesh,Agra,Attractions,Palace / Fort Entry Ticket,120,340,125,INR,69,94,2026-06-16
Uttar Pradesh,Agra,Boat Rides,Shared Boat Ride (30 Mins),80,265,80,INR,61,117,2026-06-21
Uttar Pradesh,Agra,Boat Rides,Private Chartered Boat Ride (1 Hour),620,1635,,INR,67,96,2026-06-26
Uttar Pradesh,Agra,Parking,Two-Wheeler Parking (Per Hour),15,20,15,INR,87,33,2026-05-20
Uttar Pradesh,Agra,Parking,Four-Wheeler Parking (Per Hour),40,45,40,INR,93,35,2026-06-04
Uttar Pradesh,Agra,Parking,Tourist Spot All-Day Parking (Car),70,95,70,INR,86,22,2026-06-29
Uttar Pradesh,Agra,Cafés,Traditional Filter Coffee / Tea,35,60,,INR,83,19,2026-06-08
Uttar Pradesh,Agra,Cafés,Cappuccino / Latte,190,305,,INR,89,41,2026-06-24
Uttar Pradesh,Agra,Cafés,Grilled Sandwich,110,180,,INR,84,44,2026-06-18
Uttar Pradesh,Agra,Street Food,Pani Puri / Golgappa (6 Pcs),45,90,,INR,82,41,2026-06-21
Uttar Pradesh,Agra,Street Food,Samosa / Vada Pav (Plate),30,60,,INR,80,53,2026-05-17
Uttar Pradesh,Agra,Street Food,Pav Bhaji / Chaat (Plate),100,160,,INR,89,46,2026-05-13
Uttar Pradesh,Agra,Street Food,Fresh Fruit Juice / Soda,45,70,,INR,89,48,2026-05-07
Uttar Pradesh,Agra,Public Facilities,Paid Public Restroom (Toilet),2,0,2,INR,95,22,2026-06-02
Uttar Pradesh,Agra,Public Facilities,Paid Public Restroom (Bathroom),10,15,10,INR,86,22,2026-06-14
Uttar Pradesh,Agra,Public Facilities,Purified Drinking Water Refill (20L),20,30,20,INR,85,50,2026-05-20
Uttar Pradesh,Agra,Cultural Activities,Folk Dance / Puppet Show Ticket,290,385,290,INR,88,28,2026-05-14
Uttar Pradesh,Agra,Cultural Activities,Sound and Light Show Ticket,160,210,165,INR,92,52,2026-05-10
Uttar Pradesh,Agra,Rentals,Bicycle Rental (Per Day),95,310,,INR,61,30,2026-06-22
Uttar Pradesh,Agra,Rentals,Scooter / Activa Rental (Per Day),530,1375,,INR,69,38,2026-05-08
Uttar Pradesh,Agra,Rentals,Royal Enfield / Cruiser Rental (Per Day),1600,5330,,INR,58,18,2026-05-20
Uttar Pradesh,Lucknow,Food,Standard Meals/Thali,150,240,,INR,84,25,2026-06-01
Uttar Pradesh,Lucknow,Food,Local Signature Dish,200,315,,INR,88,12,2026-05-14
Uttar Pradesh,Lucknow,Food,Breakfast Plate (Dosa/Puri/Poha),70,105,,INR,89,57,2026-06-14
Uttar Pradesh,Lucknow,Food,Evening Snack Plate,40,60,,INR,85,23,2026-05-17
Uttar Pradesh,Lucknow,Taxi,Airport Transfer (One-way),360,630,360,INR,81,44,2026-06-25
Uttar Pradesh,Lucknow,Taxi,Railway Station Pick-up,370,825,385,INR,79,85,2026-05-14
Uttar Pradesh,Lucknow,Taxi,Sightseeing Taxi (8 Hours / 80km),2500,5785,2520,INR,75,77,2026-05-23
Uttar Pradesh,Lucknow,Auto,Short Auto Ride (Under 3km),50,60,50,INR,90,14,2026-05-07
Uttar Pradesh,Lucknow,Auto,Medium Auto Ride (5km),100,115,105,INR,93,21,2026-05-25
Uttar Pradesh,Lucknow,Auto,Auto Ride (10km),190,220,190,INR,90,30,2026-07-03
Uttar Pradesh,Lucknow,Bus,Local Bus Ticket (Short distance),10,10,10,INR,92,37,2026-06-27
Uttar Pradesh,Lucknow,Bus,Local Bus Ticket (Long distance),25,30,25,INR,92,47,2026-06-28
Uttar Pradesh,Lucknow,Bus,AC Volvo Intercity Bus (100km),440,465,440,INR,93,30,2026-05-06
Uttar Pradesh,Lucknow,Train,Coolie/Porter Service (1 Luggage),100,115,105,INR,95,27,2026-07-03
Uttar Pradesh,Lucknow,Train,Station Cloak Room Storage (24 Hours),25,30,25,INR,94,42,2026-05-23
Uttar Pradesh,Lucknow,Train,Platform Entry Ticket,10,10,10,INR,88,31,2026-05-29
Uttar Pradesh,Lucknow,Hotels,Budget Guest House Room (Per Night),930,1450,,INR,89,47,2026-05-11
Uttar Pradesh,Lucknow,Hotels,3-Star Midscale Hotel Room (Per Night),1600,2280,,INR,92,11,2026-06-20
Uttar Pradesh,Lucknow,Hotels,Luxury / Heritage Resort Room (Per Night),7900,12295,,INR,89,30,2026-06-30
Uttar Pradesh,Lucknow,Souvenirs,Local Textile / Shawl,1000,1975,,INR,80,29,2026-06-24
Uttar Pradesh,Lucknow,Souvenirs,Handcrafted Wooden / Clay Mug,100,230,,INR,77,49,2026-06-18
Uttar Pradesh,Lucknow,Souvenirs,Brass / Metal Art Piece,1200,2695,,INR,72,47,2026-05-08
Uttar Pradesh,Lucknow,Souvenirs,Local Spices / Tea Pack (250g),230,455,,INR,79,48,2026-05-30
Uttar Pradesh,Lucknow,Attractions,Historical Monument Entry (Indian Citizen),45,90,45,INR,82,48,2026-06-17
Uttar Pradesh,Lucknow,Attractions,Historical Monument Entry (Foreigner),340,355,340,INR,97,7,2026-05-15
Uttar Pradesh,Lucknow,Attractions,Museum Entry Ticket,75,165,75,INR,75,74,2026-06-21
Uttar Pradesh,Lucknow,Attractions,Palace / Fort Entry Ticket,120,220,125,INR,81,14,2026-05-11
Uttar Pradesh,Lucknow,Boat Rides,Shared Boat Ride (30 Mins),120,270,125,INR,75,13,2026-07-03
Uttar Pradesh,Lucknow,Boat Rides,Private Chartered Boat Ride (1 Hour),1100,2475,,INR,75,74,2026-06-09
Uttar Pradesh,Lucknow,Parking,Two-Wheeler Parking (Per Hour),15,20,15,INR,89,48,2026-06-01
Uttar Pradesh,Lucknow,Parking,Four-Wheeler Parking (Per Hour),45,55,45,INR,90,33,2026-06-01
Uttar Pradesh,Lucknow,Parking,Tourist Spot All-Day Parking (Car),70,75,70,INR,93,5,2026-05-27
Uttar Pradesh,Lucknow,Cafés,Traditional Filter Coffee / Tea,25,35,,INR,88,12,2026-05-25
Uttar Pradesh,Lucknow,Cafés,Cappuccino / Latte,150,235,,INR,87,10,2026-05-20
Uttar Pradesh,Lucknow,Cafés,Grilled Sandwich,90,145,,INR,87,45,2026-05-09
Uttar Pradesh,Lucknow,Street Food,Pani Puri / Golgappa (6 Pcs),30,50,,INR,88,45,2026-06-05
Uttar Pradesh,Lucknow,Street Food,Samosa / Vada Pav (Plate),25,35,,INR,87,29,2026-06-30
Uttar Pradesh,Lucknow,Street Food,Pav Bhaji / Chaat (Plate),75,105,,INR,92,31,2026-06-15
Uttar Pradesh,Lucknow,Street Food,Fresh Fruit Juice / Soda,30,45,,INR,89,46,2026-05-23
Uttar Pradesh,Lucknow,Public Facilities,Paid Public Restroom (Toilet),2,0,2,INR,95,10,2026-06-24
Uttar Pradesh,Lucknow,Public Facilities,Paid Public Restroom (Bathroom),10,10,10,INR,88,34,2026-06-15
Uttar Pradesh,Lucknow,Public Facilities,Purified Drinking Water Refill (20L),15,20,15,INR,87,6,2026-05-12
Uttar Pradesh,Lucknow,Cultural Activities,Folk Dance / Puppet Show Ticket,270,315,270,INR,94,22,2026-06-12
Uttar Pradesh,Lucknow,Cultural Activities,Sound and Light Show Ticket,130,150,130,INR,90,9,2026-05-05
Uttar Pradesh,Lucknow,Rentals,Bicycle Rental (Per Day),75,135,,INR,85,11,2026-06-10
Uttar Pradesh,Lucknow,Rentals,Scooter / Activa Rental (Per Day),360,830,,INR,71,14,2026-05-27
Uttar Pradesh,Lucknow,Rentals,Royal Enfield / Cruiser Rental (Per Day),1300,2190,,INR,87,60,2026-05-19
Uttar Pradesh,Mathura,Food,Standard Meals/Thali,150,310,,INR,78,70,2026-06-28
Uttar Pradesh,Mathura,Food,Local Signature Dish,250,395,,INR,84,42,2026-07-02
Uttar Pradesh,Mathura,Food,Breakfast Plate (Dosa/Puri/Poha),100,190,,INR,80,67,2026-05-05
Uttar Pradesh,Mathura,Food,Evening Snack Plate,55,80,,INR,87,31,2026-05-21
Uttar Pradesh,Mathura,Taxi,Airport Transfer (One-way),890,2360,890,INR,71,61,2026-05-10
Uttar Pradesh,Mathura,Taxi,Railway Station Pick-up,270,855,275,INR,66,108,2026-07-02
Uttar Pradesh,Mathura,Taxi,Sightseeing Taxi (8 Hours / 80km),2100,6625,2150,INR,65,113,2026-07-01
Uttar Pradesh,Mathura,Auto,Short Auto Ride (Under 3km),75,100,75,INR,91,13,2026-06-14
Uttar Pradesh,Mathura,Auto,Medium Auto Ride (5km),110,145,115,INR,91,13,2026-05-25
Uttar Pradesh,Mathura,Auto,Auto Ride (10km),150,200,150,INR,92,10,2026-05-30
Uttar Pradesh,Mathura,Bus,Local Bus Ticket (Short distance),20,20,20,INR,90,35,2026-06-30
Uttar Pradesh,Mathura,Bus,Local Bus Ticket (Long distance),45,50,45,INR,95,26,2026-05-29
Uttar Pradesh,Mathura,Bus,AC Volvo Intercity Bus (100km),470,620,480,INR,91,27,2026-05-16
Uttar Pradesh,Mathura,Train,Coolie/Porter Service (1 Luggage),95,110,95,INR,89,33,2026-07-02
Uttar Pradesh,Mathura,Train,Station Cloak Room Storage (24 Hours),35,50,35,INR,85,8,2026-06-07
Uttar Pradesh,Mathura,Train,Platform Entry Ticket,10,15,10,INR,86,32,2026-06-04
Uttar Pradesh,Mathura,Hotels,Budget Guest House Room (Per Night),730,1445,,INR,81,61,2026-05-11
Uttar Pradesh,Mathura,Hotels,3-Star Midscale Hotel Room (Per Night),3700,6390,,INR,80,57,2026-05-14
Uttar Pradesh,Mathura,Hotels,Luxury / Heritage Resort Room (Per Night),9000,14265,,INR,85,58,2026-05-17
Uttar Pradesh,Mathura,Souvenirs,Local Textile / Shawl,330,825,,INR,72,68,2026-06-20
Uttar Pradesh,Mathura,Souvenirs,Handcrafted Wooden / Clay Mug,120,330,,INR,69,20,2026-06-26
Uttar Pradesh,Mathura,Souvenirs,Brass / Metal Art Piece,410,1030,,INR,75,85,2026-06-07
Uttar Pradesh,Mathura,Souvenirs,Local Spices / Tea Pack (250g),150,495,,INR,59,100,2026-05-25
Uttar Pradesh,Mathura,Attractions,Historical Monument Entry (Indian Citizen),40,145,40,INR,58,33,2026-05-18
Uttar Pradesh,Mathura,Attractions,Historical Monument Entry (Foreigner),610,660,625,INR,91,5,2026-06-24
Uttar Pradesh,Mathura,Attractions,Museum Entry Ticket,110,410,110,INR,50,129,2026-06-21
Uttar Pradesh,Mathura,Attractions,Palace / Fort Entry Ticket,160,525,160,INR,59,64,2026-05-15
Uttar Pradesh,Mathura,Boat Rides,Shared Boat Ride (30 Mins),160,460,160,INR,69,43,2026-05-27
Uttar Pradesh,Mathura,Boat Rides,Private Chartered Boat Ride (1 Hour),600,1770,,INR,68,34,2026-06-19
Uttar Pradesh,Mathura,Parking,Two-Wheeler Parking (Per Hour),20,25,20,INR,88,20,2026-05-13
Uttar Pradesh,Mathura,Parking,Four-Wheeler Parking (Per Hour),25,35,25,INR,85,29,2026-05-18
Uttar Pradesh,Mathura,Parking,Tourist Spot All-Day Parking (Car),85,110,85,INR,87,45,2026-06-15
Uttar Pradesh,Mathura,Cafés,Traditional Filter Coffee / Tea,35,60,,INR,81,65,2026-05-11
Uttar Pradesh,Mathura,Cafés,Cappuccino / Latte,110,230,,INR,81,16,2026-05-18
Uttar Pradesh,Mathura,Cafés,Grilled Sandwich,75,145,,INR,84,20,2026-06-01
Uttar Pradesh,Mathura,Street Food,Pani Puri / Golgappa (6 Pcs),40,70,,INR,82,62,2026-05-17
Uttar Pradesh,Mathura,Street Food,Samosa / Vada Pav (Plate),35,65,,INR,82,30,2026-07-02
Uttar Pradesh,Mathura,Street Food,Pav Bhaji / Chaat (Plate),100,195,,INR,80,34,2026-05-11
Uttar Pradesh,Mathura,Street Food,Fresh Fruit Juice / Soda,40,75,,INR,79,61,2026-06-13
Uttar Pradesh,Mathura,Public Facilities,Paid Public Restroom (Toilet),5,5,5,INR,95,43,2026-06-12
Uttar Pradesh,Mathura,Public Facilities,Paid Public Restroom (Bathroom),15,20,15,INR,95,37,2026-06-30
Uttar Pradesh,Mathura,Public Facilities,Purified Drinking Water Refill (20L),15,20,15,INR,87,35,2026-06-25
Uttar Pradesh,Mathura,Cultural Activities,Folk Dance / Puppet Show Ticket,150,200,150,INR,93,27,2026-05-28
Uttar Pradesh,Mathura,Cultural Activities,Sound and Light Show Ticket,140,185,145,INR,87,27,2026-06-28
Uttar Pradesh,Mathura,Rentals,Bicycle Rental (Per Day),80,280,,INR,54,49,2026-07-01
Uttar Pradesh,Mathura,Rentals,Scooter / Activa Rental (Per Day),410,1315,,INR,63,90,2026-05-10
Uttar Pradesh,Mathura,Rentals,Royal Enfield / Cruiser Rental (Per Day),1500,3680,,INR,77,33,2026-05-08
Uttar Pradesh,Noida,Food,Standard Meals/Thali,150,265,,INR,84,47,2026-05-12
Uttar Pradesh,Noida,Food,Local Signature Dish,320,585,,INR,86,15,2026-05-21
Uttar Pradesh,Noida,Food,Breakfast Plate (Dosa/Puri/Poha),120,190,,INR,87,36,2026-06-19
Uttar Pradesh,Noida,Food,Evening Snack Plate,65,110,,INR,80,35,2026-06-05
Uttar Pradesh,Noida,Taxi,Airport Transfer (One-way),890,2155,890,INR,76,95,2026-06-18
Uttar Pradesh,Noida,Taxi,Railway Station Pick-up,460,955,475,INR,80,23,2026-05-21
Uttar Pradesh,Noida,Taxi,Sightseeing Taxi (8 Hours / 80km),2600,5560,2725,INR,75,37,2026-06-04
Uttar Pradesh,Noida,Auto,Short Auto Ride (Under 3km),85,105,85,INR,90,26,2026-05-20
Uttar Pradesh,Noida,Auto,Medium Auto Ride (5km),110,135,110,INR,88,41,2026-06-12
Uttar Pradesh,Noida,Auto,Auto Ride (10km),210,260,220,INR,90,17,2026-05-11
Uttar Pradesh,Noida,Bus,Local Bus Ticket (Short distance),30,40,30,INR,94,44,2026-06-20
Uttar Pradesh,Noida,Bus,Local Bus Ticket (Long distance),55,65,55,INR,93,27,2026-06-15
Uttar Pradesh,Noida,Bus,AC Volvo Intercity Bus (100km),350,375,350,INR,96,32,2026-05-17
Uttar Pradesh,Noida,Train,Coolie/Porter Service (1 Luggage),170,190,175,INR,93,34,2026-06-14
Uttar Pradesh,Noida,Train,Station Cloak Room Storage (24 Hours),40,55,40,INR,91,38,2026-05-08
Uttar Pradesh,Noida,Train,Platform Entry Ticket,15,20,15,INR,90,48,2026-06-15
Uttar Pradesh,Noida,Hotels,Budget Guest House Room (Per Night),1500,2040,,INR,92,47,2026-05-22
Uttar Pradesh,Noida,Hotels,3-Star Midscale Hotel Room (Per Night),4500,6960,,INR,89,27,2026-05-22
Uttar Pradesh,Noida,Hotels,Luxury / Heritage Resort Room (Per Night),11000,16045,,INR,87,9,2026-06-28
Uttar Pradesh,Noida,Souvenirs,Local Textile / Shawl,580,1335,,INR,77,40,2026-06-19
Uttar Pradesh,Noida,Souvenirs,Handcrafted Wooden / Clay Mug,320,700,,INR,79,63,2026-05-30
Uttar Pradesh,Noida,Souvenirs,Brass / Metal Art Piece,770,2050,,INR,71,40,2026-06-15
Uttar Pradesh,Noida,Souvenirs,Local Spices / Tea Pack (250g),250,725,,INR,64,100,2026-06-27
Uttar Pradesh,Noida,Attractions,Historical Monument Entry (Indian Citizen),45,125,45,INR,65,82,2026-05-29
Uttar Pradesh,Noida,Attractions,Historical Monument Entry (Foreigner),810,860,830,INR,93,17,2026-06-27
Uttar Pradesh,Noida,Attractions,Museum Entry Ticket,130,220,130,INR,82,47,2026-05-13
Uttar Pradesh,Noida,Attractions,Palace / Fort Entry Ticket,250,830,255,INR,57,42,2026-05-20
Uttar Pradesh,Noida,Boat Rides,Shared Boat Ride (30 Mins),95,240,95,INR,74,97,2026-07-01
Uttar Pradesh,Noida,Boat Rides,Private Chartered Boat Ride (1 Hour),1700,3380,,INR,77,57,2026-05-30
Uttar Pradesh,Noida,Parking,Two-Wheeler Parking (Per Hour),20,25,20,INR,86,21,2026-06-24
Uttar Pradesh,Noida,Parking,Four-Wheeler Parking (Per Hour),60,75,60,INR,93,6,2026-05-16
Uttar Pradesh,Noida,Parking,Tourist Spot All-Day Parking (Car),100,115,105,INR,90,45,2026-06-16
Uttar Pradesh,Noida,Cafés,Traditional Filter Coffee / Tea,25,40,,INR,83,29,2026-05-08
Uttar Pradesh,Noida,Cafés,Cappuccino / Latte,170,280,,INR,85,40,2026-05-25
Uttar Pradesh,Noida,Cafés,Grilled Sandwich,180,275,,INR,90,9,2026-05-06
Uttar Pradesh,Noida,Street Food,Pani Puri / Golgappa (6 Pcs),40,70,,INR,84,62,2026-05-15
Uttar Pradesh,Noida,Street Food,Samosa / Vada Pav (Plate),30,45,,INR,86,18,2026-06-08
Uttar Pradesh,Noida,Street Food,Pav Bhaji / Chaat (Plate),75,140,,INR,82,52,2026-06-24
Uttar Pradesh,Noida,Street Food,Fresh Fruit Juice / Soda,35,65,,INR,78,10,2026-06-30
Uttar Pradesh,Noida,Public Facilities,Paid Public Restroom (Toilet),5,5,5,INR,92,53,2026-06-23
Uttar Pradesh,Noida,Public Facilities,Paid Public Restroom (Bathroom),15,15,15,INR,95,15,2026-05-29
Uttar Pradesh,Noida,Public Facilities,Purified Drinking Water Refill (20L),15,20,15,INR,94,50,2026-06-03
Uttar Pradesh,Noida,Cultural Activities,Folk Dance / Puppet Show Ticket,290,360,290,INR,87,8,2026-05-30
Uttar Pradesh,Noida,Cultural Activities,Sound and Light Show Ticket,120,150,120,INR,92,23,2026-05-26
Uttar Pradesh,Noida,Rentals,Bicycle Rental (Per Day),120,270,,INR,75,76,2026-05-14
Uttar Pradesh,Noida,Rentals,Scooter / Activa Rental (Per Day),550,1250,,INR,79,37,2026-05-28
Uttar Pradesh,Noida,Rentals,Royal Enfield / Cruiser Rental (Per Day),1700,4395,,INR,68,33,2026-06-28
Uttarakhand,Rishikesh,Food,Standard Meals/Thali,95,150,,INR,84,62,2026-06-08
Uttarakhand,Rishikesh,Food,Local Signature Dish,190,310,,INR,86,60,2026-06-09
Uttarakhand,Rishikesh,Food,Breakfast Plate (Dosa/Puri/Poha),90,165,,INR,85,42,2026-06-06
Uttarakhand,Rishikesh,Food,Evening Snack Plate,80,155,,INR,77,77,2026-05-06
Uttarakhand,Rishikesh,Taxi,Airport Transfer (One-way),960,2740,995,INR,64,74,2026-05-14
Uttarakhand,Rishikesh,Taxi,Railway Station Pick-up,430,1310,430,INR,62,113,2026-06-20
Uttarakhand,Rishikesh,Taxi,Sightseeing Taxi (8 Hours / 80km),2800,9345,2800,INR,56,71,2026-06-11
Uttarakhand,Rishikesh,Auto,Short Auto Ride (Under 3km),70,90,70,INR,92,26,2026-06-16
Uttarakhand,Rishikesh,Auto,Medium Auto Ride (5km),120,160,120,INR,93,30,2026-05-10
Uttarakhand,Rishikesh,Auto,Auto Ride (10km),210,275,220,INR,93,45,2026-05-07
Uttarakhand,Rishikesh,Bus,Local Bus Ticket (Short distance),25,30,25,INR,90,36,2026-06-02
Uttarakhand,Rishikesh,Bus,Local Bus Ticket (Long distance),50,55,50,INR,91,29,2026-05-20
Uttarakhand,Rishikesh,Bus,AC Volvo Intercity Bus (100km),480,670,480,INR,93,8,2026-06-24
Uttarakhand,Rishikesh,Train,Coolie/Porter Service (1 Luggage),120,155,120,INR,90,8,2026-07-03
Uttarakhand,Rishikesh,Train,Station Cloak Room Storage (24 Hours),30,40,30,INR,88,43,2026-05-14
Uttarakhand,Rishikesh,Train,Platform Entry Ticket,10,15,10,INR,90,42,2026-06-07
Uttarakhand,Rishikesh,Hotels,Budget Guest House Room (Per Night),1000,1775,,INR,85,63,2026-06-28
Uttarakhand,Rishikesh,Hotels,3-Star Midscale Hotel Room (Per Night),3800,6700,,INR,82,16,2026-05-19
Uttarakhand,Rishikesh,Hotels,Luxury / Heritage Resort Room (Per Night),9600,21015,,INR,77,73,2026-05-21
Uttarakhand,Rishikesh,Souvenirs,Local Textile / Shawl,1400,3810,,INR,68,69,2026-05-10
Uttarakhand,Rishikesh,Souvenirs,Handcrafted Wooden / Clay Mug,160,390,,INR,69,26,2026-06-21
Uttarakhand,Rishikesh,Souvenirs,Brass / Metal Art Piece,420,1330,,INR,63,47,2026-06-30
Uttarakhand,Rishikesh,Souvenirs,Local Spices / Tea Pack (250g),260,675,,INR,69,42,2026-06-04
Uttarakhand,Rishikesh,Attractions,Historical Monument Entry (Indian Citizen),40,130,40,INR,57,54,2026-06-24
Uttarakhand,Rishikesh,Attractions,Historical Monument Entry (Foreigner),650,700,655,INR,89,38,2026-06-04
Uttarakhand,Rishikesh,Attractions,Museum Entry Ticket,50,205,50,INR,50,150,2026-06-03
Uttarakhand,Rishikesh,Attractions,Palace / Fort Entry Ticket,85,195,85,INR,77,64,2026-06-24
Uttarakhand,Rishikesh,Boat Rides,Shared Boat Ride (30 Mins),80,255,80,INR,62,91,2026-06-05
Uttarakhand,Rishikesh,Boat Rides,Private Chartered Boat Ride (1 Hour),1200,3740,,INR,66,30,2026-06-07
Uttarakhand,Rishikesh,Parking,Two-Wheeler Parking (Per Hour),20,30,20,INR,91,48,2026-06-21
Uttarakhand,Rishikesh,Parking,Four-Wheeler Parking (Per Hour),35,45,35,INR,91,15,2026-05-20
Uttarakhand,Rishikesh,Parking,Tourist Spot All-Day Parking (Car),95,115,95,INR,91,12,2026-06-09
Uttarakhand,Rishikesh,Cafés,Traditional Filter Coffee / Tea,35,80,,INR,76,73,2026-05-22
Uttarakhand,Rishikesh,Cafés,Cappuccino / Latte,170,255,,INR,90,35,2026-06-20
Uttarakhand,Rishikesh,Cafés,Grilled Sandwich,150,315,,INR,80,54,2026-06-10
Uttarakhand,Rishikesh,Street Food,Pani Puri / Golgappa (6 Pcs),30,55,,INR,84,61,2026-05-06
Uttarakhand,Rishikesh,Street Food,Samosa / Vada Pav (Plate),25,55,,INR,75,34,2026-07-01
Uttarakhand,Rishikesh,Street Food,Pav Bhaji / Chaat (Plate),50,80,,INR,89,38,2026-06-01
Uttarakhand,Rishikesh,Street Food,Fresh Fruit Juice / Soda,50,110,,INR,79,75,2026-06-30
Uttarakhand,Rishikesh,Public Facilities,Paid Public Restroom (Toilet),5,5,5,INR,95,30,2026-06-17
Uttarakhand,Rishikesh,Public Facilities,Paid Public Restroom (Bathroom),15,20,15,INR,89,48,2026-05-19
Uttarakhand,Rishikesh,Public Facilities,Purified Drinking Water Refill (20L),20,25,20,INR,90,20,2026-06-16
Uttarakhand,Rishikesh,Cultural Activities,Folk Dance / Puppet Show Ticket,160,210,160,INR,91,43,2026-07-02
Uttarakhand,Rishikesh,Cultural Activities,Sound and Light Show Ticket,150,200,150,INR,90,34,2026-05-09
Uttarakhand,Rishikesh,Rentals,Bicycle Rental (Per Day),110,375,,INR,62,78,2026-06-10
Uttarakhand,Rishikesh,Rentals,Scooter / Activa Rental (Per Day),590,2035,,INR,57,62,2026-06-13
Uttarakhand,Rishikesh,Rentals,Royal Enfield / Cruiser Rental (Per Day),1600,5725,,INR,57,56,2026-05-08
Uttarakhand,Dehradun,Food,Standard Meals/Thali,100,130,,INR,88,41,2026-05-21
Uttarakhand,Dehradun,Food,Local Signature Dish,180,295,,INR,82,44,2026-06-30
Uttarakhand,Dehradun,Food,Breakfast Plate (Dosa/Puri/Poha),75,120,,INR,81,38,2026-05-26
Uttarakhand,Dehradun,Food,Evening Snack Plate,40,65,,INR,87,56,2026-05-16
Uttarakhand,Dehradun,Taxi,Airport Transfer (One-way),600,1025,600,INR,85,10,2026-05-23
Uttarakhand,Dehradun,Taxi,Railway Station Pick-up,240,585,245,INR,77,26,2026-05-07
Uttarakhand,Dehradun,Taxi,Sightseeing Taxi (8 Hours / 80km),2000,3950,2080,INR,79,69,2026-05-25
Uttarakhand,Dehradun,Auto,Short Auto Ride (Under 3km),45,55,45,INR,89,8,2026-06-22
Uttarakhand,Dehradun,Auto,Medium Auto Ride (5km),70,80,70,INR,90,33,2026-06-28
Uttarakhand,Dehradun,Auto,Auto Ride (10km),130,150,130,INR,91,39,2026-06-30
Uttarakhand,Dehradun,Bus,Local Bus Ticket (Short distance),15,15,15,INR,90,21,2026-06-20
Uttarakhand,Dehradun,Bus,Local Bus Ticket (Long distance),40,50,40,INR,91,25,2026-06-13
Uttarakhand,Dehradun,Bus,AC Volvo Intercity Bus (100km),240,250,240,INR,95,29,2026-06-30
Uttarakhand,Dehradun,Train,Coolie/Porter Service (1 Luggage),120,140,125,INR,93,22,2026-05-09
Uttarakhand,Dehradun,Train,Station Cloak Room Storage (24 Hours),25,30,25,INR,91,47,2026-05-22
Uttarakhand,Dehradun,Train,Platform Entry Ticket,10,10,10,INR,96,18,2026-05-19
Uttarakhand,Dehradun,Hotels,Budget Guest House Room (Per Night),1100,1640,,INR,87,53,2026-05-29
Uttarakhand,Dehradun,Hotels,3-Star Midscale Hotel Room (Per Night),2800,4540,,INR,85,42,2026-06-23
Uttarakhand,Dehradun,Hotels,Luxury / Heritage Resort Room (Per Night),7500,10855,,INR,88,35,2026-05-27
Uttarakhand,Dehradun,Souvenirs,Local Textile / Shawl,390,860,,INR,76,66,2026-05-21
Uttarakhand,Dehradun,Souvenirs,Handcrafted Wooden / Clay Mug,180,415,,INR,76,38,2026-06-25
Uttarakhand,Dehradun,Souvenirs,Brass / Metal Art Piece,560,1295,,INR,78,29,2026-05-23
Uttarakhand,Dehradun,Souvenirs,Local Spices / Tea Pack (250g),200,355,,INR,85,68,2026-06-02
Uttarakhand,Dehradun,Attractions,Historical Monument Entry (Indian Citizen),30,50,30,INR,87,41,2026-06-17
Uttarakhand,Dehradun,Attractions,Historical Monument Entry (Foreigner),460,480,460,INR,96,33,2026-06-10
Uttarakhand,Dehradun,Attractions,Museum Entry Ticket,45,115,45,INR,73,81,2026-05-18
Uttarakhand,Dehradun,Attractions,Palace / Fort Entry Ticket,170,405,170,INR,77,20,2026-06-10
Uttarakhand,Dehradun,Boat Rides,Shared Boat Ride (30 Mins),75,145,75,INR,78,66,2026-05-25
Uttarakhand,Dehradun,Boat Rides,Private Chartered Boat Ride (1 Hour),580,1375,,INR,71,67,2026-05-30
Uttarakhand,Dehradun,Parking,Two-Wheeler Parking (Per Hour),15,15,15,INR,90,6,2026-05-13
Uttarakhand,Dehradun,Parking,Four-Wheeler Parking (Per Hour),25,30,25,INR,92,23,2026-06-03
Uttarakhand,Dehradun,Parking,Tourist Spot All-Day Parking (Car),85,105,85,INR,91,44,2026-05-31
Uttarakhand,Dehradun,Cafés,Traditional Filter Coffee / Tea,25,35,,INR,86,17,2026-05-16
Uttarakhand,Dehradun,Cafés,Cappuccino / Latte,85,110,,INR,90,22,2026-06-21
Uttarakhand,Dehradun,Cafés,Grilled Sandwich,60,100,,INR,81,40,2026-06-20
Uttarakhand,Dehradun,Street Food,Pani Puri / Golgappa (6 Pcs),20,30,,INR,89,10,2026-05-18
Uttarakhand,Dehradun,Street Food,Samosa / Vada Pav (Plate),20,25,,INR,86,50,2026-06-29
Uttarakhand,Dehradun,Street Food,Pav Bhaji / Chaat (Plate),50,70,,INR,92,24,2026-06-30
Uttarakhand,Dehradun,Street Food,Fresh Fruit Juice / Soda,35,50,,INR,88,29,2026-05-31
Uttarakhand,Dehradun,Public Facilities,Paid Public Restroom (Toilet),2,0,2,INR,92,9,2026-06-05
Uttarakhand,Dehradun,Public Facilities,Paid Public Restroom (Bathroom),10,10,10,INR,92,30,2026-06-15
Uttarakhand,Dehradun,Public Facilities,Purified Drinking Water Refill (20L),15,20,15,INR,93,35,2026-06-27
Uttarakhand,Dehradun,Cultural Activities,Folk Dance / Puppet Show Ticket,140,165,140,INR,90,30,2026-05-30
Uttarakhand,Dehradun,Cultural Activities,Sound and Light Show Ticket,95,110,95,INR,90,14,2026-05-29
Uttarakhand,Dehradun,Rentals,Bicycle Rental (Per Day),55,95,,INR,87,9,2026-06-04
Uttarakhand,Dehradun,Rentals,Scooter / Activa Rental (Per Day),380,730,,INR,79,12,2026-07-01
Uttarakhand,Dehradun,Rentals,Royal Enfield / Cruiser Rental (Per Day),990,2335,,INR,74,84,2026-05-11
Uttarakhand,Haridwar,Food,Standard Meals/Thali,180,380,,INR,80,74,2026-06-16
Uttarakhand,Haridwar,Food,Local Signature Dish,260,445,,INR,83,20,2026-05-05
Uttarakhand,Haridwar,Food,Breakfast Plate (Dosa/Puri/Poha),60,95,,INR,83,59,2026-06-23
Uttarakhand,Haridwar,Food,Evening Snack Plate,40,75,,INR,82,64,2026-06-26
Uttarakhand,Haridwar,Taxi,Airport Transfer (One-way),880,2030,880,INR,75,67,2026-06-05
Uttarakhand,Haridwar,Taxi,Railway Station Pick-up,450,1530,460,INR,61,84,2026-06-27
Uttarakhand,Haridwar,Taxi,Sightseeing Taxi (8 Hours / 80km),2800,9465,2800,INR,59,17,2026-06-13
Uttarakhand,Haridwar,Auto,Short Auto Ride (Under 3km),65,85,65,INR,91,35,2026-05-18
Uttarakhand,Haridwar,Auto,Medium Auto Ride (5km),120,160,120,INR,91,8,2026-06-23
Uttarakhand,Haridwar,Auto,Auto Ride (10km),200,265,200,INR,92,19,2026-06-30
Uttarakhand,Haridwar,Bus,Local Bus Ticket (Short distance),15,20,15,INR,92,18,2026-05-12
Uttarakhand,Haridwar,Bus,Local Bus Ticket (Long distance),55,75,55,INR,89,50,2026-05-24
Uttarakhand,Haridwar,Bus,AC Volvo Intercity Bus (100km),330,480,335,INR,86,33,2026-06-14
Uttarakhand,Haridwar,Train,Coolie/Porter Service (1 Luggage),100,125,100,INR,93,34,2026-06-30
Uttarakhand,Haridwar,Train,Station Cloak Room Storage (24 Hours),25,30,25,INR,89,27,2026-06-30
Uttarakhand,Haridwar,Train,Platform Entry Ticket,10,15,10,INR,89,38,2026-06-28
Uttarakhand,Haridwar,Hotels,Budget Guest House Room (Per Night),1200,2450,,INR,78,46,2026-05-21
Uttarakhand,Haridwar,Hotels,3-Star Midscale Hotel Room (Per Night),2800,6365,,INR,75,39,2026-07-01
Uttarakhand,Haridwar,Hotels,Luxury / Heritage Resort Room (Per Night),12500,22005,,INR,86,62,2026-05-12
Uttarakhand,Haridwar,Souvenirs,Local Textile / Shawl,880,2870,,INR,58,124,2026-05-25
Uttarakhand,Haridwar,Souvenirs,Handcrafted Wooden / Clay Mug,270,790,,INR,66,51,2026-06-10
Uttarakhand,Haridwar,Souvenirs,Brass / Metal Art Piece,870,2565,,INR,67,21,2026-06-26
Uttarakhand,Haridwar,Souvenirs,Local Spices / Tea Pack (250g),150,350,,INR,72,72,2026-05-08
Uttarakhand,Haridwar,Attractions,Historical Monument Entry (Indian Citizen),35,65,35,INR,79,71,2026-06-05
Uttarakhand,Haridwar,Attractions,Historical Monument Entry (Foreigner),460,495,460,INR,93,8,2026-05-19
Uttarakhand,Haridwar,Attractions,Museum Entry Ticket,90,165,90,INR,86,34,2026-06-03
Uttarakhand,Haridwar,Attractions,Palace / Fort Entry Ticket,210,380,220,INR,82,21,2026-06-14
Uttarakhand,Haridwar,Boat Rides,Shared Boat Ride (30 Mins),130,385,130,INR,65,63,2026-05-08
Uttarakhand,Haridwar,Boat Rides,Private Chartered Boat Ride (1 Hour),1400,3700,,INR,73,42,2026-07-03
Uttarakhand,Haridwar,Parking,Two-Wheeler Parking (Per Hour),15,20,15,INR,89,37,2026-06-02
Uttarakhand,Haridwar,Parking,Four-Wheeler Parking (Per Hour),25,35,25,INR,89,39,2026-06-05
Uttarakhand,Haridwar,Parking,Tourist Spot All-Day Parking (Car),90,130,95,INR,85,28,2026-05-07
Uttarakhand,Haridwar,Cafés,Traditional Filter Coffee / Tea,30,50,,INR,84,30,2026-05-07
Uttarakhand,Haridwar,Cafés,Cappuccino / Latte,140,295,,INR,82,66,2026-06-10
Uttarakhand,Haridwar,Cafés,Grilled Sandwich,130,215,,INR,84,18,2026-06-19
Uttarakhand,Haridwar,Street Food,Pani Puri / Golgappa (6 Pcs),30,55,,INR,81,19,2026-06-16
Uttarakhand,Haridwar,Street Food,Samosa / Vada Pav (Plate),30,45,,INR,85,38,2026-06-10
Uttarakhand,Haridwar,Street Food,Pav Bhaji / Chaat (Plate),45,70,,INR,89,25,2026-06-28
Uttarakhand,Haridwar,Street Food,Fresh Fruit Juice / Soda,50,110,,INR,72,59,2026-05-18
Uttarakhand,Haridwar,Public Facilities,Paid Public Restroom (Toilet),5,5,5,INR,86,42,2026-06-04
Uttarakhand,Haridwar,Public Facilities,Paid Public Restroom (Bathroom),15,15,15,INR,93,23,2026-06-20
Uttarakhand,Haridwar,Public Facilities,Purified Drinking Water Refill (20L),15,20,15,INR,92,14,2026-05-26
Uttarakhand,Haridwar,Cultural Activities,Folk Dance / Puppet Show Ticket,190,250,190,INR,90,45,2026-06-03
Uttarakhand,Haridwar,Cultural Activities,Sound and Light Show Ticket,85,110,85,INR,90,46,2026-06-21
Uttarakhand,Haridwar,Rentals,Bicycle Rental (Per Day),110,250,,INR,76,75,2026-05-24
Uttarakhand,Haridwar,Rentals,Scooter / Activa Rental (Per Day),500,1840,,INR,56,89,2026-05-09
Uttarakhand,Haridwar,Rentals,Royal Enfield / Cruiser Rental (Per Day),1100,4045,,INR,51,78,2026-05-06
Uttarakhand,Nainital,Food,Standard Meals/Thali,180,350,,INR,80,41,2026-05-31
Uttarakhand,Nainital,Food,Local Signature Dish,220,385,,INR,82,40,2026-06-11
Uttarakhand,Nainital,Food,Breakfast Plate (Dosa/Puri/Poha),85,170,,INR,80,21,2026-05-30
Uttarakhand,Nainital,Food,Evening Snack Plate,75,155,,INR,79,58,2026-06-19
Uttarakhand,Nainital,Taxi,Airport Transfer (One-way),750,2085,760,INR,66,38,2026-05-12
Uttarakhand,Nainital,Taxi,Railway Station Pick-up,330,1000,330,INR,68,50,2026-05-07
Uttarakhand,Nainital,Taxi,Sightseeing Taxi (8 Hours / 80km),3100,10490,3245,INR,58,62,2026-06-28
Uttarakhand,Nainital,Auto,Short Auto Ride (Under 3km),55,75,55,INR,93,27,2026-06-20
Uttarakhand,Nainital,Auto,Medium Auto Ride (5km),120,160,120,INR,88,38,2026-05-16
Uttarakhand,Nainital,Auto,Auto Ride (10km),220,290,225,INR,89,41,2026-06-10
Uttarakhand,Nainital,Bus,Local Bus Ticket (Short distance),25,35,25,INR,91,18,2026-05-09
Uttarakhand,Nainital,Bus,Local Bus Ticket (Long distance),35,45,35,INR,89,26,2026-05-21
Uttarakhand,Nainital,Bus,AC Volvo Intercity Bus (100km),410,495,425,INR,92,47,2026-06-19
Uttarakhand,Nainital,Train,Coolie/Porter Service (1 Luggage),150,175,150,INR,89,13,2026-05-27
Uttarakhand,Nainital,Train,Station Cloak Room Storage (24 Hours),25,35,25,INR,85,40,2026-05-10
Uttarakhand,Nainital,Train,Platform Entry Ticket,10,15,10,INR,88,25,2026-06-04
Uttarakhand,Nainital,Hotels,Budget Guest House Room (Per Night),770,1180,,INR,83,52,2026-05-26
Uttarakhand,Nainital,Hotels,3-Star Midscale Hotel Room (Per Night),1900,3030,,INR,84,40,2026-06-22
Uttarakhand,Nainital,Hotels,Luxury / Heritage Resort Room (Per Night),10700,19980,,INR,78,15,2026-05-25
Uttarakhand,Nainital,Souvenirs,Local Textile / Shawl,780,2780,,INR,55,96,2026-06-23
Uttarakhand,Nainital,Souvenirs,Handcrafted Wooden / Clay Mug,270,865,,INR,60,32,2026-06-18
Uttarakhand,Nainital,Souvenirs,Brass / Metal Art Piece,850,3020,,INR,57,128,2026-07-02
Uttarakhand,Nainital,Souvenirs,Local Spices / Tea Pack (250g),220,520,,INR,70,21,2026-06-21
Uttarakhand,Nainital,Attractions,Historical Monument Entry (Indian Citizen),45,180,45,INR,50,120,2026-06-21
Uttarakhand,Nainital,Attractions,Historical Monument Entry (Foreigner),490,530,490,INR,91,40,2026-05-31
Uttarakhand,Nainital,Attractions,Museum Entry Ticket,45,110,45,INR,70,47,2026-05-10
Uttarakhand,Nainital,Attractions,Palace / Fort Entry Ticket,230,625,230,INR,72,62,2026-05-11
Uttarakhand,Nainital,Boat Rides,Shared Boat Ride (30 Mins),130,410,130,INR,61,118,2026-06-06
Uttarakhand,Nainital,Boat Rides,Private Chartered Boat Ride (1 Hour),1600,4840,,INR,64,64,2026-05-14
Uttarakhand,Nainital,Parking,Two-Wheeler Parking (Per Hour),20,25,20,INR,89,42,2026-06-19
Uttarakhand,Nainital,Parking,Four-Wheeler Parking (Per Hour),30,45,30,INR,87,31,2026-05-24
Uttarakhand,Nainital,Parking,Tourist Spot All-Day Parking (Car),110,145,115,INR,93,46,2026-06-29
Uttarakhand,Nainital,Cafés,Traditional Filter Coffee / Tea,20,40,,INR,76,39,2026-05-06
Uttarakhand,Nainital,Cafés,Cappuccino / Latte,180,325,,INR,84,24,2026-07-03
Uttarakhand,Nainital,Cafés,Grilled Sandwich,100,170,,INR,87,13,2026-07-03
Uttarakhand,Nainital,Street Food,Pani Puri / Golgappa (6 Pcs),45,85,,INR,83,49,2026-05-18
Uttarakhand,Nainital,Street Food,Samosa / Vada Pav (Plate),30,55,,INR,84,23,2026-05-08
Uttarakhand,Nainital,Street Food,Pav Bhaji / Chaat (Plate),90,170,,INR,83,53,2026-05-10
Uttarakhand,Nainital,Street Food,Fresh Fruit Juice / Soda,45,100,,INR,77,62,2026-06-06
Uttarakhand,Nainital,Public Facilities,Paid Public Restroom (Toilet),5,5,5,INR,89,50,2026-06-11
Uttarakhand,Nainital,Public Facilities,Paid Public Restroom (Bathroom),15,20,15,INR,93,47,2026-06-16
Uttarakhand,Nainital,Public Facilities,Purified Drinking Water Refill (20L),15,15,15,INR,96,23,2026-05-17
Uttarakhand,Nainital,Cultural Activities,Folk Dance / Puppet Show Ticket,320,420,320,INR,94,12,2026-05-26
Uttarakhand,Nainital,Cultural Activities,Sound and Light Show Ticket,90,120,90,INR,88,44,2026-06-16
Uttarakhand,Nainital,Rentals,Bicycle Rental (Per Day),95,295,,INR,60,123,2026-05-11
Uttarakhand,Nainital,Rentals,Scooter / Activa Rental (Per Day),680,2400,,INR,57,46,2026-05-18
Uttarakhand,Nainital,Rentals,Royal Enfield / Cruiser Rental (Per Day),1200,3100,,INR,71,17,2026-06-11
Uttarakhand,Mussoorie,Food,Standard Meals/Thali,110,215,,INR,84,38,2026-06-01
Uttarakhand,Mussoorie,Food,Local Signature Dish,250,480,,INR,81,29,2026-05-12
Uttarakhand,Mussoorie,Food,Breakfast Plate (Dosa/Puri/Poha),85,140,,INR,85,33,2026-05-28
Uttarakhand,Mussoorie,Food,Evening Snack Plate,55,105,,INR,80,66,2026-05-22
Uttarakhand,Mussoorie,Taxi,Airport Transfer (One-way),610,1705,625,INR,64,111,2026-06-09
Uttarakhand,Mussoorie,Taxi,Railway Station Pick-up,380,1130,380,INR,69,78,2026-05-06
Uttarakhand,Mussoorie,Taxi,Sightseeing Taxi (8 Hours / 80km),2800,6915,2885,INR,75,29,2026-06-01
Uttarakhand,Mussoorie,Auto,Short Auto Ride (Under 3km),50,65,50,INR,87,17,2026-06-30
Uttarakhand,Mussoorie,Auto,Medium Auto Ride (5km),85,110,90,INR,90,46,2026-05-20
Uttarakhand,Mussoorie,Auto,Auto Ride (10km),210,275,215,INR,88,41,2026-05-09
Uttarakhand,Mussoorie,Bus,Local Bus Ticket (Short distance),25,35,25,INR,91,23,2026-06-18
Uttarakhand,Mussoorie,Bus,Local Bus Ticket (Long distance),65,85,65,INR,89,15,2026-06-14
Uttarakhand,Mussoorie,Bus,AC Volvo Intercity Bus (100km),540,720,540,INR,90,33,2026-06-20
Uttarakhand,Mussoorie,Train,Coolie/Porter Service (1 Luggage),170,185,170,INR,89,12,2026-05-14
Uttarakhand,Mussoorie,Train,Station Cloak Room Storage (24 Hours),45,65,45,INR,90,32,2026-06-02
Uttarakhand,Mussoorie,Train,Platform Entry Ticket,10,10,10,INR,90,20,2026-05-18
Uttarakhand,Mussoorie,Hotels,Budget Guest House Room (Per Night),590,930,,INR,82,62,2026-06-24
Uttarakhand,Mussoorie,Hotels,3-Star Midscale Hotel Room (Per Night),2800,6140,,INR,79,16,2026-05-15
Uttarakhand,Mussoorie,Hotels,Luxury / Heritage Resort Room (Per Night),12700,27420,,INR,79,76,2026-06-16
Uttarakhand,Mussoorie,Souvenirs,Local Textile / Shawl,500,1395,,INR,70,97,2026-05-29
Uttarakhand,Mussoorie,Souvenirs,Handcrafted Wooden / Clay Mug,280,890,,INR,64,17,2026-06-17
Uttarakhand,Mussoorie,Souvenirs,Brass / Metal Art Piece,770,2420,,INR,61,17,2026-05-17
Uttarakhand,Mussoorie,Souvenirs,Local Spices / Tea Pack (250g),130,480,,INR,51,32,2026-06-29
Uttarakhand,Mussoorie,Attractions,Historical Monument Entry (Indian Citizen),40,105,40,INR,67,36,2026-05-09
Uttarakhand,Mussoorie,Attractions,Historical Monument Entry (Foreigner),410,445,410,INR,93,7,2026-06-07
Uttarakhand,Mussoorie,Attractions,Museum Entry Ticket,30,105,30,INR,54,122,2026-05-30
Uttarakhand,Mussoorie,Attractions,Palace / Fort Entry Ticket,150,405,150,INR,72,100,2026-05-29
Uttarakhand,Mussoorie,Boat Rides,Shared Boat Ride (30 Mins),60,210,60,INR,55,90,2026-06-29
Uttarakhand,Mussoorie,Boat Rides,Private Chartered Boat Ride (1 Hour),900,2465,,INR,66,90,2026-05-07
Uttarakhand,Mussoorie,Parking,Two-Wheeler Parking (Per Hour),15,20,15,INR,85,34,2026-05-13
Uttarakhand,Mussoorie,Parking,Four-Wheeler Parking (Per Hour),45,65,45,INR,86,12,2026-05-05
Uttarakhand,Mussoorie,Parking,Tourist Spot All-Day Parking (Car),100,110,100,INR,95,33,2026-05-26
Uttarakhand,Mussoorie,Cafés,Traditional Filter Coffee / Tea,35,60,,INR,86,32,2026-05-06
Uttarakhand,Mussoorie,Cafés,Cappuccino / Latte,180,280,,INR,85,24,2026-06-02
Uttarakhand,Mussoorie,Cafés,Grilled Sandwich,170,340,,INR,77,61,2026-05-15
Uttarakhand,Mussoorie,Street Food,Pani Puri / Golgappa (6 Pcs),30,50,,INR,81,61,2026-06-25
Uttarakhand,Mussoorie,Street Food,Samosa / Vada Pav (Plate),25,40,,INR,81,16,2026-06-09
Uttarakhand,Mussoorie,Street Food,Pav Bhaji / Chaat (Plate),50,95,,INR,79,22,2026-06-11
Uttarakhand,Mussoorie,Street Food,Fresh Fruit Juice / Soda,30,60,,INR,78,30,2026-05-06
Uttarakhand,Mussoorie,Public Facilities,Paid Public Restroom (Toilet),2,0,2,INR,94,19,2026-06-28
Uttarakhand,Mussoorie,Public Facilities,Paid Public Restroom (Bathroom),10,10,10,INR,89,15,2026-06-01
Uttarakhand,Mussoorie,Public Facilities,Purified Drinking Water Refill (20L),15,20,15,INR,91,29,2026-06-12
Uttarakhand,Mussoorie,Cultural Activities,Folk Dance / Puppet Show Ticket,250,330,250,INR,93,16,2026-05-16
Uttarakhand,Mussoorie,Cultural Activities,Sound and Light Show Ticket,130,170,130,INR,93,51,2026-06-05
Uttarakhand,Mussoorie,Rentals,Bicycle Rental (Per Day),100,370,,INR,57,120,2026-05-26
Uttarakhand,Mussoorie,Rentals,Scooter / Activa Rental (Per Day),630,1465,,INR,74,90,2026-06-28
Uttarakhand,Mussoorie,Rentals,Royal Enfield / Cruiser Rental (Per Day),1500,4150,,INR,71,106,2026-06-26
West Bengal,Kolkata,Food,Standard Meals/Thali,130,230,,INR,82,56,2026-06-15
West Bengal,Kolkata,Food,Local Signature Dish,270,505,,INR,79,61,2026-06-23
West Bengal,Kolkata,Food,Breakfast Plate (Dosa/Puri/Poha),55,90,,INR,86,28,2026-06-05
West Bengal,Kolkata,Food,Evening Snack Plate,45,70,,INR,85,51,2026-06-23
West Bengal,Kolkata,Taxi,Airport Transfer (One-way),600,1625,600,INR,67,68,2026-06-24
West Bengal,Kolkata,Taxi,Railway Station Pick-up,430,980,430,INR,77,18,2026-05-28
West Bengal,Kolkata,Taxi,Sightseeing Taxi (8 Hours / 80km),3300,8735,3300,INR,67,105,2026-05-12
West Bengal,Kolkata,Auto,Short Auto Ride (Under 3km),70,85,70,INR,88,32,2026-05-15
West Bengal,Kolkata,Auto,Medium Auto Ride (5km),140,175,140,INR,93,47,2026-06-28
West Bengal,Kolkata,Auto,Auto Ride (10km),260,320,265,INR,93,17,2026-07-02
West Bengal,Kolkata,Bus,Local Bus Ticket (Short distance),25,35,25,INR,92,21,2026-06-29
West Bengal,Kolkata,Bus,Local Bus Ticket (Long distance),75,85,75,INR,94,21,2026-06-25
West Bengal,Kolkata,Bus,AC Volvo Intercity Bus (100km),640,770,640,INR,89,19,2026-06-12
West Bengal,Kolkata,Train,Coolie/Porter Service (1 Luggage),120,145,120,INR,94,17,2026-06-02
West Bengal,Kolkata,Train,Station Cloak Room Storage (24 Hours),40,55,40,INR,91,26,2026-06-16
West Bengal,Kolkata,Train,Platform Entry Ticket,15,15,15,INR,90,38,2026-06-05
West Bengal,Kolkata,Hotels,Budget Guest House Room (Per Night),1400,2175,,INR,83,13,2026-06-22
West Bengal,Kolkata,Hotels,3-Star Midscale Hotel Room (Per Night),3100,5215,,INR,87,9,2026-05-27
West Bengal,Kolkata,Hotels,Luxury / Heritage Resort Room (Per Night),6900,11955,,INR,86,9,2026-06-12
West Bengal,Kolkata,Souvenirs,Local Textile / Shawl,1600,4850,,INR,62,55,2026-06-27
West Bengal,Kolkata,Souvenirs,Handcrafted Wooden / Clay Mug,330,995,,INR,64,109,2026-06-19
West Bengal,Kolkata,Souvenirs,Brass / Metal Art Piece,1300,2715,,INR,78,58,2026-06-12
West Bengal,Kolkata,Souvenirs,Local Spices / Tea Pack (250g),240,625,,INR,71,57,2026-06-27
West Bengal,Kolkata,Attractions,Historical Monument Entry (Indian Citizen),30,100,30,INR,56,89,2026-05-10
West Bengal,Kolkata,Attractions,Historical Monument Entry (Foreigner),710,755,710,INR,95,23,2026-05-09
West Bengal,Kolkata,Attractions,Museum Entry Ticket,130,295,130,INR,76,67,2026-06-22
West Bengal,Kolkata,Attractions,Palace / Fort Entry Ticket,160,480,165,INR,61,75,2026-05-27
West Bengal,Kolkata,Boat Rides,Shared Boat Ride (30 Mins),90,210,90,INR,76,32,2026-06-29
West Bengal,Kolkata,Boat Rides,Private Chartered Boat Ride (1 Hour),2000,5205,,INR,73,81,2026-06-15
West Bengal,Kolkata,Parking,Two-Wheeler Parking (Per Hour),20,25,20,INR,90,40,2026-06-01
West Bengal,Kolkata,Parking,Four-Wheeler Parking (Per Hour),60,80,65,INR,88,38,2026-06-26
West Bengal,Kolkata,Parking,Tourist Spot All-Day Parking (Car),95,115,95,INR,88,8,2026-06-17
West Bengal,Kolkata,Cafés,Traditional Filter Coffee / Tea,40,70,,INR,79,49,2026-06-25
West Bengal,Kolkata,Cafés,Cappuccino / Latte,240,460,,INR,77,18,2026-05-14
West Bengal,Kolkata,Cafés,Grilled Sandwich,110,165,,INR,88,15,2026-06-07
West Bengal,Kolkata,Street Food,Pani Puri / Golgappa (6 Pcs),25,45,,INR,79,70,2026-05-14
West Bengal,Kolkata,Street Food,Samosa / Vada Pav (Plate),30,55,,INR,79,11,2026-06-05
West Bengal,Kolkata,Street Food,Pav Bhaji / Chaat (Plate),65,90,,INR,91,12,2026-07-03
West Bengal,Kolkata,Street Food,Fresh Fruit Juice / Soda,50,85,,INR,86,60,2026-06-17
West Bengal,Kolkata,Public Facilities,Paid Public Restroom (Toilet),2,5,2,INR,94,43,2026-06-20
West Bengal,Kolkata,Public Facilities,Paid Public Restroom (Bathroom),20,25,20,INR,95,42,2026-06-10
West Bengal,Kolkata,Public Facilities,Purified Drinking Water Refill (20L),15,15,15,INR,92,25,2026-06-19
West Bengal,Kolkata,Cultural Activities,Folk Dance / Puppet Show Ticket,290,360,300,INR,87,12,2026-06-15
West Bengal,Kolkata,Cultural Activities,Sound and Light Show Ticket,180,225,180,INR,89,31,2026-06-03
West Bengal,Kolkata,Rentals,Bicycle Rental (Per Day),80,175,,INR,77,79,2026-06-06
West Bengal,Kolkata,Rentals,Scooter / Activa Rental (Per Day),730,1665,,INR,77,42,2026-06-30
West Bengal,Kolkata,Rentals,Royal Enfield / Cruiser Rental (Per Day),1600,3300,,INR,78,51,2026-05-24
West Bengal,Darjeeling,Food,Standard Meals/Thali,95,145,,INR,85,61,2026-06-27
West Bengal,Darjeeling,Food,Local Signature Dish,190,380,,INR,80,45,2026-05-20
West Bengal,Darjeeling,Food,Breakfast Plate (Dosa/Puri/Poha),75,135,,INR,86,53,2026-06-22
West Bengal,Darjeeling,Food,Evening Snack Plate,70,130,,INR,85,46,2026-05-30
West Bengal,Darjeeling,Taxi,Airport Transfer (One-way),930,3310,950,INR,59,136,2026-06-07
West Bengal,Darjeeling,Taxi,Railway Station Pick-up,350,1005,365,INR,68,61,2026-07-02
West Bengal,Darjeeling,Taxi,Sightseeing Taxi (8 Hours / 80km),2800,7765,2865,INR,70,54,2026-05-29
West Bengal,Darjeeling,Auto,Short Auto Ride (Under 3km),50,65,50,INR,89,51,2026-05-16
West Bengal,Darjeeling,Auto,Medium Auto Ride (5km),120,160,120,INR,91,22,2026-07-02
West Bengal,Darjeeling,Auto,Auto Ride (10km),210,275,210,INR,93,19,2026-06-26
West Bengal,Darjeeling,Bus,Local Bus Ticket (Short distance),15,20,15,INR,92,31,2026-06-25
West Bengal,Darjeeling,Bus,Local Bus Ticket (Long distance),50,75,50,INR,88,17,2026-05-07
West Bengal,Darjeeling,Bus,AC Volvo Intercity Bus (100km),310,440,315,INR,91,14,2026-05-22
West Bengal,Darjeeling,Train,Coolie/Porter Service (1 Luggage),120,160,120,INR,94,16,2026-06-07
West Bengal,Darjeeling,Train,Station Cloak Room Storage (24 Hours),30,35,30,INR,92,6,2026-05-11
West Bengal,Darjeeling,Train,Platform Entry Ticket,10,15,10,INR,90,21,2026-05-10
West Bengal,Darjeeling,Hotels,Budget Guest House Room (Per Night),1200,2225,,INR,81,55,2026-06-25
West Bengal,Darjeeling,Hotels,3-Star Midscale Hotel Room (Per Night),4000,8870,,INR,74,63,2026-06-02
West Bengal,Darjeeling,Hotels,Luxury / Heritage Resort Room (Per Night),7100,13535,,INR,81,11,2026-06-14
West Bengal,Darjeeling,Souvenirs,Local Textile / Shawl,950,2310,,INR,70,91,2026-06-10
West Bengal,Darjeeling,Souvenirs,Handcrafted Wooden / Clay Mug,200,630,,INR,63,81,2026-05-10
West Bengal,Darjeeling,Souvenirs,Brass / Metal Art Piece,1400,4210,,INR,68,91,2026-06-24
West Bengal,Darjeeling,Souvenirs,Local Spices / Tea Pack (250g),130,330,,INR,75,43,2026-05-06
West Bengal,Darjeeling,Attractions,Historical Monument Entry (Indian Citizen),50,175,50,INR,57,110,2026-06-10
West Bengal,Darjeeling,Attractions,Historical Monument Entry (Foreigner),380,410,380,INR,94,36,2026-06-16
West Bengal,Darjeeling,Attractions,Museum Entry Ticket,75,140,75,INR,79,13,2026-05-17
West Bengal,Darjeeling,Attractions,Palace / Fort Entry Ticket,210,545,215,INR,67,50,2026-06-24
West Bengal,Darjeeling,Boat Rides,Shared Boat Ride (30 Mins),130,370,135,INR,68,24,2026-06-23
West Bengal,Darjeeling,Boat Rides,Private Chartered Boat Ride (1 Hour),1600,4535,,INR,69,90,2026-06-26
West Bengal,Darjeeling,Parking,Two-Wheeler Parking (Per Hour),10,10,10,INR,95,9,2026-06-29
West Bengal,Darjeeling,Parking,Four-Wheeler Parking (Per Hour),25,35,25,INR,88,42,2026-06-06
West Bengal,Darjeeling,Parking,Tourist Spot All-Day Parking (Car),110,150,110,INR,89,50,2026-05-18
West Bengal,Darjeeling,Cafés,Traditional Filter Coffee / Tea,25,55,,INR,78,71,2026-05-16
West Bengal,Darjeeling,Cafés,Cappuccino / Latte,200,350,,INR,85,60,2026-05-25
West Bengal,Darjeeling,Cafés,Grilled Sandwich,80,130,,INR,85,23,2026-05-24
West Bengal,Darjeeling,Street Food,Pani Puri / Golgappa (6 Pcs),30,55,,INR,83,24,2026-06-09
West Bengal,Darjeeling,Street Food,Samosa / Vada Pav (Plate),25,50,,INR,76,36,2026-06-22
West Bengal,Darjeeling,Street Food,Pav Bhaji / Chaat (Plate),75,150,,INR,77,72,2026-05-30
West Bengal,Darjeeling,Street Food,Fresh Fruit Juice / Soda,35,65,,INR,84,66,2026-07-03
West Bengal,Darjeeling,Public Facilities,Paid Public Restroom (Toilet),2,0,2,INR,90,43,2026-06-14
West Bengal,Darjeeling,Public Facilities,Paid Public Restroom (Bathroom),10,15,10,INR,93,38,2026-05-07
West Bengal,Darjeeling,Public Facilities,Purified Drinking Water Refill (20L),15,20,15,INR,86,42,2026-06-17
West Bengal,Darjeeling,Cultural Activities,Folk Dance / Puppet Show Ticket,270,355,270,INR,93,28,2026-05-08
West Bengal,Darjeeling,Cultural Activities,Sound and Light Show Ticket,100,130,100,INR,92,35,2026-06-18
West Bengal,Darjeeling,Rentals,Bicycle Rental (Per Day),80,210,,INR,66,84,2026-06-08
West Bengal,Darjeeling,Rentals,Scooter / Activa Rental (Per Day),540,1295,,INR,73,23,2026-06-04
West Bengal,Darjeeling,Rentals,Royal Enfield / Cruiser Rental (Per Day),1000,2970,,INR,62,31,2026-05-25
West Bengal,Siliguri,Food,Standard Meals/Thali,150,245,,INR,83,25,2026-05-14
West Bengal,Siliguri,Food,Local Signature Dish,190,240,,INR,89,18,2026-05-19
West Bengal,Siliguri,Food,Breakfast Plate (Dosa/Puri/Poha),50,75,,INR,89,28,2026-05-24
West Bengal,Siliguri,Food,Evening Snack Plate,30,50,,INR,85,52,2026-05-20
West Bengal,Siliguri,Taxi,Airport Transfer (One-way),700,1215,700,INR,82,10,2026-06-17
West Bengal,Siliguri,Taxi,Railway Station Pick-up,330,655,330,INR,77,22,2026-07-02
West Bengal,Siliguri,Taxi,Sightseeing Taxi (8 Hours / 80km),2200,3795,2260,INR,86,46,2026-06-11
West Bengal,Siliguri,Auto,Short Auto Ride (Under 3km),55,65,55,INR,96,23,2026-06-20
West Bengal,Siliguri,Auto,Medium Auto Ride (5km),100,115,100,INR,95,15,2026-06-30
West Bengal,Siliguri,Auto,Auto Ride (10km),130,150,135,INR,95,20,2026-05-05
West Bengal,Siliguri,Bus,Local Bus Ticket (Short distance),10,10,10,INR,90,30,2026-06-22
West Bengal,Siliguri,Bus,Local Bus Ticket (Long distance),35,40,35,INR,94,12,2026-05-07
West Bengal,Siliguri,Bus,AC Volvo Intercity Bus (100km),230,270,230,INR,94,29,2026-05-16
West Bengal,Siliguri,Train,Coolie/Porter Service (1 Luggage),130,150,130,INR,92,23,2026-05-25
West Bengal,Siliguri,Train,Station Cloak Room Storage (24 Hours),35,45,35,INR,93,39,2026-05-20
West Bengal,Siliguri,Train,Platform Entry Ticket,10,10,10,INR,94,18,2026-05-09
West Bengal,Siliguri,Hotels,Budget Guest House Room (Per Night),510,790,,INR,84,59,2026-06-10
West Bengal,Siliguri,Hotels,3-Star Midscale Hotel Room (Per Night),1600,2365,,INR,86,42,2026-06-19
West Bengal,Siliguri,Hotels,Luxury / Heritage Resort Room (Per Night),5600,9200,,INR,88,56,2026-06-18
West Bengal,Siliguri,Souvenirs,Local Textile / Shawl,620,1150,,INR,83,49,2026-07-02
West Bengal,Siliguri,Souvenirs,Handcrafted Wooden / Clay Mug,80,185,,INR,71,42,2026-05-26
West Bengal,Siliguri,Souvenirs,Brass / Metal Art Piece,1200,2185,,INR,83,59,2026-06-23
West Bengal,Siliguri,Souvenirs,Local Spices / Tea Pack (250g),180,400,,INR,77,27,2026-06-27
West Bengal,Siliguri,Attractions,Historical Monument Entry (Indian Citizen),20,45,20,INR,75,68,2026-06-18
West Bengal,Siliguri,Attractions,Historical Monument Entry (Foreigner),330,345,330,INR,94,20,2026-06-10
West Bengal,Siliguri,Attractions,Museum Entry Ticket,20,40,20,INR,78,73,2026-06-25
West Bengal,Siliguri,Attractions,Palace / Fort Entry Ticket,50,110,50,INR,76,73,2026-05-18
West Bengal,Siliguri,Boat Rides,Shared Boat Ride (30 Mins),90,160,90,INR,86,31,2026-05-25
West Bengal,Siliguri,Boat Rides,Private Chartered Boat Ride (1 Hour),880,1535,,INR,81,13,2026-05-06
West Bengal,Siliguri,Parking,Two-Wheeler Parking (Per Hour),15,15,15,INR,89,34,2026-05-27
West Bengal,Siliguri,Parking,Four-Wheeler Parking (Per Hour),20,20,20,INR,96,19,2026-06-12
West Bengal,Siliguri,Parking,Tourist Spot All-Day Parking (Car),65,70,65,INR,95,18,2026-06-24
West Bengal,Siliguri,Cafés,Traditional Filter Coffee / Tea,25,40,,INR,81,24,2026-06-28
West Bengal,Siliguri,Cafés,Cappuccino / Latte,150,200,,INR,93,46,2026-06-05
West Bengal,Siliguri,Cafés,Grilled Sandwich,120,155,,INR,93,42,2026-05-09
West Bengal,Siliguri,Street Food,Pani Puri / Golgappa (6 Pcs),35,55,,INR,89,9,2026-05-10
West Bengal,Siliguri,Street Food,Samosa / Vada Pav (Plate),25,35,,INR,92,26,2026-06-01
West Bengal,Siliguri,Street Food,Pav Bhaji / Chaat (Plate),70,95,,INR,93,11,2026-06-28
West Bengal,Siliguri,Street Food,Fresh Fruit Juice / Soda,25,35,,INR,87,7,2026-05-07
West Bengal,Siliguri,Public Facilities,Paid Public Restroom (Toilet),2,0,2,INR,90,32,2026-05-27
West Bengal,Siliguri,Public Facilities,Paid Public Restroom (Bathroom),10,10,10,INR,89,45,2026-05-26
West Bengal,Siliguri,Public Facilities,Purified Drinking Water Refill (20L),15,15,15,INR,93,45,2026-06-17
West Bengal,Siliguri,Cultural Activities,Folk Dance / Puppet Show Ticket,140,165,140,INR,96,39,2026-05-20
West Bengal,Siliguri,Cultural Activities,Sound and Light Show Ticket,80,95,80,INR,94,36,2026-06-03
West Bengal,Siliguri,Rentals,Bicycle Rental (Per Day),80,165,,INR,76,42,2026-06-03
West Bengal,Siliguri,Rentals,Scooter / Activa Rental (Per Day),330,680,,INR,82,56,2026-06-15
West Bengal,Siliguri,Rentals,Royal Enfield / Cruiser Rental (Per Day),970,1775,,INR,82,52,2026-05-09
West Bengal,Sundarbans,Food,Standard Meals/Thali,140,295,,INR,77,26,2026-05-19
West Bengal,Sundarbans,Food,Local Signature Dish,140,265,,INR,84,56,2026-06-20
West Bengal,Sundarbans,Food,Breakfast Plate (Dosa/Puri/Poha),90,190,,INR,80,58,2026-06-21
West Bengal,Sundarbans,Food,Evening Snack Plate,45,70,,INR,89,44,2026-05-26
West Bengal,Sundarbans,Taxi,Airport Transfer (One-way),770,2825,770,INR,56,142,2026-05-29
West Bengal,Sundarbans,Taxi,Railway Station Pick-up,510,1565,530,INR,63,35,2026-06-15
West Bengal,Sundarbans,Taxi,Sightseeing Taxi (8 Hours / 80km),2200,6865,2270,INR,60,65,2026-05-30
West Bengal,Sundarbans,Auto,Short Auto Ride (Under 3km),70,90,70,INR,87,50,2026-06-23
West Bengal,Sundarbans,Auto,Medium Auto Ride (5km),120,160,120,INR,92,45,2026-05-24
West Bengal,Sundarbans,Auto,Auto Ride (10km),200,265,200,INR,89,34,2026-06-14
West Bengal,Sundarbans,Bus,Local Bus Ticket (Short distance),20,25,20,INR,87,25,2026-06-20
West Bengal,Sundarbans,Bus,Local Bus Ticket (Long distance),45,65,45,INR,91,7,2026-05-17
West Bengal,Sundarbans,Bus,AC Volvo Intercity Bus (100km),560,740,560,INR,91,19,2026-06-30
West Bengal,Sundarbans,Train,Coolie/Porter Service (1 Luggage),95,105,95,INR,90,39,2026-06-21
West Bengal,Sundarbans,Train,Station Cloak Room Storage (24 Hours),40,50,40,INR,87,9,2026-06-18
West Bengal,Sundarbans,Train,Platform Entry Ticket,10,15,10,INR,91,41,2026-05-05
West Bengal,Sundarbans,Hotels,Budget Guest House Room (Per Night),840,1710,,INR,76,42,2026-06-17
West Bengal,Sundarbans,Hotels,3-Star Midscale Hotel Room (Per Night),3200,6800,,INR,77,34,2026-05-25
West Bengal,Sundarbans,Hotels,Luxury / Heritage Resort Room (Per Night),6700,12645,,INR,85,35,2026-07-02
West Bengal,Sundarbans,Souvenirs,Local Textile / Shawl,1300,3690,,INR,65,60,2026-07-02
West Bengal,Sundarbans,Souvenirs,Handcrafted Wooden / Clay Mug,180,440,,INR,69,81,2026-05-26
West Bengal,Sundarbans,Souvenirs,Brass / Metal Art Piece,1300,3345,,INR,74,12,2026-06-19
West Bengal,Sundarbans,Souvenirs,Local Spices / Tea Pack (250g),270,870,,INR,61,100,2026-06-16
West Bengal,Sundarbans,Attractions,Historical Monument Entry (Indian Citizen),55,150,55,INR,67,87,2026-06-28
West Bengal,Sundarbans,Attractions,Historical Monument Entry (Foreigner),600,650,605,INR,91,41,2026-05-20
West Bengal,Sundarbans,Attractions,Museum Entry Ticket,60,190,60,INR,64,24,2026-06-22
West Bengal,Sundarbans,Attractions,Palace / Fort Entry Ticket,210,470,210,INR,79,58,2026-06-14
West Bengal,Sundarbans,Boat Rides,Shared Boat Ride (30 Mins),90,225,90,INR,69,63,2026-05-29
West Bengal,Sundarbans,Boat Rides,Private Chartered Boat Ride (1 Hour),1500,4330,,INR,65,30,2026-06-05
West Bengal,Sundarbans,Parking,Two-Wheeler Parking (Per Hour),20,25,20,INR,89,35,2026-06-30
West Bengal,Sundarbans,Parking,Four-Wheeler Parking (Per Hour),40,60,40,INR,87,30,2026-06-04
West Bengal,Sundarbans,Parking,Tourist Spot All-Day Parking (Car),80,110,80,INR,88,46,2026-06-15
West Bengal,Sundarbans,Cafés,Traditional Filter Coffee / Tea,45,100,,INR,74,42,2026-06-18
West Bengal,Sundarbans,Cafés,Cappuccino / Latte,140,235,,INR,85,59,2026-06-28
West Bengal,Sundarbans,Cafés,Grilled Sandwich,120,270,,INR,79,46,2026-06-23
West Bengal,Sundarbans,Street Food,Pani Puri / Golgappa (6 Pcs),30,65,,INR,73,33,2026-05-10
West Bengal,Sundarbans,Street Food,Samosa / Vada Pav (Plate),20,35,,INR,80,42,2026-05-26
West Bengal,Sundarbans,Street Food,Pav Bhaji / Chaat (Plate),70,155,,INR,75,19,2026-05-14
West Bengal,Sundarbans,Street Food,Fresh Fruit Juice / Soda,30,65,,INR,81,81,2026-07-01
West Bengal,Sundarbans,Public Facilities,Paid Public Restroom (Toilet),5,5,5,INR,90,42,2026-05-05
West Bengal,Sundarbans,Public Facilities,Paid Public Restroom (Bathroom),10,10,10,INR,94,40,2026-05-24
West Bengal,Sundarbans,Public Facilities,Purified Drinking Water Refill (20L),20,25,20,INR,88,40,2026-07-03
West Bengal,Sundarbans,Cultural Activities,Folk Dance / Puppet Show Ticket,270,355,275,INR,91,52,2026-06-25
West Bengal,Sundarbans,Cultural Activities,Sound and Light Show Ticket,75,100,75,INR,89,39,2026-05-16
West Bengal,Sundarbans,Rentals,Bicycle Rental (Per Day),95,285,,INR,65,115,2026-05-14
West Bengal,Sundarbans,Rentals,Scooter / Activa Rental (Per Day),680,2025,,INR,64,81,2026-05-07
West Bengal,Sundarbans,Rentals,Royal Enfield / Cruiser Rental (Per Day),1700,6085,,INR,53,63,2026-05-11